tweet-sno-1198	QO	vclaim-sno-crowded-train-station-ukraine	1	59.473375297229595	SimBa
tweet-sno-1198	QO	vclaim-sno-ukraine-road-sign-russia	1	42.25223456437265	SimBa
tweet-sno-1198	QO	vclaim-sno-anti-war-protester-moscow-sign	1	39.38323523044445	SimBa
tweet-sno-1198	QO	vclaim-sno-covid19-railroad-tankcar	1	39.04025526583446	SimBa
tweet-sno-1198	QO	vclaim-sno-mueller-yanukovych-photo	1	38.97893410413036	SimBa
tweet-sno-1199	QO	vclaim-sno-elon-musk-starlink-ukraine	1	52.71178494055074	SimBa
tweet-sno-1199	QO	vclaim-sno-crowded-train-station-ukraine	1	40.60012808209518	SimBa
tweet-sno-1199	QO	vclaim-sno-jews-ordered-to-register-in-ukraine	1	39.12680150042915	SimBa
tweet-sno-1199	QO	vclaim-sno-russian-to-judgment	1	34.79633582569926	SimBa
tweet-sno-1199	QO	vclaim-sno-parler-russia	1	33.50931043641782	SimBa
tweet-sno-1200	QO	vclaim-sno-elon-musk-starlink-ukraine	1	35.83987453065311	SimBa
tweet-sno-1200	QO	vclaim-sno-aderoid-approaches	1	24.924112504028443	SimBa
tweet-sno-1200	QO	vclaim-sno-kirstie-alley-stephen-hawking	1	24.862796120698015	SimBa
tweet-sno-1200	QO	vclaim-sno-elon-musk-grimes-baby-x-ae-a12	1	23.8034309422934	SimBa
tweet-sno-1200	QO	vclaim-sno-parler-russia	1	22.710746498035512	SimBa
tweet-sno-1201	QO	vclaim-sno-elon-musk-starlink-ukraine	1	51.256925984963445	SimBa
tweet-sno-1201	QO	vclaim-sno-zelensky-trump-nothing-wrong	1	34.93383474973199	SimBa
tweet-sno-1201	QO	vclaim-sno-anti-war-protester-moscow-sign	1	34.40066308356505	SimBa
tweet-sno-1201	QO	vclaim-sno-ukraine-clinton-foundation	1	34.05897428756856	SimBa
tweet-sno-1201	QO	vclaim-sno-jews-ordered-to-register-in-ukraine	1	33.279578841257816	SimBa
tweet-sno-1202	QO	vclaim-sno-un-ban-word-war-russia-ukraine	1	62.654490510737105	SimBa
tweet-sno-1202	QO	vclaim-sno-hotel-of-the-gods	1	47.34372053432137	SimBa
tweet-sno-1202	QO	vclaim-sno-un-order-migrant-caravan	1	44.96618932374358	SimBa
tweet-sno-1202	QO	vclaim-sno-putin-gives-obama-ultimatum	1	43.3689057881733	SimBa
tweet-sno-1202	QO	vclaim-sno-taking-kids-to-church-violates-rights	1	41.44935598475567	SimBa
tweet-sno-1203	QO	vclaim-sno-fox-news-russia-canceled	1	81.73789083266522	SimBa
tweet-sno-1203	QO	vclaim-sno-fox-news-vindman-statement	1	58.308994672644594	SimBa
tweet-sno-1203	QO	vclaim-sno-tucker-carlson-russian-television	1	56.05686170164351	SimBa
tweet-sno-1203	QO	vclaim-sno-was-megyn-kelly-fired-from-nbc	1	54.14207255450805	SimBa
tweet-sno-1203	QO	vclaim-sno-canadian-fox	1	53.60503890629159	SimBa
tweet-sno-1204	QO	vclaim-sno-killing-stone-split-evil-spirit	1	49.99459157838244	SimBa
tweet-sno-1204	QO	vclaim-sno-annabelle-doll-escape-museum	1	42.83976867314827	SimBa
tweet-sno-1204	QO	vclaim-sno-80-million-year-old-shark	1	41.47823363797757	SimBa
tweet-sno-1204	QO	vclaim-sno-dragon-skeleton-discovered-iceland	1	39.05888505149373	SimBa
tweet-sno-1204	QO	vclaim-sno-japanese-man-pile-pornography-crushed-killed	1	37.9638999025597	SimBa
tweet-sno-1205	QO	vclaim-sno-anti-war-protester-moscow-sign	1	43.77960873719124	SimBa
tweet-sno-1205	QO	vclaim-sno-ukraine-road-sign-russia	1	43.66934839901198	SimBa
tweet-sno-1205	QO	vclaim-sno-trump-campaign-ad-ukraine	1	43.104149378884436	SimBa
tweet-sno-1205	QO	vclaim-sno-cbs-news-covid-ukraine	1	42.71771028191493	SimBa
tweet-sno-1205	QO	vclaim-sno-putin-hitler-time-magazine	1	39.7548403344634	SimBa
tweet-sno-1206	QO	vclaim-sno-did-aoc-say-this-about-trump	1	78.71622669610365	SimBa
tweet-sno-1206	QO	vclaim-sno-obama-do-something-about-president	1	39.42712134933307	SimBa
tweet-sno-1206	QO	vclaim-sno-biden-harris-disease-disagreed	1	39.06875321550218	SimBa
tweet-sno-1206	QO	vclaim-sno-chris-christie-biden-stutter	1	38.85516968357176	SimBa
tweet-sno-1206	QO	vclaim-sno-nancy-pelosi-cancer-benefit	1	38.49425571156242	SimBa
tweet-sno-1207	QO	vclaim-sno-cdc-speech-children-masking	1	80.75778803176155	SimBa
tweet-sno-1207	QO	vclaim-sno-cdc-death-figures	1	42.77794287567329	SimBa
tweet-sno-1207	QO	vclaim-sno-cdc-mortality-statistics	1	39.59574056098273	SimBa
tweet-sno-1207	QO	vclaim-sno-breast-practices	1	37.5359129506198	SimBa
tweet-sno-1207	QO	vclaim-sno-covid-19-classified-epidemic	1	37.05247774247684	SimBa
tweet-sno-1208	QO	vclaim-sno-putin-hitler-time-magazine	1	55.41420449544135	SimBa
tweet-sno-1208	QO	vclaim-sno-trump-loser-of-the-year	1	50.28970250178274	SimBa
tweet-sno-1208	QO	vclaim-sno-liar-chief-time-magazine-cover-real	1	49.9900129959618	SimBa
tweet-sno-1208	QO	vclaim-sno-russian-tv-host-reports-on-plot-to-kill-trump	1	47.70906559662066	SimBa
tweet-sno-1208	QO	vclaim-sno-letter-from-vladimir-putin	1	47.256933715916134	SimBa
tweet-sno-1209	QO	vclaim-sno-ukraine-letter-mark-zuckerberg	1	56.89671990424917	SimBa
tweet-sno-1209	QO	vclaim-sno-facebook-ban-posts-save-children	1	40.69244138089782	SimBa
tweet-sno-1209	QO	vclaim-sno-letter-from-vladimir-putin	1	38.335814508155906	SimBa
tweet-sno-1209	QO	vclaim-sno-faceapp-russians-photographs	1	37.718017823329625	SimBa
tweet-sno-1209	QO	vclaim-sno-false-vladimir-putin-anti-muslim-speech	1	36.934285326965224	SimBa
tweet-sno-1210	QO	vclaim-sno-ukraine-letter-mark-zuckerberg	1	67.79050527633001	SimBa
tweet-sno-1210	QO	vclaim-sno-putin-gmo-evolution	1	47.00414726348992	SimBa
tweet-sno-1210	QO	vclaim-sno-facebook-ban-posts-save-children	1	45.719752638902136	SimBa
tweet-sno-1210	QO	vclaim-sno-putin-gives-obama-ultimatum	1	45.44417369687805	SimBa
tweet-sno-1210	QO	vclaim-sno-un-ban-word-war-russia-ukraine	1	43.90626483362138	SimBa
tweet-sno-1211	QO	vclaim-sno-un-ban-word-war-russia-ukraine	1	50.29059545954147	SimBa
tweet-sno-1211	QO	vclaim-sno-ukraine-letter-mark-zuckerberg	1	47.86466455526515	SimBa
tweet-sno-1211	QO	vclaim-sno-putin-gives-obama-ultimatum	1	44.02306503459462	SimBa
tweet-sno-1211	QO	vclaim-sno-anti-war-protester-moscow-sign	1	42.81812369240457	SimBa
tweet-sno-1211	QO	vclaim-sno-black-lives-matter-terrorist-russia	1	42.6947218999082	SimBa
tweet-sno-1212	QO	vclaim-sno-anti-war-protester-moscow-sign	1	48.68071034409347	SimBa
tweet-sno-1212	QO	vclaim-sno-crowded-train-station-ukraine	1	47.049149522366704	SimBa
tweet-sno-1212	QO	vclaim-sno-noose-hung-outside-capitol	1	42.55298019562473	SimBa
tweet-sno-1212	QO	vclaim-sno-is-sunset-moscow-real	1	42.354551795604024	SimBa
tweet-sno-1212	QO	vclaim-sno-anti-trump-protesters-destroy-america	1	41.95391039975107	SimBa
tweet-sno-1213	QO	vclaim-sno-trump-us-troops-landed-ukraine	1	55.88113003750726	SimBa
tweet-sno-1213	QO	vclaim-sno-tucker-carlson-russian-television	1	54.68286452820794	SimBa
tweet-sno-1213	QO	vclaim-sno-putin-destroy-the-new-world-order	1	51.56270838526618	SimBa
tweet-sno-1213	QO	vclaim-sno-russian-tv-trump-agent	1	51.10030760134656	SimBa
tweet-sno-1213	QO	vclaim-sno-putin-gives-obama-ultimatum	1	48.44739407808396	SimBa
tweet-sno-1214	QO	vclaim-sno-tucker-carlson-russian-television	1	80.94704139251559	SimBa
tweet-sno-1214	QO	vclaim-sno-letter-from-vladimir-putin	1	55.76200789944893	SimBa
tweet-sno-1214	QO	vclaim-sno-fox-news-russia-canceled	1	53.431480422066926	SimBa
tweet-sno-1214	QO	vclaim-sno-false-vladimir-putin-anti-muslim-speech	1	51.38789835542492	SimBa
tweet-sno-1214	QO	vclaim-sno-russian-tv-trump-agent	1	50.6123943176828	SimBa
tweet-sno-1215	QO	vclaim-sno-is-this-ghost-of-kyiv-video-real	1	62.40441531657633	SimBa
tweet-sno-1215	QO	vclaim-sno-arma-game-clip-ukraine	1	50.422810195104276	SimBa
tweet-sno-1215	QO	vclaim-sno-russian-pilot-bridge-1965	1	48.24410679215152	SimBa
tweet-sno-1215	QO	vclaim-sno-russian-paratroopers-ukraine	1	45.6431143176179	SimBa
tweet-sno-1215	QO	vclaim-sno-russian-soldiers-last-words	1	42.27806853897451	SimBa
tweet-sno-1216	QO	vclaim-sno-turkish-chant-putin-looks-like-dick	1	54.05323080246855	SimBa
tweet-sno-1216	QO	vclaim-sno-anti-war-protester-moscow-sign	1	44.94876737948782	SimBa
tweet-sno-1216	QO	vclaim-sno-ukraine-road-sign-russia	1	42.935114536160114	SimBa
tweet-sno-1216	QO	vclaim-sno-nfl-black-national-anthem	1	40.59739210448304	SimBa
tweet-sno-1216	QO	vclaim-sno-mens-soccer-player-sports-bra	1	40.18430561637608	SimBa
tweet-sno-1217	QO	vclaim-sno-arma-game-clip-ukraine	1	62.876265849521644	SimBa
tweet-sno-1217	QO	vclaim-sno-is-this-ghost-of-kyiv-video-real	1	55.38265977280092	SimBa
tweet-sno-1217	QO	vclaim-sno-russian-paratroopers-ukraine	1	52.540285623611865	SimBa
tweet-sno-1217	QO	vclaim-sno-israel-nuclear-bomb-syria	1	45.70619144727931	SimBa
tweet-sno-1217	QO	vclaim-sno-police-radar-missile	1	44.481610468724796	SimBa
tweet-sno-1218	QO	vclaim-sno-russian-paratroopers-ukraine	1	61.2848784353566	SimBa
tweet-sno-1218	QO	vclaim-sno-russia-exosuit-syria-photo	1	52.84510419821872	SimBa
tweet-sno-1218	QO	vclaim-sno-is-this-ghost-of-kyiv-video-real	1	47.497596628464194	SimBa
tweet-sno-1218	QO	vclaim-sno-arma-game-clip-ukraine	1	45.6775795051315	SimBa
tweet-sno-1218	QO	vclaim-sno-russia-troops-us-borders	1	43.94898310635243	SimBa
tweet-sno-1219	QO	vclaim-sno-trump-us-troops-landed-ukraine	1	63.67096287498187	SimBa
tweet-sno-1219	QO	vclaim-sno-u-s-trump-intelligence-russia	1	52.96344310215876	SimBa
tweet-sno-1219	QO	vclaim-sno-russian-tv-trump-agent	1	52.64472251166221	SimBa
tweet-sno-1219	QO	vclaim-sno-trump-misleading-russian-blackmail	1	51.59766896645468	SimBa
tweet-sno-1219	QO	vclaim-sno-russian-tv-host-reports-on-plot-to-kill-trump	1	48.15464716924346	SimBa
tweet-sno-1220	QO	vclaim-sno-clueless-crocs	1	63.410929793897914	SimBa
tweet-sno-1220	QO	vclaim-sno-toms-shoes	1	33.47274612654438	SimBa
tweet-sno-1220	QO	vclaim-sno-free-uggs-scam	1	32.96091537634218	SimBa
tweet-sno-1220	QO	vclaim-sno-crayola-nipsey-blue-crayon	1	31.965126313394936	SimBa
tweet-sno-1220	QO	vclaim-sno-kohls-blm-black-lives-matter	1	31.824308032067126	SimBa
tweet-sno-1221	QO	vclaim-sno-pharrell-beverly-hills-mansion	1	88.73715018004465	SimBa
tweet-sno-1221	QO	vclaim-sno-obamas-mansion-marthas-vineyard	1	43.38528035090471	SimBa
tweet-sno-1221	QO	vclaim-sno-did-hugh-hefner-pay-to-be-buried-next-to-marilyn-monroe	1	41.71526119108424	SimBa
tweet-sno-1221	QO	vclaim-sno-dr-phil-divorce-settlement	1	40.78747017576491	SimBa
tweet-sno-1221	QO	vclaim-sno-bel-air-mansion	1	40.11857005653375	SimBa
tweet-sno-1222	QO	vclaim-sno-kandiss-taylor-jesus-guns-babies	1	52.01221659977307	SimBa
tweet-sno-1222	QO	vclaim-sno-did-bachmann-say-jesus-created-rifles	1	45.914407737231926	SimBa
tweet-sno-1222	QO	vclaim-sno-ken-buck-kill-em-all-shirt	1	42.35945607113064	SimBa
tweet-sno-1222	QO	vclaim-sno-brady-campaign-ad	1	41.92756415724301	SimBa
tweet-sno-1222	QO	vclaim-sno-keep-america-american	1	41.457481633604644	SimBa
tweet-sno-1223	QO	vclaim-sno-boebert-award-red-lobster	1	64.72075257360578	SimBa
tweet-sno-1223	QO	vclaim-sno-deanna-lorraine-kenosha-shooter	1	37.95567375348391	SimBa
tweet-sno-1223	QO	vclaim-sno-marjorie-taylor-greene-husband	1	37.60850032141371	SimBa
tweet-sno-1223	QO	vclaim-sno-ellen-degeneres-facebook-giveaway	1	35.787843256048134	SimBa
tweet-sno-1223	QO	vclaim-sno-al-smith-dinner-sticker	1	35.77200950602261	SimBa
tweet-sno-1224	QO	vclaim-sno-trump-signed-nafta-wrong	1	71.92693397391525	SimBa
tweet-sno-1224	QO	vclaim-sno-trump-sends-unpresidented-tweet	1	48.288453846354976	SimBa
tweet-sno-1224	QO	vclaim-sno-trump-call-trudeau-leader-igloo-people	1	46.23084193481897	SimBa
tweet-sno-1224	QO	vclaim-sno-trump-impeachment-misspelling	1	46.098135804082276	SimBa
tweet-sno-1224	QO	vclaim-sno-misspelled-tickets-trump-state-uniom	1	45.35321484963893	SimBa
tweet-sno-1225	QO	vclaim-sno-eminem-knee-super-bowl	1	71.04670985824168	SimBa
tweet-sno-1225	QO	vclaim-sno-tim-tebow-kneel-anthem	1	54.55013766735581	SimBa
tweet-sno-1225	QO	vclaim-sno-veteran-kaepernick-take-a-knee-anthem	1	53.68597785096305	SimBa
tweet-sno-1225	QO	vclaim-sno-retired-marine-open-letter-nfl	1	50.99111062804825	SimBa
tweet-sno-1225	QO	vclaim-sno-tom-brady-if-anybody-kneels	1	48.98314943774254	SimBa
tweet-sno-1226	QO	vclaim-sno-eminem-knee-super-bowl	1	66.2833787565382	SimBa
tweet-sno-1226	QO	vclaim-sno-fox-sports-cancels-nfl-broadcasts-players-respect-flag	1	50.375648066586834	SimBa
tweet-sno-1226	QO	vclaim-sno-tom-brady-if-anybody-kneels	1	49.84901044895403	SimBa
tweet-sno-1226	QO	vclaim-sno-nike-fire-colin-kaepernick-after-arrest	1	48.95882192858497	SimBa
tweet-sno-1226	QO	vclaim-sno-budweiser-pull-advertising-nfl-national-anthem-protest	1	46.51748707386096	SimBa
tweet-sno-1227	QO	vclaim-sno-the-reich-stuff	1	42.43081523699976	SimBa
tweet-sno-1227	QO	vclaim-sno-communist-rules-for-revolution	1	39.4053286034742	SimBa
tweet-sno-1227	QO	vclaim-sno-uh-oh-swastik-os	1	38.697068859184704	SimBa
tweet-sno-1227	QO	vclaim-sno-league-of-nazi-socialist-women	1	37.98627589663403	SimBa
tweet-sno-1227	QO	vclaim-sno-guacamole-means-testicle-sauce	1	37.78037567947584	SimBa
tweet-sno-1228	QO	vclaim-sno-gun-manufacturer-industry	1	69.44429113515355	SimBa
tweet-sno-1228	QO	vclaim-sno-gun-manufacturers-crimes-products	1	62.58943298394617	SimBa
tweet-sno-1228	QO	vclaim-sno-sheriff-tim-mueller	1	43.95229027981718	SimBa
tweet-sno-1228	QO	vclaim-sno-congress-gun-legal-mental	1	41.669483284411896	SimBa
tweet-sno-1228	QO	vclaim-sno-marco-rubio-said-felons-get-guns-back-not-voting-rights	1	41.1625092160847	SimBa
tweet-sno-1229	QO	vclaim-sno-joel-osteen-rip-up-the-bible	1	48.16039831159187	SimBa
tweet-sno-1229	QO	vclaim-sno-portland-protesters-burn-bibles	1	45.82209242946398	SimBa
tweet-sno-1229	QO	vclaim-sno-trump-kkk-cross-burning	1	45.58436366426582	SimBa
tweet-sno-1229	QO	vclaim-sno-evangelical-trump-gay	1	44.77491302354462	SimBa
tweet-sno-1229	QO	vclaim-sno-80-trump-ballots-burned	1	42.87079493504011	SimBa
tweet-sno-1230	QO	vclaim-sno-capitol-window-wave-video	1	66.97905011919158	SimBa
tweet-sno-1230	QO	vclaim-sno-kill-bill	1	41.93557622739627	SimBa
tweet-sno-1230	QO	vclaim-sno-does-jade-sacker-work-for-cnn	1	40.23199107301693	SimBa
tweet-sno-1230	QO	vclaim-sno-ron-paul-call-congress-psychopathic-authoritarians	1	39.82824120291519	SimBa
tweet-sno-1230	QO	vclaim-sno-trump-display-names-campaign-donors-state-union	1	39.23072457463202	SimBa
tweet-sno-1231	QO	vclaim-sno-capitol-window-wave-video	1	53.20150041242002	SimBa
tweet-sno-1231	QO	vclaim-sno-capitol-riot-podium	1	46.29815905116418	SimBa
tweet-sno-1231	QO	vclaim-sno-police-hold-hand-trump-riot	1	42.56803873964084	SimBa
tweet-sno-1231	QO	vclaim-sno-capitol-police-opened-gates	1	42.10022433307408	SimBa
tweet-sno-1231	QO	vclaim-sno-rioters-capitol-flagpole	1	40.58628258361133	SimBa
tweet-sno-1232	QO	vclaim-sno-capitol-window-wave-video	1	50.37391430599134	SimBa
tweet-sno-1232	QO	vclaim-sno-darrell-issa-avoid-protesters	1	37.66483449259691	SimBa
tweet-sno-1232	QO	vclaim-sno-cnn-microphone-intern	1	37.593849105636195	SimBa
tweet-sno-1232	QO	vclaim-sno-pence-recaptured-after-fleeing-trump-campaign-bus	1	37.27931771290612	SimBa
tweet-sno-1232	QO	vclaim-sno-was-mccabe-escorted-fbi-building	1	37.10367261781579	SimBa
tweet-sno-1233	QO	vclaim-sno-europa-io-jupiter-video	1	53.5846995295673	SimBa
tweet-sno-1233	QO	vclaim-sno-moon-truth	1	42.12537624489447	SimBa
tweet-sno-1233	QO	vclaim-sno-tiktok-zombies-finland	1	40.727338880665364	SimBa
tweet-sno-1233	QO	vclaim-sno-giant-moon-blocking-sun-arctic	1	40.64617257744679	SimBa
tweet-sno-1233	QO	vclaim-sno-moving-crust-video	1	38.950960554252916	SimBa
tweet-sno-1234	QO	vclaim-sno-freedom-convoy-canada	1	66.03678577467305	SimBa
tweet-sno-1234	QO	vclaim-sno-highway-sign-consider-canada	1	42.03399431651994	SimBa
tweet-sno-1234	QO	vclaim-sno-guarded-response	1	39.73488783977477	SimBa
tweet-sno-1234	QO	vclaim-sno-anti-trump-protesters-bused-into-austin	1	37.78246292764894	SimBa
tweet-sno-1234	QO	vclaim-sno-truckers-strike-thanksgiving	1	37.52904062104517	SimBa
tweet-sno-1235	QO	vclaim-sno-walmart-canada-covid-vaccination-proof	1	46.09314050586949	SimBa
tweet-sno-1235	QO	vclaim-sno-florida-covid-canadian-tourism	1	40.57205833990086	SimBa
tweet-sno-1235	QO	vclaim-sno-canada-covid-travelers	1	37.77699388888827	SimBa
tweet-sno-1235	QO	vclaim-sno-canada-global-reset-plan-leak	1	36.837295315476254	SimBa
tweet-sno-1235	QO	vclaim-sno-red-mask-blue-mask-covid	1	36.731790854298616	SimBa
tweet-sno-1236	QO	vclaim-sno-biden-doocy-stupid-bitch	1	65.40386306777532	SimBa
tweet-sno-1236	QO	vclaim-sno-joe-biden-ask-reporter-junkie	1	58.24339388406659	SimBa
tweet-sno-1236	QO	vclaim-sno-biden-teleprompter-interview	1	52.32123453781018	SimBa
tweet-sno-1236	QO	vclaim-sno-trump-biden-resident-meme	1	51.754845390495696	SimBa
tweet-sno-1236	QO	vclaim-sno-karl-rove-biden-inauguration	1	51.29080554853819	SimBa
tweet-sno-1237	QO	vclaim-sno-flu-vaccine-covid-buttar	1	57.05407984270353	SimBa
tweet-sno-1237	QO	vclaim-sno-more-testing-more-cases-covid-19	1	56.40401066887895	SimBa
tweet-sno-1237	QO	vclaim-sno-covid-deaths-4-comorbidities	1	54.935829636375104	SimBa
tweet-sno-1237	QO	vclaim-sno-covid-19-vaccine-herpes	1	53.38369976248879	SimBa
tweet-sno-1237	QO	vclaim-sno-covid-19-reinfection	1	53.357696115390695	SimBa
tweet-sno-1238	QO	vclaim-sno-anne-frank-good-news-quote	1	98.3046594640935	SimBa
tweet-sno-1238	QO	vclaim-sno-anne-frank-flowers-quote	1	40.971144173772586	SimBa
tweet-sno-1238	QO	vclaim-sno-ann-landers-quote-about-aging	1	39.858121407255325	SimBa
tweet-sno-1238	QO	vclaim-sno-did-shakespeare-say-he-always-felt-happy	1	36.21473976695748	SimBa
tweet-sno-1238	QO	vclaim-sno-churchill-what-people-think	1	35.0662708955082	SimBa
tweet-sno-1239	QO	vclaim-sno-does-the-rock-own-a-t-rex-skull	1	67.75019047037557	SimBa
tweet-sno-1239	QO	vclaim-sno-moa-troodon-claw-photo	1	41.4777466494717	SimBa
tweet-sno-1239	QO	vclaim-sno-titanoboa	1	41.47433682883508	SimBa
tweet-sno-1239	QO	vclaim-sno-pile-bison-bones-photo	1	41.34888346734162	SimBa
tweet-sno-1239	QO	vclaim-sno-megalodon-tooth-whale-bone-fossil	1	40.625907108789676	SimBa
tweet-sno-1240	QO	vclaim-sno-does-the-rock-own-a-t-rex-skull	1	65.75906053852229	SimBa
tweet-sno-1240	QO	vclaim-sno-moa-troodon-claw-photo	1	40.02055551248776	SimBa
tweet-sno-1240	QO	vclaim-sno-johny-bravo-the-rock-powerpuff-girls	1	39.206536503457755	SimBa
tweet-sno-1240	QO	vclaim-sno-titanoboa	1	36.95885503015313	SimBa
tweet-sno-1240	QO	vclaim-sno-steve-irwin-tupac-friendship	1	36.27770887702687	SimBa
tweet-sno-1241	QO	vclaim-sno-hidden-tax-credit-journalists	1	78.01430246839746	SimBa
tweet-sno-1241	QO	vclaim-sno-gop-tax-plan-include-tax-cut-private-jet-owners	1	44.71743264576082	SimBa
tweet-sno-1241	QO	vclaim-sno-tax-plan-graduate-students	1	42.947775763791924	SimBa
tweet-sno-1241	QO	vclaim-sno-republican-congress-approved-trump-tv	1	42.6966821614066	SimBa
tweet-sno-1241	QO	vclaim-sno-100k-for-600-stimulus-checks	1	41.29303093808832	SimBa
tweet-sno-1242	QO	vclaim-sno-california-ethnic-studies-genocide	1	75.93758783973354	SimBa
tweet-sno-1242	QO	vclaim-sno-pledge-of-allah-giance	1	43.425931357227135	SimBa
tweet-sno-1242	QO	vclaim-sno-is-california-requiring-students-arabic-numbers	1	42.860794521788875	SimBa
tweet-sno-1242	QO	vclaim-sno-trump-new-high-school-text	1	42.20566184370435	SimBa
tweet-sno-1242	QO	vclaim-sno-antifa-flyers-call-for-the-murder-of-white-children	1	42.18839791605037	SimBa
tweet-sno-1243	QO	vclaim-sno-california-ethnic-studies-genocide	1	63.541948048044034	SimBa
tweet-sno-1243	QO	vclaim-sno-one-nation-under-allah	1	42.94740904866188	SimBa
tweet-sno-1243	QO	vclaim-sno-students-praise-allah-common-core	1	39.312705721745	SimBa
tweet-sno-1243	QO	vclaim-sno-mecca-mecca-why	1	38.303724582574645	SimBa
tweet-sno-1243	QO	vclaim-sno-after-school-satan-clubs	1	37.08597792629281	SimBa
tweet-sno-1244	QO	vclaim-sno-history-lessened	1	36.16975663069112	SimBa
tweet-sno-1244	QO	vclaim-sno-antifa-manual-online	1	34.11504362387762	SimBa
tweet-sno-1244	QO	vclaim-sno-lessons-life-taught-me	1	33.64710546604839	SimBa
tweet-sno-1244	QO	vclaim-sno-buttigieg-father-marxist	1	33.159090657381526	SimBa
tweet-sno-1244	QO	vclaim-sno-little-gun-history	1	32.68127509046702	SimBa
tweet-sno-1245	QO	vclaim-sno-joe-rogan-hamburgers	1	76.0849448324872	SimBa
tweet-sno-1245	QO	vclaim-sno-jamie-oliver-mcdonalds-burgers	1	48.68231181326067	SimBa
tweet-sno-1245	QO	vclaim-sno-joe-rogan-height-sky	1	45.32079445323576	SimBa
tweet-sno-1245	QO	vclaim-sno-mcdonalds-100-beef	1	42.904382266752776	SimBa
tweet-sno-1245	QO	vclaim-sno-joe-biden-corn-dog	1	42.49175204482256	SimBa
tweet-sno-1246	QO	vclaim-sno-robot-bodyguard-king-of-bahrain	1	62.86212879929803	SimBa
tweet-sno-1246	QO	vclaim-sno-saudi-arabia-beheads-robot	1	43.899812137040215	SimBa
tweet-sno-1246	QO	vclaim-sno-saudi-arabia-eases-guardianship-rules-against-women	1	39.64750823599769	SimBa
tweet-sno-1246	QO	vclaim-sno-florida-air-force-robotic-dogs	1	36.24284781655264	SimBa
tweet-sno-1246	QO	vclaim-sno-armed-robot-video	1	35.51983709551787	SimBa
tweet-sno-1247	QO	vclaim-sno-gorsuch-flu-kills-fake-quote	1	67.3153675210483	SimBa
tweet-sno-1247	QO	vclaim-sno-flu-kills-more-people-covid-19	1	51.80146960374261	SimBa
tweet-sno-1247	QO	vclaim-sno-cdc-doctor-flu-shot-dead	1	49.11770780783078	SimBa
tweet-sno-1247	QO	vclaim-sno-trump-quote-never-died-before	1	46.809548480592994	SimBa
tweet-sno-1247	QO	vclaim-sno-trump-covid-19-deadlier-than-flu	1	45.52204430210337	SimBa
tweet-sno-1248	QO	vclaim-sno-djokovic-federer-nadal	1	68.17931767272842	SimBa
tweet-sno-1248	QO	vclaim-sno-djokovic-simone-biles-pressure-privilege	1	38.02296428660989	SimBa
tweet-sno-1248	QO	vclaim-sno-donald-trump-serena-williams-wimbledon	1	32.94294635249301	SimBa
tweet-sno-1248	QO	vclaim-sno-radiohead-fans-left-red-faced-after-applauding-tuning-session	1	29.54164743658889	SimBa
tweet-sno-1248	QO	vclaim-sno-return-to-sender	1	29.10186496434764	SimBa
tweet-sno-1249	QO	vclaim-sno-children-hazmat-suits	1	51.75803380650112	SimBa
tweet-sno-1249	QO	vclaim-sno-snorting-smarties	1	44.76290124017105	SimBa
tweet-sno-1249	QO	vclaim-sno-china-boys-dead-face-mask	1	42.71845800100422	SimBa
tweet-sno-1249	QO	vclaim-sno-china-bubble-wrap-virus	1	42.24276942467476	SimBa
tweet-sno-1249	QO	vclaim-sno-hm-release-equally-racist-collection	1	41.954762542281514	SimBa
tweet-sno-1250	QO	vclaim-sno-cdc-mortality-statistics	1	58.585735773366814	SimBa
tweet-sno-1250	QO	vclaim-sno-covid-deaths-4-comorbidities	1	58.4343467238284	SimBa
tweet-sno-1250	QO	vclaim-sno-biden-120million-deaths-covid19	1	51.625924095409005	SimBa
tweet-sno-1250	QO	vclaim-sno-ebola-in-the-air-tonight	1	51.20744034281097	SimBa
tweet-sno-1250	QO	vclaim-sno-bill-mitchell-tweet-55000-covid	1	50.703187591939916	SimBa
tweet-sno-1251	QO	vclaim-sno-woodward-bernstein-photo-nixon	1	70.23929533286935	SimBa
tweet-sno-1251	QO	vclaim-sno-lyin-34i34s	1	49.532233377143356	SimBa
tweet-sno-1251	QO	vclaim-sno-nixon-watergate-details-illegally-leaked	1	49.516563825834496	SimBa
tweet-sno-1251	QO	vclaim-sno-roger-stone-richard-nixon	1	47.27750041978587	SimBa
tweet-sno-1251	QO	vclaim-sno-trump-nixon-attack-the-presss	1	47.19311653264462	SimBa
tweet-sno-1252	QO	vclaim-sno-did-china-launch-an-artificial-sun	1	68.85722096944774	SimBa
tweet-sno-1252	QO	vclaim-sno-panda-solar-farm-china	1	53.31167928404582	SimBa
tweet-sno-1252	QO	vclaim-sno-floating-city-china	1	41.44001582989676	SimBa
tweet-sno-1252	QO	vclaim-sno-china-hospital-10-days	1	40.655620667975505	SimBa
tweet-sno-1252	QO	vclaim-sno-chinese-aircraft-carrier	1	39.30914331243851	SimBa
tweet-sno-1253	QO	vclaim-sno-david-bowie-newsnight-1999	1	76.67601404040249	SimBa
tweet-sno-1253	QO	vclaim-sno-rock-star-david-bowie	1	44.444566805669055	SimBa
tweet-sno-1253	QO	vclaim-sno-david-bowie-mtv-black-artists	1	43.418809443086815	SimBa
tweet-sno-1253	QO	vclaim-sno-david-bowie-lemmy-photo	1	37.42419393825345	SimBa
tweet-sno-1253	QO	vclaim-sno-doonesbury-predicted-trump	1	36.47217597501942	SimBa
tweet-sno-1254	QO	vclaim-sno-mike-pence-tweet	1	82.21477827138057	SimBa
tweet-sno-1254	QO	vclaim-sno-hang-mike-pence-chant-capitol-riot	1	59.76962793386957	SimBa
tweet-sno-1254	QO	vclaim-sno-trump-threaten-federal-buildings	1	58.128229881422826	SimBa
tweet-sno-1254	QO	vclaim-sno-harris-military-against-trumpers	1	57.44587862063158	SimBa
tweet-sno-1254	QO	vclaim-sno-pence-trump-twitter-jan-6-riots	1	57.26656606119653	SimBa
tweet-sno-1255	QO	vclaim-sno-law-charges-protesters-with-terrorism	1	59.28354614617263	SimBa
tweet-sno-1255	QO	vclaim-sno-right-to-resist-unlawful-arrest	1	55.028299012551926	SimBa
tweet-sno-1255	QO	vclaim-sno-trump-mob-capitol	1	51.39910551099946	SimBa
tweet-sno-1255	QO	vclaim-sno-trump-threaten-federal-buildings	1	50.088307526318815	SimBa
tweet-sno-1255	QO	vclaim-sno-mike-pence-tweet	1	49.43736247374406	SimBa
tweet-sno-1256	QO	vclaim-sno-joe-biden-pinch-girls-nipple	1	63.80317421076677	SimBa
tweet-sno-1256	QO	vclaim-sno-biden-accuser-photo	1	52.49564387539864	SimBa
tweet-sno-1256	QO	vclaim-sno-biden-daughter-photo	1	49.47776602163364	SimBa
tweet-sno-1256	QO	vclaim-sno-harris-believe-biden-accusers	1	49.22080759416758	SimBa
tweet-sno-1256	QO	vclaim-sno-jill-biden-babysitter-joe-biden	1	47.813520225963	SimBa
tweet-sno-1257	QO	vclaim-sno-did-bmw-reveal-a-color-changing-car	1	48.50758602729516	SimBa
tweet-sno-1257	QO	vclaim-sno-paramagnetic-paint-car	1	40.825835490030954	SimBa
tweet-sno-1257	QO	vclaim-sno-cars-melting-in-arizona-heat-wave	1	38.184931664069445	SimBa
tweet-sno-1257	QO	vclaim-sno-dodge-challenger-elephant-skin	1	37.486919047296965	SimBa
tweet-sno-1257	QO	vclaim-sno-2021-dodge-ram	1	34.810151649304416	SimBa
tweet-sno-1258	QO	vclaim-sno-nasa-planetary-protection-officer	1	50.101131363217064	SimBa
tweet-sno-1258	QO	vclaim-sno-planet-destroy-earth	1	48.561408421304904	SimBa
tweet-sno-1258	QO	vclaim-sno-nasa-24-theologians-research-aliens	1	48.31494345769423	SimBa
tweet-sno-1258	QO	vclaim-sno-nasa-mission-to-destroy-asteroid	1	45.80006699775287	SimBa
tweet-sno-1258	QO	vclaim-sno-nasa-warns-nibiru-is-headed-straight-for-earth	1	45.58888156744501	SimBa
tweet-sno-1259	QO	vclaim-sno-irs-taxpayers-stolen-items-illegal-income	1	57.94914081037665	SimBa
tweet-sno-1259	QO	vclaim-sno-irs-impersonation-telephone-scam	1	49.73324239000012	SimBa
tweet-sno-1259	QO	vclaim-sno-irs-social-security-numbers	1	48.75644521689335	SimBa
tweet-sno-1259	QO	vclaim-sno-label-libel	1	48.52118181097252	SimBa
tweet-sno-1259	QO	vclaim-sno-irs-refund-notification	1	48.02333742083479	SimBa
tweet-sno-1260	QO	vclaim-sno-more-cars-stolen-on-new-years	1	63.08438438287845	SimBa
tweet-sno-1260	QO	vclaim-sno-thieves-search-christmas-trash	1	48.22861357036302	SimBa
tweet-sno-1260	QO	vclaim-sno-basket-cases	1	42.075912086182996	SimBa
tweet-sno-1260	QO	vclaim-sno-fatal-accidents-new-years-day	1	42.04843558819102	SimBa
tweet-sno-1260	QO	vclaim-sno-grand-jest-auto	1	39.736817461262305	SimBa
tweet-sno-1261	QO	vclaim-sno-did-trump-praise-covid-19-vaccines	1	82.11421413047006	SimBa
tweet-sno-1261	QO	vclaim-sno-trump-beautiful-covid-19-vaccine	1	60.63962393170924	SimBa
tweet-sno-1261	QO	vclaim-sno-trump-my-blood-is-the-vaccine	1	59.230118958057304	SimBa
tweet-sno-1261	QO	vclaim-sno-trump-moderna-stock	1	56.35254219628679	SimBa
tweet-sno-1261	QO	vclaim-sno-biden-vaccines-hurricane-protect	1	54.2615677990014	SimBa
tweet-sno-1262	QO	vclaim-sno-ted-cruz-sound-fury-quote	1	35.70770328187284	SimBa
tweet-sno-1262	QO	vclaim-sno-if-the-shoe-fits	1	34.66074263392871	SimBa
tweet-sno-1262	QO	vclaim-sno-p-ness	1	34.01144336609782	SimBa
tweet-sno-1262	QO	vclaim-sno-le-a	1	32.90058077269369	SimBa
tweet-sno-1262	QO	vclaim-sno-trump-words-national-anthem	1	31.79158096577317	SimBa
tweet-sno-1263	QO	vclaim-sno-jesse-watters-faucis-assassination	1	69.93848564538337	SimBa
tweet-sno-1263	QO	vclaim-sno-carlson-media-lynching-chauvin	1	48.4690881862131	SimBa
tweet-sno-1263	QO	vclaim-sno-bannon-fauci-wray-head-pikes	1	47.7678649866264	SimBa
tweet-sno-1263	QO	vclaim-sno-sean-hannity-fired-muslims	1	46.50530014140731	SimBa
tweet-sno-1263	QO	vclaim-sno-don-lemon-terror-threat	1	45.711617480109595	SimBa
tweet-sno-1264	QO	vclaim-sno-jesse-watters-faucis-assassination	1	69.63708541142253	SimBa
tweet-sno-1264	QO	vclaim-sno-bannon-fauci-wray-head-pikes	1	48.78597528635849	SimBa
tweet-sno-1264	QO	vclaim-sno-carlson-media-lynching-chauvin	1	48.76685298120257	SimBa
tweet-sno-1264	QO	vclaim-sno-cnn-quote-unarmed-father-of-3	1	46.37816816517876	SimBa
tweet-sno-1264	QO	vclaim-sno-trump-suicide-bombers-penalty	1	45.971315540494516	SimBa
tweet-sno-1265	QO	vclaim-sno-home-alone-mccallister-house	1	75.33898088977907	SimBa
tweet-sno-1265	QO	vclaim-sno-angels-with-filthy-souls-real	1	39.321584429707826	SimBa
tweet-sno-1265	QO	vclaim-sno-home-alone-world-trade-center	1	38.84490645582723	SimBa
tweet-sno-1265	QO	vclaim-sno-spongebob-epstein-island-address	1	38.06884159820072	SimBa
tweet-sno-1265	QO	vclaim-sno-home-alone-ticket-thrown-away	1	37.75024164291311	SimBa
tweet-sno-1266	QO	vclaim-sno-elf-nice-names-actual-crew	1	90.86182652462587	SimBa
tweet-sno-1266	QO	vclaim-sno-nsa-on-the-shelf	1	39.665073462925534	SimBa
tweet-sno-1266	QO	vclaim-sno-dozens-died-filming-cats	1	35.04214078946687	SimBa
tweet-sno-1266	QO	vclaim-sno-walt-disneys-final-instructions	1	30.73546978151414	SimBa
tweet-sno-1266	QO	vclaim-sno-black-panther-fbi-watch-list	1	30.68681590032839	SimBa
tweet-sno-1267	QO	vclaim-sno-kieran-culkin-in-home-alone	1	95.95896919539953	SimBa
tweet-sno-1267	QO	vclaim-sno-macaulay-culkin-dead	1	58.69359497124762	SimBa
tweet-sno-1267	QO	vclaim-sno-chet-hanks-tom-hanks-son	1	45.4894709487244	SimBa
tweet-sno-1267	QO	vclaim-sno-moira-rose-home-alone	1	44.765366222398896	SimBa
tweet-sno-1267	QO	vclaim-sno-home-alone-mccallister-house	1	43.11346097796975	SimBa
tweet-sno-1268	QO	vclaim-sno-pfizer-bourla-vaccine-microchip	1	75.11410182425908	SimBa
tweet-sno-1268	QO	vclaim-sno-covid-vaccine-female-sterilization	1	51.24588019504681	SimBa
tweet-sno-1268	QO	vclaim-sno-chip-off-the-old-salk	1	49.37447548056228	SimBa
tweet-sno-1268	QO	vclaim-sno-bill-gates-id2020	1	47.279378600045916	SimBa
tweet-sno-1268	QO	vclaim-sno-pfizer-chief-scientist-vaccines	1	45.185701403785764	SimBa
tweet-sno-1269	QO	vclaim-sno-kraft-cream-cheese-shortage	1	54.67765586487462	SimBa
tweet-sno-1269	QO	vclaim-sno-free-cone-day-dq	1	43.21774802989236	SimBa
tweet-sno-1269	QO	vclaim-sno-cheesecake-factory-gift-card	1	42.35750754743903	SimBa
tweet-sno-1269	QO	vclaim-sno-ben-and-jerrys-latke-ice-cream	1	41.57567700386411	SimBa
tweet-sno-1269	QO	vclaim-sno-cadbury-free-chocolate-hampers	1	40.97881674049981	SimBa
tweet-sno-1270	QO	vclaim-sno-biden-bob-dole-end-of-message	1	77.5350542692895	SimBa
tweet-sno-1270	QO	vclaim-sno-joe-biden-stutter	1	52.65207772199132	SimBa
tweet-sno-1270	QO	vclaim-sno-biden-ron-burgundy	1	52.17967479652133	SimBa
tweet-sno-1270	QO	vclaim-sno-biden-botched-pledge	1	49.9403039341189	SimBa
tweet-sno-1270	QO	vclaim-sno-biden-teleprompter-interview	1	48.30715855498494	SimBa
tweet-sno-1271	QO	vclaim-sno-gwen-shamblin-death	1	55.18965014139203	SimBa
tweet-sno-1271	QO	vclaim-sno-perry-ramsey-conspiracy-theory	1	42.515654123642435	SimBa
tweet-sno-1271	QO	vclaim-sno-breast-in-peace	1	42.497808854227124	SimBa
tweet-sno-1271	QO	vclaim-sno-goldfinger-actress-death	1	39.33934974375917	SimBa
tweet-sno-1271	QO	vclaim-sno-dolly-parton-husband	1	38.27811660026342	SimBa
tweet-sno-1272	QO	vclaim-sno-kennedy-bloody-shirt	1	51.51589382993459	SimBa
tweet-sno-1272	QO	vclaim-sno-penal-institution	1	43.44872987608931	SimBa
tweet-sno-1272	QO	vclaim-sno-texas-boston-strangler	1	40.382317613254926	SimBa
tweet-sno-1272	QO	vclaim-sno-grave-words	1	40.06526177364658	SimBa
tweet-sno-1272	QO	vclaim-sno-mccain-carried-air-force-two	1	39.13165353239244	SimBa
tweet-sno-1273	QO	vclaim-sno-ceo-biontech-refuse-vaccine	1	68.74395309508546	SimBa
tweet-sno-1273	QO	vclaim-sno-covid-vaccine-female-sterilization	1	48.71246029403555	SimBa
tweet-sno-1273	QO	vclaim-sno-did-pfizers-vp-blow-whistle-gardasil	1	48.44878400810968	SimBa
tweet-sno-1273	QO	vclaim-sno-flu-shot-avoidance	1	46.098953540459036	SimBa
tweet-sno-1273	QO	vclaim-sno-doctors-hpv-vaccine-gardasil	1	45.01174892429627	SimBa
tweet-sno-1274	QO	vclaim-sno-trump-christmas-card-2021	1	54.38026338814243	SimBa
tweet-sno-1274	QO	vclaim-sno-trump-fake-time-covers	1	50.988957254042106	SimBa
tweet-sno-1274	QO	vclaim-sno-trump-staged-speechwriting-picture	1	49.94775399810389	SimBa
tweet-sno-1274	QO	vclaim-sno-donald-trump-arrested-virus-warning	1	49.697694753543	SimBa
tweet-sno-1274	QO	vclaim-sno-white-house-trump-rally	1	49.5962107140092	SimBa
tweet-sno-1275	QO	vclaim-sno-jeffrey-epstein-ghislaine-maxwell-pope	1	65.54660304408155	SimBa
tweet-sno-1275	QO	vclaim-sno-pope-francis-kisses-david-rockefellers-hand	1	58.10909570240568	SimBa
tweet-sno-1275	QO	vclaim-sno-pope-francis-pedophile-priests	1	53.90685107525522	SimBa
tweet-sno-1275	QO	vclaim-sno-vatican-diplomat-child-pornography	1	53.7327760907766	SimBa
tweet-sno-1275	QO	vclaim-sno-pope-francis-abuse-great-accuser	1	52.39626949167935	SimBa
tweet-sno-1276	QO	vclaim-sno-building-7-collapse	1	71.6452786041283	SimBa
tweet-sno-1276	QO	vclaim-sno-journal-endorses-911-conspiracy-theory	1	63.287659839999705	SimBa
tweet-sno-1276	QO	vclaim-sno-cia-agent-confesses-wtc7	1	61.11318907004376	SimBa
tweet-sno-1276	QO	vclaim-sno-wtc-terrorism-insurance	1	51.716277245278505	SimBa
tweet-sno-1276	QO	vclaim-sno-911-pentagon-attack	1	51.20530784315767	SimBa
tweet-sno-1277	QO	vclaim-sno-omicron-movie-made-in-1960s	1	54.48299808318076	SimBa
tweet-sno-1277	QO	vclaim-sno-did-the-simpsons-predict-mass-shooting-at-black-panther-movie-screening	1	36.85915683206681	SimBa
tweet-sno-1277	QO	vclaim-sno-columbia-disaster	1	36.19761662634592	SimBa
tweet-sno-1277	QO	vclaim-sno-category-7-harvey-irma	1	34.08286618426891	SimBa
tweet-sno-1277	QO	vclaim-sno-one-day-long-gone	1	33.45723053170609	SimBa
tweet-sno-1278	QO	vclaim-sno-omicron-movie-made-in-1960s	1	50.40843344033469	SimBa
tweet-sno-1278	QO	vclaim-sno-real-trailer-forrest-gump-2	1	33.40355396733919	SimBa
tweet-sno-1278	QO	vclaim-sno-legend-super-bowl-prediction	1	32.95390781993076	SimBa
tweet-sno-1278	QO	vclaim-sno-shock-mcstuffins	1	32.45897615633953	SimBa
tweet-sno-1278	QO	vclaim-sno-unfriended	1	32.127607010095076	SimBa
tweet-sno-1279	QO	vclaim-sno-omicron-movie-made-in-1960s	1	44.398113262080514	SimBa
tweet-sno-1279	QO	vclaim-sno-i-am-legend-zombie	1	43.1798177565299	SimBa
tweet-sno-1279	QO	vclaim-sno-lqp-79-zombie-virus	1	41.62410997497297	SimBa
tweet-sno-1279	QO	vclaim-sno-covid-detecting-microchip	1	38.55567067652757	SimBa
tweet-sno-1279	QO	vclaim-sno-resident-evil-umbrella-coronavirus	1	38.33884543871031	SimBa
tweet-sno-1280	QO	vclaim-sno-buttigieg-electric-cars-gas-prices	1	63.78201497683922	SimBa
tweet-sno-1280	QO	vclaim-sno-fuel-deficient	1	56.88487424919532	SimBa
tweet-sno-1280	QO	vclaim-sno-chevy-revolt	1	48.35494164517061	SimBa
tweet-sno-1280	QO	vclaim-sno-civic-duty	1	47.284521869185404	SimBa
tweet-sno-1280	QO	vclaim-sno-scrambled-eggs	1	46.46658565645694	SimBa
tweet-sno-1281	QO	vclaim-sno-meteor-falcon-9-spacex-rocket	1	62.41301193950743	SimBa
tweet-sno-1281	QO	vclaim-sno-shuttle-launch-from-space	1	60.667364452000825	SimBa
tweet-sno-1281	QO	vclaim-sno-spacex-sending-deadly-pathogen	1	56.64547633304856	SimBa
tweet-sno-1281	QO	vclaim-sno-space-shuttle-tilt-shift-photo	1	52.63907861059029	SimBa
tweet-sno-1281	QO	vclaim-sno-flat-earth-tweet	1	48.75172943382344	SimBa
tweet-sno-1282	QO	vclaim-sno-ghislaine-maxwell-trial-audio	1	48.56077941336821	SimBa
tweet-sno-1282	QO	vclaim-sno-code-grabbers-remote-keyless-entry	1	27.365866239275768	SimBa
tweet-sno-1282	QO	vclaim-sno-hall-oates-phone-hotline	1	26.29222947195445	SimBa
tweet-sno-1282	QO	vclaim-sno-silent-911	1	25.93829059480977	SimBa
tweet-sno-1282	QO	vclaim-sno-waverly-labs-pilot-earpiece-translates-spoken-language	1	25.870132420839994	SimBa
tweet-sno-1283	QO	vclaim-sno-recall-frozen-cauliflower-listeria	1	77.83063391470967	SimBa
tweet-sno-1283	QO	vclaim-sno-mann-packaged-vegetable-recall	1	58.820146792016416	SimBa
tweet-sno-1283	QO	vclaim-sno-aunt-jemima-pancakes-recall	1	57.13530906316274	SimBa
tweet-sno-1283	QO	vclaim-sno-queasy-mac	1	53.757246476427554	SimBa
tweet-sno-1283	QO	vclaim-sno-hot-pockets-recall	1	52.39963972249285	SimBa
tweet-sno-1284	QO	vclaim-sno-biden-bob-dole-end-of-message	1	64.39249846688857	SimBa
tweet-sno-1284	QO	vclaim-sno-biden-teleprompter-interview	1	63.5143777166988	SimBa
tweet-sno-1284	QO	vclaim-sno-biden-ron-burgundy	1	62.445064636385545	SimBa
tweet-sno-1284	QO	vclaim-sno-joe-biden-stutter	1	57.76163735626936	SimBa
tweet-sno-1284	QO	vclaim-sno-biden-press-conference-notes	1	53.395606000086474	SimBa
tweet-sno-1285	QO	vclaim-sno-recall-hand-sanitizer	1	80.77394253327617	SimBa
tweet-sno-1285	QO	vclaim-sno-born-basic-recall	1	62.75996842071708	SimBa
tweet-sno-1285	QO	vclaim-sno-dasani-recalled-clear-parasite	1	59.28288313519113	SimBa
tweet-sno-1285	QO	vclaim-sno-imperfect-recall	1	52.11629392924709	SimBa
tweet-sno-1285	QO	vclaim-sno-baby-wipes-recall	1	51.58491160998339	SimBa
tweet-sno-1286	QO	vclaim-sno-webs-spun-by-lsd-tripping-spiders	1	81.00498114565276	SimBa
tweet-sno-1286	QO	vclaim-sno-mutant-spiders-in-missouri	1	52.22697163574365	SimBa
tweet-sno-1286	QO	vclaim-sno-spider-in-tampon	1	46.87216168523743	SimBa
tweet-sno-1286	QO	vclaim-sno-marijuana-alien-dna	1	45.301035652923254	SimBa
tweet-sno-1286	QO	vclaim-sno-snake-intake	1	44.41931757862591	SimBa
tweet-sno-1287	QO	vclaim-sno-burger-king-adult-meal	1	50.870537549147826	SimBa
tweet-sno-1287	QO	vclaim-sno-krispy-kreme-lube	1	50.55824732344676	SimBa
tweet-sno-1287	QO	vclaim-sno-ku-klux-kruller	1	49.1935166465511	SimBa
tweet-sno-1287	QO	vclaim-sno-krispy-kreme-pirate-day	1	47.3438675127276	SimBa
tweet-sno-1287	QO	vclaim-sno-kentucky-fried-chronic	1	42.55175698801951	SimBa
tweet-sno-1288	QO	vclaim-sno-study-coronavirus-antibodies-deer	1	61.03765764719202	SimBa
tweet-sno-1288	QO	vclaim-sno-dog-flu	1	57.686733196616515	SimBa
tweet-sno-1288	QO	vclaim-sno-coronavirus-graph-spreading-faster	1	54.54983301734022	SimBa
tweet-sno-1288	QO	vclaim-sno-ebolution-of-the-sheesh-ies	1	49.08397080094195	SimBa
tweet-sno-1288	QO	vclaim-sno-opossums-kill-ticks-inhibit-the-spread-of-lyme-disease	1	48.823622386970854	SimBa
tweet-sno-1289	QO	vclaim-sno-steve-martin-puppy	1	74.49096708873489	SimBa
tweet-sno-1289	QO	vclaim-sno-puppy-butterfly-video-real	1	46.708307205642726	SimBa
tweet-sno-1289	QO	vclaim-sno-puppy-love	1	42.129965447044896	SimBa
tweet-sno-1289	QO	vclaim-sno-dog-saves-abandoned-newborn	1	42.01084587235232	SimBa
tweet-sno-1289	QO	vclaim-sno-worlds-cutest-rodent	1	40.1744907252275	SimBa
tweet-sno-1290	QO	vclaim-sno-simpsons-pokemon-go-prediction	1	52.1232691055013	SimBa
tweet-sno-1290	QO	vclaim-sno-lady-gaga-superbowl-simpsons	1	51.973181098729114	SimBa
tweet-sno-1290	QO	vclaim-sno-simpsons-predict-astroworld-tragedy	1	49.55856260625749	SimBa
tweet-sno-1290	QO	vclaim-sno-simpsons-predict-smartwatch	1	49.39799820957286	SimBa
tweet-sno-1290	QO	vclaim-sno-did-bart-simpson-mock-islam-during-a-chalkboard-gag	1	48.24461549315738	SimBa
tweet-sno-1291	QO	vclaim-sno-simpsons-predict-astroworld-tragedy	1	55.667945745040804	SimBa
tweet-sno-1291	QO	vclaim-sno-simpsons-predict-george-floyd	1	45.30167033184665	SimBa
tweet-sno-1291	QO	vclaim-sno-did-the-simpsons-predict-mass-shooting-at-black-panther-movie-screening	1	45.10023648133184	SimBa
tweet-sno-1291	QO	vclaim-sno-simpsons-predict-trumps-death	1	44.32618231790005	SimBa
tweet-sno-1291	QO	vclaim-sno-simpsons-predict-beirut-explosion	1	44.169818045126505	SimBa
tweet-sno-1292	QO	vclaim-sno-delete-google-chrome-trends	1	66.5575465792036	SimBa
tweet-sno-1292	QO	vclaim-sno-facebook-open-phones-camera	1	40.053946798200904	SimBa
tweet-sno-1292	QO	vclaim-sno-facebook-paying-spies	1	39.43062746016366	SimBa
tweet-sno-1292	QO	vclaim-sno-track-of-my-fears	1	39.27690046245634	SimBa
tweet-sno-1292	QO	vclaim-sno-smartphone-pictures-pose-privacy-risks	1	38.574665174314575	SimBa
tweet-sno-1293	QO	vclaim-sno-michelle-obama-ditched-by-secret-service	1	36.81642757694278	SimBa
tweet-sno-1293	QO	vclaim-sno-ivanka-trump-alaska-win	1	35.71587870586254	SimBa
tweet-sno-1293	QO	vclaim-sno-pelosi-laptop-cheyenne	1	35.06574285880227	SimBa
tweet-sno-1293	QO	vclaim-sno-whitney-hayek	1	34.81354578767288	SimBa
tweet-sno-1293	QO	vclaim-sno-mikala-white	1	34.48306806811385	SimBa
tweet-sno-1294	QO	vclaim-sno-gas-generator-tesla-photo	1	53.16375733651482	SimBa
tweet-sno-1294	QO	vclaim-sno-electric-car-1905	1	49.27516122892637	SimBa
tweet-sno-1294	QO	vclaim-sno-gm-gas-free-2035	1	46.320876113979196	SimBa
tweet-sno-1294	QO	vclaim-sno-total-collapse-wind-solar-germany	1	42.949737554827905	SimBa
tweet-sno-1294	QO	vclaim-sno-zimbabwe-electric-car-no-charging	1	41.04350260460256	SimBa
tweet-sno-1295	QO	vclaim-sno-satellite-image-diwali	1	76.44433356508074	SimBa
tweet-sno-1295	QO	vclaim-sno-the-view-iss-beautiful	1	48.84063556437109	SimBa
tweet-sno-1295	QO	vclaim-sno-moon-on-radio-telescope	1	46.980679552040385	SimBa
tweet-sno-1295	QO	vclaim-sno-is-sunset-moscow-real	1	46.777138618268395	SimBa
tweet-sno-1295	QO	vclaim-sno-solar-eclipse-from-space	1	45.54771368276937	SimBa
tweet-sno-1296	QO	vclaim-sno-japan-ivermectin-covid-vaccine	1	49.19486708142868	SimBa
tweet-sno-1296	QO	vclaim-sno-valium-effort	1	39.37843821979386	SimBa
tweet-sno-1296	QO	vclaim-sno-fauci-quote-hydroxychloroquine	1	34.98444306006654	SimBa
tweet-sno-1296	QO	vclaim-sno-canada-psychedelic-depression	1	34.466053484939785	SimBa
tweet-sno-1296	QO	vclaim-sno-marmite-cures-premature-ejaculation	1	33.786023639789875	SimBa
tweet-sno-1297	QO	vclaim-sno-loreal-beagle-testing	1	63.11353863042937	SimBa
tweet-sno-1297	QO	vclaim-sno-fauci-vaccine-experiment-beagles	1	60.299339062025915	SimBa
tweet-sno-1297	QO	vclaim-sno-dynamic-pet-products-real-ham-bone	1	50.83516536410575	SimBa
tweet-sno-1297	QO	vclaim-sno-trifexis	1	50.654359045632724	SimBa
tweet-sno-1297	QO	vclaim-sno-beneful-dog-food	1	49.203277889790684	SimBa
tweet-sno-1298	QO	vclaim-sno-fauci-vaccine-experiment-beagles	1	51.89342608550356	SimBa
tweet-sno-1298	QO	vclaim-sno-peta-lobster-rescue-in-nebraska-kills-captive-creatures	1	44.15615982986469	SimBa
tweet-sno-1298	QO	vclaim-sno-the-pit-and-the-pentothal	1	40.452197237381895	SimBa
tweet-sno-1298	QO	vclaim-sno-covid-vaccine-omar-calls-out-aoc	1	40.09455121114383	SimBa
tweet-sno-1298	QO	vclaim-sno-puppy-love-2	1	39.25420232719095	SimBa
tweet-sno-1299	QO	vclaim-sno-peta-mlb-bullpen-arm-barn	1	77.71992955686541	SimBa
tweet-sno-1299	QO	vclaim-sno-bull-scorn	1	36.34246633274143	SimBa
tweet-sno-1299	QO	vclaim-sno-bull-warning-sign-field	1	34.856707842191675	SimBa
tweet-sno-1299	QO	vclaim-sno-muscular-cows-genetic-engineering	1	33.83906851629646	SimBa
tweet-sno-1299	QO	vclaim-sno-chicken-mcbites	1	33.27699054378971	SimBa
tweet-sno-1300	QO	vclaim-sno-immigrant-homicides-us	1	58.453026117904926	SimBa
tweet-sno-1300	QO	vclaim-sno-isis-terrorists-guatemala-caravan	1	53.84500179823407	SimBa
tweet-sno-1300	QO	vclaim-sno-border-patrol-officer-death	1	53.20539530184632	SimBa
tweet-sno-1300	QO	vclaim-sno-el-paso-border-barrier-crime	1	52.959762911289396	SimBa
tweet-sno-1300	QO	vclaim-sno-have-undocumented-killed-63000-us-9-11	1	52.59402893753718	SimBa
tweet-sno-1301	QO	vclaim-sno-kanye-west-shayk-kardashian	1	61.83465702802086	SimBa
tweet-sno-1301	QO	vclaim-sno-kardashian-west-split	1	51.2422006654075	SimBa
tweet-sno-1301	QO	vclaim-sno-kim-kardashian-dog-fur-coat	1	45.00155348157392	SimBa
tweet-sno-1301	QO	vclaim-sno-jenner-preggers	1	44.889255498963834	SimBa
tweet-sno-1301	QO	vclaim-sno-yoko-pro-bono	1	40.493151374997225	SimBa
tweet-sno-1302	QO	vclaim-sno-amc-theaters-open-captions	1	62.489382825086466	SimBa
tweet-sno-1302	QO	vclaim-sno-muppet-show-warning	1	35.774918055496244	SimBa
tweet-sno-1302	QO	vclaim-sno-disney-live-action-hercules	1	35.60707778923391	SimBa
tweet-sno-1302	QO	vclaim-sno-netflix-disney-collection	1	35.42385575029209	SimBa
tweet-sno-1302	QO	vclaim-sno-live-action-lilo-stitch-remake	1	33.50845778797415	SimBa
tweet-sno-1303	QO	vclaim-sno-fauci-coronavirus-research-grant	1	59.0414860776918	SimBa
tweet-sno-1303	QO	vclaim-sno-fauci-vaccine-experiment-beagles	1	50.80564416751061	SimBa
tweet-sno-1303	QO	vclaim-sno-luc-montagnier-covid-created-lab	1	45.63951697650396	SimBa
tweet-sno-1303	QO	vclaim-sno-florida-labs-busted-covid	1	44.53271663170735	SimBa
tweet-sno-1303	QO	vclaim-sno-fauci-gain-function-covid	1	42.47197064899514	SimBa
tweet-sno-1304	QO	vclaim-sno-anne-frank-flowers-quote	1	97.40932610765023	SimBa
tweet-sno-1304	QO	vclaim-sno-anne-frank-good-news-quote	1	42.951155624995934	SimBa
tweet-sno-1304	QO	vclaim-sno-obituary-trump-clinton	1	42.152421623600176	SimBa
tweet-sno-1304	QO	vclaim-sno-erma-bombecks-regrets	1	40.52509635061803	SimBa
tweet-sno-1304	QO	vclaim-sno-anne-frank-children-separated	1	40.0250501555139	SimBa
tweet-sno-1305	QO	vclaim-sno-maxine-waters-subpoena-trump	1	47.35196505451904	SimBa
tweet-sno-1305	QO	vclaim-sno-internal-robbing-you-service	1	46.897666708926785	SimBa
tweet-sno-1305	QO	vclaim-sno-pelosi-democrats-police-tactics	1	46.51738916482799	SimBa
tweet-sno-1305	QO	vclaim-sno-pelosi-impeachment-social-security	1	46.32775772570643	SimBa
tweet-sno-1305	QO	vclaim-sno-pelosi-usps-husband-meme	1	46.112930494776904	SimBa
tweet-sno-1306	QO	vclaim-sno-kevin-james-sexy	1	46.91842485053559	SimBa
tweet-sno-1306	QO	vclaim-sno-lottery-winner-shane-missler-giving-away-money-retweets	1	38.82677298668579	SimBa
tweet-sno-1306	QO	vclaim-sno-condom-snorting-challenge	1	38.787570403930374	SimBa
tweet-sno-1306	QO	vclaim-sno-pretty-woman-sequel-hoax	1	38.468940960556864	SimBa
tweet-sno-1306	QO	vclaim-sno-social-sharecurity	1	37.33476473013617	SimBa
tweet-sno-1307	QO	vclaim-sno-toronto-bar-cheer-kevin-durant-injury	1	67.80821296238761	SimBa
tweet-sno-1307	QO	vclaim-sno-steph-curry-suspended-nba-finals	1	39.99054306366698	SimBa
tweet-sno-1307	QO	vclaim-sno-kevin-hart-mugged-photo	1	38.38073331061615	SimBa
tweet-sno-1307	QO	vclaim-sno-bieber-smackdown	1	37.36746105815769	SimBa
tweet-sno-1307	QO	vclaim-sno-kevin-hart-paralyzed-car-crash	1	34.68100088853703	SimBa
tweet-sno-1308	QO	vclaim-sno-columbus-day-north-america-discovery	1	53.79638981310379	SimBa
tweet-sno-1308	QO	vclaim-sno-michele-bachmann-columbus-day	1	47.79699440428424	SimBa
tweet-sno-1308	QO	vclaim-sno-presidents-day	1	39.283134915648276	SimBa
tweet-sno-1308	QO	vclaim-sno-cinco-de-mayo	1	38.646248254234294	SimBa
tweet-sno-1308	QO	vclaim-sno-dia-de-los-muertos-remembrance	1	38.62226055444113	SimBa
tweet-sno-1309	QO	vclaim-sno-nasa-mission-to-destroy-asteroid	1	69.21757187282762	SimBa
tweet-sno-1309	QO	vclaim-sno-nasa-warns-nibiru-is-headed-straight-for-earth	1	53.144297380425655	SimBa
tweet-sno-1309	QO	vclaim-sno-nasa-confirms-existence-of-earths-second-moon	1	51.56840384405798	SimBa
tweet-sno-1309	QO	vclaim-sno-will-a-doomsday-asteroid-destroy-earth-in-february-2017	1	51.38662762823773	SimBa
tweet-sno-1309	QO	vclaim-sno-asteroid-warning-april-2020	1	51.1459377373525	SimBa
tweet-sno-1310	QO	vclaim-sno-nasa-mission-to-destroy-asteroid	1	70.77672076323289	SimBa
tweet-sno-1310	QO	vclaim-sno-asteroid-hit-earth-on-christmas	1	56.043964925847135	SimBa
tweet-sno-1310	QO	vclaim-sno-will-a-doomsday-asteroid-destroy-earth-in-february-2017	1	55.30657548805797	SimBa
tweet-sno-1310	QO	vclaim-sno-asteroid-hit-after-valentines-day	1	53.62891520637106	SimBa
tweet-sno-1310	QO	vclaim-sno-asteroid-warning-april-2020	1	52.96294141969689	SimBa
tweet-sno-1311	QO	vclaim-sno-ny-hospitals-unvaccinated-parents	1	57.08705525913537	SimBa
tweet-sno-1311	QO	vclaim-sno-brooklyn-refusing-vaccinate-pets	1	45.653416573948505	SimBa
tweet-sno-1311	QO	vclaim-sno-doctors-hpv-vaccine-gardasil	1	44.08721084067804	SimBa
tweet-sno-1311	QO	vclaim-sno-flu-shot-avoidance	1	43.70024640889224	SimBa
tweet-sno-1311	QO	vclaim-sno-covid-vaccine-unprotected-sex	1	42.08226352181116	SimBa
tweet-sno-1312	QO	vclaim-sno-skittles-lime-flavor-is-back	1	33.895585710683335	SimBa
tweet-sno-1312	QO	vclaim-sno-ice-cream-registration-notice	1	33.469723291687885	SimBa
tweet-sno-1312	QO	vclaim-sno-skadden-on-thin-ice	1	31.36285642250592	SimBa
tweet-sno-1312	QO	vclaim-sno-greenmail	1	29.810029320862817	SimBa
tweet-sno-1312	QO	vclaim-sno-cnn-microphone-intern	1	29.22667751711333	SimBa
tweet-sno-1313	QO	vclaim-sno-skittles-lime-flavor-is-back	1	52.135063476431824	SimBa
tweet-sno-1313	QO	vclaim-sno-taste-the-cocainebow	1	37.2878269975702	SimBa
tweet-sno-1313	QO	vclaim-sno-is-there-a-new-lucky-charms-frosted-flakes-cereal	1	36.32172122015122	SimBa
tweet-sno-1313	QO	vclaim-sno-is-green-giant-making-cauliflower-peeps	1	33.91155024225026	SimBa
tweet-sno-1313	QO	vclaim-sno-subway-guacamole-peas	1	33.063232303138065	SimBa
tweet-sno-1314	QO	vclaim-sno-skittles-lime-flavor-is-back	1	60.03340587595788	SimBa
tweet-sno-1314	QO	vclaim-sno-taste-the-cocainebow	1	39.03694221903745	SimBa
tweet-sno-1314	QO	vclaim-sno-is-there-a-new-lucky-charms-frosted-flakes-cereal	1	35.783987890561036	SimBa
tweet-sno-1314	QO	vclaim-sno-ben-and-jerrys-latke-ice-cream	1	34.94693870630316	SimBa
tweet-sno-1314	QO	vclaim-sno-kelloggs-ranch-pop-tarts	1	31.479268411290853	SimBa
tweet-sno-1315	QO	vclaim-sno-norway-reclassify-covid-as-flu	1	54.75863904438309	SimBa
tweet-sno-1315	QO	vclaim-sno-flu-kills-more-people-covid-19	1	50.919630250101214	SimBa
tweet-sno-1315	QO	vclaim-sno-tamiflu-causing-increased-number-deaths-flu-season	1	49.99582626547861	SimBa
tweet-sno-1315	QO	vclaim-sno-flu-vaccine-covid-buttar	1	48.40082964604454	SimBa
tweet-sno-1315	QO	vclaim-sno-coronavirus-graph-spreading-faster	1	47.811124243304924	SimBa
tweet-sno-1316	QO	vclaim-sno-oodhu-paavai-plant	1	57.18046482463516	SimBa
tweet-sno-1316	QO	vclaim-sno-blow-bubbles-plant	1	50.85878877843963	SimBa
tweet-sno-1316	QO	vclaim-sno-pagoda-flower-bloom-400-years	1	42.8990010680413	SimBa
tweet-sno-1316	QO	vclaim-sno-phallic-plant-photo	1	42.20137396650269	SimBa
tweet-sno-1316	QO	vclaim-sno-nagapushpa-flower-himalaya	1	41.907442741973	SimBa
tweet-sno-1317	QO	vclaim-sno-military-dogs-left-in-afghanistan	1	60.73918875766123	SimBa
tweet-sno-1317	QO	vclaim-sno-photographs-show-dozens-dead-dogs-kuwait	1	46.26467579067326	SimBa
tweet-sno-1317	QO	vclaim-sno-marine-corps-dog-adoptions	1	44.026361007121224	SimBa
tweet-sno-1317	QO	vclaim-sno-reggie-the-adopted-lab	1	41.62538700394056	SimBa
tweet-sno-1317	QO	vclaim-sno-abandoned-puppies	1	40.403568417602045	SimBa
tweet-sno-1318	QO	vclaim-sno-nanobot-inseminate-egg-sperm	1	80.200332380269	SimBa
tweet-sno-1318	QO	vclaim-sno-butthole-surfing-robot	1	49.47756493961229	SimBa
tweet-sno-1318	QO	vclaim-sno-engineer-std-sex-robot	1	44.80442578654901	SimBa
tweet-sno-1318	QO	vclaim-sno-egg-in-coca-cola-experiment	1	41.77636931001952	SimBa
tweet-sno-1318	QO	vclaim-sno-the-modular-body-videos	1	41.428160871677775	SimBa
tweet-sno-1319	QO	vclaim-sno-university-ban-capital-letters	1	42.839634533218984	SimBa
tweet-sno-1319	QO	vclaim-sno-gender-trolls	1	33.802226354843484	SimBa
tweet-sno-1319	QO	vclaim-sno-middle-school-kavanaugh-sign	1	33.06668735317295	SimBa
tweet-sno-1319	QO	vclaim-sno-mlk-education-fact-fiction	1	31.029427660376804	SimBa
tweet-sno-1319	QO	vclaim-sno-math-test	1	30.411470022797218	SimBa
tweet-sno-1320	QO	vclaim-sno-golf-course-burial	1	51.051499414145226	SimBa
tweet-sno-1320	QO	vclaim-sno-gold-tongued-mummies-egypt	1	47.4768398830954	SimBa
tweet-sno-1320	QO	vclaim-sno-knights-templar-caves-shropshire	1	43.92708449634812	SimBa
tweet-sno-1320	QO	vclaim-sno-giant-human-skeleton-photographs	1	41.19973977344999	SimBa
tweet-sno-1320	QO	vclaim-sno-frozen-wolf-pup-fur-preserved	1	40.371401556277384	SimBa
tweet-sno-1321	QO	vclaim-sno-biden-vaccines-hurricane-protect	1	75.5794252635814	SimBa
tweet-sno-1321	QO	vclaim-sno-biden-covid-vaccine	1	58.943617601347796	SimBa
tweet-sno-1321	QO	vclaim-sno-biden-tweet-pandemic	1	57.20450893041528	SimBa
tweet-sno-1321	QO	vclaim-sno-biden-350-million-americans-vaccinated	1	56.581533171485205	SimBa
tweet-sno-1321	QO	vclaim-sno-drug-wars	1	51.090452399037574	SimBa
tweet-sno-1322	QO	vclaim-sno-texas-lawyer-michael-myers-prank	1	56.80311767317654	SimBa
tweet-sno-1322	QO	vclaim-sno-william-shatner-halloween-mask	1	47.344681620891755	SimBa
tweet-sno-1322	QO	vclaim-sno-is-this-alberto-approaching-pensacola-beach	1	41.62364761171482	SimBa
tweet-sno-1322	QO	vclaim-sno-clown-purge-on-halloween	1	40.86721442042945	SimBa
tweet-sno-1322	QO	vclaim-sno-black-mask-of-death	1	39.395325242035014	SimBa
tweet-sno-1323	QO	vclaim-sno-jason-derulo-met-gala-stairs	1	68.65154794384928	SimBa
tweet-sno-1323	QO	vclaim-sno-biden-falls-on-stairs	1	42.01191413679635	SimBa
tweet-sno-1323	QO	vclaim-sno-aisle-and-girl	1	36.139336337466474	SimBa
tweet-sno-1323	QO	vclaim-sno-justin-trudeaus-eyebrow	1	34.767763454670536	SimBa
tweet-sno-1323	QO	vclaim-sno-kevin-hart-paralyzed-car-crash	1	34.7592984107951	SimBa
tweet-sno-1324	QO	vclaim-sno-emma-raducanu-us-open-airpods	1	68.41381418607902	SimBa
tweet-sno-1324	QO	vclaim-sno-kerri-strug-usa-gold	1	37.94090831816565	SimBa
tweet-sno-1324	QO	vclaim-sno-djokovic-simone-biles-pressure-privilege	1	34.3840048973707	SimBa
tweet-sno-1324	QO	vclaim-sno-clinton-secret-earpiece-debate	1	33.483045989695725	SimBa
tweet-sno-1324	QO	vclaim-sno-balls-up-2	1	32.939086975244	SimBa
tweet-sno-1325	QO	vclaim-sno-emma-raducanu-us-open-airpods	1	75.58658219323625	SimBa
tweet-sno-1325	QO	vclaim-sno-balls-up-2	1	35.12362507172856	SimBa
tweet-sno-1325	QO	vclaim-sno-carnation-slogan-contest	1	35.02774148515951	SimBa
tweet-sno-1325	QO	vclaim-sno-ocasio-cortez-price-is-right	1	34.72385484883132	SimBa
tweet-sno-1325	QO	vclaim-sno-kerri-strug-usa-gold	1	34.36562391155255	SimBa
tweet-sno-1326	QO	vclaim-sno-tyra-banks-ice-cream	1	61.46136364916951	SimBa
tweet-sno-1326	QO	vclaim-sno-dolly-parton-ice-cream-flavor	1	38.69365325425435	SimBa
tweet-sno-1326	QO	vclaim-sno-ben-jerrys-impeachmint-ice-cream	1	37.858640432669986	SimBa
tweet-sno-1326	QO	vclaim-sno-ben-and-jerrys-latke-ice-cream	1	37.827488253683285	SimBa
tweet-sno-1326	QO	vclaim-sno-the-dreamsicle	1	36.089032314093984	SimBa
tweet-sno-1327	QO	vclaim-sno-national-archives-us-constitution	1	48.31868592628577	SimBa
tweet-sno-1327	QO	vclaim-sno-stranger-contact	1	31.893925386748855	SimBa
tweet-sno-1327	QO	vclaim-sno-mcdonalds-acrylamide-warning-sign	1	28.910202898274	SimBa
tweet-sno-1327	QO	vclaim-sno-muppet-show-warning	1	28.358356834070783	SimBa
tweet-sno-1327	QO	vclaim-sno-code-for-pedophiles-on-toys	1	27.630401388992855	SimBa
tweet-sno-1328	QO	vclaim-sno-ivermectin-sterility-in-men	1	56.97196102798558	SimBa
tweet-sno-1328	QO	vclaim-sno-male-birth-control-testing-stopped	1	42.84557761866402	SimBa
tweet-sno-1328	QO	vclaim-sno-covid-vaccine-female-sterilization	1	40.23441119960957	SimBa
tweet-sno-1328	QO	vclaim-sno-male-birth-control-study	1	40.035508886589	SimBa
tweet-sno-1328	QO	vclaim-sno-covid-vaccine-penis-injection	1	39.279237238768594	SimBa
tweet-sno-1329	QO	vclaim-sno-did-ivermectin-win-a-nobel-prize	1	54.35464947056842	SimBa
tweet-sno-1329	QO	vclaim-sno-luc-montagnier-covid-created-lab	1	41.38052878420027	SimBa
tweet-sno-1329	QO	vclaim-sno-ivermectin-sterility-in-men	1	40.4368404688788	SimBa
tweet-sno-1329	QO	vclaim-sno-cattle-vaccine-covid-19	1	38.84956875237836	SimBa
tweet-sno-1329	QO	vclaim-sno-ivermectin-cure-coronavirus	1	37.26194113312413	SimBa
tweet-sno-1330	QO	vclaim-sno-biden-visit-tree-of-life-synagogue	1	47.631074373909115	SimBa
tweet-sno-1330	QO	vclaim-sno-pittsburgh-synagogue-shooting-holocaust-survivor	1	44.59020516444453	SimBa
tweet-sno-1330	QO	vclaim-sno-true-jews-are-more-often-victims-of-hate-crimes-than-muslims	1	42.67800633842204	SimBa
tweet-sno-1330	QO	vclaim-sno-tree-of-life-muslim-groups-donations-mosque	1	41.06199534226265	SimBa
tweet-sno-1330	QO	vclaim-sno-do-not-rejoice-in-the-death-of-one	1	39.701225693346885	SimBa
tweet-sno-1331	QO	vclaim-sno-pittsburgh-synagogue-shooting-holocaust-survivor	1	62.08959803125708	SimBa
tweet-sno-1331	QO	vclaim-sno-biden-visit-tree-of-life-synagogue	1	55.48171308345257	SimBa
tweet-sno-1331	QO	vclaim-sno-true-jews-are-more-often-victims-of-hate-crimes-than-muslims	1	53.31276372475796	SimBa
tweet-sno-1331	QO	vclaim-sno-tree-of-life-muslim-groups-donations-mosque	1	51.224424949621834	SimBa
tweet-sno-1331	QO	vclaim-sno-6-million-more-holocaust-event	1	50.42960036867162	SimBa
tweet-sno-1332	QO	vclaim-sno-andrew-cuomo-dog-governors-mansion	1	37.14607127705969	SimBa
tweet-sno-1332	QO	vclaim-sno-white-house-oval-pawffice-texas	1	34.265784847885485	SimBa
tweet-sno-1332	QO	vclaim-sno-reggie-the-adopted-lab	1	33.152635378884966	SimBa
tweet-sno-1332	QO	vclaim-sno-biden-major-dog-rescue-white-house	1	32.81059637563393	SimBa
tweet-sno-1332	QO	vclaim-sno-biden-team-statement-dog	1	29.945927981944536	SimBa
tweet-sno-1333	QO	vclaim-sno-andrew-cuomo-dog-governors-mansion	1	65.531429429057	SimBa
tweet-sno-1333	QO	vclaim-sno-biden-dogs-kicked-out-white-house	1	41.28633384907267	SimBa
tweet-sno-1333	QO	vclaim-sno-trump-veteran-service-dog	1	40.54776018515977	SimBa
tweet-sno-1333	QO	vclaim-sno-dog-sleep-by-his-masters-grave	1	39.86313696285056	SimBa
tweet-sno-1333	QO	vclaim-sno-nyt-wilson-address	1	39.71570287768235	SimBa
tweet-sno-1334	QO	vclaim-sno-trump-wall-damaged-arizona	1	83.48220694782182	SimBa
tweet-sno-1334	QO	vclaim-sno-hurricane-hanna-border-fence	1	53.82001959870231	SimBa
tweet-sno-1334	QO	vclaim-sno-home-depot-trump-border-wall	1	47.99144945375929	SimBa
tweet-sno-1334	QO	vclaim-sno-trump-border-dome	1	47.695761631770225	SimBa
tweet-sno-1334	QO	vclaim-sno-trump-canadian-wall	1	47.40861242759837	SimBa
tweet-sno-1335	QO	vclaim-sno-taliban-hanging-black-hawk	1	77.24310199773731	SimBa
tweet-sno-1335	QO	vclaim-sno-chinook-helicopter-afghanistan-rooftop	1	61.03033926692204	SimBa
tweet-sno-1335	QO	vclaim-sno-bowe-bergdahl	1	54.41583927543603	SimBa
tweet-sno-1335	QO	vclaim-sno-us-taliban-arsenal-military-equipment	1	47.80402401973137	SimBa
tweet-sno-1335	QO	vclaim-sno-meet-mohammad-fazl	1	47.66955878280172	SimBa
tweet-sno-1336	QO	vclaim-sno-us-taliban-arsenal-military-equipment	1	58.102512672665085	SimBa
tweet-sno-1336	QO	vclaim-sno-taliban-hanging-black-hawk	1	48.66127956091606	SimBa
tweet-sno-1336	QO	vclaim-sno-hawker-beechcraft	1	48.568184280457714	SimBa
tweet-sno-1336	QO	vclaim-sno-ufo-pyramid-shaped	1	48.20122847345401	SimBa
tweet-sno-1336	QO	vclaim-sno-military-dogs-left-in-afghanistan	1	45.814577144063136	SimBa
tweet-sno-1337	QO	vclaim-sno-weather-channel-hurricane-winds	1	42.95810251076176	SimBa
tweet-sno-1337	QO	vclaim-sno-colorful-eye-hurricane-dorian	1	39.50864046370463	SimBa
tweet-sno-1337	QO	vclaim-sno-photo-dolphin-hurricane-dorian	1	39.03684857428034	SimBa
tweet-sno-1337	QO	vclaim-sno-did-hurricane-irma-create-a-cloud-face	1	37.54445834249993	SimBa
tweet-sno-1337	QO	vclaim-sno-dolphin-caught-in-hurricane-winds	1	36.19565785936319	SimBa
tweet-sno-1338	QO	vclaim-sno-biden-asleep-meeting-israeli-pm	1	83.21259790428388	SimBa
tweet-sno-1338	QO	vclaim-sno-biden-fall-asleep-during-interview	1	65.55886732012736	SimBa
tweet-sno-1338	QO	vclaim-sno-ted-cruz-fall-asleep-joe-biden	1	61.355092401318004	SimBa
tweet-sno-1338	QO	vclaim-sno-biden-inaugural-speech	1	55.78438519897483	SimBa
tweet-sno-1338	QO	vclaim-sno-biden-discomforting-photo	1	53.495422576274265	SimBa
tweet-sno-1339	QO	vclaim-sno-biden-asleep-meeting-israeli-pm	1	61.16137000657804	SimBa
tweet-sno-1339	QO	vclaim-sno-biden-fall-asleep-during-interview	1	57.786146451737785	SimBa
tweet-sno-1339	QO	vclaim-sno-biden-say-president-harris	1	55.06593248553391	SimBa
tweet-sno-1339	QO	vclaim-sno-c-span-video-joe-biden-ukraine	1	52.179708640664394	SimBa
tweet-sno-1339	QO	vclaim-sno-biden-teleprompter-interview	1	51.0186621809317	SimBa
tweet-sno-1340	QO	vclaim-sno-biden-asleep-meeting-israeli-pm	1	68.70999958762971	SimBa
tweet-sno-1340	QO	vclaim-sno-biden-fall-asleep-during-interview	1	59.39265280781933	SimBa
tweet-sno-1340	QO	vclaim-sno-ted-cruz-fall-asleep-joe-biden	1	54.55792411090247	SimBa
tweet-sno-1340	QO	vclaim-sno-biden-say-president-harris	1	51.225311813349435	SimBa
tweet-sno-1340	QO	vclaim-sno-c-span-video-joe-biden-ukraine	1	50.98511130696362	SimBa
tweet-sno-1341	QO	vclaim-sno-paws-act-veterans-ptsd-service-dogs	1	82.72361735190061	SimBa
tweet-sno-1341	QO	vclaim-sno-biden-major-dog-rescue-white-house	1	54.28042386015946	SimBa
tweet-sno-1341	QO	vclaim-sno-fare-warning	1	48.56714787134443	SimBa
tweet-sno-1341	QO	vclaim-sno-army-working-dogs-satire	1	47.55681554243512	SimBa
tweet-sno-1341	QO	vclaim-sno-biden-dog-major-indoguration	1	47.24066694389994	SimBa
tweet-sno-1342	QO	vclaim-sno-half-nelson	1	66.37238747107187	SimBa
tweet-sno-1342	QO	vclaim-sno-kanye-west-name-change	1	60.992898121839886	SimBa
tweet-sno-1342	QO	vclaim-sno-kanye-west-wanted-for-jewelry-insurance-scam	1	51.593202924958106	SimBa
tweet-sno-1342	QO	vclaim-sno-donald-trump-appoints-kanye-west-to-cabinet-position	1	48.664289542105905	SimBa
tweet-sno-1342	QO	vclaim-sno-can39t-read-me-nothing	1	46.83356472581741	SimBa
tweet-sno-1343	QO	vclaim-sno-only-fans-reverses-ban-sexually-explicit	1	39.00855914372745	SimBa
tweet-sno-1343	QO	vclaim-sno-target-transgender-bathroom-policy	1	27.914542371267956	SimBa
tweet-sno-1343	QO	vclaim-sno-identifying-as-clovergender	1	27.63651406448545	SimBa
tweet-sno-1343	QO	vclaim-sno-trump-pro-life-remarks	1	27.44024668805789	SimBa
tweet-sno-1343	QO	vclaim-sno-gay-men-proud-boys-hashtag	1	27.31198070893349	SimBa
tweet-sno-1344	QO	vclaim-sno-soldiers-crying-about-trump	1	45.80558869322351	SimBa
tweet-sno-1344	QO	vclaim-sno-barack-obama-in-afghanistan	1	45.72692287193139	SimBa
tweet-sno-1344	QO	vclaim-sno-u-s-special-forces-killed-a-giant-in-kandahar	1	43.803260190390446	SimBa
tweet-sno-1344	QO	vclaim-sno-biden-transition-pentagon	1	43.80081274691571	SimBa
tweet-sno-1344	QO	vclaim-sno-fox-news-chyron	1	43.66122158444709	SimBa
tweet-sno-1345	QO	vclaim-sno-boebert-taliban-building-back-better	1	54.53292455822499	SimBa
tweet-sno-1345	QO	vclaim-sno-us-taliban-arsenal-military-equipment	1	40.83650999648198	SimBa
tweet-sno-1345	QO	vclaim-sno-trump-taliban-pakistani-prison	1	38.22905642871044	SimBa
tweet-sno-1345	QO	vclaim-sno-rambo-fore	1	36.0482167478645	SimBa
tweet-sno-1345	QO	vclaim-sno-dodging-the-bullets	1	34.722128906975165	SimBa
tweet-sno-1346	QO	vclaim-sno-trump-taliban-pakistani-prison	1	59.163070500659884	SimBa
tweet-sno-1346	QO	vclaim-sno-boebert-taliban-building-back-better	1	50.9961776570725	SimBa
tweet-sno-1346	QO	vclaim-sno-nobel-peace-prize-trump-turkey	1	43.40770727790998	SimBa
tweet-sno-1346	QO	vclaim-sno-rambo-fore	1	42.483483746227265	SimBa
tweet-sno-1346	QO	vclaim-sno-ronald-reagan-taliban-photo	1	41.4031509288998	SimBa
tweet-sno-1347	QO	vclaim-sno-ella-french-daughter	1	56.0697905988541	SimBa
tweet-sno-1347	QO	vclaim-sno-cnn-justine-damond	1	54.17622402802553	SimBa
tweet-sno-1347	QO	vclaim-sno-girl-shot-at-standing-rock	1	49.90124609038335	SimBa
tweet-sno-1347	QO	vclaim-sno-toolooz	1	45.34585126427685	SimBa
tweet-sno-1347	QO	vclaim-sno-cannon-hinnant	1	44.95866628318312	SimBa
tweet-sno-1348	QO	vclaim-sno-biden-350-million-americans-vaccinated	1	76.51438452303486	SimBa
tweet-sno-1348	QO	vclaim-sno-biden-covid-vaccine	1	54.9691184834911	SimBa
tweet-sno-1348	QO	vclaim-sno-biden-vaccines-hurricane-protect	1	54.39263812169225	SimBa
tweet-sno-1348	QO	vclaim-sno-biden-150-million-gun-deaths	1	53.692298749072805	SimBa
tweet-sno-1348	QO	vclaim-sno-did-trump-praise-covid-19-vaccines	1	52.781828516411196	SimBa
tweet-sno-1349	QO	vclaim-sno-alfredo-rivera-video	1	58.29466057129011	SimBa
tweet-sno-1349	QO	vclaim-sno-frontier-airline-passenger-duct-taped	1	43.76141605451569	SimBa
tweet-sno-1349	QO	vclaim-sno-airplane-forced-to-make-emergency-landing-odor	1	42.2651384442334	SimBa
tweet-sno-1349	QO	vclaim-sno-spirit-airlines-military	1	38.794197526624025	SimBa
tweet-sno-1349	QO	vclaim-sno-continental-divide	1	37.62523270912679	SimBa
tweet-sno-1350	QO	vclaim-sno-frontier-airline-passenger-duct-taped	1	61.207220773964	SimBa
tweet-sno-1350	QO	vclaim-sno-alfredo-rivera-video	1	60.9351092873525	SimBa
tweet-sno-1350	QO	vclaim-sno-united-airlines-baby-slap	1	52.84782985973315	SimBa
tweet-sno-1350	QO	vclaim-sno-come-fly-with-me	1	51.15152701518606	SimBa
tweet-sno-1350	QO	vclaim-sno-obnoxious-passengers	1	48.004332823663475	SimBa
tweet-sno-1351	QO	vclaim-sno-djokovic-simone-biles-pressure-privilege	1	55.62514917356823	SimBa
tweet-sno-1351	QO	vclaim-sno-djokovic-federer-nadal	1	44.06723855226127	SimBa
tweet-sno-1351	QO	vclaim-sno-donald-trump-serena-williams-wimbledon	1	42.71242889230524	SimBa
tweet-sno-1351	QO	vclaim-sno-olympic-games	1	39.80268364807689	SimBa
tweet-sno-1351	QO	vclaim-sno-serena-williams-sick-of-covid	1	36.35527951806869	SimBa
tweet-sno-1352	QO	vclaim-sno-jim-carrey-quote	1	61.18087796581976	SimBa
tweet-sno-1352	QO	vclaim-sno-kieran-culkin-in-home-alone	1	25.77233949932022	SimBa
tweet-sno-1352	QO	vclaim-sno-the-babysitter-and-the-man-upstairs	1	24.8163686739935	SimBa
tweet-sno-1352	QO	vclaim-sno-mind-control	1	24.525625647424402	SimBa
tweet-sno-1352	QO	vclaim-sno-intelligence-is-inherited-only-from-your-mother	1	24.48257754201981	SimBa
tweet-sno-1353	QO	vclaim-sno-did-this-mig-land-on-a-dam	1	70.73931489670622	SimBa
tweet-sno-1353	QO	vclaim-sno-fighter-jet-breaks-sound-barrier	1	43.798222352517456	SimBa
tweet-sno-1353	QO	vclaim-sno-f-35-vertical-takeoff-flip	1	43.72678610096919	SimBa
tweet-sno-1353	QO	vclaim-sno-plane-loses-wing	1	43.70274174718796	SimBa
tweet-sno-1353	QO	vclaim-sno-boeing-90-degree-climb	1	42.44132727290581	SimBa
tweet-sno-1354	QO	vclaim-sno-peppa-pig-theme-park	1	51.01891699251425	SimBa
tweet-sno-1354	QO	vclaim-sno-free-disney-theme-park-tickets-scam	1	39.90289801172527	SimBa
tweet-sno-1354	QO	vclaim-sno-is-disney-building-resort-toronto-islands	1	38.532595975537205	SimBa
tweet-sno-1354	QO	vclaim-sno-disneys-tower-of-terror-being-replaced-with-guardians-of-the-galaxy	1	37.37382055341251	SimBa
tweet-sno-1354	QO	vclaim-sno-disney-world-holiday-box	1	37.18098533389196	SimBa
tweet-sno-1355	QO	vclaim-sno-florida-invasive-species	1	71.04500466731184	SimBa
tweet-sno-1355	QO	vclaim-sno-first-chicago-alligator	1	61.23084174069497	SimBa
tweet-sno-1355	QO	vclaim-sno-gator-done	1	53.991706168942954	SimBa
tweet-sno-1355	QO	vclaim-sno-15-foot-diamondback-rattler	1	49.82181515815475	SimBa
tweet-sno-1355	QO	vclaim-sno-call-police-new-guinea-flatworm	1	48.74880613158118	SimBa
tweet-sno-1356	QO	vclaim-sno-space-station-orbit	1	41.41842264434018	SimBa
tweet-sno-1356	QO	vclaim-sno-challenger-crew-tape	1	36.321613467731055	SimBa
tweet-sno-1356	QO	vclaim-sno-four-armed-ufo-spotted-by-international-space-station	1	36.22232671634179	SimBa
tweet-sno-1356	QO	vclaim-sno-cow-tao	1	36.15899615050935	SimBa
tweet-sno-1356	QO	vclaim-sno-russia-hack-gps-uss-john-mccain	1	35.259057453889795	SimBa
tweet-sno-1357	QO	vclaim-sno-real-life-spongebob-and-patrick	1	44.26517216019118	SimBa
tweet-sno-1357	QO	vclaim-sno-spongebob-squarepants-cancelled	1	29.73353537487539	SimBa
tweet-sno-1357	QO	vclaim-sno-spongebob-squarepants-canceled	1	29.73353537487539	SimBa
tweet-sno-1357	QO	vclaim-sno-dangerous-waterspout-video	1	29.338103964630207	SimBa
tweet-sno-1357	QO	vclaim-sno-spongebob-epstein-island-address	1	27.98381050681367	SimBa
tweet-sno-1358	QO	vclaim-sno-biden-18-wheeler-truck	1	79.18263588150879	SimBa
tweet-sno-1358	QO	vclaim-sno-joe-biden-war-hero-story	1	58.537905158257466	SimBa
tweet-sno-1358	QO	vclaim-sno-joe-biden-hairy-legs-remark	1	53.619382213894596	SimBa
tweet-sno-1358	QO	vclaim-sno-joe-biden-college-debt	1	53.05423279231778	SimBa
tweet-sno-1358	QO	vclaim-sno-biden-constitutional-law-teach	1	52.83270781947948	SimBa
tweet-sno-1359	QO	vclaim-sno-if-the-shoe-fits	1	31.871172021062893	SimBa
tweet-sno-1359	QO	vclaim-sno-springsteen-trump-grasp-american	1	31.74465111646192	SimBa
tweet-sno-1359	QO	vclaim-sno-covfefe-arabic-antediluvian	1	30.517329717645193	SimBa
tweet-sno-1359	QO	vclaim-sno-stop-trying-to-make-fleek-happen	1	30.426817828009654	SimBa
tweet-sno-1359	QO	vclaim-sno-trump-sends-unpresidented-tweet	1	29.415235688451293	SimBa
tweet-sno-1360	QO	vclaim-sno-kerri-strug-usa-gold	1	73.21014423942417	SimBa
tweet-sno-1360	QO	vclaim-sno-djokovic-simone-biles-pressure-privilege	1	37.141509157516964	SimBa
tweet-sno-1360	QO	vclaim-sno-nadia-comanecis-granddaughter	1	36.47843623303993	SimBa
tweet-sno-1360	QO	vclaim-sno-emma-raducanu-us-open-airpods	1	35.23002173321304	SimBa
tweet-sno-1360	QO	vclaim-sno-hillary-clinton-refused-to-congratulate-american-gold-medalist	1	34.907468247196476	SimBa
tweet-sno-1361	QO	vclaim-sno-kanye-west-living-in-stadium-donda	1	54.39314036210768	SimBa
tweet-sno-1361	QO	vclaim-sno-half-nelson	1	44.24189902982935	SimBa
tweet-sno-1361	QO	vclaim-sno-kanye-banned	1	42.47871749038024	SimBa
tweet-sno-1361	QO	vclaim-sno-kanye-west-confederate-flag	1	42.27001957323234	SimBa
tweet-sno-1361	QO	vclaim-sno-kanye-west-wanted-for-jewelry-insurance-scam	1	40.44976892319293	SimBa
tweet-sno-1362	QO	vclaim-sno-pelosi-national-guard-capitol	1	57.33121705626524	SimBa
tweet-sno-1362	QO	vclaim-sno-pelosi-congress-virus-quote	1	48.75598982043171	SimBa
tweet-sno-1362	QO	vclaim-sno-national-guard-capitol-riots	1	47.938480448118554	SimBa
tweet-sno-1362	QO	vclaim-sno-candace-owens-pelosi-capitol	1	46.14327445930083	SimBa
tweet-sno-1362	QO	vclaim-sno-pelosi-democrats-police-tactics	1	43.53762750037646	SimBa
tweet-sno-1363	QO	vclaim-sno-joe-biden-ask-reporter-junkie	1	42.58965429901755	SimBa
tweet-sno-1363	QO	vclaim-sno-fbi-prince-andrew-twitter	1	42.567923137274306	SimBa
tweet-sno-1363	QO	vclaim-sno-did-biden-say-my-butts-been-wiped	1	40.801155364710844	SimBa
tweet-sno-1363	QO	vclaim-sno-major-league-remark	1	37.28437887524691	SimBa
tweet-sno-1363	QO	vclaim-sno-when-will-obama-crack-in-public	1	36.88880630378077	SimBa
tweet-sno-1364	QO	vclaim-sno-nasa-blue-dunes	1	84.35851946891921	SimBa
tweet-sno-1364	QO	vclaim-sno-martian-sunset-spirit	1	58.96424526391729	SimBa
tweet-sno-1364	QO	vclaim-sno-photo-of-earth-venus-jupiter-mars	1	58.502484598909646	SimBa
tweet-sno-1364	QO	vclaim-sno-a-curious-shadow	1	57.06316922657378	SimBa
tweet-sno-1364	QO	vclaim-sno-hairy-spider-monkey-found-mars	1	56.33847153080149	SimBa
tweet-sno-1365	QO	vclaim-sno-viral-video-massive-draft-horse	1	56.10283987304612	SimBa
tweet-sno-1365	QO	vclaim-sno-hercules-biggest-dog	1	49.50702854605229	SimBa
tweet-sno-1365	QO	vclaim-sno-horse-horse	1	45.3840892394503	SimBa
tweet-sno-1365	QO	vclaim-sno-flying-horse	1	43.474106810933094	SimBa
tweet-sno-1365	QO	vclaim-sno-helter-shelter	1	41.40304338938118	SimBa
tweet-sno-1366	QO	vclaim-sno-cleveland-indians-now-guardians	1	58.12443225586163	SimBa
tweet-sno-1366	QO	vclaim-sno-kiss	1	37.929330787553695	SimBa
tweet-sno-1366	QO	vclaim-sno-proud-boys-change-name-leather-men	1	34.98483015678775	SimBa
tweet-sno-1366	QO	vclaim-sno-bernie-sanders-ss-tattoo	1	31.090625401757347	SimBa
tweet-sno-1366	QO	vclaim-sno-roger-stone-proud-boys	1	31.0015269229526	SimBa
tweet-sno-1367	QO	vclaim-sno-macron-quote-unvaccinated	1	61.97502516043954	SimBa
tweet-sno-1367	QO	vclaim-sno-trump-jr-women-rape	1	40.97586457129269	SimBa
tweet-sno-1367	QO	vclaim-sno-trump-pregnancy-inconvenient	1	39.2425851477873	SimBa
tweet-sno-1367	QO	vclaim-sno-biden-covid-vaccine-2	1	38.65405598023315	SimBa
tweet-sno-1367	QO	vclaim-sno-president-donald-trump-tweet-mothers-day-fathers	1	38.64103622854134	SimBa
tweet-sno-1368	QO	vclaim-sno-twitter-dislike-button	1	46.82572871617765	SimBa
tweet-sno-1368	QO	vclaim-sno-shake-phone-facebook-jail	1	36.741717564646734	SimBa
tweet-sno-1368	QO	vclaim-sno-facebook-listens	1	34.52545172966724	SimBa
tweet-sno-1368	QO	vclaim-sno-is-facebook-charging-a-user-fee	1	34.39493452536749	SimBa
tweet-sno-1368	QO	vclaim-sno-whatsapp-opt-out	1	34.155669048935906	SimBa
tweet-sno-1369	QO	vclaim-sno-the-parent-trap-october-11	1	58.1090616791647	SimBa
tweet-sno-1369	QO	vclaim-sno-elijah-wood-twin-brother-photo	1	44.68287269054103	SimBa
tweet-sno-1369	QO	vclaim-sno-couple-finds-biological-twins-ivf-treatment	1	42.6584615296306	SimBa
tweet-sno-1369	QO	vclaim-sno-will-smith-have-a-twin	1	39.922473468472546	SimBa
tweet-sno-1369	QO	vclaim-sno-identical-twins-married	1	38.873044543059684	SimBa
tweet-sno-1370	QO	vclaim-sno-prop-47-theft-california	1	73.25202081646478	SimBa
tweet-sno-1370	QO	vclaim-sno-san-francisco-shoplifting-video	1	48.66153255027396	SimBa
tweet-sno-1370	QO	vclaim-sno-california-government-pays-for-criminals-to-take-vacations	1	44.59661465163391	SimBa
tweet-sno-1370	QO	vclaim-sno-california-motor-voter-act	1	43.08948640387487	SimBa
tweet-sno-1370	QO	vclaim-sno-california-senate-exempt-gun-laws	1	40.501460601749194	SimBa
tweet-sno-1371	QO	vclaim-sno-anti-sex-beds-2020-olympics	1	71.80424418744101	SimBa
tweet-sno-1371	QO	vclaim-sno-olympic-rings-tattoo-ban	1	37.983756879577584	SimBa
tweet-sno-1371	QO	vclaim-sno-iran-censored-female-athletes	1	36.64580058804087	SimBa
tweet-sno-1371	QO	vclaim-sno-switzerland-hotel-jewish-guests	1	35.40175719153706	SimBa
tweet-sno-1371	QO	vclaim-sno-half-toilet-in-sochi	1	35.3802519621306	SimBa
tweet-sno-1372	QO	vclaim-sno-tom-brady-election-white-house	1	81.39804981104064	SimBa
tweet-sno-1372	QO	vclaim-sno-2020-election-over	1	46.39753249596169	SimBa
tweet-sno-1372	QO	vclaim-sno-tom-brady-say-nba-finals-rigged	1	42.36339660462606	SimBa
tweet-sno-1372	QO	vclaim-sno-tom-brady-if-anybody-kneels	1	40.955751877166406	SimBa
tweet-sno-1372	QO	vclaim-sno-tom-brady-flip-off-nfl-commissioner	1	40.32566775988432	SimBa
tweet-sno-1373	QO	vclaim-sno-80-million-year-old-shark	1	78.18559464982927	SimBa
tweet-sno-1373	QO	vclaim-sno-512-year-old-shark	1	65.05292987889439	SimBa
tweet-sno-1373	QO	vclaim-sno-shark-prank	1	64.00974094977175	SimBa
tweet-sno-1373	QO	vclaim-sno-greenland-shark-392-years-old	1	58.625414931249615	SimBa
tweet-sno-1373	QO	vclaim-sno-half-eaten-shark-washes-up-in-daytona	1	55.950938166197005	SimBa
tweet-sno-1374	QO	vclaim-sno-illegal-barbershops-sunday-ny	1	60.61261994451974	SimBa
tweet-sno-1374	QO	vclaim-sno-supreme-court-rules-drivers-licenses-unnecessary	1	35.985780176488795	SimBa
tweet-sno-1374	QO	vclaim-sno-california-laundry-and-shower	1	35.65536934292045	SimBa
tweet-sno-1374	QO	vclaim-sno-supreme-court-rule-1943-patriotic-rituals	1	35.108107227919426	SimBa
tweet-sno-1374	QO	vclaim-sno-new-law-makes-legal-atheist-doctors-to-refuse-care-religious-patients	1	34.28452522747784	SimBa
tweet-sno-1375	QO	vclaim-sno-mccormick-director-taco-relations	1	71.8509273158616	SimBa
tweet-sno-1375	QO	vclaim-sno-taco-bell-major-changes	1	39.926511131412184	SimBa
tweet-sno-1375	QO	vclaim-sno-taco-bell-refried-beans	1	38.69140585041	SimBa
tweet-sno-1375	QO	vclaim-sno-dominos-pizza-data-journalist	1	36.66753640674524	SimBa
tweet-sno-1375	QO	vclaim-sno-mcdonalds-breakfast-exposed	1	33.75478959537736	SimBa
tweet-sno-1376	QO	vclaim-sno-mccormick-director-taco-relations	1	65.02443661337556	SimBa
tweet-sno-1376	QO	vclaim-sno-taco-bell-major-changes	1	37.6756362283122	SimBa
tweet-sno-1376	QO	vclaim-sno-dominos-pizza-data-journalist	1	33.637333521222025	SimBa
tweet-sno-1376	QO	vclaim-sno-taco-bell-refried-beans	1	33.51146006934019	SimBa
tweet-sno-1376	QO	vclaim-sno-tesla-hiring-complaints-elon-musk	1	32.80083657326631	SimBa
tweet-sno-1377	QO	vclaim-sno-tucker-carlson-georgia-voter-fraud	1	54.96681105023394	SimBa
tweet-sno-1377	QO	vclaim-sno-does-a-snapple-lid-say-trump-lost	1	47.718013348790834	SimBa
tweet-sno-1377	QO	vclaim-sno-smith-and-lesson	1	47.54019106656526	SimBa
tweet-sno-1377	QO	vclaim-sno-carlson-actor-couldnt-book-organizers	1	46.49508994853754	SimBa
tweet-sno-1377	QO	vclaim-sno-cesar-sayoc-izzy-hernandez	1	45.478245311205015	SimBa
tweet-sno-1378	QO	vclaim-sno-pride-flag-us-embassy-vatican	1	64.46788529648256	SimBa
tweet-sno-1378	QO	vclaim-sno-obama-forces-americans-to-celebrate-gay-sex	1	49.79039982618873	SimBa
tweet-sno-1378	QO	vclaim-sno-pence-rainbow-flags-iceland	1	47.74116104168505	SimBa
tweet-sno-1378	QO	vclaim-sno-pride-flag-replace-pow-mia-flag	1	45.85487596343316	SimBa
tweet-sno-1378	QO	vclaim-sno-va-hospital-flag-pride	1	45.83494730414996	SimBa
tweet-sno-1379	QO	vclaim-sno-odni-photoshop-diversity-report	1	60.693105588760794	SimBa
tweet-sno-1379	QO	vclaim-sno-usatoday-hybrid-babies-ad-wrap	1	41.037565337481674	SimBa
tweet-sno-1379	QO	vclaim-sno-uw-booklet-student-added	1	41.03347344630371	SimBa
tweet-sno-1379	QO	vclaim-sno-trump-staged-speechwriting-picture	1	38.46181113282513	SimBa
tweet-sno-1379	QO	vclaim-sno-express-gender-symbol	1	37.76005969992849	SimBa
tweet-sno-1380	QO	vclaim-sno-boebert-ppp-loan	1	54.68069348665273	SimBa
tweet-sno-1380	QO	vclaim-sno-boebert-award-red-lobster	1	43.204523117011476	SimBa
tweet-sno-1380	QO	vclaim-sno-donald-trump-mike-pence-logo	1	41.82844948044894	SimBa
tweet-sno-1380	QO	vclaim-sno-allen-iverson-40000-strip-club	1	41.75630649913688	SimBa
tweet-sno-1380	QO	vclaim-sno-cheesecake-factory-receipt	1	41.12258841118379	SimBa
tweet-sno-1381	QO	vclaim-sno-madonna-britney-spears-slavery	1	72.42766970983784	SimBa
tweet-sno-1381	QO	vclaim-sno-oops-i-took-it-again	1	43.33743489858392	SimBa
tweet-sno-1381	QO	vclaim-sno-katy-perry-grammys-handcuffs	1	42.782469907027746	SimBa
tweet-sno-1381	QO	vclaim-sno-miley-cyrus-jeffrey-epstein	1	42.121267425034944	SimBa
tweet-sno-1381	QO	vclaim-sno-taylor-swift-abortion	1	41.035123409918654	SimBa
tweet-sno-1382	QO	vclaim-sno-four-seasons-concert	1	53.8859862248642	SimBa
tweet-sno-1382	QO	vclaim-sno-ticketmaster-class-action-free-ticket-giveaway	1	29.91977752591079	SimBa
tweet-sno-1382	QO	vclaim-sno-billy-joel-front-row	1	29.000466779637915	SimBa
tweet-sno-1382	QO	vclaim-sno-freedom-concert	1	28.704742974151024	SimBa
tweet-sno-1382	QO	vclaim-sno-crowds-on-demand	1	28.441945924379343	SimBa
tweet-sno-1383	QO	vclaim-sno-aldi-free-food-homeless-christmas	1	32.7152237015119	SimBa
tweet-sno-1383	QO	vclaim-sno-costco-closing-stores	1	27.261135606718085	SimBa
tweet-sno-1383	QO	vclaim-sno-mcdonalds-mitten-cups	1	27.012646586674727	SimBa
tweet-sno-1383	QO	vclaim-sno-mcpizza	1	25.825020071395237	SimBa
tweet-sno-1383	QO	vclaim-sno-walgreens-closing-forever-2021	1	25.43205631132512	SimBa
tweet-sno-1384	QO	vclaim-sno-biden-hit-congressional-baseball	1	65.9268486354247	SimBa
tweet-sno-1384	QO	vclaim-sno-biden-black-athletes-green-mile	1	49.812026737943555	SimBa
tweet-sno-1384	QO	vclaim-sno-did-biden-say-my-butts-been-wiped	1	47.376532757216864	SimBa
tweet-sno-1384	QO	vclaim-sno-biden-350-million-americans-vaccinated	1	45.19906468215808	SimBa
tweet-sno-1384	QO	vclaim-sno-biden-say-president-harris	1	44.85580892084397	SimBa
tweet-sno-1385	QO	vclaim-sno-paul-rudd-seth-rogen-massage	1	65.66917213138538	SimBa
tweet-sno-1385	QO	vclaim-sno-texas-man-prostitute-wife	1	38.063945857228724	SimBa
tweet-sno-1385	QO	vclaim-sno-keanu-reeves-kidney-cash	1	34.61244525003427	SimBa
tweet-sno-1385	QO	vclaim-sno-man-dies-while-attached	1	33.387363505797104	SimBa
tweet-sno-1385	QO	vclaim-sno-adam-west-orgy	1	33.03420583795483	SimBa
tweet-sno-1386	QO	vclaim-sno-billy-dee-williams-mark-hamill	1	63.54022758726116	SimBa
tweet-sno-1386	QO	vclaim-sno-queen-trump-tiara	1	39.81415217354447	SimBa
tweet-sno-1386	QO	vclaim-sno-prince-harry-nazi-costume	1	39.017635592790896	SimBa
tweet-sno-1386	QO	vclaim-sno-obama-in-handcuffs	1	38.69783703824427	SimBa
tweet-sno-1386	QO	vclaim-sno-looter-arrested-in-blackface	1	38.51780944848211	SimBa
tweet-sno-1387	QO	vclaim-sno-jerry-jones-speech-911	1	46.58338895318107	SimBa
tweet-sno-1387	QO	vclaim-sno-football-fan-flag-stand-national-anthem	1	45.9979184057268	SimBa
tweet-sno-1387	QO	vclaim-sno-nfl-sideline-anthem	1	45.30615360422284	SimBa
tweet-sno-1387	QO	vclaim-sno-us-womens-soccer-national-anthem	1	45.23695759927203	SimBa
tweet-sno-1387	QO	vclaim-sno-retired-marine-open-letter-nfl	1	43.571482654358064	SimBa
tweet-sno-1388	QO	vclaim-sno-hobby-lobby-newspaper	1	52.8554850235239	SimBa
tweet-sno-1388	QO	vclaim-sno-hobby-lobby-cotton	1	46.38056296168305	SimBa
tweet-sno-1388	QO	vclaim-sno-hobby-lobby-ceo-slaves	1	40.96837955368811	SimBa
tweet-sno-1388	QO	vclaim-sno-hobby-lobby-coronavirus	1	40.862093604027606	SimBa
tweet-sno-1388	QO	vclaim-sno-stomp-out-atheists	1	39.32268144262645	SimBa
tweet-sno-1389	QO	vclaim-sno-hobby-lobby-ceo-slaves	1	49.45674535149672	SimBa
tweet-sno-1389	QO	vclaim-sno-petition-to-ban-religious-broadcasting	1	48.085777729200686	SimBa
tweet-sno-1389	QO	vclaim-sno-stomp-out-atheists	1	48.072782319244354	SimBa
tweet-sno-1389	QO	vclaim-sno-hobby-lobby-newspaper	1	45.858438694347235	SimBa
tweet-sno-1389	QO	vclaim-sno-angry-atheists-ban-bible	1	43.32512193578657	SimBa
tweet-sno-1390	QO	vclaim-sno-hobby-lobby-newspaper	1	41.96484150815947	SimBa
tweet-sno-1390	QO	vclaim-sno-kkk-ad-front-page	1	40.761368812740436	SimBa
tweet-sno-1390	QO	vclaim-sno-newspaper-ad-ku-klux-klan-praise-donald-trump	1	39.40406816718777	SimBa
tweet-sno-1390	QO	vclaim-sno-billy-graham	1	38.298171852055006	SimBa
tweet-sno-1390	QO	vclaim-sno-press-release	1	38.298171852055006	SimBa
tweet-sno-1391	QO	vclaim-sno-true-colors-terracotta-soldiers	1	60.828243830530326	SimBa
tweet-sno-1391	QO	vclaim-sno-rice-field-art	1	41.5908682183633	SimBa
tweet-sno-1391	QO	vclaim-sno-giant-human-skeleton-photographs	1	41.494733436538525	SimBa
tweet-sno-1391	QO	vclaim-sno-cicada-shell-art	1	36.51539133800233	SimBa
tweet-sno-1391	QO	vclaim-sno-moa-troodon-claw-photo	1	36.21078378972336	SimBa
tweet-sno-1392	QO	vclaim-sno-bruce-lee-american-citizen	1	39.46180160860567	SimBa
tweet-sno-1392	QO	vclaim-sno-bruce-lee-ping-pong	1	35.61384481280356	SimBa
tweet-sno-1392	QO	vclaim-sno-clint-eastwood-leaving-hollywood	1	35.03228413120211	SimBa
tweet-sno-1392	QO	vclaim-sno-keanu-reeves-blood-drinking	1	32.30638103539796	SimBa
tweet-sno-1392	QO	vclaim-sno-nugents-of-wisdom	1	31.788825994102655	SimBa
tweet-sno-1393	QO	vclaim-sno-rashad-cosby-release-tweet	1	57.90661419461961	SimBa
tweet-sno-1393	QO	vclaim-sno-did-planned-parenthood-defend-bill-cosby	1	47.45062045583683	SimBa
tweet-sno-1393	QO	vclaim-sno-thats-so-craven	1	46.71544203201709	SimBa
tweet-sno-1393	QO	vclaim-sno-woman-paid-to-frame-cosby	1	45.71075451905705	SimBa
tweet-sno-1393	QO	vclaim-sno-oprah-and-bill-cosby	1	44.30719177124417	SimBa
tweet-sno-1394	QO	vclaim-sno-removing-latest-tweets	1	67.02974244345626	SimBa
tweet-sno-1394	QO	vclaim-sno-twitter-dislike-button	1	42.433887431681825	SimBa
tweet-sno-1394	QO	vclaim-sno-twitter-shutting-down-in-2017	1	35.66411160850545	SimBa
tweet-sno-1394	QO	vclaim-sno-ice-twitter-account-disappear	1	33.907235260547154	SimBa
tweet-sno-1394	QO	vclaim-sno-india-banning-twitter	1	32.33524099507829	SimBa
tweet-sno-1395	QO	vclaim-sno-new-species-green-capybara	1	64.17382557292498	SimBa
tweet-sno-1395	QO	vclaim-sno-venezuelan-poodle-moth	1	49.96433590380953	SimBa
tweet-sno-1395	QO	vclaim-sno-big-hemipene-energy	1	46.85736721180514	SimBa
tweet-sno-1395	QO	vclaim-sno-giant-sea-spider	1	43.57245365594807	SimBa
tweet-sno-1395	QO	vclaim-sno-marijuana-flytrap-crossbreed	1	42.85888959641669	SimBa
tweet-sno-1396	QO	vclaim-sno-mens-soccer-player-sports-bra	1	57.796224127317714	SimBa
tweet-sno-1396	QO	vclaim-sno-rapinoe-flag-stomp	1	43.28933042221354	SimBa
tweet-sno-1396	QO	vclaim-sno-us-womens-soccer-nazi-salute	1	42.32533252902964	SimBa
tweet-sno-1396	QO	vclaim-sno-us-womens-soccer-national-anthem	1	39.53025442515496	SimBa
tweet-sno-1396	QO	vclaim-sno-kerri-strug-usa-gold	1	38.6913890816179	SimBa
tweet-sno-1397	QO	vclaim-sno-nfl-scrapping-one-helmet-rule	1	63.53162308190624	SimBa
tweet-sno-1397	QO	vclaim-sno-nfl-new-covid-19-helmet	1	48.13442235743109	SimBa
tweet-sno-1397	QO	vclaim-sno-nascar-bans-maga-hats	1	40.070078381910285	SimBa
tweet-sno-1397	QO	vclaim-sno-nfl-fining-players-for-wearing-911-memorial-cleats	1	37.53591878880441	SimBa
tweet-sno-1397	QO	vclaim-sno-steelers-wheeled	1	35.08136220738915	SimBa
tweet-sno-1398	QO	vclaim-sno-bill-gates-vaccinations-depopulation	1	59.12896419342968	SimBa
tweet-sno-1398	QO	vclaim-sno-bill-gates-id2020	1	59.09076801143448	SimBa
tweet-sno-1398	QO	vclaim-sno-cdc-forced-vaccinations	1	48.1454244461943	SimBa
tweet-sno-1398	QO	vclaim-sno-bill-gates-india-sued	1	48.077065550140304	SimBa
tweet-sno-1398	QO	vclaim-sno-drug-wars	1	47.99400930762832	SimBa
tweet-sno-1399	QO	vclaim-sno-tucker-carlson-calls-milley-a-pig	1	67.5764292813048	SimBa
tweet-sno-1399	QO	vclaim-sno-tucker-carlson-restaurants-sucks	1	46.8863453502957	SimBa
tweet-sno-1399	QO	vclaim-sno-biden-doocy-stupid-bitch	1	45.5741362421532	SimBa
tweet-sno-1399	QO	vclaim-sno-did-ceo-harley-davidson-trump-moron	1	42.413362575648755	SimBa
tweet-sno-1399	QO	vclaim-sno-sam-clovis-scientists-dumb	1	41.411055921504555	SimBa
tweet-sno-1400	QO	vclaim-sno-karl-rove-biden-inauguration	1	54.58349831511105	SimBa
tweet-sno-1400	QO	vclaim-sno-tucker-carlson-calls-milley-a-pig	1	52.62915828929009	SimBa
tweet-sno-1400	QO	vclaim-sno-sean-hannity-fired-muslims	1	50.848158027150035	SimBa
tweet-sno-1400	QO	vclaim-sno-camp-david-conniption	1	48.608847347900365	SimBa
tweet-sno-1400	QO	vclaim-sno-fox-news-profanity-laced-attack	1	47.04687026645235	SimBa
tweet-sno-1401	QO	vclaim-sno-keep-america-american	1	41.78634486136892	SimBa
tweet-sno-1401	QO	vclaim-sno-mike-pence-blames-media-for-trump-controversies	1	41.594363399663735	SimBa
tweet-sno-1401	QO	vclaim-sno-boring-mike-pence	1	41.36624988086359	SimBa
tweet-sno-1401	QO	vclaim-sno-stop-the-count-chant	1	41.08790860292411	SimBa
tweet-sno-1401	QO	vclaim-sno-donald-trump-purge-slogan	1	40.47803626662733	SimBa
tweet-sno-1402	QO	vclaim-sno-amazon-prime-adults	1	62.664449348519526	SimBa
tweet-sno-1402	QO	vclaim-sno-aarp-supports-democratic-party	1	38.19195677651686	SimBa
tweet-sno-1402	QO	vclaim-sno-purchasing-agreement	1	36.1102248965716	SimBa
tweet-sno-1402	QO	vclaim-sno-us-more-registered-voters-than-adults	1	35.646461453097864	SimBa
tweet-sno-1402	QO	vclaim-sno-dead-peasant-insurance	1	35.56717994322763	SimBa
tweet-sno-1403	QO	vclaim-sno-is-a-turtle-shell-really-modified-ribs	1	65.21068408320389	SimBa
tweet-sno-1403	QO	vclaim-sno-leatherback-sea-turtle-mouth	1	51.90916528407088	SimBa
tweet-sno-1403	QO	vclaim-sno-large-leatherback-turtle-video	1	49.53113112808596	SimBa
tweet-sno-1403	QO	vclaim-sno-god-turtle-image	1	49.2423030205354	SimBa
tweet-sno-1403	QO	vclaim-sno-turtle-misshapen-rubber-band	1	44.95005018574059	SimBa
tweet-sno-1404	QO	vclaim-sno-mike-pence-called-traitor	1	69.70406885440673	SimBa
tweet-sno-1404	QO	vclaim-sno-hang-mike-pence-chant-capitol-riot	1	53.57061902055804	SimBa
tweet-sno-1404	QO	vclaim-sno-luis-gutierrez-state-of-the-union	1	50.1123701304502	SimBa
tweet-sno-1404	QO	vclaim-sno-mike-pence-muslim-ban-offensive	1	49.44635516539604	SimBa
tweet-sno-1404	QO	vclaim-sno-mike-pence-visit-to-iceland	1	48.135866356680594	SimBa
tweet-sno-1405	QO	vclaim-sno-tucker-carlson-capitol-attack	1	62.51929016637082	SimBa
tweet-sno-1405	QO	vclaim-sno-mcconnell-trump-attack-capitol	1	53.36163145061976	SimBa
tweet-sno-1405	QO	vclaim-sno-bannon-hell-capitol-attack	1	52.81946439073579	SimBa
tweet-sno-1405	QO	vclaim-sno-fox-news-comey	1	51.471343747185706	SimBa
tweet-sno-1405	QO	vclaim-sno-tucker-carlson-georgia-voter-fraud	1	51.44534600148072	SimBa
tweet-sno-1406	QO	vclaim-sno-park-seo-joon-marvel-sequel	1	77.14602309205131	SimBa
tweet-sno-1406	QO	vclaim-sno-disney-pixar-boo	1	40.489203170174264	SimBa
tweet-sno-1406	QO	vclaim-sno-tom-hanks-movie-netflix	1	39.458297587560445	SimBa
tweet-sno-1406	QO	vclaim-sno-step-brothers-2-hoax	1	39.2311500104506	SimBa
tweet-sno-1406	QO	vclaim-sno-justin-bieber-han-solo	1	38.26011766253989	SimBa
