tweet-sno-1200	QO	vclaim-sno-lady-gaga-oreo	1	42.56950799005501	SimBa
tweet-sno-1200	QO	vclaim-sno-lady-gaga-ex-boyfriend-quote	1	35.30128567348403	SimBa
tweet-sno-1200	QO	vclaim-sno-joel-osteen-lady-gaga-event	1	34.297274809026334	SimBa
tweet-sno-1200	QO	vclaim-sno-lady-gaga	1	29.808447147740686	SimBa
tweet-sno-1200	QO	vclaim-sno-the-not-so-sweet-smell-of-success	1	28.901945701439526	SimBa
tweet-sno-1201	QO	vclaim-sno-biden-executive-order-dictator	1	41.41763862489317	SimBa
tweet-sno-1201	QO	vclaim-sno-mcconnell-democrats-no-victories	1	38.741713516470725	SimBa
tweet-sno-1201	QO	vclaim-sno-biden-violate-mask-mandate	1	37.85451569483649	SimBa
tweet-sno-1201	QO	vclaim-sno-mcconnell-biden-putin	1	37.44887176518963	SimBa
tweet-sno-1201	QO	vclaim-sno-supreme-court-flip-flop	1	37.436376855602305	SimBa
tweet-sno-1202	QO	vclaim-sno-biden-executive-order-dictator	1	65.76211660467006	SimBa
tweet-sno-1202	QO	vclaim-sno-biden-violate-mask-mandate	1	43.198537022024944	SimBa
tweet-sno-1202	QO	vclaim-sno-biden-pandemic-statement	1	39.782416106463074	SimBa
tweet-sno-1202	QO	vclaim-sno-biden-bans-china-virus	1	39.44913033219096	SimBa
tweet-sno-1202	QO	vclaim-sno-jimmy-carter-functioning-democracy	1	38.74004930754114	SimBa
tweet-sno-1203	QO	vclaim-sno-farmers-protest-india-flag	1	46.91875121362803	SimBa
tweet-sno-1203	QO	vclaim-sno-rioters-capitol-flagpole	1	34.2594506123591	SimBa
tweet-sno-1203	QO	vclaim-sno-finial-duty	1	29.58797796171093	SimBa
tweet-sno-1203	QO	vclaim-sno-capture-the-flag	1	27.75415757708558	SimBa
tweet-sno-1203	QO	vclaim-sno-911-wwii-memorial-vandalized	1	25.11529130919422	SimBa
tweet-sno-1204	QO	vclaim-sno-biden-bans-china-virus	1	88.34623957290233	SimBa
tweet-sno-1204	QO	vclaim-sno-biden-violate-mask-mandate	1	73.89899976273217	SimBa
tweet-sno-1204	QO	vclaim-sno-elderly-gun-ban	1	69.63387826228454	SimBa
tweet-sno-1204	QO	vclaim-sno-biden-abortion-exec-order	1	67.57707013281652	SimBa
tweet-sno-1204	QO	vclaim-sno-biden-signing-blank-papers	1	60.52259222546857	SimBa
tweet-sno-1205	QO	vclaim-sno-trump-unflattering-image	1	95.92968326543989	SimBa
tweet-sno-1205	QO	vclaim-sno-balloon-breasted-trump	1	95.04260193592506	SimBa
tweet-sno-1205	QO	vclaim-sno-trump-intelligence-quote	1	93.35425944108562	SimBa
tweet-sno-1205	QO	vclaim-sno-trump-disgrace-world-girl	1	89.96798816804699	SimBa
tweet-sno-1205	QO	vclaim-sno-congressional-reform-act-of-2017	1	83.35745278904292	SimBa
tweet-sno-1206	QO	vclaim-sno-president-trump-say-eventually-will-get-something-done	1	65.48989863002879	SimBa
tweet-sno-1206	QO	vclaim-sno-did-trump-alter-the-constitution	1	63.98526363572031	SimBa
tweet-sno-1206	QO	vclaim-sno-faith-is-more-powerful-than-government	1	62.525884648923466	SimBa
tweet-sno-1206	QO	vclaim-sno-was-trump-best-worst-president-time	1	60.77936826577374	SimBa
tweet-sno-1206	QO	vclaim-sno-trump-reclaim-presidency-march-4	1	60.24545065551371	SimBa
tweet-sno-1207	QO	vclaim-sno-cocaine-smuggled-in-bananas	1	42.48858097534023	SimBa
tweet-sno-1207	QO	vclaim-sno-cocaine-on-money	1	39.995734600422665	SimBa
tweet-sno-1207	QO	vclaim-sno-medicinal-cocaine-canada	1	36.900150014803295	SimBa
tweet-sno-1207	QO	vclaim-sno-mexico-seizes-us-cocaine	1	36.54546069004762	SimBa
tweet-sno-1207	QO	vclaim-sno-cocaine-coca-cola	1	35.9892002959967	SimBa
tweet-sno-1208	QO	vclaim-sno-national-guard-parking-garage	1	51.31856843005639	SimBa
tweet-sno-1208	QO	vclaim-sno-biden-america-is-dead	1	40.08050210624694	SimBa
tweet-sno-1208	QO	vclaim-sno-biden-troops-stupid-bastards	1	36.29024547043641	SimBa
tweet-sno-1208	QO	vclaim-sno-cue-balls	1	34.69769011833496	SimBa
tweet-sno-1208	QO	vclaim-sno-delta-force-biden-ukraine	1	33.97351323574	SimBa
tweet-sno-1209	QO	vclaim-sno-trump-bringing-back-draft	1	67.73924164263137	SimBa
tweet-sno-1209	QO	vclaim-sno-trump-considering-resignation	1	67.47105877996594	SimBa
tweet-sno-1209	QO	vclaim-sno-donald-trump-wealthy-great-quote	1	67.28050989928263	SimBa
tweet-sno-1209	QO	vclaim-sno-president-trump-in-diaper	1	67.21039594797458	SimBa
tweet-sno-1209	QO	vclaim-sno-trump-fire-all-politically-appointed-ambassadors-unprecedented	1	66.71592516847518	SimBa
tweet-sno-1210	QO	vclaim-sno-schumer-erection-senate-floor	1	28.14811449832227	SimBa
tweet-sno-1210	QO	vclaim-sno-does-schumer-have-concealed-permit	1	21.07477781855101	SimBa
tweet-sno-1210	QO	vclaim-sno-chuck-schumer-resigns-disgrace	1	20.557310178710207	SimBa
tweet-sno-1210	QO	vclaim-sno-chuck-schumer-kissing-a-girl	1	20.003297385417003	SimBa
tweet-sno-1210	QO	vclaim-sno-trump-tweets-photo-genitals	1	19.850847103412576	SimBa
tweet-sno-1211	QO	vclaim-sno-schumer-erection-senate-floor	1	74.87123302967782	SimBa
tweet-sno-1211	QO	vclaim-sno-schumer-tweet-china-travel	1	46.26498808538648	SimBa
tweet-sno-1211	QO	vclaim-sno-chuck-schumer-resigns-disgrace	1	45.33453824440488	SimBa
tweet-sno-1211	QO	vclaim-sno-trump-letter-schumer	1	44.711959103353294	SimBa
tweet-sno-1211	QO	vclaim-sno-schumer-daughter-cheerleader	1	39.911690210279204	SimBa
tweet-sno-1212	QO	vclaim-sno-schumer-erection-senate-floor	1	28.580659365267415	SimBa
tweet-sno-1212	QO	vclaim-sno-ny-lawmaker-anti-harassment	1	26.644179088981815	SimBa
tweet-sno-1212	QO	vclaim-sno-tom-cotton-ex-gay	1	22.24401615513667	SimBa
tweet-sno-1212	QO	vclaim-sno-chuck-grassley-women-equal-rights	1	21.230112247042314	SimBa
tweet-sno-1212	QO	vclaim-sno-ted-cruz-sound-fury-quote	1	20.689537471277276	SimBa
tweet-sno-1213	QO	vclaim-sno-schumer-erection-senate-floor	1	43.713954620972295	SimBa
tweet-sno-1213	QO	vclaim-sno-chuck-schumer-kissing-a-girl	1	39.75488763833856	SimBa
tweet-sno-1213	QO	vclaim-sno-chuck-schumer-resigns-disgrace	1	38.25549978666314	SimBa
tweet-sno-1213	QO	vclaim-sno-does-schumer-have-concealed-permit	1	36.583402447279035	SimBa
tweet-sno-1213	QO	vclaim-sno-schumer-daughter-cheerleader	1	35.692121712839366	SimBa
tweet-sno-1214	QO	vclaim-sno-amy-schumer-female-remake-saving-private-ryan	1	37.245134626820644	SimBa
tweet-sno-1214	QO	vclaim-sno-amy-schumer-ripping-up-fetus	1	35.80011436698675	SimBa
tweet-sno-1214	QO	vclaim-sno-schumer-erection-senate-floor	1	28.72077611864884	SimBa
tweet-sno-1214	QO	vclaim-sno-amy-schumer-arrested	1	26.97394211954945	SimBa
tweet-sno-1214	QO	vclaim-sno-women-carry-anti-baby-signs-womens-march-washington	1	23.274057599203744	SimBa
tweet-sno-1215	QO	vclaim-sno-bernice-king-mlk-day-instagram	1	62.57030865543524	SimBa
tweet-sno-1215	QO	vclaim-sno-instagram-cancellation-hoax	1	48.34362850636491	SimBa
tweet-sno-1215	QO	vclaim-sno-four-things-about-king	1	47.88529854646653	SimBa
tweet-sno-1215	QO	vclaim-sno-did-shooters-instagram-picture-maga-hat	1	46.136760862483776	SimBa
tweet-sno-1215	QO	vclaim-sno-mlk-education-fact-fiction	1	45.977884484097416	SimBa
tweet-sno-1216	QO	vclaim-sno-mypillow-antifa-temptresses	1	42.47713649519929	SimBa
tweet-sno-1216	QO	vclaim-sno-mypillow-discount-codes-qanon	1	38.093410958466094	SimBa
tweet-sno-1216	QO	vclaim-sno-mike-lindells-absolute-proof	1	37.972694195877736	SimBa
tweet-sno-1216	QO	vclaim-sno-trump-defeats-covid19-coin	1	31.916843133095632	SimBa
tweet-sno-1216	QO	vclaim-sno-trump-fail-to-denounce-qanon	1	31.02602944037972	SimBa
tweet-sno-1217	QO	vclaim-sno-tesla-hiring-complaints-elon-musk	1	38.26678375371179	SimBa
tweet-sno-1217	QO	vclaim-sno-tesla-car-really-space	1	32.14866682756972	SimBa
tweet-sno-1217	QO	vclaim-sno-elon-musk-illegal-immigrant	1	28.522118739644164	SimBa
tweet-sno-1217	QO	vclaim-sno-elon-musk-death-hoax	1	23.178054021494262	SimBa
tweet-sno-1217	QO	vclaim-sno-gas-generator-tesla-photo	1	22.563123251079823	SimBa
tweet-sno-1218	QO	vclaim-sno-gwyneth-paltrow-vagina-candle	1	73.8286464451806	SimBa
tweet-sno-1218	QO	vclaim-sno-gwyneth-vagina-candle-explode	1	61.865587470121625	SimBa
tweet-sno-1218	QO	vclaim-sno-crayon-candle	1	50.41445910115955	SimBa
tweet-sno-1218	QO	vclaim-sno-drake-scented-candles	1	46.26448202871944	SimBa
tweet-sno-1218	QO	vclaim-sno-do-scented-candles-cause-cancer	1	39.096395977854414	SimBa
tweet-sno-1219	QO	vclaim-sno-marjorie-taylor-greene-twitter	1	67.54304752923905	SimBa
tweet-sno-1219	QO	vclaim-sno-twitter-marjorie-taylor-greene	1	56.95185647798458	SimBa
tweet-sno-1219	QO	vclaim-sno-did-twitter-lock-trumps-account	1	55.64567752711227	SimBa
tweet-sno-1219	QO	vclaim-sno-trump-new-bot-followers	1	52.18960912517194	SimBa
tweet-sno-1219	QO	vclaim-sno-president-trump-block-jennie-willoughby-twitter	1	50.5371224797239	SimBa
tweet-sno-1220	QO	vclaim-sno-burger-king-logo-new	1	74.92009058240103	SimBa
tweet-sno-1220	QO	vclaim-sno-burger-king-vouchers-scam	1	49.857340363847534	SimBa
tweet-sno-1220	QO	vclaim-sno-burger-king-sharia-law	1	48.89130609590552	SimBa
tweet-sno-1220	QO	vclaim-sno-yumbo-drop	1	46.63858470184525	SimBa
tweet-sno-1220	QO	vclaim-sno-long-live-timbits	1	43.025705110277734	SimBa
tweet-sno-1221	QO	vclaim-sno-covid-vaccine-throw-away	1	30.079395088557057	SimBa
tweet-sno-1221	QO	vclaim-sno-ny-hospitals-unvaccinated-parents	1	26.220594902403505	SimBa
tweet-sno-1221	QO	vclaim-sno-new-york-covid-vaccine-preregister	1	26.15706039054168	SimBa
tweet-sno-1221	QO	vclaim-sno-doj-most-dangerous-vaccine	1	24.738234936983577	SimBa
tweet-sno-1221	QO	vclaim-sno-brooklyn-refusing-vaccinate-pets	1	23.704588499020556	SimBa
tweet-sno-1222	QO	vclaim-sno-trump-impeachment-votes	1	38.632360006301475	SimBa
tweet-sno-1222	QO	vclaim-sno-harris-round-up-trump	1	34.71072721497801	SimBa
tweet-sno-1222	QO	vclaim-sno-obama-impeached-president-judges	1	34.094931611078046	SimBa
tweet-sno-1222	QO	vclaim-sno-dems-impeach-gop-presidents	1	33.45424802637903	SimBa
tweet-sno-1222	QO	vclaim-sno-trump-jr-impeached-deplorable	1	33.25134568069543	SimBa
tweet-sno-1223	QO	vclaim-sno-armie-hammer-cannibal-lifestyle	1	56.83474502278332	SimBa
tweet-sno-1223	QO	vclaim-sno-covid19-vaccination-cannibalism	1	31.371402045419273	SimBa
tweet-sno-1223	QO	vclaim-sno-elevator-man-eats-wife	1	23.990190817234897	SimBa
tweet-sno-1223	QO	vclaim-sno-bath-salts-genitals-microwave	1	19.86074419555282	SimBa
tweet-sno-1223	QO	vclaim-sno-woman-forces-genitals-eat	1	19.710505893234043	SimBa
tweet-sno-1224	QO	vclaim-sno-rare-vhs-tapes	1	34.61220597590264	SimBa
tweet-sno-1224	QO	vclaim-sno-indian-flag-capitol-riots	1	33.292190029857125	SimBa
tweet-sno-1224	QO	vclaim-sno-raz-simone-guns	1	30.91528743521921	SimBa
tweet-sno-1224	QO	vclaim-sno-seattle-chaz-trash	1	24.591449977298588	SimBa
tweet-sno-1224	QO	vclaim-sno-capitol-riot-no-fly-list	1	21.193754732711426	SimBa
tweet-sno-1225	QO	vclaim-sno-syringe-cakes	1	45.62347684701337	SimBa
tweet-sno-1225	QO	vclaim-sno-germanely-chocolate-cake	1	36.858316945459684	SimBa
tweet-sno-1225	QO	vclaim-sno-7-senegal-kids-die-covid-vax	1	31.924755390959266	SimBa
tweet-sno-1225	QO	vclaim-sno-vatican-covid-vaccine	1	31.491756702074838	SimBa
tweet-sno-1225	QO	vclaim-sno-white-house-gift-shop-covid-coins	1	30.699753106602905	SimBa
tweet-sno-1226	QO	vclaim-sno-trump-carved-manatees-back	1	33.64701077589426	SimBa
tweet-sno-1226	QO	vclaim-sno-dermophis-donaldtrumpi-amphibian-trump	1	24.53010084957655	SimBa
tweet-sno-1226	QO	vclaim-sno-car-message-public-executions	1	24.019374676273763	SimBa
tweet-sno-1226	QO	vclaim-sno-florida-invasive-species	1	23.708752685109644	SimBa
tweet-sno-1226	QO	vclaim-sno-el-paso-shooting-twitter	1	21.603639978040043	SimBa
tweet-sno-1227	QO	vclaim-sno-to-conquer-a-nation	1	48.59007042074582	SimBa
tweet-sno-1227	QO	vclaim-sno-hitler-control-quote	1	47.805605458208035	SimBa
tweet-sno-1227	QO	vclaim-sno-hitler-start-wwiii	1	46.51639563824179	SimBa
tweet-sno-1227	QO	vclaim-sno-illinois-eavesdropping-law	1	45.21669132519719	SimBa
tweet-sno-1227	QO	vclaim-sno-hitler-holding-bible	1	44.205309492705396	SimBa
tweet-sno-1228	QO	vclaim-sno-mary-miller-hitler	1	74.14222145723285	SimBa
tweet-sno-1228	QO	vclaim-sno-hitler-start-wwiii	1	70.49078316492854	SimBa
tweet-sno-1228	QO	vclaim-sno-make-germany-great-again	1	52.854014515566604	SimBa
tweet-sno-1228	QO	vclaim-sno-to-conquer-a-nation	1	50.67458029312424	SimBa
tweet-sno-1228	QO	vclaim-sno-hitler-control-quote	1	49.863677194312885	SimBa
tweet-sno-1229	QO	vclaim-sno-capitol-riot-no-fly-list	1	92.13799166509453	SimBa
tweet-sno-1229	QO	vclaim-sno-capitol-police-opened-gates	1	44.31720305741653	SimBa
tweet-sno-1229	QO	vclaim-sno-capitol-riot-deaths	1	40.645189960419344	SimBa
tweet-sno-1229	QO	vclaim-sno-trump-mob-capitol	1	38.10872897703731	SimBa
tweet-sno-1229	QO	vclaim-sno-tucker-carlson-capitol-attack	1	37.97982148417269	SimBa
tweet-sno-1230	QO	vclaim-sno-lethal-indirection	1	74.79550427943023	SimBa
tweet-sno-1230	QO	vclaim-sno-never-wake-sleepwalker	1	61.34332054475447	SimBa
tweet-sno-1230	QO	vclaim-sno-getting-the-hang-of-it	1	58.96010670535366	SimBa
tweet-sno-1230	QO	vclaim-sno-cough-cpr	1	57.00990643450193	SimBa
tweet-sno-1230	QO	vclaim-sno-selfie-taken-dead-coworker	1	55.39747908946489	SimBa
tweet-sno-1231	QO	vclaim-sno-cell-phone-credit	1	35.37841131482816	SimBa
tweet-sno-1231	QO	vclaim-sno-vaccine-vial-evacuating-building	1	33.288064943803406	SimBa
tweet-sno-1231	QO	vclaim-sno-ny-hospitals-unvaccinated-parents	1	31.835776905854832	SimBa
tweet-sno-1231	QO	vclaim-sno-irs-stimulus-check-1200	1	30.485212153969577	SimBa
tweet-sno-1231	QO	vclaim-sno-margaret-keenan-covid-vaccine	1	30.484055641137218	SimBa
tweet-sno-1232	QO	vclaim-sno-warnock-arrested-capitol-praying	1	47.716972352817166	SimBa
tweet-sno-1232	QO	vclaim-sno-capitol-riot-no-fly-list	1	40.908468673875504	SimBa
tweet-sno-1232	QO	vclaim-sno-capitol-police-opened-gates	1	36.77868999287287	SimBa
tweet-sno-1232	QO	vclaim-sno-capitol-riot-podium	1	35.997744799794305	SimBa
tweet-sno-1232	QO	vclaim-sno-capitol-riot-mace-police	1	35.877722702766405	SimBa
tweet-sno-1233	QO	vclaim-sno-trump-biden-resident-meme	1	64.94073681833092	SimBa
tweet-sno-1233	QO	vclaim-sno-biden-trump-dregs-society	1	63.00970012430048	SimBa
tweet-sno-1233	QO	vclaim-sno-trump-biden-assassination-shot	1	61.30284643976544	SimBa
tweet-sno-1233	QO	vclaim-sno-listen-to-scientists	1	57.853451775895344	SimBa
tweet-sno-1233	QO	vclaim-sno-parents-deported-reunited	1	56.29882589751006	SimBa
tweet-sno-1234	QO	vclaim-sno-trump-described-the-electoral-college-as-a-disaster	1	39.05571654613966	SimBa
tweet-sno-1234	QO	vclaim-sno-shots-fired-capitol	1	37.188296795883524	SimBa
tweet-sno-1234	QO	vclaim-sno-schumer-erection-senate-floor	1	36.347549771272924	SimBa
tweet-sno-1234	QO	vclaim-sno-brett-kavanaughs-children-harassed	1	29.51241083729432	SimBa
tweet-sno-1234	QO	vclaim-sno-pence-escorted	1	28.37957060856933	SimBa
tweet-sno-1235	QO	vclaim-sno-two-women-save-electoral-votes	1	47.16936761117269	SimBa
tweet-sno-1235	QO	vclaim-sno-electoral-votes-rejected-congress	1	39.17624095147414	SimBa
tweet-sno-1235	QO	vclaim-sno-ballots-georgia-senate	1	33.64417406620463	SimBa
tweet-sno-1235	QO	vclaim-sno-harvard-professor-wants-electoral-college-to-reject-trump	1	31.614186806146893	SimBa
tweet-sno-1235	QO	vclaim-sno-zip-cuffs-capitol-riots	1	31.608480801735134	SimBa
tweet-sno-1236	QO	vclaim-sno-nazi-shooting-baby	1	32.85722026082908	SimBa
tweet-sno-1236	QO	vclaim-sno-trump-riot-camp-auschwitz-shirt	1	28.84368616323978	SimBa
tweet-sno-1236	QO	vclaim-sno-bernie-sanders-ss-tattoo	1	27.415887686482172	SimBa
tweet-sno-1236	QO	vclaim-sno-george-soros-ss-nazi-germany	1	24.93856736968646	SimBa
tweet-sno-1236	QO	vclaim-sno-franceska-mann	1	23.979645374669833	SimBa
tweet-sno-1237	QO	vclaim-sno-zip-cuffs-capitol-riots	1	70.15861840049014	SimBa
tweet-sno-1237	QO	vclaim-sno-reconnaissance-tours	1	52.28075507847126	SimBa
tweet-sno-1237	QO	vclaim-sno-aoc-capitol-attack	1	42.125823932474255	SimBa
tweet-sno-1237	QO	vclaim-sno-capitol-riot-no-fly-list	1	35.307438557981925	SimBa
tweet-sno-1237	QO	vclaim-sno-jayapal-maskless-congress	1	32.73915456090088	SimBa
tweet-sno-1238	QO	vclaim-sno-elizabeth-knoxville-onion-towel	1	41.958178122944716	SimBa
tweet-sno-1238	QO	vclaim-sno-onion-in-your-sock-cure	1	36.21782620333235	SimBa
tweet-sno-1238	QO	vclaim-sno-occupy-wall-street	1	28.41905703478679	SimBa
tweet-sno-1238	QO	vclaim-sno-aoc-capitol-attack	1	24.892313287044782	SimBa
tweet-sno-1238	QO	vclaim-sno-onions-fight-flu-myth	1	20.867268168216142	SimBa
tweet-sno-1239	QO	vclaim-sno-giuliani-rally-speech	1	50.71724789897872	SimBa
tweet-sno-1239	QO	vclaim-sno-my-cousin-vinny-giuliani	1	31.700114357558455	SimBa
tweet-sno-1239	QO	vclaim-sno-giuliani-jake-angeli-capitol-riot	1	30.433731347502263	SimBa
tweet-sno-1239	QO	vclaim-sno-giuliani-fart-hearing	1	29.326180691820802	SimBa
tweet-sno-1239	QO	vclaim-sno-democrats-file-treason-charges-against-trump	1	28.425806414628397	SimBa
tweet-sno-1240	QO	vclaim-sno-national-guard-trump-mob	1	99.16508166098298	SimBa
tweet-sno-1240	QO	vclaim-sno-lincoln-memorial-defaced-protesters	1	77.91737434713322	SimBa
tweet-sno-1240	QO	vclaim-sno-troops-guarding-lincoln-memorial	1	52.74431064633802	SimBa
tweet-sno-1240	QO	vclaim-sno-attempted-robbery-target-field	1	50.69073858330229	SimBa
tweet-sno-1240	QO	vclaim-sno-flag-protest-baltimore	1	49.2992326500875	SimBa
tweet-sno-1241	QO	vclaim-sno-trump-threaten-federal-buildings	1	32.144820751019644	SimBa
tweet-sno-1241	QO	vclaim-sno-supreme-general-antifa	1	27.649179894518632	SimBa
tweet-sno-1241	QO	vclaim-sno-portland-protesters-burn-bibles	1	26.637495987766545	SimBa
tweet-sno-1241	QO	vclaim-sno-law-charges-protesters-with-terrorism	1	26.485961994852836	SimBa
tweet-sno-1241	QO	vclaim-sno-lawmakers-criminalize-peaceful-protest	1	25.57456449723265	SimBa
tweet-sno-1242	QO	vclaim-sno-sixth-form-poet-wife	1	56.52513411886615	SimBa
tweet-sno-1242	QO	vclaim-sno-lifeisasoph-jacob-blake-ex	1	52.65341427586267	SimBa
tweet-sno-1242	QO	vclaim-sno-twitter-dislike-button	1	51.18792627910802	SimBa
tweet-sno-1242	QO	vclaim-sno-twitter-biden-negative-news	1	50.625087624945635	SimBa
tweet-sno-1242	QO	vclaim-sno-did-twitter-lock-trumps-account	1	50.61800091053213	SimBa
tweet-sno-1243	QO	vclaim-sno-confederate-flag-colors-religious	1	48.086637693935764	SimBa
tweet-sno-1243	QO	vclaim-sno-confederate-flag-capitol-dc	1	46.88661971834611	SimBa
tweet-sno-1243	QO	vclaim-sno-aoc-confederate-flag-richmond	1	42.32146408195727	SimBa
tweet-sno-1243	QO	vclaim-sno-trump-flag-symbol-love	1	39.09737317098323	SimBa
tweet-sno-1243	QO	vclaim-sno-kevin-seefried-democrat-biden	1	38.595215730819206	SimBa
tweet-sno-1244	QO	vclaim-sno-confederate-flag-colors-religious	1	62.847823579464134	SimBa
tweet-sno-1244	QO	vclaim-sno-confederate-flag-capitol-dc	1	44.85492109598579	SimBa
tweet-sno-1244	QO	vclaim-sno-mike-pence-confederate-flag	1	44.30017595949471	SimBa
tweet-sno-1244	QO	vclaim-sno-trump-flag-symbol-love	1	43.86437899700715	SimBa
tweet-sno-1244	QO	vclaim-sno-obama-confederate-campaign-button	1	43.391966039289684	SimBa
tweet-sno-1245	QO	vclaim-sno-confederate-flag-capitol-dc	1	66.74269888684242	SimBa
tweet-sno-1245	QO	vclaim-sno-noose-hung-outside-capitol	1	55.82084965603442	SimBa
tweet-sno-1245	QO	vclaim-sno-kevin-seefried-democrat-biden	1	53.218530047714765	SimBa
tweet-sno-1245	QO	vclaim-sno-trump-riot-camp-auschwitz-shirt	1	51.68216593471814	SimBa
tweet-sno-1245	QO	vclaim-sno-trump-mob-capitol	1	50.45730174413143	SimBa
tweet-sno-1246	QO	vclaim-sno-cross-erected-capitol-building	1	32.573588346802524	SimBa
tweet-sno-1246	QO	vclaim-sno-cross-ayed	1	21.91262286973563	SimBa
tweet-sno-1246	QO	vclaim-sno-national-capital	1	21.701047014884956	SimBa
tweet-sno-1246	QO	vclaim-sno-trump-flag-american-flag-capitol	1	21.661502400455205	SimBa
tweet-sno-1246	QO	vclaim-sno-westboro-hero	1	21.56472825964208	SimBa
tweet-sno-1247	QO	vclaim-sno-immigrants-riot-italy	1	38.81264680128119	SimBa
tweet-sno-1247	QO	vclaim-sno-italy-doctor-corona-not-flu	1	37.60928538159077	SimBa
tweet-sno-1247	QO	vclaim-sno-mass-graves-italy-coronavirus	1	34.42359605366963	SimBa
tweet-sno-1247	QO	vclaim-sno-cristina-higgins-coronavirus-post	1	32.55962343664578	SimBa
tweet-sno-1247	QO	vclaim-sno-italy-elderly-coronavirus	1	31.900481202570678	SimBa
tweet-sno-1248	QO	vclaim-sno-snow-los-angeles	1	25.89472163156104	SimBa
tweet-sno-1248	QO	vclaim-sno-gods-painting	1	25.50738849979637	SimBa
tweet-sno-1248	QO	vclaim-sno-rainbow-mountains-real	1	24.660575954044262	SimBa
tweet-sno-1248	QO	vclaim-sno-does-photo-show-skull-face	1	23.967562192948765	SimBa
tweet-sno-1248	QO	vclaim-sno-clouds-over-california-wildfires	1	23.369343328264037	SimBa
tweet-sno-1249	QO	vclaim-sno-record-snowfall-in-oswego	1	23.870674524919956	SimBa
tweet-sno-1249	QO	vclaim-sno-snow-los-angeles	1	22.660373675903408	SimBa
tweet-sno-1249	QO	vclaim-sno-snowfall-in-the-sahara	1	21.353156860568244	SimBa
tweet-sno-1249	QO	vclaim-sno-nepal-avalanche	1	21.071781686901588	SimBa
tweet-sno-1249	QO	vclaim-sno-devastating-snowfall-predicted-nw-montana-early-2018	1	19.91250157912372	SimBa
tweet-sno-1250	QO	vclaim-sno-trump-wins-pennsylvania	1	86.2177747459641	SimBa
tweet-sno-1250	QO	vclaim-sno-dead-person-voting-pennsylvania	1	68.8007077613988	SimBa
tweet-sno-1250	QO	vclaim-sno-trucked-voters-in-pa	1	68.51722263605555	SimBa
tweet-sno-1250	QO	vclaim-sno-pa-worker-filling-ballots	1	65.5384091643067	SimBa
tweet-sno-1250	QO	vclaim-sno-pennsylvania-205000-votes	1	64.53672600345686	SimBa
tweet-sno-1251	QO	vclaim-sno-georgia-ballots-likely-ineligible	1	67.13989161028647	SimBa
tweet-sno-1251	QO	vclaim-sno-ga-senator-counting-pa	1	45.5540015418986	SimBa
tweet-sno-1251	QO	vclaim-sno-pennsylvania-205000-votes	1	43.54225450102725	SimBa
tweet-sno-1251	QO	vclaim-sno-georgia-signature-audit	1	42.70585173429369	SimBa
tweet-sno-1251	QO	vclaim-sno-pa-worker-filling-ballots	1	42.27047446521855	SimBa
tweet-sno-1252	QO	vclaim-sno-covid-19-reinfection	1	47.81501018465204	SimBa
tweet-sno-1252	QO	vclaim-sno-flu-vaccine-covid-buttar	1	46.364372551314034	SimBa
tweet-sno-1252	QO	vclaim-sno-moist-coronavirus-image	1	35.793364024820875	SimBa
tweet-sno-1252	QO	vclaim-sno-dog-flu	1	35.25551230982647	SimBa
tweet-sno-1252	QO	vclaim-sno-asymptomatic-covid-patients	1	34.92382018449465	SimBa
tweet-sno-1253	QO	vclaim-sno-trump_floyd_tweet	1	41.90458918776878	SimBa
tweet-sno-1253	QO	vclaim-sno-5g-energy-horse	1	36.59993447744091	SimBa
tweet-sno-1253	QO	vclaim-sno-lebleu-family-prayer-request	1	34.56181030806559	SimBa
tweet-sno-1253	QO	vclaim-sno-a-family-photo	1	34.42168596157217	SimBa
tweet-sno-1253	QO	vclaim-sno-sargento-recall-fake-news	1	33.33967577017457	SimBa
tweet-sno-1254	QO	vclaim-sno-swimming-pool-wonderful-life	1	39.47851095173985	SimBa
tweet-sno-1254	QO	vclaim-sno-disney-matterhorn-basketball-court	1	35.92749969422357	SimBa
tweet-sno-1254	QO	vclaim-sno-fauci-nothing-to-worry-about	1	22.2332837544395	SimBa
tweet-sno-1254	QO	vclaim-sno-student-suspended-pretending-transgender-locker-room	1	18.29567167558417	SimBa
tweet-sno-1254	QO	vclaim-sno-girls-impregnated-swimming-in-pool	1	16.872855268206425	SimBa
tweet-sno-1255	QO	vclaim-sno-swimming-pool-wonderful-life	1	57.46671115636221	SimBa
tweet-sno-1255	QO	vclaim-sno-disney-matterhorn-basketball-court	1	45.42287879455456	SimBa
tweet-sno-1255	QO	vclaim-sno-world39s-largest-swimming-pool	1	16.398304501311557	SimBa
tweet-sno-1255	QO	vclaim-sno-bowl-o-bama	1	15.090329337405752	SimBa
tweet-sno-1255	QO	vclaim-sno-disgust-and-loathing-in-las-vegas	1	14.159640768046032	SimBa
tweet-sno-1256	QO	vclaim-sno-chip-shot-2	1	49.95512017006628	SimBa
tweet-sno-1256	QO	vclaim-sno-kfc-gaming-console	1	25.01056745015495	SimBa
tweet-sno-1256	QO	vclaim-sno-kfc-really-create-chicken-scented-candle	1	16.61970005758008	SimBa
tweet-sno-1256	QO	vclaim-sno-viral-molten-copper-big-mac	1	16.529714284385154	SimBa
tweet-sno-1256	QO	vclaim-sno-chick-fil-a-tiktok-nuggets-recipe	1	16.06364983739286	SimBa
tweet-sno-1257	QO	vclaim-sno-graham-buttigieg-repent	1	41.866469914151715	SimBa
tweet-sno-1257	QO	vclaim-sno-heterosexual-near-death-experience	1	38.714773933968445	SimBa
tweet-sno-1257	QO	vclaim-sno-jimmy-carter-jesus-homosexuality	1	36.730774359772326	SimBa
tweet-sno-1257	QO	vclaim-sno-ted-cruz-constitution-bible	1	36.5001647374564	SimBa
tweet-sno-1257	QO	vclaim-sno-bible-constitution-difference	1	36.469385446148195	SimBa
tweet-sno-1258	QO	vclaim-sno-tom-brady-ppp	1	51.105170965534334	SimBa
tweet-sno-1258	QO	vclaim-sno-kanye-west-name-change	1	34.073210868418286	SimBa
tweet-sno-1258	QO	vclaim-sno-joel-osteen-prayer-accounts	1	33.27360600017875	SimBa
tweet-sno-1258	QO	vclaim-sno-osteen-coronavirus-loan	1	32.863848971824794	SimBa
tweet-sno-1258	QO	vclaim-sno-joel-osteen-donald-trump	1	32.42774640864532	SimBa
tweet-sno-1259	QO	vclaim-sno-vatican-nativity	1	79.96521906204228	SimBa
tweet-sno-1259	QO	vclaim-sno-belgian-town-removes-nativity-scene-appease-four-muslim-residents	1	40.91255522769895	SimBa
tweet-sno-1259	QO	vclaim-sno-nativity-seen	1	34.35726700892747	SimBa
tweet-sno-1259	QO	vclaim-sno-remains-buried-vatican	1	32.928778251023445	SimBa
tweet-sno-1259	QO	vclaim-sno-no-nativity-scenes-white-house	1	31.426151359907376	SimBa
tweet-sno-1260	QO	vclaim-sno-cyberpunk-2077-refunds	1	62.44409044596718	SimBa
tweet-sno-1260	QO	vclaim-sno-amazon-issues-credits-in-e-book-settlement	1	19.10107382941151	SimBa
tweet-sno-1260	QO	vclaim-sno-many-unhappy-returns	1	19.044516712251085	SimBa
tweet-sno-1260	QO	vclaim-sno-all-work-and-no-playstation	1	18.886719620311972	SimBa
tweet-sno-1260	QO	vclaim-sno-best-buy-gift-card-scam	1	18.819307093777972	SimBa
tweet-sno-1261	QO	vclaim-sno-cyberpunk-2077-refunds	1	76.12012663581278	SimBa
tweet-sno-1261	QO	vclaim-sno-xbox-playstation-ps5-congrats	1	22.519131007676254	SimBa
tweet-sno-1261	QO	vclaim-sno-amazon-issues-credits-in-e-book-settlement	1	16.89675969422264	SimBa
tweet-sno-1261	QO	vclaim-sno-all-work-and-no-playstation	1	16.610815458130148	SimBa
tweet-sno-1261	QO	vclaim-sno-costco-policy-change	1	16.48722670179592	SimBa
tweet-sno-1262	QO	vclaim-sno-obama-reporter-press-conference	1	32.47104961837178	SimBa
tweet-sno-1262	QO	vclaim-sno-ermey-press-conference	1	30.597619541709594	SimBa
tweet-sno-1262	QO	vclaim-sno-trump-white-nationalists-us-press-conference	1	26.743036041110514	SimBa
tweet-sno-1262	QO	vclaim-sno-stockpile-website-change-kushner	1	26.70865645613199	SimBa
tweet-sno-1262	QO	vclaim-sno-biden-press-conference-notes	1	23.406799380793522	SimBa
tweet-sno-1263	QO	vclaim-sno-supreme-court-erupt-shouting-match	1	36.92930906926631	SimBa
tweet-sno-1263	QO	vclaim-sno-justice-roberts-impeachment-vote	1	31.733934066816182	SimBa
tweet-sno-1263	QO	vclaim-sno-supreme-court-justices-stand	1	31.531104652900293	SimBa
tweet-sno-1263	QO	vclaim-sno-harvard-professor-wants-electoral-college-to-reject-trump	1	30.487054113800696	SimBa
tweet-sno-1263	QO	vclaim-sno-scalia-death-penalty-quote	1	30.37746099455924	SimBa
tweet-sno-1264	QO	vclaim-sno-schitts-creek-motel-seattle	1	28.418092816311834	SimBa
tweet-sno-1264	QO	vclaim-sno-redneck-mansion	1	17.355990634606016	SimBa
tweet-sno-1264	QO	vclaim-sno-sex-doll-funeral-home	1	16.603933643896884	SimBa
tweet-sno-1264	QO	vclaim-sno-sanders-vermont-mansion	1	15.833947957236084	SimBa
tweet-sno-1264	QO	vclaim-sno-celebrity-moving-small-towns	1	15.650249677746281	SimBa
tweet-sno-1265	QO	vclaim-sno-moira-rose-home-alone	1	40.77090679985813	SimBa
tweet-sno-1265	QO	vclaim-sno-schitts-creek-motel-seattle	1	34.131669875477556	SimBa
tweet-sno-1265	QO	vclaim-sno-seattle-police-confiscate-mans-guns-without-warrant	1	25.613051886865204	SimBa
tweet-sno-1265	QO	vclaim-sno-folsom-street-fair-photo	1	23.64018276064913	SimBa
tweet-sno-1265	QO	vclaim-sno-seattle-tax-sweetened-drinks	1	23.25989650327088	SimBa
tweet-sno-1266	QO	vclaim-sno-fox-news-entertainment-switch	1	39.210513786740705	SimBa
tweet-sno-1266	QO	vclaim-sno-cnn-and-msnbc-ratings	1	37.922800178480834	SimBa
tweet-sno-1266	QO	vclaim-sno-smith-and-lesson	1	36.253948630655344	SimBa
tweet-sno-1266	QO	vclaim-sno-popular-vote-totals-rigged	1	32.36486903785706	SimBa
tweet-sno-1266	QO	vclaim-sno-news-of-the-weak	1	32.27359329464515	SimBa
tweet-sno-1267	QO	vclaim-sno-the-north-face-refuse-jackets	1	35.74548581851455	SimBa
tweet-sno-1267	QO	vclaim-sno-ace-hardware-stands-against-standing-rock	1	23.14419216490076	SimBa
tweet-sno-1267	QO	vclaim-sno-gas-station-shuns-serviceman	1	20.257111348566287	SimBa
tweet-sno-1267	QO	vclaim-sno-big-oil	1	19.75625403709757	SimBa
tweet-sno-1267	QO	vclaim-sno-timberland-ceo-boots	1	19.4630640179261	SimBa
tweet-sno-1268	QO	vclaim-sno-alex-jones-biden-removed	1	66.05279020609447	SimBa
tweet-sno-1268	QO	vclaim-sno-biden-trump-dregs-society	1	58.64228692303306	SimBa
tweet-sno-1268	QO	vclaim-sno-listen-to-scientists	1	58.32346761001256	SimBa
tweet-sno-1268	QO	vclaim-sno-trump-biden-assassination-shot	1	58.31159491101173	SimBa
tweet-sno-1268	QO	vclaim-sno-trump-tell-supporters-storm	1	49.76734618411519	SimBa
tweet-sno-1269	QO	vclaim-sno-allstate-island-real	1	74.04397596328587	SimBa
tweet-sno-1269	QO	vclaim-sno-penis-island	1	20.72552984415215	SimBa
tweet-sno-1269	QO	vclaim-sno-dog-island	1	19.279751256570698	SimBa
tweet-sno-1269	QO	vclaim-sno-spongebob-epstein-island-address	1	18.761068111412033	SimBa
tweet-sno-1269	QO	vclaim-sno-violin-island-in-costa-rica	1	18.547296194078875	SimBa
tweet-sno-1270	QO	vclaim-sno-allstate-island-real	1	41.669494221476654	SimBa
tweet-sno-1270	QO	vclaim-sno-purple-lobster-caught-in-maine	1	31.67772600027687	SimBa
tweet-sno-1270	QO	vclaim-sno-maine-crematorium-free-cremations	1	25.029939108329238	SimBa
tweet-sno-1270	QO	vclaim-sno-collins-billboards-stephen-king	1	23.91897158900168	SimBa
tweet-sno-1270	QO	vclaim-sno-trump-tweet-puerto-rico	1	22.70760980777044	SimBa
tweet-sno-1271	QO	vclaim-sno-federal-holiday-christmas-eve	1	70.6074914972629	SimBa
tweet-sno-1271	QO	vclaim-sno-trump-hunting-bald-eagles	1	57.014197571062745	SimBa
tweet-sno-1271	QO	vclaim-sno-trump-order-popular-vote-winner	1	55.6685908216991	SimBa
tweet-sno-1271	QO	vclaim-sno-trump-wants-executive-order-abolishing-impeachment	1	53.77334800466958	SimBa
tweet-sno-1271	QO	vclaim-sno-trump-checks-to-retirees	1	52.82046416711344	SimBa
tweet-sno-1272	QO	vclaim-sno-disney-sister-act-3	1	62.16456714124845	SimBa
tweet-sno-1272	QO	vclaim-sno-new-twilight-movie-jacob-renesmee	1	33.26663647747045	SimBa
tweet-sno-1272	QO	vclaim-sno-step-brothers-2-hoax	1	25.466991288991323	SimBa
tweet-sno-1272	QO	vclaim-sno-did-disney-announce-bedknobs-broomsticks	1	23.607840606896122	SimBa
tweet-sno-1272	QO	vclaim-sno-when-is-hocus-pocus-2-coming-out	1	23.164182356346405	SimBa
tweet-sno-1273	QO	vclaim-sno-when-is-hocus-pocus-2-coming-out	1	57.21566192351948	SimBa
tweet-sno-1273	QO	vclaim-sno-hocus-pocus-2	1	53.29441120261437	SimBa
tweet-sno-1273	QO	vclaim-sno-beetlejuice-2-coming-soon	1	27.832475698971763	SimBa
tweet-sno-1273	QO	vclaim-sno-the-notebook-2-hoax	1	24.53612789419777	SimBa
tweet-sno-1273	QO	vclaim-sno-disney-pixar-boo	1	24.286687924173506	SimBa
tweet-sno-1274	QO	vclaim-sno-chick-fil-a-long-lines-lawsuit	1	77.67484694503085	SimBa
tweet-sno-1274	QO	vclaim-sno-chick-fil-a-sunday-tradition	1	61.38479716647039	SimBa
tweet-sno-1274	QO	vclaim-sno-chick-fil-a-coupon-scam	1	51.71948724871326	SimBa
tweet-sno-1274	QO	vclaim-sno-mcdonalds-supports-chick-fil-a	1	38.09250601201341	SimBa
tweet-sno-1274	QO	vclaim-sno-cum-park-plaza-photo	1	38.087838120942095	SimBa
tweet-sno-1275	QO	vclaim-sno-costco-rotisserie-chicken-cheap	1	127.54276602288121	SimBa
tweet-sno-1275	QO	vclaim-sno-purchase-membership-shop-costco	1	51.72505175800616	SimBa
tweet-sno-1275	QO	vclaim-sno-costco-bath-tissue-recall	1	48.338762763236275	SimBa
tweet-sno-1275	QO	vclaim-sno-costco-lying-about-cage-free-eggs	1	47.91677902321259	SimBa
tweet-sno-1275	QO	vclaim-sno-costco-coupon-scam	1	43.73495768778765	SimBa
tweet-sno-1276	QO	vclaim-sno-ia-fl-oh-election-loss	1	90.2391153456852	SimBa
tweet-sno-1276	QO	vclaim-sno-won-both-ohio-florida-lost	1	67.23386587541721	SimBa
tweet-sno-1276	QO	vclaim-sno-why-ohio	1	42.955822671968704	SimBa
tweet-sno-1276	QO	vclaim-sno-trump-alternate-inauguration	1	41.967932699183784	SimBa
tweet-sno-1276	QO	vclaim-sno-clinton-cancels-rally-due-to-lock-her-up-chants	1	40.67863570890873	SimBa
tweet-sno-1277	QO	vclaim-sno-apartment-radiator-pandemic-spread	1	44.68408589235043	SimBa
tweet-sno-1277	QO	vclaim-sno-fauci-blame-flu-deaths-1918	1	39.205102488300575	SimBa
tweet-sno-1277	QO	vclaim-sno-1918-quarantine-ad-for-phone	1	37.11301984502794	SimBa
tweet-sno-1277	QO	vclaim-sno-cat-spanish-flu-mask	1	35.98954077204808	SimBa
tweet-sno-1277	QO	vclaim-sno-closures-during-spanish-flu	1	33.97477852359553	SimBa
tweet-sno-1278	QO	vclaim-sno-mcdonalds-breakfast-frozen-eggs	1	68.28558738123861	SimBa
tweet-sno-1278	QO	vclaim-sno-something-eggstra	1	48.489595784529214	SimBa
tweet-sno-1278	QO	vclaim-sno-mcskinny	1	42.65310578803795	SimBa
tweet-sno-1278	QO	vclaim-sno-fact-check-mcdonalds-creates-nutella-burger	1	41.159637669707465	SimBa
tweet-sno-1278	QO	vclaim-sno-mcdonalds-robot-cashiers	1	40.784701961603545	SimBa
tweet-sno-1279	QO	vclaim-sno-gohmert-tooth-fall-out	1	88.15201781928508	SimBa
tweet-sno-1279	QO	vclaim-sno-obama-reporter-press-conference	1	48.98195789941138	SimBa
tweet-sno-1279	QO	vclaim-sno-ermey-press-conference	1	39.99687872549309	SimBa
tweet-sno-1279	QO	vclaim-sno-trump-white-nationalists-us-press-conference	1	38.687814809987145	SimBa
tweet-sno-1279	QO	vclaim-sno-stockpile-website-change-kushner	1	31.80295966628305	SimBa
tweet-sno-1280	QO	vclaim-sno-biden-harris-disease-disagreed	1	116.78639524702454	SimBa
tweet-sno-1280	QO	vclaim-sno-harris-biden-blog-post	1	76.32830808317533	SimBa
tweet-sno-1280	QO	vclaim-sno-biden-say-president-harris	1	63.59512763046345	SimBa
tweet-sno-1280	QO	vclaim-sno-kamala-harris-call-biden-racist	1	58.37534684805841	SimBa
tweet-sno-1280	QO	vclaim-sno-harris-believe-biden-accusers	1	56.19259425571085	SimBa
tweet-sno-1281	QO	vclaim-sno-indiana-jones-saxophone	1	99.76575456853777	SimBa
tweet-sno-1281	QO	vclaim-sno-police-saxophone-machine-gun	1	49.167494340973576	SimBa
tweet-sno-1281	QO	vclaim-sno-harrison-ford-trump-han-solo	1	29.779334663651312	SimBa
tweet-sno-1281	QO	vclaim-sno-andrew-lincoln-andes-flight	1	18.159283431942264	SimBa
tweet-sno-1281	QO	vclaim-sno-delayed-grantification	1	18.096894236313545	SimBa
tweet-sno-1282	QO	vclaim-sno-indiana-jones-saxophone	1	106.32629509205186	SimBa
tweet-sno-1282	QO	vclaim-sno-police-saxophone-machine-gun	1	48.748294858561195	SimBa
tweet-sno-1282	QO	vclaim-sno-harrison-ford-trump-han-solo	1	31.00483922412066	SimBa
tweet-sno-1282	QO	vclaim-sno-imperial-march-uk-trump	1	17.194451779142113	SimBa
tweet-sno-1282	QO	vclaim-sno-delayed-grantification	1	16.036357375943936	SimBa
tweet-sno-1283	QO	vclaim-sno-indiana-jones-saxophone	1	99.46649965380273	SimBa
tweet-sno-1283	QO	vclaim-sno-police-saxophone-machine-gun	1	45.20277150936377	SimBa
tweet-sno-1283	QO	vclaim-sno-harrison-ford-trump-han-solo	1	32.384281691835625	SimBa
tweet-sno-1283	QO	vclaim-sno-common-core-ed-trice-999	1	21.17576332113288	SimBa
tweet-sno-1283	QO	vclaim-sno-enormous-grasshopper-montana	1	17.40020370590107	SimBa
tweet-sno-1284	QO	vclaim-sno-indiana-jones-saxophone	1	85.16847033596247	SimBa
tweet-sno-1284	QO	vclaim-sno-harrison-ford-trump-han-solo	1	45.167173507933626	SimBa
tweet-sno-1284	QO	vclaim-sno-harrison-ford-holding-a-trump-sign	1	35.15841413177664	SimBa
tweet-sno-1284	QO	vclaim-sno-police-saxophone-machine-gun	1	25.434136861864467	SimBa
tweet-sno-1284	QO	vclaim-sno-justin-bieber-han-solo	1	20.27693947540262	SimBa
tweet-sno-1285	QO	vclaim-sno-florida-rebekah-jones-raid	1	23.384770200079323	SimBa
tweet-sno-1285	QO	vclaim-sno-seattle-police-confiscate-mans-guns-without-warrant	1	22.429766908690915	SimBa
tweet-sno-1285	QO	vclaim-sno-fbi-wasserman-schultz-home	1	21.05961204560375	SimBa
tweet-sno-1285	QO	vclaim-sno-connecticut-gun-confiscation	1	20.652214075795865	SimBa
tweet-sno-1285	QO	vclaim-sno-snopes-staff-members-arrested-law-enforcement-raid	1	19.59854323286769	SimBa
tweet-sno-1286	QO	vclaim-sno-nasa-sally-ride-100-tampons	1	82.43789731051606	SimBa
tweet-sno-1286	QO	vclaim-sno-spacesuit-envy	1	38.67154595144727	SimBa
tweet-sno-1286	QO	vclaim-sno-nasa-admits-contact-with-alien-species	1	38.5536374092938	SimBa
tweet-sno-1286	QO	vclaim-sno-nasa-lithium-chemtrails-conspiracy	1	36.27500610754007	SimBa
tweet-sno-1286	QO	vclaim-sno-native-sun	1	35.79656663880668	SimBa
tweet-sno-1287	QO	vclaim-sno-great-value	1	66.31441436353043	SimBa
tweet-sno-1287	QO	vclaim-sno-my-pleasure-chick-fil-a	1	62.58878927554627	SimBa
tweet-sno-1287	QO	vclaim-sno-hands-up-don39t-scoop	1	57.36833085033969	SimBa
tweet-sno-1287	QO	vclaim-sno-check-from-a-stranger-for-real	1	53.36849861766591	SimBa
tweet-sno-1287	QO	vclaim-sno-cone-of-silence	1	51.42772630002123	SimBa
tweet-sno-1288	QO	vclaim-sno-my-pleasure-chick-fil-a	1	90.25293095333996	SimBa
tweet-sno-1288	QO	vclaim-sno-chick-fil-a-meal-promo	1	49.447324945274026	SimBa
tweet-sno-1288	QO	vclaim-sno-chick-fil-a-promotions	1	48.30657768227573	SimBa
tweet-sno-1288	QO	vclaim-sno-facebook-cold-stone-pregnancy-discount	1	48.168351522125434	SimBa
tweet-sno-1288	QO	vclaim-sno-cone-of-silence	1	45.83805633622927	SimBa
tweet-sno-1289	QO	vclaim-sno-my-pleasure-chick-fil-a	1	103.8442277063994	SimBa
tweet-sno-1289	QO	vclaim-sno-cone-of-silence	1	66.04038320552435	SimBa
tweet-sno-1289	QO	vclaim-sno-facebook-cold-stone-pregnancy-discount	1	51.109451135655945	SimBa
tweet-sno-1289	QO	vclaim-sno-chick-fil-open-sundays	1	49.7895430322646	SimBa
tweet-sno-1289	QO	vclaim-sno-chick-fil-a-meal-promo	1	48.6454787383497	SimBa
tweet-sno-1290	QO	vclaim-sno-my-pleasure-chick-fil-a	1	64.211334708498	SimBa
tweet-sno-1290	QO	vclaim-sno-chick-fil-a-meal-promo	1	63.193881485683704	SimBa
tweet-sno-1290	QO	vclaim-sno-chick-fil-a-promotions	1	57.739469818356255	SimBa
tweet-sno-1290	QO	vclaim-sno-chick-fil-a-17-starting-wage	1	56.56459244130284	SimBa
tweet-sno-1290	QO	vclaim-sno-chick-fil-a-gay-marriage	1	47.974465795378435	SimBa
tweet-sno-1291	QO	vclaim-sno-biden-covid-vaccine	1	72.97147478304059	SimBa
tweet-sno-1291	QO	vclaim-sno-biden-reopen-schools	1	55.64310361841875	SimBa
tweet-sno-1291	QO	vclaim-sno-biden-fraud-ballots-count	1	54.41626427458128	SimBa
tweet-sno-1291	QO	vclaim-sno-cv19-vaccine-patented	1	53.57926776218895	SimBa
tweet-sno-1291	QO	vclaim-sno-earlobes-biden-body-double	1	51.16086944115554	SimBa
tweet-sno-1292	QO	vclaim-sno-matt-putz	1	41.613431894267976	SimBa
tweet-sno-1292	QO	vclaim-sno-buck-fifty	1	36.41847394028102	SimBa
tweet-sno-1292	QO	vclaim-sno-bernie-sanders-jersey-ballot	1	36.27414286142282	SimBa
tweet-sno-1292	QO	vclaim-sno-chris-christie-vetoes-equal-pay	1	36.1847185736337	SimBa
tweet-sno-1292	QO	vclaim-sno-new-jersey-ballot-tax-returns	1	34.76830280736685	SimBa
tweet-sno-1293	QO	vclaim-sno-chick-fil-a-sunday-tradition	1	25.126116622748228	SimBa
tweet-sno-1293	QO	vclaim-sno-chick-fil-open-sundays	1	24.464942260660006	SimBa
tweet-sno-1293	QO	vclaim-sno-chick-fil-a-food-stranded-storm	1	23.359664581644513	SimBa
tweet-sno-1293	QO	vclaim-sno-christian-owned-airlines-change-wing-light-colors-to-celebrate-christmas	1	23.090314218141657	SimBa
tweet-sno-1293	QO	vclaim-sno-my-pleasure-chick-fil-a	1	21.159490893455633	SimBa
tweet-sno-1294	QO	vclaim-sno-drake-scented-candles	1	70.08377235314097	SimBa
tweet-sno-1294	QO	vclaim-sno-gwyneth-paltrow-vagina-candle	1	44.436931759060045	SimBa
tweet-sno-1294	QO	vclaim-sno-crayon-candle	1	43.287239838013825	SimBa
tweet-sno-1294	QO	vclaim-sno-kfc-really-create-chicken-scented-candle	1	42.43188663511255	SimBa
tweet-sno-1294	QO	vclaim-sno-gwyneth-vagina-candle-explode	1	31.486771941439375	SimBa
tweet-sno-1295	QO	vclaim-sno-flash-player-no-longer-supported	1	72.32244493758188	SimBa
tweet-sno-1295	QO	vclaim-sno-target-holiday-stores	1	37.23631058802353	SimBa
tweet-sno-1295	QO	vclaim-sno-snow-los-angeles	1	25.966321269406038	SimBa
tweet-sno-1295	QO	vclaim-sno-antarctica-covid-cases	1	22.35486531247794	SimBa
tweet-sno-1295	QO	vclaim-sno-nigella-lawson-microwave	1	20.75836987224251	SimBa
tweet-sno-1296	QO	vclaim-sno-flash-player-no-longer-supported	1	31.04096614250517	SimBa
tweet-sno-1296	QO	vclaim-sno-recurring-donation-dec	1	21.07125957757399	SimBa
tweet-sno-1296	QO	vclaim-sno-is-minecraft-shutting-down	1	15.511951585516735	SimBa
tweet-sno-1296	QO	vclaim-sno-snapchat-shutting-end-2017-prank	1	15.277326775768966	SimBa
tweet-sno-1296	QO	vclaim-sno-nasa-blackout-warning	1	15.114282671898632	SimBa
tweet-sno-1297	QO	vclaim-sno-flash-player-no-longer-supported	1	61.79176347042762	SimBa
tweet-sno-1297	QO	vclaim-sno-boob-youtube	1	39.379616645945134	SimBa
tweet-sno-1297	QO	vclaim-sno-youtube-ban-suspend-trump	1	30.645953750809557	SimBa
tweet-sno-1297	QO	vclaim-sno-trump-ad-banned-facebook	1	29.265073516787343	SimBa
tweet-sno-1297	QO	vclaim-sno-delete-google-chrome-trends	1	25.32070865033584	SimBa
tweet-sno-1298	QO	vclaim-sno-santa-covid-exemption-ireland	1	50.986108812824554	SimBa
tweet-sno-1298	QO	vclaim-sno-santas-canadian-postal-code	1	35.317560595216435	SimBa
tweet-sno-1298	QO	vclaim-sno-track-meet	1	35.232914653319696	SimBa
tweet-sno-1298	QO	vclaim-sno-ghost-on-camera-hallways-ireland-school	1	33.28989136187697	SimBa
tweet-sno-1298	QO	vclaim-sno-red-mask-blue-mask-covid	1	33.18174591849791	SimBa
tweet-sno-1299	QO	vclaim-sno-monolith-california	1	28.434879475643378	SimBa
tweet-sno-1299	QO	vclaim-sno-monolith-found-utah	1	24.337224257108737	SimBa
tweet-sno-1299	QO	vclaim-sno-firefall-fire-waterfall	1	20.526679452598668	SimBa
tweet-sno-1299	QO	vclaim-sno-super-moon	1	20.02207256722746	SimBa
tweet-sno-1299	QO	vclaim-sno-rainbow-mountains-real	1	19.44650488234011	SimBa
tweet-sno-1300	QO	vclaim-sno-king-louis-xiv-fetish-birth	1	40.59676417985986	SimBa
tweet-sno-1300	QO	vclaim-sno-doctor-mourning-previously-infertile-mother	1	33.799598676489076	SimBa
tweet-sno-1300	QO	vclaim-sno-centrifugal-birthing-apparatus	1	31.550313134436102	SimBa
tweet-sno-1300	QO	vclaim-sno-testicles-childbirth-pain-comparison	1	26.721183545480173	SimBa
tweet-sno-1300	QO	vclaim-sno-the-color-of-sperm	1	24.626083414864997	SimBa
tweet-sno-1301	QO	vclaim-sno-exclusive-club	1	59.64579151266335	SimBa
tweet-sno-1301	QO	vclaim-sno-woman-clubs-boyfriend-dream	1	58.121164291310095	SimBa
tweet-sno-1301	QO	vclaim-sno-donald-trump-golf-course	1	49.947831404616416	SimBa
tweet-sno-1301	QO	vclaim-sno-278-years-golf	1	47.02477163428339	SimBa
tweet-sno-1301	QO	vclaim-sno-legend-in-his-own-mind	1	46.2148489986454	SimBa
tweet-sno-1302	QO	vclaim-sno-johns-hopkins-covid-deaths	1	53.076663847559566	SimBa
tweet-sno-1302	QO	vclaim-sno-typical-year-covid-deaths	1	52.65045169773977	SimBa
tweet-sno-1302	QO	vclaim-sno-more-testing-more-cases-covid-19	1	49.95244421970975	SimBa
tweet-sno-1302	QO	vclaim-sno-flu-kills-more-people-covid-19	1	49.276479529863806	SimBa
tweet-sno-1302	QO	vclaim-sno-does-list-show-news-system-rigged	1	41.77759977452355	SimBa
tweet-sno-1303	QO	vclaim-sno-leonardo-dicaprio-disney-channel	1	24.14290422939127	SimBa
tweet-sno-1303	QO	vclaim-sno-chicago-purge-murders	1	16.864750438907407	SimBa
tweet-sno-1303	QO	vclaim-sno-scarface-remake-leonardo-dicaprio	1	14.99294532758836	SimBa
tweet-sno-1303	QO	vclaim-sno-72-hour-challenge	1	13.91423353903565	SimBa
tweet-sno-1303	QO	vclaim-sno-no-lackin-challenge	1	13.792037243552684	SimBa
tweet-sno-1304	QO	vclaim-sno-playgirl-trump-contest	1	26.656667073582373	SimBa
tweet-sno-1304	QO	vclaim-sno-leonardo-dicaprio-disney-channel	1	24.95314087183866	SimBa
tweet-sno-1304	QO	vclaim-sno-simpsons-predict-david-censors	1	21.273366066458586	SimBa
tweet-sno-1304	QO	vclaim-sno-minkus-became-chanel-west-coast	1	20.555984736801037	SimBa
tweet-sno-1304	QO	vclaim-sno-betty-white-in-her-20s-photo	1	19.545515203059868	SimBa
tweet-sno-1305	QO	vclaim-sno-leonardo-dicaprio-disney-channel	1	41.63904813099802	SimBa
tweet-sno-1305	QO	vclaim-sno-boob-youtube	1	35.032957209019486	SimBa
tweet-sno-1305	QO	vclaim-sno-scarface-remake-leonardo-dicaprio	1	32.79787308386766	SimBa
tweet-sno-1305	QO	vclaim-sno-leonardo-dicaprio-cast-mlk-new-film-will-wear-blackface	1	31.081452685975687	SimBa
tweet-sno-1305	QO	vclaim-sno-leonardo-dicaprio-woodstock-illinois	1	31.0725442974662	SimBa
tweet-sno-1306	QO	vclaim-sno-georgia-signature-audit	1	39.939060990510306	SimBa
tweet-sno-1306	QO	vclaim-sno-georgia-primary-election-fraud	1	39.44957111666206	SimBa
tweet-sno-1306	QO	vclaim-sno-georgia-on-my-mind	1	38.47731709932048	SimBa
tweet-sno-1306	QO	vclaim-sno-georgia-ballots-likely-ineligible	1	37.78964641215692	SimBa
tweet-sno-1306	QO	vclaim-sno-georgia-runoff-residency	1	36.78634214048447	SimBa
tweet-sno-1307	QO	vclaim-sno-detroit-slums	1	63.010949335443655	SimBa
tweet-sno-1307	QO	vclaim-sno-michigan-licenses-yellow-stars	1	62.22523505904617	SimBa
tweet-sno-1307	QO	vclaim-sno-don39t-jaywalk-in-detroit	1	61.73654600814396	SimBa
tweet-sno-1307	QO	vclaim-sno-mother-moose	1	57.394618122411295	SimBa
tweet-sno-1307	QO	vclaim-sno-trump-detroit-voters-2020	1	54.77334921958324	SimBa
tweet-sno-1308	QO	vclaim-sno-white-house-trump_photo-delete	1	79.7863977896988	SimBa
tweet-sno-1308	QO	vclaim-sno-trump-fired-cecil-gaines	1	71.94280322213454	SimBa
tweet-sno-1308	QO	vclaim-sno-feliz-navidad-white-house	1	60.865169055280646	SimBa
tweet-sno-1308	QO	vclaim-sno-trump-photoshopped-hands	1	60.095110169089374	SimBa
tweet-sno-1308	QO	vclaim-sno-obama-left-trump-a-white-house-full-of-roaches	1	59.22348935065454	SimBa
tweet-sno-1309	QO	vclaim-sno-alaska-town-60-days-without-sun	1	30.16886813386921	SimBa
tweet-sno-1309	QO	vclaim-sno-smile-sun-bird-photo	1	27.578886368330483	SimBa
tweet-sno-1309	QO	vclaim-sno-sun-lockdown	1	23.924999198910474	SimBa
tweet-sno-1309	QO	vclaim-sno-will-tonight-be-the-darkest-night-in-500-years	1	22.755950810816785	SimBa
tweet-sno-1309	QO	vclaim-sno-wolf-moon-january	1	22.400858511019386	SimBa
tweet-sno-1310	QO	vclaim-sno-florida-air-force-robotic-dogs	1	36.40735185055233	SimBa
tweet-sno-1310	QO	vclaim-sno-armed-robot-video	1	30.054184185474476	SimBa
tweet-sno-1310	QO	vclaim-sno-army-working-dogs-satire	1	29.059784778261456	SimBa
tweet-sno-1310	QO	vclaim-sno-golfing-robot-hit-a-hole-in-one	1	27.40881191069935	SimBa
tweet-sno-1310	QO	vclaim-sno-dod-drill-coincide-november-demonstrations	1	26.094708030820907	SimBa
tweet-sno-1311	QO	vclaim-sno-20000-dead-voters-in-pennsylvania	1	95.68288323166999	SimBa
tweet-sno-1311	QO	vclaim-sno-biden-admit-voter-fraud	1	82.18036087955038	SimBa
tweet-sno-1311	QO	vclaim-sno-huckabee-letter-biden-fraud	1	57.881795981411706	SimBa
tweet-sno-1311	QO	vclaim-sno-gallup-poll-electoral-fraud	1	57.106423022169096	SimBa
tweet-sno-1311	QO	vclaim-sno-dallas-jones-voter-fraud	1	55.157636649851035	SimBa
tweet-sno-1312	QO	vclaim-sno-christmas-tree-owl	1	51.05218270515518	SimBa
tweet-sno-1312	QO	vclaim-sno-owl-having-an-orgasm	1	44.9310909126025	SimBa
tweet-sno-1312	QO	vclaim-sno-stuffed-owlets	1	38.52840996917037	SimBa
tweet-sno-1312	QO	vclaim-sno-rainbow-owl	1	37.111280336789974	SimBa
tweet-sno-1312	QO	vclaim-sno-the-biggest-christmas-tree	1	29.161900209143614	SimBa
tweet-sno-1313	QO	vclaim-sno-wisconsin-vote-dump	1	69.54811313823207	SimBa
tweet-sno-1313	QO	vclaim-sno-three-wisconsin-counties-admit-they-padded-votes-for-trump	1	48.03109435135848	SimBa
tweet-sno-1313	QO	vclaim-sno-300000-wisconsin-voters-turned-away-due-to-voter-id-laws	1	47.907234211117874	SimBa
tweet-sno-1313	QO	vclaim-sno-wisconsin-more-votes-than-voters	1	47.23293239642389	SimBa
tweet-sno-1313	QO	vclaim-sno-biden-kenosha-black-looting	1	45.21457548948925	SimBa
tweet-sno-1314	QO	vclaim-sno-dominion-servers-germany-seized	1	34.41371575910604	SimBa
tweet-sno-1314	QO	vclaim-sno-teamkraken-georgia-injunction	1	31.062793955608388	SimBa
tweet-sno-1314	QO	vclaim-sno-facebook-analytics-electoral-map-shows-trump-sweep	1	29.38795361191587	SimBa
tweet-sno-1314	QO	vclaim-sno-trump-clinton-counties-won	1	27.85000133098977	SimBa
tweet-sno-1314	QO	vclaim-sno-black-mob-beats-white-man-for-voting-trump	1	27.41181850831169	SimBa
tweet-sno-1315	QO	vclaim-sno-animal-brothels-open-germany-migrant-population-hits-22-percent	1	73.47037482527621	SimBa
tweet-sno-1315	QO	vclaim-sno-did-germany-release-statement-denouncing-u-s	1	55.35927604667191	SimBa
tweet-sno-1315	QO	vclaim-sno-germanely-chocolate-cake	1	52.43608746340924	SimBa
tweet-sno-1315	QO	vclaim-sno-qanon-anti-maskers-march-germany	1	51.3627756415557	SimBa
tweet-sno-1315	QO	vclaim-sno-dominion-servers-germany-seized	1	50.597554772562624	SimBa
tweet-sno-1316	QO	vclaim-sno-cuomo-vaccine-bad-news-trump	1	58.035772048071095	SimBa
tweet-sno-1316	QO	vclaim-sno-did-pfizers-vp-blow-whistle-gardasil	1	52.35728466492487	SimBa
tweet-sno-1316	QO	vclaim-sno-covid-19-vaccine-vape	1	48.779988989473495	SimBa
tweet-sno-1316	QO	vclaim-sno-covid-vaccine-female-sterilization	1	47.5704728701396	SimBa
tweet-sno-1316	QO	vclaim-sno-pfizer-vaccine-israel	1	45.112616860603595	SimBa
tweet-sno-1317	QO	vclaim-sno-are-marshalls-and-tj-maxx-still-paying-employees-in-puerto-rico	1	65.5841918378937	SimBa
tweet-sno-1317	QO	vclaim-sno-trump-pendejo-posters-puerto-rico	1	61.62339699131981	SimBa
tweet-sno-1317	QO	vclaim-sno-cornyn-votes-puerto-rico	1	54.77363475267418	SimBa
tweet-sno-1317	QO	vclaim-sno-puerto-rico-teamsters	1	50.839215893026946	SimBa
tweet-sno-1317	QO	vclaim-sno-trump-puerto-rico-golf-course	1	45.858012431588435	SimBa
tweet-sno-1318	QO	vclaim-sno-georgia-signature-audit	1	65.15687925222089	SimBa
tweet-sno-1318	QO	vclaim-sno-georgia-ballots-likely-ineligible	1	50.53731266107107	SimBa
tweet-sno-1318	QO	vclaim-sno-georgia-on-my-mind	1	45.999928935505096	SimBa
tweet-sno-1318	QO	vclaim-sno-georgia-primary-election-fraud	1	45.00627226158295	SimBa
tweet-sno-1318	QO	vclaim-sno-officers-killed-250-people	1	43.89475406928693	SimBa
tweet-sno-1319	QO	vclaim-sno-floyd-county-georgia-votes	1	65.65226882076041	SimBa
tweet-sno-1319	QO	vclaim-sno-teamkraken-georgia-injunction	1	51.818391215434936	SimBa
tweet-sno-1319	QO	vclaim-sno-biden-306-electoral-votes	1	50.528455870491854	SimBa
tweet-sno-1319	QO	vclaim-sno-could-trump-defy-popular-vote	1	48.818692038138536	SimBa
tweet-sno-1319	QO	vclaim-sno-trump-georgia-runoff	1	46.727084860027944	SimBa
tweet-sno-1320	QO	vclaim-sno-biden-trump-inauguration-crowd	1	44.31046769794021	SimBa
tweet-sno-1320	QO	vclaim-sno-biden-executive-order-dictator	1	39.30961340363564	SimBa
tweet-sno-1320	QO	vclaim-sno-simple-math-on-biden-votes	1	37.82071719803847	SimBa
tweet-sno-1320	QO	vclaim-sno-trump-biden-resident-meme	1	37.64567076888722	SimBa
tweet-sno-1320	QO	vclaim-sno-biden-or-trump-female-press-team	1	35.33360712789147	SimBa
tweet-sno-1321	QO	vclaim-sno-mike-pence-to-resign	1	54.5848290111081	SimBa
tweet-sno-1321	QO	vclaim-sno-newsmax-biden-pence	1	50.841744720336195	SimBa
tweet-sno-1321	QO	vclaim-sno-mike-pence-blames-media-for-trump-controversies	1	46.18687717259958	SimBa
tweet-sno-1321	QO	vclaim-sno-white-house-trump_photo-delete	1	44.72796965428268	SimBa
tweet-sno-1321	QO	vclaim-sno-trump-fired-cecil-gaines	1	42.35275284304403	SimBa
tweet-sno-1322	QO	vclaim-sno-white-house-trump_photo-delete	1	57.43533969384325	SimBa
tweet-sno-1322	QO	vclaim-sno-newsmax-biden-pence	1	56.905221239185934	SimBa
tweet-sno-1322	QO	vclaim-sno-trump-fired-cecil-gaines	1	55.42631596569859	SimBa
tweet-sno-1322	QO	vclaim-sno-mike-pence-to-resign	1	54.19664512819229	SimBa
tweet-sno-1322	QO	vclaim-sno-mike-pence-blames-media-for-trump-controversies	1	50.88649132289736	SimBa
tweet-sno-1323	QO	vclaim-sno-white-house-trump_photo-delete	1	59.20396035445067	SimBa
tweet-sno-1323	QO	vclaim-sno-mike-pence-to-resign	1	56.88603265734341	SimBa
tweet-sno-1323	QO	vclaim-sno-trump-fired-cecil-gaines	1	55.8351345219585	SimBa
tweet-sno-1323	QO	vclaim-sno-newsmax-biden-pence	1	51.76408895796093	SimBa
tweet-sno-1323	QO	vclaim-sno-mike-pence-blames-media-for-trump-controversies	1	51.520583240701754	SimBa
tweet-sno-1324	QO	vclaim-sno-twitter-biden-negative-news	1	86.32730392006384	SimBa
tweet-sno-1324	QO	vclaim-sno-biden-tweet-pandemic	1	71.9395859036328	SimBa
tweet-sno-1324	QO	vclaim-sno-rnc-chairwoman-deleted-tweet	1	65.394191324856	SimBa
tweet-sno-1324	QO	vclaim-sno-biden-daughter-photo	1	64.68893259865526	SimBa
tweet-sno-1324	QO	vclaim-sno-fake-aoc-purge-tweet	1	63.88831132746161	SimBa
tweet-sno-1325	QO	vclaim-sno-raising-canes-chicken-bankruptcy	1	58.47859477032875	SimBa
tweet-sno-1325	QO	vclaim-sno-dunkin-donuts-bankruptcy-prank	1	33.162534765801354	SimBa
tweet-sno-1325	QO	vclaim-sno-clark-gable-accident	1	21.160403286077212	SimBa
tweet-sno-1325	QO	vclaim-sno-drink-and-a-nod	1	20.782720308560933	SimBa
tweet-sno-1325	QO	vclaim-sno-nordstrom-chapter-11-baio-boycott	1	20.600155763381743	SimBa
tweet-sno-1326	QO	vclaim-sno-raising-canes-chicken-bankruptcy	1	45.09739321912433	SimBa
tweet-sno-1326	QO	vclaim-sno-waynes-whirled	1	41.650528236689325	SimBa
tweet-sno-1326	QO	vclaim-sno-leap-of-faith	1	40.64365741270896	SimBa
tweet-sno-1326	QO	vclaim-sno-salt-shaker-jesus	1	38.441599987666635	SimBa
tweet-sno-1326	QO	vclaim-sno-donald-trump-bashes-jesus	1	38.09789923399224	SimBa
tweet-sno-1327	QO	vclaim-sno-lethal-indirection	1	94.40881951416515	SimBa
tweet-sno-1327	QO	vclaim-sno-cough-cpr	1	86.25730767802507	SimBa
tweet-sno-1327	QO	vclaim-sno-never-wake-sleepwalker	1	86.21185278446409	SimBa
tweet-sno-1327	QO	vclaim-sno-false-donald-trump-has-died-possible-heart-attack	1	62.24933503102673	SimBa
tweet-sno-1327	QO	vclaim-sno-charlie-sheen-death-hoax	1	61.95259216568297	SimBa
tweet-sno-1328	QO	vclaim-sno-xbox-playstation-ps5-congrats	1	34.525994169900834	SimBa
tweet-sno-1328	QO	vclaim-sno-all-work-and-no-playstation	1	28.20235337966858	SimBa
tweet-sno-1328	QO	vclaim-sno-cyberpunk-2077-refunds	1	27.087692160026545	SimBa
tweet-sno-1328	QO	vclaim-sno-empty-ps5-boxes-ebay	1	24.596329943152575	SimBa
tweet-sno-1328	QO	vclaim-sno-ninja-turtles-shredders-revenge	1	14.488039945963955	SimBa
tweet-sno-1329	QO	vclaim-sno-xbox-playstation-ps5-congrats	1	28.861349354105705	SimBa
tweet-sno-1329	QO	vclaim-sno-cyberpunk-2077-refunds	1	15.2274803572425	SimBa
tweet-sno-1329	QO	vclaim-sno-amazon-holiday-shopping	1	15.168150306454985	SimBa
tweet-sno-1329	QO	vclaim-sno-microsoft-own-patent-666	1	15.136783563216063	SimBa
tweet-sno-1329	QO	vclaim-sno-would-you-have-invested	1	14.32887303222976	SimBa
tweet-sno-1330	QO	vclaim-sno-sixth-form-poet-wife	1	70.72590219902294	SimBa
tweet-sno-1330	QO	vclaim-sno-lifeisasoph-jacob-blake-ex	1	64.26473650292542	SimBa
tweet-sno-1330	QO	vclaim-sno-ice-twitter-account-disappear	1	62.35454659367067	SimBa
tweet-sno-1330	QO	vclaim-sno-take-team-kavanaugh	1	60.8056142696112	SimBa
tweet-sno-1330	QO	vclaim-sno-twitter-dislike-button	1	56.62699260515633	SimBa
tweet-sno-1331	QO	vclaim-sno-ice-twitter-account-disappear	1	102.23231828533216	SimBa
tweet-sno-1331	QO	vclaim-sno-take-team-kavanaugh	1	51.44674627406465	SimBa
tweet-sno-1331	QO	vclaim-sno-sixth-form-poet-wife	1	51.24165630996657	SimBa
tweet-sno-1331	QO	vclaim-sno-lifeisasoph-jacob-blake-ex	1	50.43926191258856	SimBa
tweet-sno-1331	QO	vclaim-sno-did-twitter-lock-trumps-account	1	49.79877381571586	SimBa
tweet-sno-1332	QO	vclaim-sno-free-meals-for-veterans	1	61.09821990729621	SimBa
tweet-sno-1332	QO	vclaim-sno-veterans-national-parks-lifetime	1	58.729853421420465	SimBa
tweet-sno-1332	QO	vclaim-sno-21-gun-reboot	1	35.90911377567702	SimBa
tweet-sno-1332	QO	vclaim-sno-jessica-biel-military-veteran	1	34.67355469947333	SimBa
tweet-sno-1332	QO	vclaim-sno-remembrance-of-things-pasta	1	33.68701496081795	SimBa
tweet-sno-1333	QO	vclaim-sno-covid-vaccine-funded-by-trump	1	41.649457789203765	SimBa
tweet-sno-1333	QO	vclaim-sno-dr-rajendra-kapila-dies-covid-19	1	35.554946667128156	SimBa
tweet-sno-1333	QO	vclaim-sno-cuomo-vaccine-bad-news-trump	1	33.25800834023958	SimBa
tweet-sno-1333	QO	vclaim-sno-covid-vaccine-female-sterilization	1	32.900052038844585	SimBa
tweet-sno-1333	QO	vclaim-sno-covid-good-news-list-accurate	1	31.915592838239025	SimBa
tweet-sno-1334	QO	vclaim-sno-covid-vaccine-funded-by-trump	1	45.37810310261553	SimBa
tweet-sno-1334	QO	vclaim-sno-covid-good-news-list-accurate	1	36.92559329133199	SimBa
tweet-sno-1334	QO	vclaim-sno-cuomo-vaccine-bad-news-trump	1	32.19719108998329	SimBa
tweet-sno-1334	QO	vclaim-sno-rockefeller-operation-lockstep	1	31.54479576860736	SimBa
tweet-sno-1334	QO	vclaim-sno-trump-governors-covid-19	1	31.344765876888374	SimBa
tweet-sno-1335	QO	vclaim-sno-biden-woman-gun-photo	1	63.36370586576173	SimBa
tweet-sno-1335	QO	vclaim-sno-biden-daughter-photo	1	62.5374930024246	SimBa
tweet-sno-1335	QO	vclaim-sno-biden-fail-condemn-antifa	1	60.80462638447414	SimBa
tweet-sno-1335	QO	vclaim-sno-listen-to-scientists	1	54.397991697793714	SimBa
tweet-sno-1335	QO	vclaim-sno-biden-trump-dregs-society	1	54.386768996240605	SimBa
tweet-sno-1336	QO	vclaim-sno-biden-major-dog-rescue-white-house	1	90.1446577957399	SimBa
tweet-sno-1336	QO	vclaim-sno-biden-team-statement-dog	1	66.21506467056997	SimBa
tweet-sno-1336	QO	vclaim-sno-biden-dogs-kicked-out-white-house	1	47.577666679516184	SimBa
tweet-sno-1336	QO	vclaim-sno-biden-dogs-trump-chew-toy	1	47.023315144973324	SimBa
tweet-sno-1336	QO	vclaim-sno-biden-dog-major-indoguration	1	43.382257580233556	SimBa
tweet-sno-1337	QO	vclaim-sno-trump-more-testing-look-bad	1	57.774604448362005	SimBa
tweet-sno-1337	QO	vclaim-sno-parents-deported-reunited	1	54.41370462158184	SimBa
tweet-sno-1337	QO	vclaim-sno-trump-golf-rallies-coronavirus	1	53.79345361677636	SimBa
tweet-sno-1337	QO	vclaim-sno-msnbc-hope-coronavirus-kills	1	46.26361990265099	SimBa
tweet-sno-1337	QO	vclaim-sno-trump-many-per-capitas	1	45.30505583382647	SimBa
tweet-sno-1338	QO	vclaim-sno-bannon-fauci-wray-head-pikes	1	56.657756343724756	SimBa
tweet-sno-1338	QO	vclaim-sno-steve-bannon-predicts-obama	1	50.46358423577071	SimBa
tweet-sno-1338	QO	vclaim-sno-bannon-leninist-destroy-state	1	37.527593963095434	SimBa
tweet-sno-1338	QO	vclaim-sno-steve-bannon-bloody-lip	1	36.18767109715304	SimBa
tweet-sno-1338	QO	vclaim-sno-bannon-hell-capitol-attack	1	35.08832170148122	SimBa
tweet-sno-1339	QO	vclaim-sno-gray-wolves-endangered-trump	1	42.07376772927022	SimBa
tweet-sno-1339	QO	vclaim-sno-trump-whales-sea-turtles	1	33.89712795815833	SimBa
tweet-sno-1339	QO	vclaim-sno-trump-hunting-bald-eagles	1	31.728616315315172	SimBa
tweet-sno-1339	QO	vclaim-sno-trump-rolls-back-rules-protecting-elderly	1	31.491775739967	SimBa
tweet-sno-1339	QO	vclaim-sno-trump-to-strike-down-obamas-regulation-expanding-overtime	1	31.00979726386719	SimBa
tweet-sno-1340	QO	vclaim-sno-pa-worker-filling-ballots	1	37.4629038115625	SimBa
tweet-sno-1340	QO	vclaim-sno-trump-display-names-campaign-donors-state-union	1	32.494902817722604	SimBa
tweet-sno-1340	QO	vclaim-sno-broward-county-blank-ballots	1	26.892370950122583	SimBa
tweet-sno-1340	QO	vclaim-sno-strawman-poll	1	25.90633343893861	SimBa
tweet-sno-1340	QO	vclaim-sno-ballots-video-voter-fraud-trump	1	25.200332700132282	SimBa
tweet-sno-1341	QO	vclaim-sno-donald-trump-shirts-trmup	1	73.64634175353888	SimBa
tweet-sno-1341	QO	vclaim-sno-black-mob-beats-white-man-for-voting-trump	1	68.2976441425196	SimBa
tweet-sno-1341	QO	vclaim-sno-stop-the-count-chant	1	50.223357893408796	SimBa
tweet-sno-1341	QO	vclaim-sno-20-dollar-bill-folds-spells-trump	1	48.814551946994655	SimBa
tweet-sno-1341	QO	vclaim-sno-liz-crokin-trump-unthinkable	1	45.58860505279678	SimBa
tweet-sno-1342	QO	vclaim-sno-trump-recount-battleground-states	1	76.1304519840157	SimBa
tweet-sno-1342	QO	vclaim-sno-ben-stein	1	45.44277870366084	SimBa
tweet-sno-1342	QO	vclaim-sno-poll-watchers-2020-election	1	36.94254496275429	SimBa
tweet-sno-1342	QO	vclaim-sno-check-from-a-stranger-for-real	1	36.20313220021753	SimBa
tweet-sno-1342	QO	vclaim-sno-could-trump-defy-popular-vote	1	35.97288534220676	SimBa
tweet-sno-1343	QO	vclaim-sno-stop-the-count-chant	1	60.4642360243958	SimBa
tweet-sno-1343	QO	vclaim-sno-sharpie-trump-ballots-arizona	1	56.895523102203256	SimBa
tweet-sno-1343	QO	vclaim-sno-trump-retweets-photo-of-black-supporters	1	56.488193093188244	SimBa
tweet-sno-1343	QO	vclaim-sno-trump-campaign-donations-refunds	1	56.27661215397387	SimBa
tweet-sno-1343	QO	vclaim-sno-trump-haters-supporters-flags	1	55.68864626105079	SimBa
tweet-sno-1344	QO	vclaim-sno-sharpie-trump-ballots-arizona	1	45.68365146799838	SimBa
tweet-sno-1344	QO	vclaim-sno-donald-trump-shirts-trmup	1	34.53653999588483	SimBa
tweet-sno-1344	QO	vclaim-sno-postal-worker-caught-destroying-absentee-trump-ballots-in-major-swing-state	1	30.23632489975235	SimBa
tweet-sno-1344	QO	vclaim-sno-trump-georgia-runoff	1	29.677378455923595	SimBa
tweet-sno-1344	QO	vclaim-sno-california-unlawful-ballots	1	29.322808439020516	SimBa
tweet-sno-1345	QO	vclaim-sno-sharpie-trump-ballots-arizona	1	54.984068555404804	SimBa
tweet-sno-1345	QO	vclaim-sno-trump-tell-supporters-storm	1	46.784991155676124	SimBa
tweet-sno-1345	QO	vclaim-sno-biden-trump-dregs-society	1	46.127685983418786	SimBa
tweet-sno-1345	QO	vclaim-sno-floyd-county-georgia-votes	1	45.731318756406495	SimBa
tweet-sno-1345	QO	vclaim-sno-did-trump-concede	1	44.4272688691306	SimBa
tweet-sno-1346	QO	vclaim-sno-saved-whale-says-thanks	1	43.053931456663456	SimBa
tweet-sno-1346	QO	vclaim-sno-fisherman-survived-inside-whale-for-three-days	1	39.64657363961401	SimBa
tweet-sno-1346	QO	vclaim-sno-whale-tail-shaka-photo	1	36.258562257125405	SimBa
tweet-sno-1346	QO	vclaim-sno-photograph-kayak-orcas	1	35.35790237369869	SimBa
tweet-sno-1346	QO	vclaim-sno-whale-surfer-photo	1	31.176400998108058	SimBa
tweet-sno-1347	QO	vclaim-sno-saved-whale-says-thanks	1	56.20215356505146	SimBa
tweet-sno-1347	QO	vclaim-sno-whale-tail-shaka-photo	1	55.71613987553437	SimBa
tweet-sno-1347	QO	vclaim-sno-photograph-kayak-orcas	1	54.11640160100241	SimBa
tweet-sno-1347	QO	vclaim-sno-fisherman-survived-inside-whale-for-three-days	1	47.11881894230704	SimBa
tweet-sno-1347	QO	vclaim-sno-whale-surfer-photo	1	46.77581555202664	SimBa
tweet-sno-1348	QO	vclaim-sno-biden-black-athletes-green-mile	1	42.39868611551732	SimBa
tweet-sno-1348	QO	vclaim-sno-biden-or-trump-female-press-team	1	31.8264418684943	SimBa
tweet-sno-1348	QO	vclaim-sno-biden-accuser-photo	1	30.72315689905808	SimBa
tweet-sno-1348	QO	vclaim-sno-biden-racial-jungle-quote	1	30.2210993518528	SimBa
tweet-sno-1348	QO	vclaim-sno-biden-poor-kids-white-kids	1	29.03139972343701	SimBa
tweet-sno-1349	QO	vclaim-sno-biden-or-trump-female-press-team	1	39.74346542997438	SimBa
tweet-sno-1349	QO	vclaim-sno-check-from-a-stranger-for-real	1	39.26217001146368	SimBa
tweet-sno-1349	QO	vclaim-sno-obama-do-something-about-president	1	32.55731313839345	SimBa
tweet-sno-1349	QO	vclaim-sno-instagram-cancellation-hoax	1	31.94621539387291	SimBa
tweet-sno-1349	QO	vclaim-sno-biden-endorses-romney-for-president	1	30.59532430192474	SimBa
tweet-sno-1350	QO	vclaim-sno-amish-trump-presidential-victory	1	73.3459250023442	SimBa
tweet-sno-1350	QO	vclaim-sno-amish-buggies-trump	1	71.03771504899946	SimBa
tweet-sno-1350	QO	vclaim-sno-amish-community-puppy-mills	1	58.18580888851084	SimBa
tweet-sno-1350	QO	vclaim-sno-michigan-county-amish-homes	1	52.53954379944487	SimBa
tweet-sno-1350	QO	vclaim-sno-amish-dobergoat-fighting-ring-busted	1	44.909880035892286	SimBa
tweet-sno-1351	QO	vclaim-sno-miss-me-yet	1	60.8226122833027	SimBa
tweet-sno-1351	QO	vclaim-sno-check-from-a-stranger-for-real	1	58.07326407384899	SimBa
tweet-sno-1351	QO	vclaim-sno-omar-minnesota-register-vote	1	53.791029736991945	SimBa
tweet-sno-1351	QO	vclaim-sno-minnesota-schools-arabic	1	43.954437655486274	SimBa
tweet-sno-1351	QO	vclaim-sno-ben-stein	1	43.617317877586785	SimBa
tweet-sno-1352	QO	vclaim-sno-hunter-biden-malia-obama-cocaine	1	41.27526883052931	SimBa
tweet-sno-1352	QO	vclaim-sno-biden-accuser-photo	1	40.006850961829336	SimBa
tweet-sno-1352	QO	vclaim-sno-hunter-biden-flipped-fbi	1	38.73776809599901	SimBa
tweet-sno-1352	QO	vclaim-sno-joe-biden-war-hero-story	1	37.477941263035966	SimBa
tweet-sno-1352	QO	vclaim-sno-biden-admit-voter-fraud	1	37.143188742158706	SimBa
tweet-sno-1353	QO	vclaim-sno-hunter-biden-flipped-fbi	1	62.2204561397618	SimBa
tweet-sno-1353	QO	vclaim-sno-manafort-ties-to-russia	1	55.22223975386016	SimBa
tweet-sno-1353	QO	vclaim-sno-fbi-illegal-websites-scam	1	54.96853506338195	SimBa
tweet-sno-1353	QO	vclaim-sno-fbi-smart-tv	1	54.76461483300817	SimBa
tweet-sno-1353	QO	vclaim-sno-hunter-biden-dead-overdose-hoax	1	52.697919147898176	SimBa
tweet-sno-1354	QO	vclaim-sno-hunter-biden-dead-overdose-hoax	1	69.86439105383494	SimBa
tweet-sno-1354	QO	vclaim-sno-bidens-golfing-burisma-head	1	61.39021976966298	SimBa
tweet-sno-1354	QO	vclaim-sno-hunter-biden-malia-obama-cocaine	1	39.62868234749159	SimBa
tweet-sno-1354	QO	vclaim-sno-hunter-biden-flipped-fbi	1	32.34646739343474	SimBa
tweet-sno-1354	QO	vclaim-sno-fbi-agents-hunter-biden	1	30.734533386531005	SimBa
tweet-sno-1355	QO	vclaim-sno-hunter-biden-dead-overdose-hoax	1	54.52041123100177	SimBa
tweet-sno-1355	QO	vclaim-sno-bidens-golfing-burisma-head	1	46.12430154195147	SimBa
tweet-sno-1355	QO	vclaim-sno-hunter-biden-malia-obama-cocaine	1	30.2798011667594	SimBa
tweet-sno-1355	QO	vclaim-sno-fbi-agents-hunter-biden	1	27.071399836045547	SimBa
tweet-sno-1355	QO	vclaim-sno-hunter-biden-flipped-fbi	1	24.492548681230012	SimBa
tweet-sno-1356	QO	vclaim-sno-biden-daughter-photo	1	71.91902797188294	SimBa
tweet-sno-1356	QO	vclaim-sno-biden-woman-gun-photo	1	70.85641369164249	SimBa
tweet-sno-1356	QO	vclaim-sno-biden-or-trump-female-press-team	1	64.78833749371049	SimBa
tweet-sno-1356	QO	vclaim-sno-biden-fail-condemn-antifa	1	60.638876791997795	SimBa
tweet-sno-1356	QO	vclaim-sno-biden-accuser-photo	1	59.10725586694285	SimBa
tweet-sno-1357	QO	vclaim-sno-fbi-trump-biden-bus	1	66.50718089549457	SimBa
tweet-sno-1357	QO	vclaim-sno-armed-trump-fans-biden-bus	1	53.675955521718095	SimBa
tweet-sno-1357	QO	vclaim-sno-cbs-latinos-trump-biden	1	46.93062821739024	SimBa
tweet-sno-1357	QO	vclaim-sno-trump-tell-supporters-storm	1	44.892606773424575	SimBa
tweet-sno-1357	QO	vclaim-sno-trump-biden-resident-meme	1	44.809309330642876	SimBa
tweet-sno-1358	QO	vclaim-sno-fbi-trump-biden-bus	1	72.87728905957161	SimBa
tweet-sno-1358	QO	vclaim-sno-armed-trump-fans-biden-bus	1	45.1421020832146	SimBa
tweet-sno-1358	QO	vclaim-sno-cbs-latinos-trump-biden	1	41.47177650707954	SimBa
tweet-sno-1358	QO	vclaim-sno-san-antonio-border-wall	1	41.38516973275792	SimBa
tweet-sno-1358	QO	vclaim-sno-parents-deported-reunited	1	38.51229361702217	SimBa
tweet-sno-1359	QO	vclaim-sno-stop-the-count-chant	1	56.80580185814473	SimBa
tweet-sno-1359	QO	vclaim-sno-trump-mob-capitol	1	55.847962915997115	SimBa
tweet-sno-1359	QO	vclaim-sno-trump-rally-fire-hose-tampa	1	55.84576492469621	SimBa
tweet-sno-1359	QO	vclaim-sno-trump-haters-supporters-flags	1	54.560844497982686	SimBa
tweet-sno-1359	QO	vclaim-sno-antifa-flyer-trump-supporters	1	54.51193876105165	SimBa
tweet-sno-1360	QO	vclaim-sno-parents-deported-reunited	1	69.2115873785634	SimBa
tweet-sno-1360	QO	vclaim-sno-fbi-trump-biden-bus	1	63.236175519795765	SimBa
tweet-sno-1360	QO	vclaim-sno-trump-biden-resident-meme	1	62.505240233705294	SimBa
tweet-sno-1360	QO	vclaim-sno-cbs-latinos-trump-biden	1	62.414678180142616	SimBa
tweet-sno-1360	QO	vclaim-sno-biden-trump-dregs-society	1	56.24076212569416	SimBa
tweet-sno-1361	QO	vclaim-sno-biden-woman-gun-photo	1	71.37118629230808	SimBa
tweet-sno-1361	QO	vclaim-sno-biden-daughter-photo	1	67.40793557352792	SimBa
tweet-sno-1361	QO	vclaim-sno-biden-or-trump-female-press-team	1	63.53637623910379	SimBa
tweet-sno-1361	QO	vclaim-sno-biden-fail-condemn-antifa	1	59.14655008747098	SimBa
tweet-sno-1361	QO	vclaim-sno-biden-accuser-photo	1	56.22579249934142	SimBa
tweet-sno-1362	QO	vclaim-sno-sean-connery-trump-golf-course	1	79.89085671466694	SimBa
tweet-sno-1362	QO	vclaim-sno-sean-connery-slap-women	1	39.98890849178635	SimBa
tweet-sno-1362	QO	vclaim-sno-sean-connery-net-worth	1	38.97390896018175	SimBa
tweet-sno-1362	QO	vclaim-sno-false-sean-connery-letter-to-apple	1	32.9591182590793	SimBa
tweet-sno-1362	QO	vclaim-sno-trump-donations-veterans	1	32.42177127801334	SimBa
tweet-sno-1363	QO	vclaim-sno-caravan-organizer-photo	1	58.37119272078153	SimBa
tweet-sno-1363	QO	vclaim-sno-taco-bell-mexican-pizza	1	54.25492683683351	SimBa
tweet-sno-1363	QO	vclaim-sno-drug-money	1	50.83921461739683	SimBa
tweet-sno-1363	QO	vclaim-sno-mysterious-sea-creature-washes-ashore	1	50.03342463642935	SimBa
tweet-sno-1363	QO	vclaim-sno-mexican-supermarket-taking-donations-for-trump-border-wall	1	49.46584417980664	SimBa
tweet-sno-1364	QO	vclaim-sno-el-chapo-escapes-again	1	45.614154453046055	SimBa
tweet-sno-1364	QO	vclaim-sno-baby-dies-of-vicks-vaporub-poisoning	1	41.78045173280458	SimBa
tweet-sno-1364	QO	vclaim-sno-taco-bell-mexican-pizza	1	39.07475658266202	SimBa
tweet-sno-1364	QO	vclaim-sno-el-indio-rancher	1	38.58147782087422	SimBa
tweet-sno-1364	QO	vclaim-sno-burger-king-customers-manager	1	27.17430288307968	SimBa
tweet-sno-1365	QO	vclaim-sno-caravan-organizer-photo	1	58.85991937490547	SimBa
tweet-sno-1365	QO	vclaim-sno-taco-bell-mexican-pizza	1	54.36085809657416	SimBa
tweet-sno-1365	QO	vclaim-sno-mysterious-sea-creature-washes-ashore	1	53.23201388562482	SimBa
tweet-sno-1365	QO	vclaim-sno-drug-money	1	50.73411153927417	SimBa
tweet-sno-1365	QO	vclaim-sno-mexican-supermarket-taking-donations-for-trump-border-wall	1	48.71230551581339	SimBa
tweet-sno-1366	QO	vclaim-sno-taco-bell-menu-change	1	51.14343492192654	SimBa
tweet-sno-1366	QO	vclaim-sno-taco-bell-major-changes	1	48.74961130204702	SimBa
tweet-sno-1366	QO	vclaim-sno-taco-bell-closing-2020	1	45.964846997087626	SimBa
tweet-sno-1366	QO	vclaim-sno-taco-bell-closing	1	43.85275079222875	SimBa
tweet-sno-1366	QO	vclaim-sno-taco-bell-mexican-pizza	1	42.775380800297015	SimBa
tweet-sno-1367	QO	vclaim-sno-caravan-organizer-photo	1	59.23467837257195	SimBa
tweet-sno-1367	QO	vclaim-sno-taco-bell-mexican-pizza	1	57.87592160056907	SimBa
tweet-sno-1367	QO	vclaim-sno-mysterious-sea-creature-washes-ashore	1	51.14991391992551	SimBa
tweet-sno-1367	QO	vclaim-sno-drug-money	1	50.75534485976975	SimBa
tweet-sno-1367	QO	vclaim-sno-mexican-supermarket-taking-donations-for-trump-border-wall	1	48.67208344189069	SimBa
tweet-sno-1368	QO	vclaim-sno-cheesecake-factory-closing-rumor	1	76.46581137666715	SimBa
tweet-sno-1368	QO	vclaim-sno-cheesecake-factory-receipt	1	35.04463021283129	SimBa
tweet-sno-1368	QO	vclaim-sno-cheesecake-factory-gift-card	1	29.173333447179694	SimBa
tweet-sno-1368	QO	vclaim-sno-taco-bell-closing-2020	1	24.998704916542394	SimBa
tweet-sno-1368	QO	vclaim-sno-subway-pizza-hut-closing	1	24.642846967807372	SimBa
tweet-sno-1369	QO	vclaim-sno-cheesecake-factory-closing-rumor	1	54.58798600973747	SimBa
tweet-sno-1369	QO	vclaim-sno-expired-cake-mix	1	38.07962710827632	SimBa
tweet-sno-1369	QO	vclaim-sno-wendys-heartbreaking-announcement	1	34.669084455986756	SimBa
tweet-sno-1369	QO	vclaim-sno-taco-bell-closing-2020	1	33.06199061789085	SimBa
tweet-sno-1369	QO	vclaim-sno-ruby-tuesday-closing	1	32.55920783213956	SimBa
tweet-sno-1370	QO	vclaim-sno-check-from-a-stranger-for-real	1	40.160661825671575	SimBa
tweet-sno-1370	QO	vclaim-sno-car-czar	1	37.66156705253986	SimBa
tweet-sno-1370	QO	vclaim-sno-fake-mar-a-lago-invite	1	37.37835700036247	SimBa
tweet-sno-1370	QO	vclaim-sno-trumps-cousins-obituary	1	36.42155314596794	SimBa
tweet-sno-1370	QO	vclaim-sno-november-6th	1	36.0329873594462	SimBa
tweet-sno-1371	QO	vclaim-sno-cheesecake-factory-closing-rumor	1	93.9126275591162	SimBa
tweet-sno-1371	QO	vclaim-sno-cheesecake-factory-receipt	1	36.80531059072004	SimBa
tweet-sno-1371	QO	vclaim-sno-cheesecake-factory-gift-card	1	35.273653864102045	SimBa
tweet-sno-1371	QO	vclaim-sno-taco-bell-closing	1	30.486143866047	SimBa
tweet-sno-1371	QO	vclaim-sno-red-lobster-closing	1	30.005832632952398	SimBa
tweet-sno-1372	QO	vclaim-sno-cheesecake-factory-closing-rumor	1	89.8071172498943	SimBa
tweet-sno-1372	QO	vclaim-sno-cheesecake-factory-receipt	1	34.57680227696834	SimBa
tweet-sno-1372	QO	vclaim-sno-cheesecake-factory-gift-card	1	34.24742533515856	SimBa
tweet-sno-1372	QO	vclaim-sno-red-lobster-closing	1	28.210321379684686	SimBa
tweet-sno-1372	QO	vclaim-sno-taco-bell-closing	1	28.183762184297066	SimBa
tweet-sno-1373	QO	vclaim-sno-cheesecake-factory-closing-rumor	1	63.59305639373244	SimBa
tweet-sno-1373	QO	vclaim-sno-bumblebees-cant-fly	1	38.877254478515	SimBa
tweet-sno-1373	QO	vclaim-sno-jeff-guice-sick-children	1	32.26900355764499	SimBa
tweet-sno-1373	QO	vclaim-sno-cheesecake-factory-receipt	1	32.06453695613501	SimBa
tweet-sno-1373	QO	vclaim-sno-unsweetened-caroline	1	30.78288030505554	SimBa
tweet-sno-1374	QO	vclaim-sno-cheesecake-factory-closing-rumor	1	143.73953214298007	SimBa
tweet-sno-1374	QO	vclaim-sno-cheesecake-factory-receipt	1	36.76960959364412	SimBa
tweet-sno-1374	QO	vclaim-sno-cheesecake-factory-gift-card	1	35.356640964441624	SimBa
tweet-sno-1374	QO	vclaim-sno-taco-bell-closing	1	32.106755240131264	SimBa
tweet-sno-1374	QO	vclaim-sno-red-lobster-closing	1	30.696956544166735	SimBa
tweet-sno-1375	QO	vclaim-sno-cheesecake-factory-closing-rumor	1	29.02080989688614	SimBa
tweet-sno-1375	QO	vclaim-sno-mcpizza	1	20.83889408978041	SimBa
tweet-sno-1375	QO	vclaim-sno-red-lobster-closing	1	19.444973992125234	SimBa
tweet-sno-1375	QO	vclaim-sno-not-lovin39-it	1	19.438816631663517	SimBa
tweet-sno-1375	QO	vclaim-sno-whataburger-closing-its-doors	1	19.397808326127	SimBa
tweet-sno-1376	QO	vclaim-sno-girl-scouts-congratulate-barrett	1	46.625359463317736	SimBa
tweet-sno-1376	QO	vclaim-sno-trump-sends-unpresidented-tweet	1	44.90325595859736	SimBa
tweet-sno-1376	QO	vclaim-sno-betsy-devos-america-tweet	1	44.148860618677055	SimBa
tweet-sno-1376	QO	vclaim-sno-chase-bank-deleted-tweet	1	43.29221230932903	SimBa
tweet-sno-1376	QO	vclaim-sno-trump-barrett-looks-nominated	1	40.72737007439151	SimBa
tweet-sno-1377	QO	vclaim-sno-republican-senators-up-shits-creek	1	59.14355673797449	SimBa
tweet-sno-1377	QO	vclaim-sno-november-6th	1	54.186063085623076	SimBa
tweet-sno-1377	QO	vclaim-sno-personal-foul	1	47.76849769538646	SimBa
tweet-sno-1377	QO	vclaim-sno-nicolas-cruz-register-jail	1	47.20671843616677	SimBa
tweet-sno-1377	QO	vclaim-sno-house-shield-from-prosecution	1	44.70511165115004	SimBa
tweet-sno-1378	QO	vclaim-sno-black-mob-beats-white-man-for-voting-trump	1	119.565795413432	SimBa
tweet-sno-1378	QO	vclaim-sno-donald-trump-shirts-trmup	1	114.54646747063214	SimBa
tweet-sno-1378	QO	vclaim-sno-liz-crokin-trump-unthinkable	1	67.0532277147353	SimBa
tweet-sno-1378	QO	vclaim-sno-20-dollar-bill-folds-spells-trump	1	63.55341714132949	SimBa
tweet-sno-1378	QO	vclaim-sno-trump-entities-criminal-probe	1	62.85171579189645	SimBa
tweet-sno-1379	QO	vclaim-sno-biden-admit-voter-fraud	1	94.81406433615935	SimBa
tweet-sno-1379	QO	vclaim-sno-huckabee-letter-biden-fraud	1	62.73893753515996	SimBa
tweet-sno-1379	QO	vclaim-sno-dallas-jones-voter-fraud	1	59.13183625385702	SimBa
tweet-sno-1379	QO	vclaim-sno-gallup-poll-electoral-fraud	1	57.53932154236787	SimBa
tweet-sno-1379	QO	vclaim-sno-biden-daughter-photo	1	55.60742305818831	SimBa
tweet-sno-1380	QO	vclaim-sno-obama-urges-soldiers-question-trumps-authority	1	51.927475886465004	SimBa
tweet-sno-1380	QO	vclaim-sno-obama-to-ban-trucks-after-nice-attack	1	46.46976529899902	SimBa
tweet-sno-1380	QO	vclaim-sno-faith-no-more	1	45.894292745652805	SimBa
tweet-sno-1380	QO	vclaim-sno-obama-gun-laws-crime	1	45.400668451681526	SimBa
tweet-sno-1380	QO	vclaim-sno-trump-inherit-depleted-military	1	45.31537816758621	SimBa
tweet-sno-1381	QO	vclaim-sno-merriam-webster-barrett-sexual	1	31.81948677587574	SimBa
tweet-sno-1381	QO	vclaim-sno-tedx-pedophilia-sexual-orientation	1	29.473431675467918	SimBa
tweet-sno-1381	QO	vclaim-sno-california-pedophilia-school	1	24.25362410316032	SimBa
tweet-sno-1381	QO	vclaim-sno-irregardless-merriam-webster	1	24.215850650787957	SimBa
tweet-sno-1381	QO	vclaim-sno-fascism-corporations-corporatism-dictionary	1	23.93291558875228	SimBa
tweet-sno-1382	QO	vclaim-sno-black-americans-super-predators	1	45.70789355722432	SimBa
tweet-sno-1382	QO	vclaim-sno-joe-biden-n-word-recorded-speech	1	41.28304742464643	SimBa
tweet-sno-1382	QO	vclaim-sno-joe-biden-put-yall-back-in-chains	1	37.95846001051912	SimBa
tweet-sno-1382	QO	vclaim-sno-presidential-seal-change-war	1	36.21585683209814	SimBa
tweet-sno-1382	QO	vclaim-sno-did-aoc-say-this-about-trump	1	34.19554355069393	SimBa
tweet-sno-1383	QO	vclaim-sno-mitch-mcconnells-hands	1	69.77481918481755	SimBa
tweet-sno-1383	QO	vclaim-sno-mcconnell-voting-photobomb	1	49.28268736894279	SimBa
tweet-sno-1383	QO	vclaim-sno-mitch-mcconnell-polio-government-healthcare	1	46.207389423020544	SimBa
tweet-sno-1383	QO	vclaim-sno-mitch-mcconnell-block-russia	1	44.98879942975114	SimBa
tweet-sno-1383	QO	vclaim-sno-mitch-mcconnell-debate-female	1	44.65150538314589	SimBa
tweet-sno-1384	QO	vclaim-sno-zambia-nurse-swap-babies	1	57.05442075227809	SimBa
tweet-sno-1384	QO	vclaim-sno-fiercefemtivist-nurse-racist-parents	1	49.72365589806604	SimBa
tweet-sno-1384	QO	vclaim-sno-nurse-gop-convention-shooting	1	44.3285085104802	SimBa
tweet-sno-1384	QO	vclaim-sno-portuguese-nurse-dies-vaccine	1	40.34455288586841	SimBa
tweet-sno-1384	QO	vclaim-sno-alabama-nurse-covid	1	38.75533546198919	SimBa
tweet-sno-1385	QO	vclaim-sno-jane-fonda-covid-gods-gift	1	74.07948864411236	SimBa
tweet-sno-1385	QO	vclaim-sno-biden-daughter-photo	1	50.30679502756387	SimBa
tweet-sno-1385	QO	vclaim-sno-biden-woman-gun-photo	1	49.154570471472525	SimBa
tweet-sno-1385	QO	vclaim-sno-biden-120million-deaths-covid19	1	47.18005526771192	SimBa
tweet-sno-1385	QO	vclaim-sno-biden-fail-condemn-antifa	1	44.48066212363143	SimBa
tweet-sno-1386	QO	vclaim-sno-harris-biden-blog-post	1	67.03510025429233	SimBa
tweet-sno-1386	QO	vclaim-sno-biden-ban-fracking	1	59.72329683010328	SimBa
tweet-sno-1386	QO	vclaim-sno-biden-say-president-harris	1	53.62604960713315	SimBa
tweet-sno-1386	QO	vclaim-sno-kamala-harris-call-biden-racist	1	50.92970135269558	SimBa
tweet-sno-1386	QO	vclaim-sno-biden-harris-disease-disagreed	1	50.75664404248511	SimBa
tweet-sno-1387	QO	vclaim-sno-earthquake-hoax	1	42.28537494191474	SimBa
tweet-sno-1387	QO	vclaim-sno-everyones-leaving-los-angeles	1	39.89734802657638	SimBa
tweet-sno-1387	QO	vclaim-sno-the-sig-files	1	36.15555047932624	SimBa
tweet-sno-1387	QO	vclaim-sno-ice-arrest-los-angeles-mayor	1	36.05004352571573	SimBa
tweet-sno-1387	QO	vclaim-sno-trump-sign-hollywood-los-angeles	1	35.60628855792509	SimBa
tweet-sno-1388	QO	vclaim-sno-karen-pence-school-lgbt	1	63.049894282538574	SimBa
tweet-sno-1388	QO	vclaim-sno-karen-pence-mask-debate	1	54.97791147194316	SimBa
tweet-sno-1388	QO	vclaim-sno-red-mask-blue-mask-covid	1	20.11546552840834	SimBa
tweet-sno-1388	QO	vclaim-sno-pence-nasa-do-not-touch	1	19.754832207156156	SimBa
tweet-sno-1388	QO	vclaim-sno-pantyhose-masks-covid-19	1	18.848147460055255	SimBa
tweet-sno-1389	QO	vclaim-sno-trump-sign-hollywood-los-angeles	1	32.188902932123405	SimBa
tweet-sno-1389	QO	vclaim-sno-trump-made-america-the-best-sign	1	22.861925076863137	SimBa
tweet-sno-1389	QO	vclaim-sno-trump-tower-kurd-banner	1	22.800971581866747	SimBa
tweet-sno-1389	QO	vclaim-sno-mount-rushmore-defaced-graffiti	1	22.648705634173275	SimBa
tweet-sno-1389	QO	vclaim-sno-trump-christ-billboard-st-louis	1	22.59899576327506	SimBa
tweet-sno-1390	QO	vclaim-sno-kamala-harris-protests	1	53.259581254257085	SimBa
tweet-sno-1390	QO	vclaim-sno-ronald-reagan-keep-voting-democrat	1	39.11503561154821	SimBa
tweet-sno-1390	QO	vclaim-sno-trump-retweet-cowboys	1	38.78492822772067	SimBa
tweet-sno-1390	QO	vclaim-sno-cesar-sayoc-lifelong-democrat	1	37.8699067235606	SimBa
tweet-sno-1390	QO	vclaim-sno-dems-indictments-barr-query	1	37.67026723433172	SimBa
tweet-sno-1391	QO	vclaim-sno-biden-trump-dregs-society	1	95.74788954545141	SimBa
tweet-sno-1391	QO	vclaim-sno-listen-to-scientists	1	87.13808480609781	SimBa
tweet-sno-1391	QO	vclaim-sno-trump-biden-assassination-shot	1	82.65366281527504	SimBa
tweet-sno-1391	QO	vclaim-sno-parents-deported-reunited	1	75.67315816454516	SimBa
tweet-sno-1391	QO	vclaim-sno-trump-biden-resident-meme	1	74.37870424027443	SimBa
tweet-sno-1392	QO	vclaim-sno-biden-pandemic-black-women-grocery	1	44.15451793759712	SimBa
tweet-sno-1392	QO	vclaim-sno-biden-or-trump-female-press-team	1	41.37813441736772	SimBa
tweet-sno-1392	QO	vclaim-sno-biden-accuser-photo	1	36.52499830982584	SimBa
tweet-sno-1392	QO	vclaim-sno-biden-blames-lazy-american-women	1	35.74203627067028	SimBa
tweet-sno-1392	QO	vclaim-sno-biden-woman-gun-photo	1	35.68582080822195	SimBa
tweet-sno-1393	QO	vclaim-sno-clinton-mccabe-donation	1	70.1988472385242	SimBa
tweet-sno-1393	QO	vclaim-sno-hillary-clinton-killed-fbi-raid	1	65.4400984794095	SimBa
tweet-sno-1393	QO	vclaim-sno-hillary-clinton-smash-phone-hammer	1	60.84255906056476	SimBa
tweet-sno-1393	QO	vclaim-sno-raynor-died-expose-clinton	1	58.89676896508754	SimBa
tweet-sno-1393	QO	vclaim-sno-seth-conrad-rich	1	53.47398915752419	SimBa
tweet-sno-1394	QO	vclaim-sno-gay-men-proud-boys-hashtag	1	38.75340172713678	SimBa
tweet-sno-1394	QO	vclaim-sno-proud-boys-mock-trump	1	31.172784485477987	SimBa
tweet-sno-1394	QO	vclaim-sno-musically-tiktok-warning	1	30.97096819822494	SimBa
tweet-sno-1394	QO	vclaim-sno-roger-stone-proud-boys	1	29.934972845161333	SimBa
tweet-sno-1394	QO	vclaim-sno-iphone-12-tiktok-scam	1	29.90876623029678	SimBa
tweet-sno-1395	QO	vclaim-sno-gay-men-proud-boys-hashtag	1	68.83248470320176	SimBa
tweet-sno-1395	QO	vclaim-sno-can-you-vote-online-with-a-hashtag	1	44.00199764222857	SimBa
tweet-sno-1395	QO	vclaim-sno-roger-stone-proud-boys	1	32.35124519394538	SimBa
tweet-sno-1395	QO	vclaim-sno-proud-boys-mock-trump	1	30.529146017531055	SimBa
tweet-sno-1395	QO	vclaim-sno-facebook-ban-posts-save-children	1	30.108343294794295	SimBa
tweet-sno-1396	QO	vclaim-sno-bikers-trump-praying-walter-reed	1	33.74878128029353	SimBa
tweet-sno-1396	QO	vclaim-sno-photograph-shows-100000-bikers-at-trump-rally	1	29.244619998385858	SimBa
tweet-sno-1396	QO	vclaim-sno-motorcycle-group-trump-inauguration	1	26.768637774972397	SimBa
tweet-sno-1396	QO	vclaim-sno-bikers-kavanaugh-support-video	1	25.68181582206154	SimBa
tweet-sno-1396	QO	vclaim-sno-pray-bow-golden-trump-statue	1	24.541710297665006	SimBa
tweet-sno-1397	QO	vclaim-sno-all-time-low	1	64.73148175865708	SimBa
tweet-sno-1397	QO	vclaim-sno-dick-smith-halal-email	1	56.01586794182762	SimBa
tweet-sno-1397	QO	vclaim-sno-trump-covid-fundraising	1	55.955077194136564	SimBa
tweet-sno-1397	QO	vclaim-sno-credit-card-scams	1	44.50355348866528	SimBa
tweet-sno-1397	QO	vclaim-sno-breakup-email-2003	1	44.255106613888046	SimBa
tweet-sno-1398	QO	vclaim-sno-amy-coney-barrett-rhodes-scholar	1	68.35386844138175	SimBa
tweet-sno-1398	QO	vclaim-sno-trump-barrett-looks-nominated	1	36.43221377576382	SimBa
tweet-sno-1398	QO	vclaim-sno-barrett-jail-guard-ruling	1	35.448921063471914	SimBa
tweet-sno-1398	QO	vclaim-sno-amy-coney-barrett-fly	1	35.2681197662608	SimBa
tweet-sno-1398	QO	vclaim-sno-amy-coney-barrett	1	34.25929897481119	SimBa
tweet-sno-1399	QO	vclaim-sno-antifa-flyers-call-for-the-murder-of-white-children	1	43.48195509935559	SimBa
tweet-sno-1399	QO	vclaim-sno-biden-fail-condemn-antifa	1	43.332636725699686	SimBa
tweet-sno-1399	QO	vclaim-sno-antifa-nazi-flags	1	42.84703591261528	SimBa
tweet-sno-1399	QO	vclaim-sno-biden-antifa-courageous-americans	1	42.43352796850329	SimBa
tweet-sno-1399	QO	vclaim-sno-antifa-manual-online	1	42.36902240683174	SimBa
tweet-sno-1400	QO	vclaim-sno-trump-condemn-white-supremacists	1	62.07183099880375	SimBa
tweet-sno-1400	QO	vclaim-sno-intern-white-power-hand-gesture	1	51.482492479452375	SimBa
tweet-sno-1400	QO	vclaim-sno-trump-terror-watch-program	1	49.642333552299895	SimBa
tweet-sno-1400	QO	vclaim-sno-trump-retweets-photo-of-black-supporters	1	49.48073127234437	SimBa
tweet-sno-1400	QO	vclaim-sno-church-mock-trump-sign	1	46.34360797078108	SimBa
tweet-sno-1401	QO	vclaim-sno-bloomberg-buy-trump-debt	1	40.211135539340354	SimBa
tweet-sno-1401	QO	vclaim-sno-clint-eastwood-bloomberg	1	38.72438199457996	SimBa
tweet-sno-1401	QO	vclaim-sno-bloomberg-campaign-prisoners	1	38.424662039756505	SimBa
tweet-sno-1401	QO	vclaim-sno-michael-bloomberg-donald-trump	1	36.369402635181274	SimBa
tweet-sno-1401	QO	vclaim-sno-bloomberg-farmers-gray-matter	1	33.85935699699235	SimBa
