tweet-sno-1200	QO	vclaim-sno-lady-gaga-oreo	1	60.681451416040304	SimBa
tweet-sno-1200	QO	vclaim-sno-black-raspberry-chocolate-chip-oreos	1	53.59524011326475	SimBa
tweet-sno-1200	QO	vclaim-sno-red-velvet-oreos	1	52.1371273224247	SimBa
tweet-sno-1200	QO	vclaim-sno-oreos-fake-tweet	1	47.54957632701338	SimBa
tweet-sno-1200	QO	vclaim-sno-fried-chicken-oreos	1	46.55191885324175	SimBa
tweet-sno-1201	QO	vclaim-sno-biden-executive-order-dictator	1	76.66121357439822	SimBa
tweet-sno-1201	QO	vclaim-sno-biden-violate-mask-mandate	1	66.93176395514604	SimBa
tweet-sno-1201	QO	vclaim-sno-biden-signing-blank-papers	1	65.03851910636087	SimBa
tweet-sno-1201	QO	vclaim-sno-mitch-mcconnell-one-of-my-proudest-moments	1	62.41528346084408	SimBa
tweet-sno-1201	QO	vclaim-sno-mcconnell-democrats-no-victories	1	61.63570938332954	SimBa
tweet-sno-1202	QO	vclaim-sno-biden-executive-order-dictator	1	75.34613052305589	SimBa
tweet-sno-1202	QO	vclaim-sno-biden-second-amendment-phony	1	54.95733188064355	SimBa
tweet-sno-1202	QO	vclaim-sno-jimmy-carter-functioning-democracy	1	53.34935623245328	SimBa
tweet-sno-1202	QO	vclaim-sno-trump-tell-supporters-storm	1	52.07488864511421	SimBa
tweet-sno-1202	QO	vclaim-sno-biden-president-elect-office	1	50.55775222966045	SimBa
tweet-sno-1203	QO	vclaim-sno-farmers-protest-india-flag	1	74.42299942924512	SimBa
tweet-sno-1203	QO	vclaim-sno-indian-flag-capitol-riots	1	57.30946420339605	SimBa
tweet-sno-1203	QO	vclaim-sno-capture-the-flag	1	52.63940943312994	SimBa
tweet-sno-1203	QO	vclaim-sno-911-wwii-memorial-vandalized	1	51.27951548501188	SimBa
tweet-sno-1203	QO	vclaim-sno-trump-flag-american-flag-capitol	1	49.513085638826226	SimBa
tweet-sno-1204	QO	vclaim-sno-biden-bans-china-virus	1	91.2946099220927	SimBa
tweet-sno-1204	QO	vclaim-sno-biden-violate-mask-mandate	1	65.94260530485312	SimBa
tweet-sno-1204	QO	vclaim-sno-power-grid-executive-order	1	65.33083860331217	SimBa
tweet-sno-1204	QO	vclaim-sno-biden-signing-blank-papers	1	64.51764574454118	SimBa
tweet-sno-1204	QO	vclaim-sno-trump-executive-order-biden	1	58.82904578254296	SimBa
tweet-sno-1205	QO	vclaim-sno-trump-office-former-president	1	69.86581062560015	SimBa
tweet-sno-1205	QO	vclaim-sno-trump-national-guard-troops-hotel	1	61.81507066407451	SimBa
tweet-sno-1205	QO	vclaim-sno-trump-twitter-john-barron-1946	1	61.343631872776754	SimBa
tweet-sno-1205	QO	vclaim-sno-sag-letter-president-trump	1	60.61110508723469	SimBa
tweet-sno-1205	QO	vclaim-sno-trump-covid-19-vaccination	1	59.663525604911875	SimBa
tweet-sno-1206	QO	vclaim-sno-trump-office-former-president	1	79.71958720507314	SimBa
tweet-sno-1206	QO	vclaim-sno-trump-reinstated-belief	1	62.34309216663646	SimBa
tweet-sno-1206	QO	vclaim-sno-trump-twitter-john-barron-1946	1	62.278520565339896	SimBa
tweet-sno-1206	QO	vclaim-sno-sag-letter-president-trump	1	61.65287823379598	SimBa
tweet-sno-1206	QO	vclaim-sno-patriot-party-trump	1	59.15499342422646	SimBa
tweet-sno-1207	QO	vclaim-sno-cocaine-smuggled-in-bananas	1	61.33489594751167	SimBa
tweet-sno-1207	QO	vclaim-sno-mule-dear	1	50.04423085877678	SimBa
tweet-sno-1207	QO	vclaim-sno-cia-crossing-border-cocaine	1	48.41387438060627	SimBa
tweet-sno-1207	QO	vclaim-sno-seattle-crochet-cocaine	1	46.99997597590294	SimBa
tweet-sno-1207	QO	vclaim-sno-mexico-seizes-us-cocaine	1	46.95657967281093	SimBa
tweet-sno-1208	QO	vclaim-sno-national-guard-parking-garage	1	61.208039831537874	SimBa
tweet-sno-1208	QO	vclaim-sno-military-band-hit-the-road-jack	1	51.36890091062878	SimBa
tweet-sno-1208	QO	vclaim-sno-marines-corps-rebuke-pelosi	1	50.230401393639426	SimBa
tweet-sno-1208	QO	vclaim-sno-president-biden-flags-removed-oval	1	49.384799537039825	SimBa
tweet-sno-1208	QO	vclaim-sno-biden-troops-stupid-bastards	1	49.30970045212664	SimBa
tweet-sno-1209	QO	vclaim-sno-schumer-erection-senate-floor	1	68.29755689272878	SimBa
tweet-sno-1209	QO	vclaim-sno-schumer-tweet-china-travel	1	60.2372652007071	SimBa
tweet-sno-1209	QO	vclaim-sno-trump-letter-schumer	1	59.779053091723256	SimBa
tweet-sno-1209	QO	vclaim-sno-bannon-hell-capitol-attack	1	56.047157189866695	SimBa
tweet-sno-1209	QO	vclaim-sno-mcconnell-trump-attack-capitol	1	56.00929410416141	SimBa
tweet-sno-1210	QO	vclaim-sno-schumer-erection-senate-floor	1	70.9250013580805	SimBa
tweet-sno-1210	QO	vclaim-sno-chuck-schumer-resigns-disgrace	1	47.08150596184814	SimBa
tweet-sno-1210	QO	vclaim-sno-trump-tweets-photo-genitals	1	46.442994355652004	SimBa
tweet-sno-1210	QO	vclaim-sno-chuck-schumer-kissing-a-girl	1	44.618903625556484	SimBa
tweet-sno-1210	QO	vclaim-sno-mcconnell-trump-attack-capitol	1	43.835917979936596	SimBa
tweet-sno-1211	QO	vclaim-sno-schumer-erection-senate-floor	1	78.29028522344062	SimBa
tweet-sno-1211	QO	vclaim-sno-mcconnell-trump-attack-capitol	1	63.65432909225361	SimBa
tweet-sno-1211	QO	vclaim-sno-bannon-hell-capitol-attack	1	58.09880243866792	SimBa
tweet-sno-1211	QO	vclaim-sno-republican-senators-up-shits-creek	1	57.807546155679745	SimBa
tweet-sno-1211	QO	vclaim-sno-trump-letter-schumer	1	55.62535796892976	SimBa
tweet-sno-1212	QO	vclaim-sno-schumer-erection-senate-floor	1	72.23868885083505	SimBa
tweet-sno-1212	QO	vclaim-sno-schumer-daughter-cheerleader	1	45.917091808008955	SimBa
tweet-sno-1212	QO	vclaim-sno-msnbc-pecker-chyron	1	45.89444930227927	SimBa
tweet-sno-1212	QO	vclaim-sno-did-c-span-insult-mitch-mcconnell	1	45.046749161933334	SimBa
tweet-sno-1212	QO	vclaim-sno-mike-shirkey-capitol-riot-hoax	1	44.182564599997114	SimBa
tweet-sno-1213	QO	vclaim-sno-schumer-erection-senate-floor	1	67.25934238738043	SimBa
tweet-sno-1213	QO	vclaim-sno-chuck-norris-capitol-riot	1	45.50088305098947	SimBa
tweet-sno-1213	QO	vclaim-sno-golden-trump-statue-cpac	1	44.948052195170774	SimBa
tweet-sno-1213	QO	vclaim-sno-does-schumer-have-concealed-permit	1	43.246164875919305	SimBa
tweet-sno-1213	QO	vclaim-sno-obama-white-house-statue	1	42.53688824027921	SimBa
tweet-sno-1214	QO	vclaim-sno-schumer-erection-senate-floor	1	74.05046896570565	SimBa
tweet-sno-1214	QO	vclaim-sno-biden-pandemic-statement	1	47.537097926584195	SimBa
tweet-sno-1214	QO	vclaim-sno-trump-biden-resident-meme	1	45.899507756638904	SimBa
tweet-sno-1214	QO	vclaim-sno-greta-thunberg-capitol-rioter	1	45.353626449867384	SimBa
tweet-sno-1214	QO	vclaim-sno-mike-shirkey-capitol-riot-hoax	1	45.321671076459154	SimBa
tweet-sno-1215	QO	vclaim-sno-bernice-king-mlk-day-instagram	1	76.41643350161769	SimBa
tweet-sno-1215	QO	vclaim-sno-i-have-a-what	1	47.464343521243876	SimBa
tweet-sno-1215	QO	vclaim-sno-amy-coney-barrett	1	45.74818424028928	SimBa
tweet-sno-1215	QO	vclaim-sno-kamala-harris-plagiarize-mlk	1	45.38337342397087	SimBa
tweet-sno-1215	QO	vclaim-sno-first-fangirl	1	45.36943661156805	SimBa
tweet-sno-1216	QO	vclaim-sno-mypillow-discount-codes-qanon	1	59.61253060004854	SimBa
tweet-sno-1216	QO	vclaim-sno-mypillow-antifa-temptresses	1	47.94241549813605	SimBa
tweet-sno-1216	QO	vclaim-sno-trump-fail-to-denounce-qanon	1	45.88357997807061	SimBa
tweet-sno-1216	QO	vclaim-sno-white-house-trump-accomplishments	1	45.29340916773646	SimBa
tweet-sno-1216	QO	vclaim-sno-trump-defeats-covid19-coin	1	43.38433413083133	SimBa
tweet-sno-1217	QO	vclaim-sno-tesla-hiring-complaints-elon-musk	1	72.23483929515776	SimBa
tweet-sno-1217	QO	vclaim-sno-elon-musk-billboard	1	45.4315011314673	SimBa
tweet-sno-1217	QO	vclaim-sno-kanye-west-elon-musk	1	43.375405686336656	SimBa
tweet-sno-1217	QO	vclaim-sno-elon-musk-illegal-immigrant	1	42.20361656086779	SimBa
tweet-sno-1217	QO	vclaim-sno-elon-musk-snl-aspergers-reveal	1	41.57491112540416	SimBa
tweet-sno-1218	QO	vclaim-sno-do-scented-candles-cause-cancer	1	55.51994322007868	SimBa
tweet-sno-1218	QO	vclaim-sno-gwyneth-vagina-candle-explode	1	53.52020351804971	SimBa
tweet-sno-1218	QO	vclaim-sno-crayon-candle	1	51.34729483742325	SimBa
tweet-sno-1218	QO	vclaim-sno-downy-unstopables-warmer-warning	1	50.34226853664488	SimBa
tweet-sno-1218	QO	vclaim-sno-cfl-bulb-fire-risk	1	47.90835544497011	SimBa
tweet-sno-1219	QO	vclaim-sno-marjorie-taylor-greene-twitter	1	89.87721609409164	SimBa
tweet-sno-1219	QO	vclaim-sno-twitter-marjorie-taylor-greene	1	81.49563366983818	SimBa
tweet-sno-1219	QO	vclaim-sno-did-twitter-lock-trumps-account	1	66.97291125768068	SimBa
tweet-sno-1219	QO	vclaim-sno-trump-twitter-john-barron-1946	1	65.54752455505324	SimBa
tweet-sno-1219	QO	vclaim-sno-twitter-warning-trumps-tweet	1	61.94873450881384	SimBa
tweet-sno-1220	QO	vclaim-sno-burger-king-logo-new	1	73.75999504538417	SimBa
tweet-sno-1220	QO	vclaim-sno-yumbo-drop	1	47.30596175224208	SimBa
tweet-sno-1220	QO	vclaim-sno-subservient-chicken	1	44.23206638429114	SimBa
tweet-sno-1220	QO	vclaim-sno-donald-trump-swastika-logo	1	42.031453539805284	SimBa
tweet-sno-1220	QO	vclaim-sno-walter-wetzel-redskins-logo	1	41.99841616613409	SimBa
tweet-sno-1221	QO	vclaim-sno-covid-vaccine-throw-away	1	53.11277465098044	SimBa
tweet-sno-1221	QO	vclaim-sno-cdc-halts-us-jj-covid-shots	1	50.70662988314099	SimBa
tweet-sno-1221	QO	vclaim-sno-cuomo-vaccine-bad-news-trump	1	50.346566750332045	SimBa
tweet-sno-1221	QO	vclaim-sno-biden-covid-vaccine-2	1	48.28045180620906	SimBa
tweet-sno-1221	QO	vclaim-sno-mandatory-covid-vaccination	1	48.01649773053367	SimBa
tweet-sno-1222	QO	vclaim-sno-trump-jr-impeached-deplorable	1	83.17235773399747	SimBa
tweet-sno-1222	QO	vclaim-sno-newsweek-report-trump-impeachment	1	59.336212958073	SimBa
tweet-sno-1222	QO	vclaim-sno-trump-impeachment-votes	1	58.983480829120886	SimBa
tweet-sno-1222	QO	vclaim-sno-trump-impeachment-dow-jones	1	58.59071445419999	SimBa
tweet-sno-1222	QO	vclaim-sno-trump-impeach-market-crash	1	56.9870939147569	SimBa
tweet-sno-1223	QO	vclaim-sno-armie-hammer-cannibal-lifestyle	1	57.950619476819625	SimBa
tweet-sno-1223	QO	vclaim-sno-ynw-melly-stabbed-death-prison	1	38.2476014459333	SimBa
tweet-sno-1223	QO	vclaim-sno-drunk-man-has-sex-with-snowman	1	36.28766868548801	SimBa
tweet-sno-1223	QO	vclaim-sno-jamie-allman-david-hogg-poker	1	36.16556849760373	SimBa
tweet-sno-1223	QO	vclaim-sno-monsters-inc-sex-drawing	1	35.685477746007734	SimBa
tweet-sno-1224	QO	vclaim-sno-indian-flag-capitol-riots	1	54.9111492817561	SimBa
tweet-sno-1224	QO	vclaim-sno-capitol-window-wave-video	1	48.32338736521113	SimBa
tweet-sno-1224	QO	vclaim-sno-farmers-protest-india-flag	1	47.143336489566394	SimBa
tweet-sno-1224	QO	vclaim-sno-raz-simone-guns	1	46.45754938527326	SimBa
tweet-sno-1224	QO	vclaim-sno-capitol-police-selfie	1	46.142490784507075	SimBa
tweet-sno-1225	QO	vclaim-sno-syringe-cakes	1	73.93733805075328	SimBa
tweet-sno-1225	QO	vclaim-sno-germanely-chocolate-cake	1	45.54180590220837	SimBa
tweet-sno-1225	QO	vclaim-sno-lolli-pox	1	43.30317981795522	SimBa
tweet-sno-1225	QO	vclaim-sno-parade-grounds	1	42.12460483747374	SimBa
tweet-sno-1225	QO	vclaim-sno-ice-cream-covid19	1	41.47447231986435	SimBa
tweet-sno-1226	QO	vclaim-sno-trump-carved-manatees-back	1	74.25445338714773	SimBa
tweet-sno-1226	QO	vclaim-sno-dermophis-donaldtrumpi-amphibian-trump	1	54.269438919762585	SimBa
tweet-sno-1226	QO	vclaim-sno-florida-invasive-species	1	49.14211537648404	SimBa
tweet-sno-1226	QO	vclaim-sno-lions-mane-mushroom	1	46.41613089504701	SimBa
tweet-sno-1226	QO	vclaim-sno-trump-cecil-lion-wildlife-conservation-council	1	44.288396401894516	SimBa
tweet-sno-1227	QO	vclaim-sno-mary-miller-hitler	1	64.85882140650013	SimBa
tweet-sno-1227	QO	vclaim-sno-candace-owens-pelosi-capitol	1	46.420908996625045	SimBa
tweet-sno-1227	QO	vclaim-sno-trumps-rnc-speech-plagiarized-hitler	1	46.09370112808907	SimBa
tweet-sno-1227	QO	vclaim-sno-aoc-capitol-attack	1	45.844999166801585	SimBa
tweet-sno-1227	QO	vclaim-sno-liselotte-hubner-donald-trump	1	45.71458598577712	SimBa
tweet-sno-1228	QO	vclaim-sno-mary-miller-hitler	1	67.65760056798918	SimBa
tweet-sno-1228	QO	vclaim-sno-trump-hitler-heritage-tweet	1	46.11669268232021	SimBa
tweet-sno-1228	QO	vclaim-sno-liselotte-hubner-donald-trump	1	45.366714023009045	SimBa
tweet-sno-1228	QO	vclaim-sno-to-conquer-a-nation	1	43.89311457671897	SimBa
tweet-sno-1228	QO	vclaim-sno-1922-new-york-times-hitler	1	43.85894707600085	SimBa
tweet-sno-1229	QO	vclaim-sno-capitol-riot-no-fly-list	1	61.03714138685623	SimBa
tweet-sno-1229	QO	vclaim-sno-reconnaissance-tours	1	54.99964945949933	SimBa
tweet-sno-1229	QO	vclaim-sno-rioters-capitol-flagpole	1	54.22932302586607	SimBa
tweet-sno-1229	QO	vclaim-sno-tucker-carlson-capitol-attack	1	53.69529366110078	SimBa
tweet-sno-1229	QO	vclaim-sno-capitol-police-opened-gates	1	53.27452043973836	SimBa
tweet-sno-1230	QO	vclaim-sno-capitol-riot-taser-death	1	62.544611883856035	SimBa
tweet-sno-1230	QO	vclaim-sno-getting-the-hang-of-it	1	50.697801661094694	SimBa
tweet-sno-1230	QO	vclaim-sno-lethal-indirection	1	49.11821895043569	SimBa
tweet-sno-1230	QO	vclaim-sno-chicago-code-blue-fb-meme	1	48.08497118019627	SimBa
tweet-sno-1230	QO	vclaim-sno-selfie-taken-dead-coworker	1	45.210804035121114	SimBa
tweet-sno-1231	QO	vclaim-sno-irs-stimulus-check-1200	1	57.240095728937064	SimBa
tweet-sno-1231	QO	vclaim-sno-can-you-hear-me-scam	1	56.035146987581435	SimBa
tweet-sno-1231	QO	vclaim-sno-mobile-phone-sim-card-swap	1	54.53394240106417	SimBa
tweet-sno-1231	QO	vclaim-sno-parcel-delivery-service	1	51.240764888712434	SimBa
tweet-sno-1231	QO	vclaim-sno-9-0-phone-scam	1	50.94557785987618	SimBa
tweet-sno-1232	QO	vclaim-sno-warnock-arrested-capitol-praying	1	69.2981709829982	SimBa
tweet-sno-1232	QO	vclaim-sno-capitol-riot-podium	1	58.878075177493315	SimBa
tweet-sno-1232	QO	vclaim-sno-aoc-capitol-attack	1	58.18397363161218	SimBa
tweet-sno-1232	QO	vclaim-sno-rioters-capitol-flagpole	1	58.071357892152946	SimBa
tweet-sno-1232	QO	vclaim-sno-newspaper-rioters-photo-antifa	1	57.142898841158996	SimBa
tweet-sno-1233	QO	vclaim-sno-tomi-lahren-biden-supporters-loot	1	79.3353421229134	SimBa
tweet-sno-1233	QO	vclaim-sno-fake-aoc-purge-tweet	1	59.50863190752409	SimBa
tweet-sno-1233	QO	vclaim-sno-truckers-strike-thanksgiving	1	59.35664851546066	SimBa
tweet-sno-1233	QO	vclaim-sno-trump-tell-supporters-storm	1	59.2535342601049	SimBa
tweet-sno-1233	QO	vclaim-sno-antifa-flyer-trump-supporters	1	58.2828150612479	SimBa
tweet-sno-1234	QO	vclaim-sno-two-women-save-electoral-votes	1	66.98734232907661	SimBa
tweet-sno-1234	QO	vclaim-sno-ballots-georgia-senate	1	56.50017247608079	SimBa
tweet-sno-1234	QO	vclaim-sno-shots-fired-capitol	1	56.058799784960236	SimBa
tweet-sno-1234	QO	vclaim-sno-rioters-capitol-flagpole	1	53.438763413534204	SimBa
tweet-sno-1234	QO	vclaim-sno-pence-escorted	1	51.53310690183382	SimBa
tweet-sno-1235	QO	vclaim-sno-two-women-save-electoral-votes	1	72.19183517901064	SimBa
tweet-sno-1235	QO	vclaim-sno-ginni-thomas-buses	1	42.415309197775656	SimBa
tweet-sno-1235	QO	vclaim-sno-georgia-suitcases	1	41.478159073597226	SimBa
tweet-sno-1235	QO	vclaim-sno-biden-ossoff-warnock-checks-2000	1	40.199685889663314	SimBa
tweet-sno-1235	QO	vclaim-sno-ballots-georgia-senate	1	40.05836075605813	SimBa
tweet-sno-1236	QO	vclaim-sno-trump-riot-camp-auschwitz-shirt	1	51.434068145171096	SimBa
tweet-sno-1236	QO	vclaim-sno-trump-armbands	1	44.75220143924021	SimBa
tweet-sno-1236	QO	vclaim-sno-draketown-swastika-nazis	1	43.598404224559744	SimBa
tweet-sno-1236	QO	vclaim-sno-high-school-prom-nazi-salute	1	43.28651244736933	SimBa
tweet-sno-1236	QO	vclaim-sno-nazi-american-flags-real	1	42.50620525541469	SimBa
tweet-sno-1237	QO	vclaim-sno-capitol-riot-podium	1	65.63060506747715	SimBa
tweet-sno-1237	QO	vclaim-sno-aoc-capitol-attack	1	62.51320836488723	SimBa
tweet-sno-1237	QO	vclaim-sno-police-hold-hand-trump-riot	1	61.39146217183816	SimBa
tweet-sno-1237	QO	vclaim-sno-hang-mike-pence-chant-capitol-riot	1	56.54000059152537	SimBa
tweet-sno-1237	QO	vclaim-sno-shots-fired-capitol	1	56.49897602503681	SimBa
tweet-sno-1238	QO	vclaim-sno-elizabeth-knoxville-onion-towel	1	48.61893923814654	SimBa
tweet-sno-1238	QO	vclaim-sno-aoc-capitol-attack	1	47.727591534353365	SimBa
tweet-sno-1238	QO	vclaim-sno-nurse-gop-convention-shooting	1	41.81401020632619	SimBa
tweet-sno-1238	QO	vclaim-sno-capitol-riot-podium	1	41.62504590964474	SimBa
tweet-sno-1238	QO	vclaim-sno-capitol-riot-mace-police	1	40.998901096789126	SimBa
tweet-sno-1239	QO	vclaim-sno-giuliani-rally-speech	1	52.253188131391106	SimBa
tweet-sno-1239	QO	vclaim-sno-quantum-blockchain-watermark-vote	1	50.23623304394939	SimBa
tweet-sno-1239	QO	vclaim-sno-qanon-shaman-jake-angeli-testify	1	47.398185122660855	SimBa
tweet-sno-1239	QO	vclaim-sno-california-unlawful-ballots	1	46.31311279957209	SimBa
tweet-sno-1239	QO	vclaim-sno-my-cousin-vinny-giuliani	1	45.42303879524121	SimBa
tweet-sno-1240	QO	vclaim-sno-national-guard-trump-mob	1	84.01508215660517	SimBa
tweet-sno-1240	QO	vclaim-sno-lincoln-memorial-defaced-protesters	1	68.10189760782484	SimBa
tweet-sno-1240	QO	vclaim-sno-troops-guarding-lincoln-memorial	1	65.3378184974642	SimBa
tweet-sno-1240	QO	vclaim-sno-attempted-robbery-target-field	1	61.74602670886357	SimBa
tweet-sno-1240	QO	vclaim-sno-911-wwii-memorial-vandalized	1	59.10531668089599	SimBa
tweet-sno-1241	QO	vclaim-sno-trump-threaten-federal-buildings	1	85.56777608798424	SimBa
tweet-sno-1241	QO	vclaim-sno-law-charges-protesters-with-terrorism	1	63.96906547484919	SimBa
tweet-sno-1241	QO	vclaim-sno-mike-pence-tweet	1	57.294569523902695	SimBa
tweet-sno-1241	QO	vclaim-sno-trump-protesters-cans-of-soup	1	54.24712110950451	SimBa
tweet-sno-1241	QO	vclaim-sno-portland-protesters-burn-bibles	1	53.02131374171337	SimBa
tweet-sno-1242	QO	vclaim-sno-pence-trump-twitter-jan-6-riots	1	65.50847029902557	SimBa
tweet-sno-1242	QO	vclaim-sno-onlyfans-trump-ban-capitol	1	60.89436055785731	SimBa
tweet-sno-1242	QO	vclaim-sno-trump-lose-followers-first-time	1	58.743292491731964	SimBa
tweet-sno-1242	QO	vclaim-sno-trump-twitter-john-barron-1946	1	57.23924366554145	SimBa
tweet-sno-1242	QO	vclaim-sno-twitter-delete-trump-account-racism	1	55.21609550582551	SimBa
tweet-sno-1243	QO	vclaim-sno-trump-flag-american-flag-capitol	1	67.34572211687518	SimBa
tweet-sno-1243	QO	vclaim-sno-confederate-flag-capitol-dc	1	66.21480016359963	SimBa
tweet-sno-1243	QO	vclaim-sno-aoc-confederate-flag-richmond	1	65.58113607636687	SimBa
tweet-sno-1243	QO	vclaim-sno-indian-flag-capitol-riots	1	65.02930022493625	SimBa
tweet-sno-1243	QO	vclaim-sno-noose-hung-outside-capitol	1	63.82132945511073	SimBa
tweet-sno-1244	QO	vclaim-sno-trump-flag-american-flag-capitol	1	61.56547925255009	SimBa
tweet-sno-1244	QO	vclaim-sno-biden-russian-flag	1	59.76207209443362	SimBa
tweet-sno-1244	QO	vclaim-sno-confederate-flag-capitol-dc	1	56.95637512343436	SimBa
tweet-sno-1244	QO	vclaim-sno-kevin-seefried-democrat-biden	1	56.20960621086146	SimBa
tweet-sno-1244	QO	vclaim-sno-russian-flag-texas-capitol	1	55.83693688715077	SimBa
tweet-sno-1245	QO	vclaim-sno-kevin-seefried-democrat-biden	1	73.06221964303477	SimBa
tweet-sno-1245	QO	vclaim-sno-confederate-flag-capitol-dc	1	68.91563720030608	SimBa
tweet-sno-1245	QO	vclaim-sno-trump-flag-american-flag-capitol	1	68.32222003004054	SimBa
tweet-sno-1245	QO	vclaim-sno-capitol-riot-podium	1	64.7572746403008	SimBa
tweet-sno-1245	QO	vclaim-sno-capitol-police-selfie	1	63.97499385009061	SimBa
tweet-sno-1246	QO	vclaim-sno-cross-erected-capitol-building	1	79.23487273282245	SimBa
tweet-sno-1246	QO	vclaim-sno-noose-hung-outside-capitol	1	56.6611240220625	SimBa
tweet-sno-1246	QO	vclaim-sno-trump-flag-american-flag-capitol	1	52.21226103099701	SimBa
tweet-sno-1246	QO	vclaim-sno-indian-flag-capitol-riots	1	49.78868164669852	SimBa
tweet-sno-1246	QO	vclaim-sno-us-capitol-security-fence	1	48.99294418611057	SimBa
tweet-sno-1247	QO	vclaim-sno-bill-gates-id2020	1	47.82699306004554	SimBa
tweet-sno-1247	QO	vclaim-sno-chip-off-the-old-salk	1	47.7922499789174	SimBa
tweet-sno-1247	QO	vclaim-sno-covid-5g-chip-diagram	1	47.546787783896306	SimBa
tweet-sno-1247	QO	vclaim-sno-canine-vaccine-covid-19	1	45.10206710091378	SimBa
tweet-sno-1247	QO	vclaim-sno-did-trump-praise-covid-19-vaccines	1	44.791852356250914	SimBa
tweet-sno-1248	QO	vclaim-sno-snow-los-angeles	1	67.67645856545016	SimBa
tweet-sno-1248	QO	vclaim-sno-snowfall-in-the-sahara	1	49.35048223077817	SimBa
tweet-sno-1248	QO	vclaim-sno-does-photo-show-skull-face	1	48.621789506583404	SimBa
tweet-sno-1248	QO	vclaim-sno-gods-painting	1	48.01125914862361	SimBa
tweet-sno-1248	QO	vclaim-sno-clouds-over-california-wildfires	1	47.97726579658273	SimBa
tweet-sno-1249	QO	vclaim-sno-snow-los-angeles	1	64.60386060571619	SimBa
tweet-sno-1249	QO	vclaim-sno-record-snowfall-in-oswego	1	49.67028804525669	SimBa
tweet-sno-1249	QO	vclaim-sno-snowfall-in-the-sahara	1	48.63303138876782	SimBa
tweet-sno-1249	QO	vclaim-sno-devastating-snowfall-predicted-nw-montana-early-2018	1	46.388761889131054	SimBa
tweet-sno-1249	QO	vclaim-sno-nepal-avalanche	1	44.08686829850397	SimBa
tweet-sno-1250	QO	vclaim-sno-pennsylvania-205000-votes	1	84.112248193836	SimBa
tweet-sno-1250	QO	vclaim-sno-trump-wins-pennsylvania	1	76.91372244294597	SimBa
tweet-sno-1250	QO	vclaim-sno-erie-pennsylvania-trump-ballots	1	73.49577629360384	SimBa
tweet-sno-1250	QO	vclaim-sno-floyd-county-georgia-votes	1	68.62161886831022	SimBa
tweet-sno-1250	QO	vclaim-sno-did-nevada-gop-electors-vote-for-trump	1	66.98505037781867	SimBa
tweet-sno-1251	QO	vclaim-sno-floyd-county-georgia-votes	1	67.46682578868737	SimBa
tweet-sno-1251	QO	vclaim-sno-georgia-signature-audit	1	67.12708856407814	SimBa
tweet-sno-1251	QO	vclaim-sno-pennsylvania-205000-votes	1	64.40125190099563	SimBa
tweet-sno-1251	QO	vclaim-sno-ballots-lancaster-pa	1	63.07312633443069	SimBa
tweet-sno-1251	QO	vclaim-sno-ga-senator-counting-pa	1	59.75133927126299	SimBa
tweet-sno-1252	QO	vclaim-sno-ticketmaster-negative-covid-test	1	51.02975226451383	SimBa
tweet-sno-1252	QO	vclaim-sno-covid-vax-false-hiv	1	51.00809614526584	SimBa
tweet-sno-1252	QO	vclaim-sno-covid-flu-tamiflu	1	50.99401899445056	SimBa
tweet-sno-1252	QO	vclaim-sno-flu-vaccine-covid-buttar	1	48.67254741961281	SimBa
tweet-sno-1252	QO	vclaim-sno-coronavirus-test-donate-blood	1	47.651590835941214	SimBa
tweet-sno-1253	QO	vclaim-sno-scott-walker-pizza	1	57.979192509267044	SimBa
tweet-sno-1253	QO	vclaim-sno-goya-ceo-praise-trump	1	41.69489045999313	SimBa
tweet-sno-1253	QO	vclaim-sno-alex-acosta-family-photograph	1	40.22177228342508	SimBa
tweet-sno-1253	QO	vclaim-sno-newsom-french-laundry	1	40.0419856817755	SimBa
tweet-sno-1253	QO	vclaim-sno-donald-trump-haters-and-losers	1	37.94366542028967	SimBa
tweet-sno-1254	QO	vclaim-sno-swimming-pool-wonderful-life	1	44.23144035207433	SimBa
tweet-sno-1254	QO	vclaim-sno-student-suspended-pretending-transgender-locker-room	1	38.62661717970009	SimBa
tweet-sno-1254	QO	vclaim-sno-girls-impregnated-swimming-in-pool	1	35.44937353542716	SimBa
tweet-sno-1254	QO	vclaim-sno-room-service	1	34.839837247116364	SimBa
tweet-sno-1254	QO	vclaim-sno-world39s-largest-swimming-pool	1	33.52062202939891	SimBa
tweet-sno-1255	QO	vclaim-sno-swimming-pool-wonderful-life	1	62.22689621614683	SimBa
tweet-sno-1255	QO	vclaim-sno-world39s-largest-swimming-pool	1	35.47286813301082	SimBa
tweet-sno-1255	QO	vclaim-sno-david-hogg-attend-california-high-school	1	31.6149023974519	SimBa
tweet-sno-1255	QO	vclaim-sno-bowl-o-bama	1	30.20699363924639	SimBa
tweet-sno-1255	QO	vclaim-sno-disney-matterhorn-basketball-court	1	29.89570346749169	SimBa
tweet-sno-1256	QO	vclaim-sno-kfc-gaming-console	1	48.32052403307805	SimBa
tweet-sno-1256	QO	vclaim-sno-among-us-chicken-nugget-sale	1	35.42636983520077	SimBa
tweet-sno-1256	QO	vclaim-sno-chick-fil-a-tiktok-nuggets-recipe	1	33.53635653455245	SimBa
tweet-sno-1256	QO	vclaim-sno-kfc-really-create-chicken-scented-candle	1	33.079456893793434	SimBa
tweet-sno-1256	QO	vclaim-sno-viral-molten-copper-big-mac	1	32.46532504393817	SimBa
tweet-sno-1257	QO	vclaim-sno-graham-buttigieg-repent	1	75.50129496402872	SimBa
tweet-sno-1257	QO	vclaim-sno-billy-graham-say-homosexuals-castrated	1	59.017227513256664	SimBa
tweet-sno-1257	QO	vclaim-sno-biden-christians-lgbtq-rights	1	52.54390521532249	SimBa
tweet-sno-1257	QO	vclaim-sno-evangelical-trump-gay	1	51.255366445911655	SimBa
tweet-sno-1257	QO	vclaim-sno-rush-limbaugh-marriage-children	1	49.64543742457657	SimBa
tweet-sno-1258	QO	vclaim-sno-tom-brady-ppp	1	55.58589235821421	SimBa
tweet-sno-1258	QO	vclaim-sno-samuel-l-jackson-rappers-tweet	1	46.67924290659313	SimBa
tweet-sno-1258	QO	vclaim-sno-kanye-west-votes-kentucky	1	45.24539274539357	SimBa
tweet-sno-1258	QO	vclaim-sno-us-millionaires-stimulus-checks	1	45.181050384920425	SimBa
tweet-sno-1258	QO	vclaim-sno-osteen-coronavirus-loan	1	44.641206484790644	SimBa
tweet-sno-1259	QO	vclaim-sno-vatican-nativity	1	54.070277114069654	SimBa
tweet-sno-1259	QO	vclaim-sno-facebook-santa-jesus-image	1	44.28034372418752	SimBa
tweet-sno-1259	QO	vclaim-sno-belgian-town-removes-nativity-scene-appease-four-muslim-residents	1	44.19019513221144	SimBa
tweet-sno-1259	QO	vclaim-sno-no-nativity-scenes-white-house	1	43.633931953933676	SimBa
tweet-sno-1259	QO	vclaim-sno-lancasters-centerville-elementary-school-cancels-offensive-christmas-play	1	38.94574760272347	SimBa
tweet-sno-1260	QO	vclaim-sno-cyberpunk-2077-refunds	1	78.98759543855758	SimBa
tweet-sno-1260	QO	vclaim-sno-xbox-playstation-ps5-congrats	1	44.51296272166625	SimBa
tweet-sno-1260	QO	vclaim-sno-all-work-and-no-playstation	1	43.63849847473565	SimBa
tweet-sno-1260	QO	vclaim-sno-best-buy-gift-card-scam	1	39.77470269408347	SimBa
tweet-sno-1260	QO	vclaim-sno-many-unhappy-returns	1	39.67561154939452	SimBa
tweet-sno-1261	QO	vclaim-sno-cyberpunk-2077-refunds	1	82.25393589549832	SimBa
tweet-sno-1261	QO	vclaim-sno-xbox-playstation-ps5-congrats	1	46.317889110434095	SimBa
tweet-sno-1261	QO	vclaim-sno-costco-policy-change	1	41.32946473642525	SimBa
tweet-sno-1261	QO	vclaim-sno-target-holiday-stores	1	38.33645537191956	SimBa
tweet-sno-1261	QO	vclaim-sno-all-work-and-no-playstation	1	35.675690139681635	SimBa
tweet-sno-1262	QO	vclaim-sno-extraterrestrial-material-asteroid	1	44.37388428546235	SimBa
tweet-sno-1262	QO	vclaim-sno-nobel-laureate-tasuku-honjo-covid	1	38.473615251189244	SimBa
tweet-sno-1262	QO	vclaim-sno-mars-real-audio	1	38.100085414414465	SimBa
tweet-sno-1262	QO	vclaim-sno-obama-fauci-gates-wuhan-lab	1	36.676742447165466	SimBa
tweet-sno-1262	QO	vclaim-sno-li-meng-yan-covid-19-lab	1	35.91194369558495	SimBa
tweet-sno-1263	QO	vclaim-sno-supreme-court-erupt-shouting-match	1	66.75190109235257	SimBa
tweet-sno-1263	QO	vclaim-sno-justice-roberts-impeachment-vote	1	52.08923589508828	SimBa
tweet-sno-1263	QO	vclaim-sno-republican-senators-up-shits-creek	1	49.38083738480695	SimBa
tweet-sno-1263	QO	vclaim-sno-supreme-court-justices-stand	1	49.335772532093216	SimBa
tweet-sno-1263	QO	vclaim-sno-trump-tweet-obama-scotus	1	47.503270593986436	SimBa
tweet-sno-1264	QO	vclaim-sno-schitts-creek-motel-seattle	1	56.43093263268377	SimBa
tweet-sno-1264	QO	vclaim-sno-redneck-mansion	1	35.066810872631294	SimBa
tweet-sno-1264	QO	vclaim-sno-trump-sign-hollywood-los-angeles	1	34.27139241258061	SimBa
tweet-sno-1264	QO	vclaim-sno-sanders-vermont-mansion	1	33.2964410106773	SimBa
tweet-sno-1264	QO	vclaim-sno-french-bulldog-kentucky-mayor	1	32.64325526545875	SimBa
tweet-sno-1265	QO	vclaim-sno-schitts-creek-motel-seattle	1	76.32973340073009	SimBa
tweet-sno-1265	QO	vclaim-sno-moira-rose-home-alone	1	50.57568805870392	SimBa
tweet-sno-1265	QO	vclaim-sno-tarzan-and-tarzana	1	39.086130927787664	SimBa
tweet-sno-1265	QO	vclaim-sno-mtg-fort-pelosi-us-capitol	1	38.593339361857254	SimBa
tweet-sno-1265	QO	vclaim-sno-glove-thy-neighbor	1	37.791144003153406	SimBa
tweet-sno-1266	QO	vclaim-sno-popular-vote-totals-rigged	1	76.85072923313766	SimBa
tweet-sno-1266	QO	vclaim-sno-everylegalvote-2020-election	1	62.848240465573994	SimBa
tweet-sno-1266	QO	vclaim-sno-simple-math-on-biden-votes	1	61.43075676179137	SimBa
tweet-sno-1266	QO	vclaim-sno-could-trump-defy-popular-vote	1	61.14710611931626	SimBa
tweet-sno-1266	QO	vclaim-sno-floyd-county-georgia-votes	1	60.87510872914628	SimBa
tweet-sno-1267	QO	vclaim-sno-the-north-face-refuse-jackets	1	78.45406747741407	SimBa
tweet-sno-1267	QO	vclaim-sno-ace-hardware-stands-against-standing-rock	1	48.3929004690614	SimBa
tweet-sno-1267	QO	vclaim-sno-gas-station-shuns-serviceman	1	46.47916023212356	SimBa
tweet-sno-1267	QO	vclaim-sno-big-oil	1	45.9865325837837	SimBa
tweet-sno-1267	QO	vclaim-sno-mittens-bernie-sanders	1	42.71727497272123	SimBa
tweet-sno-1268	QO	vclaim-sno-alex-jones-biden-removed	1	81.67853264006355	SimBa
tweet-sno-1268	QO	vclaim-sno-trump-biden-assassination-shot	1	63.1829160865122	SimBa
tweet-sno-1268	QO	vclaim-sno-biden-trump-xenophobic	1	62.450691323256905	SimBa
tweet-sno-1268	QO	vclaim-sno-tomi-lahren-biden-supporters-loot	1	61.84216235547474	SimBa
tweet-sno-1268	QO	vclaim-sno-trump-tell-supporters-storm	1	61.10674939738138	SimBa
tweet-sno-1269	QO	vclaim-sno-allstate-island-real	1	63.43368893661959	SimBa
tweet-sno-1269	QO	vclaim-sno-spongebob-epstein-island-address	1	38.35976358296374	SimBa
tweet-sno-1269	QO	vclaim-sno-jacobs-well-dangerous-california	1	35.59908002768901	SimBa
tweet-sno-1269	QO	vclaim-sno-trump-tower-name-changed-to-dump-tower-in-google-maps	1	35.175353838123506	SimBa
tweet-sno-1269	QO	vclaim-sno-bora-bora-getaway-facebook	1	34.07926771924842	SimBa
tweet-sno-1270	QO	vclaim-sno-allstate-island-real	1	61.846163995269926	SimBa
tweet-sno-1270	QO	vclaim-sno-epstein-alive-new-mexico	1	37.489013833954836	SimBa
tweet-sno-1270	QO	vclaim-sno-penis-island	1	33.69010250935945	SimBa
tweet-sno-1270	QO	vclaim-sno-chris-wallace-island	1	33.62570835938441	SimBa
tweet-sno-1270	QO	vclaim-sno-purple-lobster-caught-in-maine	1	33.471762945152996	SimBa
tweet-sno-1271	QO	vclaim-sno-federal-holiday-christmas-eve	1	101.09364101284174	SimBa
tweet-sno-1271	QO	vclaim-sno-fake-trump-tweet	1	60.6831586453979	SimBa
tweet-sno-1271	QO	vclaim-sno-trump-stimulus-package-election	1	58.211266553332806	SimBa
tweet-sno-1271	QO	vclaim-sno-playing-christmas-music-federal-crime	1	57.33208394981352	SimBa
tweet-sno-1271	QO	vclaim-sno-war-on-christmas-monument	1	56.04287569962305	SimBa
tweet-sno-1272	QO	vclaim-sno-disney-sister-act-3	1	83.82837645991304	SimBa
tweet-sno-1272	QO	vclaim-sno-disney-live-action-hercules	1	57.967830173789224	SimBa
tweet-sno-1272	QO	vclaim-sno-disney-pixar-boo	1	55.431426706115644	SimBa
tweet-sno-1272	QO	vclaim-sno-when-is-hocus-pocus-2-coming-out	1	55.33159060807975	SimBa
tweet-sno-1272	QO	vclaim-sno-did-disney-announce-bedknobs-broomsticks	1	55.18386012446711	SimBa
tweet-sno-1273	QO	vclaim-sno-when-is-hocus-pocus-2-coming-out	1	78.39172022522463	SimBa
tweet-sno-1273	QO	vclaim-sno-hocus-pocus-2	1	75.89266129327693	SimBa
tweet-sno-1273	QO	vclaim-sno-disney-pixar-boo	1	63.571646170402076	SimBa
tweet-sno-1273	QO	vclaim-sno-beetlejuice-2-coming-soon	1	58.373630939880144	SimBa
tweet-sno-1273	QO	vclaim-sno-disney-live-action-hercules	1	57.97089618789086	SimBa
tweet-sno-1274	QO	vclaim-sno-chick-fil-a-long-lines-lawsuit	1	68.52160850230473	SimBa
tweet-sno-1274	QO	vclaim-sno-fear-of-a-black-thursday	1	46.81047560796208	SimBa
tweet-sno-1274	QO	vclaim-sno-cant-be-yelped	1	46.13732403649173	SimBa
tweet-sno-1274	QO	vclaim-sno-man-kicked-buffet-sues	1	45.64628571549851	SimBa
tweet-sno-1274	QO	vclaim-sno-southern-baptist-convention-buys-chick-fil	1	44.941856874239015	SimBa
tweet-sno-1275	QO	vclaim-sno-costco-rotisserie-chicken-cheap	1	108.06112881599825	SimBa
tweet-sno-1275	QO	vclaim-sno-costco-founder-kill-hotdogs	1	46.02652506267211	SimBa
tweet-sno-1275	QO	vclaim-sno-costco-lying-about-cage-free-eggs	1	45.551088928911156	SimBa
tweet-sno-1275	QO	vclaim-sno-boston-market-coupon	1	44.526165463613474	SimBa
tweet-sno-1275	QO	vclaim-sno-costco-policy-change	1	44.42125591428808	SimBa
tweet-sno-1276	QO	vclaim-sno-ia-fl-oh-election-loss	1	77.94883456167217	SimBa
tweet-sno-1276	QO	vclaim-sno-won-both-ohio-florida-lost	1	71.62736294637931	SimBa
tweet-sno-1276	QO	vclaim-sno-trump-wins-pennsylvania	1	70.15626796025714	SimBa
tweet-sno-1276	QO	vclaim-sno-trump-clinton-counties-won	1	69.04074057796694	SimBa
tweet-sno-1276	QO	vclaim-sno-biden-306-electoral-votes	1	62.87456648011381	SimBa
tweet-sno-1277	QO	vclaim-sno-apartment-radiator-pandemic-spread	1	82.93233671128777	SimBa
tweet-sno-1277	QO	vclaim-sno-handkerchiefs-kissing-covid	1	47.68889899699553	SimBa
tweet-sno-1277	QO	vclaim-sno-1918-quarantine-ad-for-phone	1	46.749210259997355	SimBa
tweet-sno-1277	QO	vclaim-sno-empire-state-building-coronavirus	1	46.39921458676874	SimBa
tweet-sno-1277	QO	vclaim-sno-cat-spanish-flu-mask	1	44.25261569510694	SimBa
tweet-sno-1278	QO	vclaim-sno-mcdonalds-breakfast-frozen-eggs	1	56.18617741093181	SimBa
tweet-sno-1278	QO	vclaim-sno-something-eggstra	1	46.44809121370098	SimBa
tweet-sno-1278	QO	vclaim-sno-not-lovin39-it	1	45.5332775357538	SimBa
tweet-sno-1278	QO	vclaim-sno-long-live-timbits	1	41.87774573488329	SimBa
tweet-sno-1278	QO	vclaim-sno-man-sue-mcdonalds-depressed-eating-happy-meal	1	41.2081260547318	SimBa
tweet-sno-1279	QO	vclaim-sno-gohmert-tooth-fall-out	1	84.30085919281741	SimBa
tweet-sno-1279	QO	vclaim-sno-trey-gowdy-nancy-pelosi	1	49.66052712881892	SimBa
tweet-sno-1279	QO	vclaim-sno-harlan-hill-eat-shoe-biden-won	1	46.173079873422424	SimBa
tweet-sno-1279	QO	vclaim-sno-biden-boot-wrong-foot-forgot	1	46.11250290243866	SimBa
tweet-sno-1279	QO	vclaim-sno-schumer-erection-senate-floor	1	45.85613667455442	SimBa
tweet-sno-1280	QO	vclaim-sno-biden-harris-disease-disagreed	1	112.34109531404596	SimBa
tweet-sno-1280	QO	vclaim-sno-harris-biden-blog-post	1	67.04484063531723	SimBa
tweet-sno-1280	QO	vclaim-sno-biden-say-president-harris	1	65.74811523909878	SimBa
tweet-sno-1280	QO	vclaim-sno-kamala-harris-call-biden-racist	1	65.0316378861196	SimBa
tweet-sno-1280	QO	vclaim-sno-democrats-nuclear-weapons	1	63.81327100654145	SimBa
tweet-sno-1281	QO	vclaim-sno-indiana-jones-saxophone	1	66.04193771011158	SimBa
tweet-sno-1281	QO	vclaim-sno-harrison-ford-trump-han-solo	1	37.677773089083345	SimBa
tweet-sno-1281	QO	vclaim-sno-andrew-lincoln-andes-flight	1	36.63011908850511	SimBa
tweet-sno-1281	QO	vclaim-sno-delayed-grantification	1	36.50477375885416	SimBa
tweet-sno-1281	QO	vclaim-sno-war-of-the-worlds	1	36.47187668551332	SimBa
tweet-sno-1282	QO	vclaim-sno-indiana-jones-saxophone	1	78.6098021509361	SimBa
tweet-sno-1282	QO	vclaim-sno-imperial-march-uk-trump	1	35.53204502938233	SimBa
tweet-sno-1282	QO	vclaim-sno-jeff-sessions-marijuana-rock-band	1	35.454090550408836	SimBa
tweet-sno-1282	QO	vclaim-sno-eric-clapton-quote-about-prince	1	35.384410003462406	SimBa
tweet-sno-1282	QO	vclaim-sno-harrison-ford-trump-han-solo	1	35.044691820665236	SimBa
tweet-sno-1283	QO	vclaim-sno-indiana-jones-saxophone	1	77.56262585792109	SimBa
tweet-sno-1283	QO	vclaim-sno-harrison-ford-trump-han-solo	1	41.272626630727714	SimBa
tweet-sno-1283	QO	vclaim-sno-james-earl-jones-star-wars-london-segregation	1	37.176062599433315	SimBa
tweet-sno-1283	QO	vclaim-sno-imperial-march-uk-trump	1	35.21657888580135	SimBa
tweet-sno-1283	QO	vclaim-sno-jfk-jr-trump-unstoppable	1	32.93230232071832	SimBa
tweet-sno-1284	QO	vclaim-sno-indiana-jones-saxophone	1	61.13532256452848	SimBa
tweet-sno-1284	QO	vclaim-sno-harrison-ford-trump-han-solo	1	47.76010893772167	SimBa
tweet-sno-1284	QO	vclaim-sno-lennon-guitar-spock-elvis	1	45.06766063369305	SimBa
tweet-sno-1284	QO	vclaim-sno-james-earl-jones-star-wars-london-segregation	1	44.086830327567014	SimBa
tweet-sno-1284	QO	vclaim-sno-justin-bieber-han-solo	1	43.99280649933083	SimBa
tweet-sno-1285	QO	vclaim-sno-florida-rebekah-jones-raid	1	67.74094050893478	SimBa
tweet-sno-1285	QO	vclaim-sno-seattle-police-confiscate-mans-guns-without-warrant	1	46.01665015336317	SimBa
tweet-sno-1285	QO	vclaim-sno-fbi-wasserman-schultz-home	1	45.358963841802534	SimBa
tweet-sno-1285	QO	vclaim-sno-connecticut-gun-confiscation	1	43.32230468736219	SimBa
tweet-sno-1285	QO	vclaim-sno-feds-nancy-pelosi-raid	1	41.0593347158525	SimBa
tweet-sno-1286	QO	vclaim-sno-nasa-sally-ride-100-tampons	1	87.59316360532294	SimBa
tweet-sno-1286	QO	vclaim-sno-spacesuit-envy	1	57.56026817114663	SimBa
tweet-sno-1286	QO	vclaim-sno-nasa-hillary-clinton-astronaut	1	51.62298386472493	SimBa
tweet-sno-1286	QO	vclaim-sno-recalled-tampons-zombie-ants	1	44.25650352212472	SimBa
tweet-sno-1286	QO	vclaim-sno-the-write-stuff	1	41.817706851607255	SimBa
tweet-sno-1287	QO	vclaim-sno-my-pleasure-chick-fil-a	1	69.11372401957563	SimBa
tweet-sno-1287	QO	vclaim-sno-chick-fil-a-promotions	1	46.18159862361384	SimBa
tweet-sno-1287	QO	vclaim-sno-taco-bell-two-dollar	1	42.97163083855281	SimBa
tweet-sno-1287	QO	vclaim-sno-burger-king-customers-manager	1	41.486952956234205	SimBa
tweet-sno-1287	QO	vclaim-sno-patrick-mahomes-buys-dinner	1	40.51041301753213	SimBa
tweet-sno-1288	QO	vclaim-sno-my-pleasure-chick-fil-a	1	84.53870517920635	SimBa
tweet-sno-1288	QO	vclaim-sno-chick-fil-a-promotions	1	62.69098592672506	SimBa
tweet-sno-1288	QO	vclaim-sno-chick-fil-a-gift-basket	1	58.42032587733476	SimBa
tweet-sno-1288	QO	vclaim-sno-chick-fil-a-meal-promo	1	57.57297213887064	SimBa
tweet-sno-1288	QO	vclaim-sno-chick-fil-a-coupon-scam	1	56.16859699883979	SimBa
tweet-sno-1289	QO	vclaim-sno-my-pleasure-chick-fil-a	1	64.41404793518583	SimBa
tweet-sno-1289	QO	vclaim-sno-chick-fil-a-promotions	1	47.58348602479398	SimBa
tweet-sno-1289	QO	vclaim-sno-chick-fil-a-gift-basket	1	40.681965330501725	SimBa
tweet-sno-1289	QO	vclaim-sno-chick-fil-a-meal-promo	1	40.50001079394945	SimBa
tweet-sno-1289	QO	vclaim-sno-chick-fil-a-anti-lgbt-donations	1	39.47943090347014	SimBa
tweet-sno-1290	QO	vclaim-sno-my-pleasure-chick-fil-a	1	74.24234617664132	SimBa
tweet-sno-1290	QO	vclaim-sno-chick-fil-a-promotions	1	48.87061996201972	SimBa
tweet-sno-1290	QO	vclaim-sno-chick-fil-a-gift-basket	1	45.04487318413404	SimBa
tweet-sno-1290	QO	vclaim-sno-chick-fil-a-coupon-scam	1	44.35604255754217	SimBa
tweet-sno-1290	QO	vclaim-sno-chick-fil-a-meal-promo	1	43.44709399662041	SimBa
tweet-sno-1291	QO	vclaim-sno-biden-covid-vaccine	1	81.92467947703997	SimBa
tweet-sno-1291	QO	vclaim-sno-biden-vaccines-hurricane-protect	1	69.57522673350323	SimBa
tweet-sno-1291	QO	vclaim-sno-trump-promise-vaccine-election-day	1	67.30016460616062	SimBa
tweet-sno-1291	QO	vclaim-sno-biden-covid-vaccine-2	1	64.72349218626674	SimBa
tweet-sno-1291	QO	vclaim-sno-did-trump-praise-covid-19-vaccines	1	63.898541098284	SimBa
tweet-sno-1292	QO	vclaim-sno-matt-putz	1	73.22528199959196	SimBa
tweet-sno-1292	QO	vclaim-sno-new-jersey-ballot-tax-returns	1	49.61988651428561	SimBa
tweet-sno-1292	QO	vclaim-sno-chris-christie-vetoes-equal-pay	1	45.669790440048715	SimBa
tweet-sno-1292	QO	vclaim-sno-furious-christie-refuses-to-pick-up-trumps-dry-cleaning	1	43.16646822854756	SimBa
tweet-sno-1292	QO	vclaim-sno-halloween-quarantine	1	42.28773627577435	SimBa
tweet-sno-1293	QO	vclaim-sno-christian-owned-airlines-change-wing-light-colors-to-celebrate-christmas	1	51.50526530911192	SimBa
tweet-sno-1293	QO	vclaim-sno-chick-fil-a-food-stranded-storm	1	46.900483745796066	SimBa
tweet-sno-1293	QO	vclaim-sno-chick-fil-open-sundays	1	44.78303825147117	SimBa
tweet-sno-1293	QO	vclaim-sno-chick-fil-a-sunday-tradition	1	43.434137621550605	SimBa
tweet-sno-1293	QO	vclaim-sno-aldi-free-food-homeless-christmas	1	40.44153170972878	SimBa
tweet-sno-1294	QO	vclaim-sno-drake-scented-candles	1	68.812165212526	SimBa
tweet-sno-1294	QO	vclaim-sno-gwyneth-paltrow-vagina-candle	1	49.2005538156411	SimBa
tweet-sno-1294	QO	vclaim-sno-mcdonalds-quarter-pounder-candles	1	40.4400337985511	SimBa
tweet-sno-1294	QO	vclaim-sno-kfc-really-create-chicken-scented-candle	1	39.11114554627446	SimBa
tweet-sno-1294	QO	vclaim-sno-gwyneth-vagina-candle-explode	1	34.06858922193159	SimBa
tweet-sno-1295	QO	vclaim-sno-flash-player-no-longer-supported	1	51.04800386010811	SimBa
tweet-sno-1295	QO	vclaim-sno-nasa-blackout-warning	1	35.70645241012842	SimBa
tweet-sno-1295	QO	vclaim-sno-twitter-cammo-trump-covid	1	35.705659068347	SimBa
tweet-sno-1295	QO	vclaim-sno-disneyland-reopening-holidays	1	33.520358844486594	SimBa
tweet-sno-1295	QO	vclaim-sno-is-minecraft-shutting-down	1	32.85080744516516	SimBa
tweet-sno-1296	QO	vclaim-sno-flash-player-no-longer-supported	1	58.13674079332152	SimBa
tweet-sno-1296	QO	vclaim-sno-nasa-blackout-warning	1	40.96570235974492	SimBa
tweet-sno-1296	QO	vclaim-sno-is-minecraft-shutting-down	1	39.61779085049676	SimBa
tweet-sno-1296	QO	vclaim-sno-india-banning-twitter	1	37.879705042964154	SimBa
tweet-sno-1296	QO	vclaim-sno-target-holiday-stores	1	35.30786540274043	SimBa
tweet-sno-1297	QO	vclaim-sno-flash-player-no-longer-supported	1	73.25466151144943	SimBa
tweet-sno-1297	QO	vclaim-sno-boob-youtube	1	45.66707731809767	SimBa
tweet-sno-1297	QO	vclaim-sno-facebook-ban-livestreamed-music	1	44.790790229986996	SimBa
tweet-sno-1297	QO	vclaim-sno-facebook-search-porn	1	43.577929042309876	SimBa
tweet-sno-1297	QO	vclaim-sno-is-minecraft-shutting-down	1	40.78270171040538	SimBa
tweet-sno-1298	QO	vclaim-sno-santa-covid-exemption-ireland	1	78.20305245984335	SimBa
tweet-sno-1298	QO	vclaim-sno-santas-canadian-postal-code	1	44.370947857997315	SimBa
tweet-sno-1298	QO	vclaim-sno-track-meet	1	43.83606283133069	SimBa
tweet-sno-1298	QO	vclaim-sno-federal-holiday-christmas-eve	1	41.10229609841411	SimBa
tweet-sno-1298	QO	vclaim-sno-red-mask-blue-mask-covid	1	41.00295345070519	SimBa
tweet-sno-1299	QO	vclaim-sno-monolith-california	1	49.61087722267458	SimBa
tweet-sno-1299	QO	vclaim-sno-monolith-found-utah	1	46.28119184959084	SimBa
tweet-sno-1299	QO	vclaim-sno-super-moon	1	39.507006836192545	SimBa
tweet-sno-1299	QO	vclaim-sno-firefall-fire-waterfall	1	37.9357842051315	SimBa
tweet-sno-1299	QO	vclaim-sno-white-island-volcano-video	1	36.64443949002573	SimBa
tweet-sno-1300	QO	vclaim-sno-king-louis-xiv-fetish-birth	1	64.8538359916889	SimBa
tweet-sno-1300	QO	vclaim-sno-pat-robertson-oral-sex-coronavirus	1	44.91287966524983	SimBa
tweet-sno-1300	QO	vclaim-sno-shania-jones-cross-eyed-arrest	1	44.04023316842526	SimBa
tweet-sno-1300	QO	vclaim-sno-pat-robertson-feminist-agenda	1	43.58068413014406	SimBa
tweet-sno-1300	QO	vclaim-sno-inflatable-sex-doll	1	42.34015519566951	SimBa
tweet-sno-1301	QO	vclaim-sno-loser-lawn-trump-golf-course	1	48.23935668463075	SimBa
tweet-sno-1301	QO	vclaim-sno-moving-truck-cspan	1	42.487681171454554	SimBa
tweet-sno-1301	QO	vclaim-sno-golfing-trump-election-results	1	42.384931617928515	SimBa
tweet-sno-1301	QO	vclaim-sno-trump-rant-mar-a-lago	1	42.2854156955233	SimBa
tweet-sno-1301	QO	vclaim-sno-tom-brady-election-white-house	1	41.53387483587855	SimBa
tweet-sno-1302	QO	vclaim-sno-johns-hopkins-covid-deaths	1	89.21654318661874	SimBa
tweet-sno-1302	QO	vclaim-sno-hugh-mann-alien-life-mars	1	51.49749263775972	SimBa
tweet-sno-1302	QO	vclaim-sno-cdc-mortality-statistics	1	51.415372695802745	SimBa
tweet-sno-1302	QO	vclaim-sno-covid19-two-deaths	1	50.18204731230844	SimBa
tweet-sno-1302	QO	vclaim-sno-china-cellphones-coronavirus	1	49.9671226621381	SimBa
tweet-sno-1303	QO	vclaim-sno-leonardo-dicaprio-disney-channel	1	47.879981555629776	SimBa
tweet-sno-1303	QO	vclaim-sno-was-ed-edd-n-eddy-reboot-announced	1	36.52149538575485	SimBa
tweet-sno-1303	QO	vclaim-sno-back-to-the-future-michael-j-fox	1	33.95457125186866	SimBa
tweet-sno-1303	QO	vclaim-sno-bachelor-colton-underwood-gay	1	33.914220538310545	SimBa
tweet-sno-1303	QO	vclaim-sno-back-to-the-future-predictions	1	33.46588221639205	SimBa
tweet-sno-1304	QO	vclaim-sno-leonardo-dicaprio-disney-channel	1	50.42161841133601	SimBa
tweet-sno-1304	QO	vclaim-sno-minkus-became-chanel-west-coast	1	42.92023946731115	SimBa
tweet-sno-1304	QO	vclaim-sno-betty-white-in-her-20s-photo	1	41.92567867204656	SimBa
tweet-sno-1304	QO	vclaim-sno-the-parent-trap-october-11	1	41.67783764003507	SimBa
tweet-sno-1304	QO	vclaim-sno-disney-sister-act-3	1	40.71095937714947	SimBa
tweet-sno-1305	QO	vclaim-sno-leonardo-dicaprio-disney-channel	1	47.291371752259316	SimBa
tweet-sno-1305	QO	vclaim-sno-scarface-remake-leonardo-dicaprio	1	40.39948158986395	SimBa
tweet-sno-1305	QO	vclaim-sno-leonardo-dicaprio-cast-mlk-new-film-will-wear-blackface	1	37.36543047481406	SimBa
tweet-sno-1305	QO	vclaim-sno-mike-tyson-time-traveler	1	33.30372103011199	SimBa
tweet-sno-1305	QO	vclaim-sno-leonardo-dicaprio-trump	1	33.206829655744265	SimBa
tweet-sno-1306	QO	vclaim-sno-georgia-signature-audit	1	63.62736671010313	SimBa
tweet-sno-1306	QO	vclaim-sno-trump-georgia-runoff	1	55.259865795340396	SimBa
tweet-sno-1306	QO	vclaim-sno-could-trump-defy-popular-vote	1	52.871657848951145	SimBa
tweet-sno-1306	QO	vclaim-sno-biden-ossoff-warnock-checks-2000	1	52.61049142378441	SimBa
tweet-sno-1306	QO	vclaim-sno-floyd-county-georgia-votes	1	51.85396541711474	SimBa
tweet-sno-1307	QO	vclaim-sno-trump-detroit-voters-2020	1	69.34835560462915	SimBa
tweet-sno-1307	QO	vclaim-sno-more-votes-than-voters-in-detroit	1	64.99174489488502	SimBa
tweet-sno-1307	QO	vclaim-sno-popular-vote-totals-rigged	1	59.2079846527807	SimBa
tweet-sno-1307	QO	vclaim-sno-simple-math-on-biden-votes	1	59.1809811466533	SimBa
tweet-sno-1307	QO	vclaim-sno-dominion-deleted-trump-votes	1	58.72193443840637	SimBa
tweet-sno-1308	QO	vclaim-sno-trump-pardon-turkey-election	1	84.72974670346416	SimBa
tweet-sno-1308	QO	vclaim-sno-could-trump-defy-popular-vote	1	58.16709035137914	SimBa
tweet-sno-1308	QO	vclaim-sno-trump-recount-battleground-states	1	54.751086276500615	SimBa
tweet-sno-1308	QO	vclaim-sno-tom-brady-election-white-house	1	54.71165463655733	SimBa
tweet-sno-1308	QO	vclaim-sno-did-trump-call-mccain-a-loser	1	53.585590355570524	SimBa
tweet-sno-1309	QO	vclaim-sno-alaska-town-60-days-without-sun	1	66.25833258708568	SimBa
tweet-sno-1309	QO	vclaim-sno-sun-lockdown	1	54.469409950529396	SimBa
tweet-sno-1309	QO	vclaim-sno-wolf-moon-january	1	52.8635913675188	SimBa
tweet-sno-1309	QO	vclaim-sno-will-tonight-be-the-darkest-night-in-500-years	1	50.568660349903766	SimBa
tweet-sno-1309	QO	vclaim-sno-nasa-blackout-warning	1	48.138011891749436	SimBa
tweet-sno-1310	QO	vclaim-sno-florida-air-force-robotic-dogs	1	75.75746510611316	SimBa
tweet-sno-1310	QO	vclaim-sno-army-working-dogs-satire	1	56.93209088676224	SimBa
tweet-sno-1310	QO	vclaim-sno-nypd-robot-dogs-police	1	47.41606637855746	SimBa
tweet-sno-1310	QO	vclaim-sno-marine-corps-dog-adoptions	1	45.58443470428528	SimBa
tweet-sno-1310	QO	vclaim-sno-biden-dog-major-indoguration	1	44.815907330065876	SimBa
tweet-sno-1311	QO	vclaim-sno-20000-dead-voters-in-pennsylvania	1	84.38737170051215	SimBa
tweet-sno-1311	QO	vclaim-sno-wisconsin-vote-dump	1	75.12155877520887	SimBa
tweet-sno-1311	QO	vclaim-sno-everylegalvote-2020-election	1	74.62115075237227	SimBa
tweet-sno-1311	QO	vclaim-sno-biden-admit-voter-fraud	1	73.97965736181354	SimBa
tweet-sno-1311	QO	vclaim-sno-trump-biden-vote-dumps	1	73.49001417279396	SimBa
tweet-sno-1312	QO	vclaim-sno-christmas-tree-owl	1	61.67808116407798	SimBa
tweet-sno-1312	QO	vclaim-sno-snowy-owl-130-years	1	47.870112120244244	SimBa
tweet-sno-1312	QO	vclaim-sno-baby-found-grenfell-tower	1	40.59243159942646	SimBa
tweet-sno-1312	QO	vclaim-sno-freedom-and-jeff	1	40.12025996928787	SimBa
tweet-sno-1312	QO	vclaim-sno-owl-having-an-orgasm	1	39.65497752212197	SimBa
tweet-sno-1313	QO	vclaim-sno-wisconsin-vote-dump	1	83.14158344564883	SimBa
tweet-sno-1313	QO	vclaim-sno-trump-biden-vote-dumps	1	70.50502814255664	SimBa
tweet-sno-1313	QO	vclaim-sno-300000-wisconsin-voters-turned-away-due-to-voter-id-laws	1	66.09125854503903	SimBa
tweet-sno-1313	QO	vclaim-sno-popular-vote-totals-rigged	1	64.87402874183921	SimBa
tweet-sno-1313	QO	vclaim-sno-gallup-poll-electoral-fraud	1	64.29948843480165	SimBa
tweet-sno-1314	QO	vclaim-sno-dominion-servers-germany-seized	1	76.0913349383448	SimBa
tweet-sno-1314	QO	vclaim-sno-floyd-county-georgia-votes	1	59.521528291644984	SimBa
tweet-sno-1314	QO	vclaim-sno-everylegalvote-2020-election	1	58.97632518249203	SimBa
tweet-sno-1314	QO	vclaim-sno-could-trump-defy-popular-vote	1	58.952576504560945	SimBa
tweet-sno-1314	QO	vclaim-sno-dominion-deleted-trump-votes	1	57.38768947452317	SimBa
tweet-sno-1315	QO	vclaim-sno-dominion-servers-germany-seized	1	72.54596239126114	SimBa
tweet-sno-1315	QO	vclaim-sno-facebook-analytics-electoral-map-shows-trump-sweep	1	56.46023002160208	SimBa
tweet-sno-1315	QO	vclaim-sno-everylegalvote-2020-election	1	53.261797006673746	SimBa
tweet-sno-1315	QO	vclaim-sno-pennsylvania-205000-votes	1	52.62866270333628	SimBa
tweet-sno-1315	QO	vclaim-sno-trump-wins-pennsylvania	1	52.09147404368926	SimBa
tweet-sno-1316	QO	vclaim-sno-cuomo-vaccine-bad-news-trump	1	86.83017998042948	SimBa
tweet-sno-1316	QO	vclaim-sno-covid-vaccine-funded-by-trump	1	60.245219845715056	SimBa
tweet-sno-1316	QO	vclaim-sno-trump-promise-vaccine-election-day	1	59.72586304677297	SimBa
tweet-sno-1316	QO	vclaim-sno-cdc-halts-us-jj-covid-shots	1	57.5529313737714	SimBa
tweet-sno-1316	QO	vclaim-sno-trump-governors-covid-19	1	57.36765225082743	SimBa
tweet-sno-1317	QO	vclaim-sno-cornyn-votes-puerto-rico	1	93.98631792844176	SimBa
tweet-sno-1317	QO	vclaim-sno-could-trump-defy-popular-vote	1	56.00464373870038	SimBa
tweet-sno-1317	QO	vclaim-sno-uncounted-california-ballots	1	53.73042154883464	SimBa
tweet-sno-1317	QO	vclaim-sno-florida-moves-for-full-recount-of-state-votes-over-massive-voter-fraud	1	52.98086110666485	SimBa
tweet-sno-1317	QO	vclaim-sno-california-unlawful-ballots	1	52.81535263575257	SimBa
tweet-sno-1318	QO	vclaim-sno-floyd-county-georgia-votes	1	68.90982764951448	SimBa
tweet-sno-1318	QO	vclaim-sno-georgia-signature-audit	1	63.01642704255643	SimBa
tweet-sno-1318	QO	vclaim-sno-pa-mailin-votes-ballots	1	61.85032157154387	SimBa
tweet-sno-1318	QO	vclaim-sno-ballots-lancaster-pa	1	60.443185616511734	SimBa
tweet-sno-1318	QO	vclaim-sno-ballots-georgia-senate	1	60.17480246879947	SimBa
tweet-sno-1319	QO	vclaim-sno-floyd-county-georgia-votes	1	95.35262854181713	SimBa
tweet-sno-1319	QO	vclaim-sno-georgia-dekalb-reject-mail-ballots	1	70.55542768448522	SimBa
tweet-sno-1319	QO	vclaim-sno-georgia-signature-audit	1	69.86497669223498	SimBa
tweet-sno-1319	QO	vclaim-sno-ballots-lancaster-pa	1	67.58370745235274	SimBa
tweet-sno-1319	QO	vclaim-sno-fairfax-gave-biden-extra-votes	1	67.16818013123039	SimBa
tweet-sno-1320	QO	vclaim-sno-maga-trump-million-march	1	71.86448306815022	SimBa
tweet-sno-1320	QO	vclaim-sno-biden-trump-inauguration-crowd	1	65.95789016481179	SimBa
tweet-sno-1320	QO	vclaim-sno-simple-math-on-biden-votes	1	61.0028950767874	SimBa
tweet-sno-1320	QO	vclaim-sno-militia-bidens-inauguration	1	58.937626839890314	SimBa
tweet-sno-1320	QO	vclaim-sno-trump-rally-crowd-66000	1	57.90286880786924	SimBa
tweet-sno-1321	QO	vclaim-sno-newsmax-biden-pence	1	83.64523434598956	SimBa
tweet-sno-1321	QO	vclaim-sno-gowdy-pence-2020	1	71.81144911549899	SimBa
tweet-sno-1321	QO	vclaim-sno-mike-pence-to-resign	1	66.65175417799972	SimBa
tweet-sno-1321	QO	vclaim-sno-smooth-transition-trump	1	64.82269572282281	SimBa
tweet-sno-1321	QO	vclaim-sno-pence-escorted	1	64.05734672625334	SimBa
tweet-sno-1322	QO	vclaim-sno-newsmax-biden-pence	1	87.58233594707693	SimBa
tweet-sno-1322	QO	vclaim-sno-trump-considering-resignation	1	60.87034516038006	SimBa
tweet-sno-1322	QO	vclaim-sno-mike-pence-to-resign	1	59.97355148798374	SimBa
tweet-sno-1322	QO	vclaim-sno-gowdy-pence-2020	1	58.571153664493636	SimBa
tweet-sno-1322	QO	vclaim-sno-roger-stone-martial-law-trump	1	58.52227190478585	SimBa
tweet-sno-1323	QO	vclaim-sno-newsmax-biden-pence	1	86.26485037147432	SimBa
tweet-sno-1323	QO	vclaim-sno-smooth-transition-trump	1	63.46081576728225	SimBa
tweet-sno-1323	QO	vclaim-sno-gowdy-pence-2020	1	61.81355891462886	SimBa
tweet-sno-1323	QO	vclaim-sno-mike-pence-blames-media-for-trump-controversies	1	61.41663617191081	SimBa
tweet-sno-1323	QO	vclaim-sno-pence-escorted	1	60.63800711600946	SimBa
tweet-sno-1324	QO	vclaim-sno-rnc-chairwoman-deleted-tweet	1	72.85758021262134	SimBa
tweet-sno-1324	QO	vclaim-sno-tomi-lahren-biden-supporters-loot	1	67.22748906743193	SimBa
tweet-sno-1324	QO	vclaim-sno-bidens-win-lie-of-the-year	1	65.35139805931522	SimBa
tweet-sno-1324	QO	vclaim-sno-fake-aoc-purge-tweet	1	64.05890351400068	SimBa
tweet-sno-1324	QO	vclaim-sno-joe-biden-beat-biden	1	63.73073894538556	SimBa
tweet-sno-1325	QO	vclaim-sno-raising-canes-chicken-bankruptcy	1	62.61981742483505	SimBa
tweet-sno-1325	QO	vclaim-sno-nordstrom-chapter-11-baio-boycott	1	41.736418607408794	SimBa
tweet-sno-1325	QO	vclaim-sno-taco-bell-closing-2020	1	40.326678571399455	SimBa
tweet-sno-1325	QO	vclaim-sno-ac-moore-closing-down	1	39.849704227318725	SimBa
tweet-sno-1325	QO	vclaim-sno-obama-foundation-floyd-death	1	39.58684587732029	SimBa
tweet-sno-1326	QO	vclaim-sno-raising-canes-chicken-bankruptcy	1	48.050953390340595	SimBa
tweet-sno-1326	QO	vclaim-sno-taco-bell-closing-2020	1	40.90796188265432	SimBa
tweet-sno-1326	QO	vclaim-sno-wendys-heartbreaking-announcement	1	38.33364279027577	SimBa
tweet-sno-1326	QO	vclaim-sno-tgi-fridays-deal	1	38.010321254403145	SimBa
tweet-sno-1326	QO	vclaim-sno-everyones-leaving-los-angeles	1	37.8135444731402	SimBa
tweet-sno-1327	QO	vclaim-sno-obama-foundation-floyd-death	1	42.6614628208587	SimBa
tweet-sno-1327	QO	vclaim-sno-tweet-predict-kobe-death	1	41.02427900950704	SimBa
tweet-sno-1327	QO	vclaim-sno-steven-seagal-death-hoax	1	40.599055102162886	SimBa
tweet-sno-1327	QO	vclaim-sno-dr-creep-predict-coronavirus-2013	1	38.87631442046603	SimBa
tweet-sno-1327	QO	vclaim-sno-dmx-death-hoax	1	38.79218367300459	SimBa
tweet-sno-1328	QO	vclaim-sno-xbox-playstation-ps5-congrats	1	79.86133517282903	SimBa
tweet-sno-1328	QO	vclaim-sno-cyberpunk-2077-refunds	1	39.20048885959973	SimBa
tweet-sno-1328	QO	vclaim-sno-ninja-turtles-shredders-revenge	1	39.07718033313783	SimBa
tweet-sno-1328	QO	vclaim-sno-gta6-map-coordinates	1	35.92833853637394	SimBa
tweet-sno-1328	QO	vclaim-sno-all-work-and-no-playstation	1	35.36720651880964	SimBa
tweet-sno-1329	QO	vclaim-sno-xbox-playstation-ps5-congrats	1	77.21705523651937	SimBa
tweet-sno-1329	QO	vclaim-sno-cyberpunk-2077-refunds	1	39.1528521296717	SimBa
tweet-sno-1329	QO	vclaim-sno-all-work-and-no-playstation	1	34.71154504433417	SimBa
tweet-sno-1329	QO	vclaim-sno-amazon-holiday-shopping	1	33.42694901196681	SimBa
tweet-sno-1329	QO	vclaim-sno-hillary-clintons-premature-celebration	1	33.37524080691981	SimBa
tweet-sno-1330	QO	vclaim-sno-ice-twitter-account-disappear	1	69.19972200985175	SimBa
tweet-sno-1330	QO	vclaim-sno-nps-twitter-account-shut-down	1	44.138618945622284	SimBa
tweet-sno-1330	QO	vclaim-sno-trump-lose-followers-first-time	1	41.378618009470124	SimBa
tweet-sno-1330	QO	vclaim-sno-fbi-prince-andrew-twitter	1	41.28971383744601	SimBa
tweet-sno-1330	QO	vclaim-sno-trump-twitter-john-barron-1946	1	41.08704027754753	SimBa
tweet-sno-1331	QO	vclaim-sno-ice-twitter-account-disappear	1	85.21176070271665	SimBa
tweet-sno-1331	QO	vclaim-sno-trump-lose-followers-first-time	1	49.06565612541533	SimBa
tweet-sno-1331	QO	vclaim-sno-trump-twitter-john-barron-1946	1	48.23424624164768	SimBa
tweet-sno-1331	QO	vclaim-sno-nps-twitter-account-shut-down	1	48.19974150489686	SimBa
tweet-sno-1331	QO	vclaim-sno-trump-twitter-search-loser	1	44.63549790870488	SimBa
tweet-sno-1332	QO	vclaim-sno-veterans-national-parks-lifetime	1	90.97872948801114	SimBa
tweet-sno-1332	QO	vclaim-sno-free-meals-for-veterans	1	59.91311476127207	SimBa
tweet-sno-1332	QO	vclaim-sno-trump-veterans-free-health-care	1	53.864400609222606	SimBa
tweet-sno-1332	QO	vclaim-sno-flag-nancy-pelosi	1	49.23880173072412	SimBa
tweet-sno-1332	QO	vclaim-sno-trump-salary-military-cemeteries	1	48.244008062381795	SimBa
tweet-sno-1333	QO	vclaim-sno-covid-vaccine-funded-by-trump	1	81.76170738145241	SimBa
tweet-sno-1333	QO	vclaim-sno-cuomo-vaccine-bad-news-trump	1	67.71506189317911	SimBa
tweet-sno-1333	QO	vclaim-sno-did-trump-praise-covid-19-vaccines	1	64.07882876873009	SimBa
tweet-sno-1333	QO	vclaim-sno-trump-promise-vaccine-election-day	1	62.68959604696191	SimBa
tweet-sno-1333	QO	vclaim-sno-pence-conversation-coronavirus	1	59.01256400800311	SimBa
tweet-sno-1334	QO	vclaim-sno-covid-vaccine-funded-by-trump	1	82.53357996854103	SimBa
tweet-sno-1334	QO	vclaim-sno-cuomo-vaccine-bad-news-trump	1	62.92818722184272	SimBa
tweet-sno-1334	QO	vclaim-sno-trump-promise-vaccine-election-day	1	59.593003758156996	SimBa
tweet-sno-1334	QO	vclaim-sno-did-trump-praise-covid-19-vaccines	1	59.15188229868939	SimBa
tweet-sno-1334	QO	vclaim-sno-forced-vaccines-covid-19	1	54.142850844419776	SimBa
tweet-sno-1335	QO	vclaim-sno-biden-hat-trump-maga	1	72.08062464708254	SimBa
tweet-sno-1335	QO	vclaim-sno-biden-admit-voter-fraud	1	60.62299445847958	SimBa
tweet-sno-1335	QO	vclaim-sno-trump-biden-resident-meme	1	60.23481937620161	SimBa
tweet-sno-1335	QO	vclaim-sno-harlan-hill-eat-shoe-biden-won	1	60.0059690164372	SimBa
tweet-sno-1335	QO	vclaim-sno-biden-trump-xenophobic	1	59.758474353475755	SimBa
tweet-sno-1336	QO	vclaim-sno-biden-major-dog-rescue-white-house	1	99.27631850497083	SimBa
tweet-sno-1336	QO	vclaim-sno-biden-dog-major-indoguration	1	80.47208731400963	SimBa
tweet-sno-1336	QO	vclaim-sno-biden-team-statement-dog	1	76.4918186350201	SimBa
tweet-sno-1336	QO	vclaim-sno-biden-dogs-kicked-out-white-house	1	73.09822701549767	SimBa
tweet-sno-1336	QO	vclaim-sno-biden-dogs-trump-chew-toy	1	66.42720573772485	SimBa
tweet-sno-1337	QO	vclaim-sno-golfing-trump-election-results	1	70.9865105006674	SimBa
tweet-sno-1337	QO	vclaim-sno-trump-golf-rallies-coronavirus	1	67.82261832506896	SimBa
tweet-sno-1337	QO	vclaim-sno-trump-tulsa-rally-covid19-test	1	65.4043358538318	SimBa
tweet-sno-1337	QO	vclaim-sno-twitter-cammo-trump-covid	1	63.30350456058097	SimBa
tweet-sno-1337	QO	vclaim-sno-donald-trump-golf-course	1	59.18237192593711	SimBa
tweet-sno-1338	QO	vclaim-sno-bannon-fauci-wray-head-pikes	1	89.73774275573867	SimBa
tweet-sno-1338	QO	vclaim-sno-steve-bannon-predicts-obama	1	69.0127503400266	SimBa
tweet-sno-1338	QO	vclaim-sno-bannon-hell-capitol-attack	1	64.70775266461784	SimBa
tweet-sno-1338	QO	vclaim-sno-isis-called-for-assassination-of-barron-trump	1	58.9136769356175	SimBa
tweet-sno-1338	QO	vclaim-sno-jesse-watters-faucis-assassination	1	58.35554162881085	SimBa
tweet-sno-1339	QO	vclaim-sno-gray-wolves-endangered-trump	1	69.92230960003526	SimBa
tweet-sno-1339	QO	vclaim-sno-trump-whales-sea-turtles	1	56.63930111755183	SimBa
tweet-sno-1339	QO	vclaim-sno-trump-animal-cruelty	1	52.49103640736823	SimBa
tweet-sno-1339	QO	vclaim-sno-obama-gives-kill-order-for-bald-eagles	1	49.13637447542764	SimBa
tweet-sno-1339	QO	vclaim-sno-trump-cecil-lion-wildlife-conservation-council	1	48.48312738837245	SimBa
tweet-sno-1340	QO	vclaim-sno-pa-worker-filling-ballots	1	68.47856549885772	SimBa
tweet-sno-1340	QO	vclaim-sno-erie-pennsylvania-trump-ballots	1	58.43637516343379	SimBa
tweet-sno-1340	QO	vclaim-sno-mail-in-voting-ballots	1	55.18650278202142	SimBa
tweet-sno-1340	QO	vclaim-sno-ballots-lancaster-pa	1	55.01807271924477	SimBa
tweet-sno-1340	QO	vclaim-sno-atlanta-georgia-voter-fraud-video	1	53.918357989386394	SimBa
tweet-sno-1341	QO	vclaim-sno-stop-the-count-chant	1	76.1263587414385	SimBa
tweet-sno-1341	QO	vclaim-sno-erie-pennsylvania-trump-ballots	1	62.286162364767584	SimBa
tweet-sno-1341	QO	vclaim-sno-trump-vote-twice-north-carolina	1	62.10039063801445	SimBa
tweet-sno-1341	QO	vclaim-sno-trump-recount-battleground-states	1	59.90395681881277	SimBa
tweet-sno-1341	QO	vclaim-sno-popular-vote-totals-rigged	1	59.64327922005076	SimBa
tweet-sno-1342	QO	vclaim-sno-trump-recount-battleground-states	1	97.48972032330988	SimBa
tweet-sno-1342	QO	vclaim-sno-12th-amendment-path-to-victory	1	60.15103913879739	SimBa
tweet-sno-1342	QO	vclaim-sno-trump-described-the-electoral-college-as-a-disaster	1	58.488693905329654	SimBa
tweet-sno-1342	QO	vclaim-sno-could-trump-defy-popular-vote	1	58.03973371532746	SimBa
tweet-sno-1342	QO	vclaim-sno-trump-vote-twice-north-carolina	1	57.726731502371806	SimBa
tweet-sno-1343	QO	vclaim-sno-sharpie-trump-ballots-arizona	1	68.77016989372878	SimBa
tweet-sno-1343	QO	vclaim-sno-millions-mail-in-ballots	1	62.86518627870569	SimBa
tweet-sno-1343	QO	vclaim-sno-california-unlawful-ballots	1	61.29402073957617	SimBa
tweet-sno-1343	QO	vclaim-sno-ballot-envelopes-reveal-party	1	59.14389658325847	SimBa
tweet-sno-1343	QO	vclaim-sno-quantum-blockchain-watermark-vote	1	58.804972129688466	SimBa
tweet-sno-1344	QO	vclaim-sno-sharpie-trump-ballots-arizona	1	85.52069658341988	SimBa
tweet-sno-1344	QO	vclaim-sno-california-unlawful-ballots	1	64.4535088382728	SimBa
tweet-sno-1344	QO	vclaim-sno-millions-mail-in-ballots	1	61.756654997090195	SimBa
tweet-sno-1344	QO	vclaim-sno-georgia-signature-audit	1	61.403136181736315	SimBa
tweet-sno-1344	QO	vclaim-sno-ballots-lancaster-pa	1	60.75608648240731	SimBa
tweet-sno-1345	QO	vclaim-sno-sharpie-trump-ballots-arizona	1	73.2373564204065	SimBa
tweet-sno-1345	QO	vclaim-sno-wisconsin-vote-dump	1	71.78093328538722	SimBa
tweet-sno-1345	QO	vclaim-sno-trump-biden-vote-dumps	1	66.43977306804098	SimBa
tweet-sno-1345	QO	vclaim-sno-california-unlawful-ballots	1	65.3452176434339	SimBa
tweet-sno-1345	QO	vclaim-sno-millions-mail-in-ballots	1	64.59575167055773	SimBa
tweet-sno-1346	QO	vclaim-sno-saved-whale-says-thanks	1	48.504043862742094	SimBa
tweet-sno-1346	QO	vclaim-sno-fisherman-survived-inside-whale-for-three-days	1	44.015554048266665	SimBa
tweet-sno-1346	QO	vclaim-sno-killer-whale	1	43.277383089410634	SimBa
tweet-sno-1346	QO	vclaim-sno-big-gulp	1	41.10661587082103	SimBa
tweet-sno-1346	QO	vclaim-sno-humpback-whale-eat-kayaker	1	40.5706956088672	SimBa
tweet-sno-1347	QO	vclaim-sno-humpback-whale-eat-kayaker	1	69.63822276964689	SimBa
tweet-sno-1347	QO	vclaim-sno-big-gulp	1	67.58738917831369	SimBa
tweet-sno-1347	QO	vclaim-sno-killer-whale	1	64.34468142238707	SimBa
tweet-sno-1347	QO	vclaim-sno-photograph-kayak-orcas	1	60.391992112228706	SimBa
tweet-sno-1347	QO	vclaim-sno-blue-whale-under-rowboat	1	58.37893284724716	SimBa
tweet-sno-1348	QO	vclaim-sno-biden-black-athletes-green-mile	1	61.742287202941455	SimBa
tweet-sno-1348	QO	vclaim-sno-biden-racial-jungle-quote	1	43.65318952564131	SimBa
tweet-sno-1348	QO	vclaim-sno-jackie-robinson-anthem	1	42.644973774713165	SimBa
tweet-sno-1348	QO	vclaim-sno-joe-biden-ancestors-own-slaves	1	41.71405497029605	SimBa
tweet-sno-1348	QO	vclaim-sno-black-americans-super-predators	1	41.676738915114235	SimBa
tweet-sno-1349	QO	vclaim-sno-kamala-harris-pearls-election-day	1	62.475374638634335	SimBa
tweet-sno-1349	QO	vclaim-sno-hillary-clintons-premature-celebration	1	45.52057929983829	SimBa
tweet-sno-1349	QO	vclaim-sno-kamala-harris-protests	1	45.23533617989968	SimBa
tweet-sno-1349	QO	vclaim-sno-hillary-clinton-embraces-the-woman-card	1	44.45426186449751	SimBa
tweet-sno-1349	QO	vclaim-sno-monica-lewinsky-voting-for-hillary-clinton	1	41.53330159167969	SimBa
tweet-sno-1350	QO	vclaim-sno-amish-trump-presidential-victory	1	64.02611985454017	SimBa
tweet-sno-1350	QO	vclaim-sno-amish-buggies-trump	1	60.082626493550904	SimBa
tweet-sno-1350	QO	vclaim-sno-trump-stimulus-package-election	1	50.09839219217304	SimBa
tweet-sno-1350	QO	vclaim-sno-trump-wins-pennsylvania	1	49.6461287169231	SimBa
tweet-sno-1350	QO	vclaim-sno-mary-miller-hitler	1	48.748592966333874	SimBa
tweet-sno-1351	QO	vclaim-sno-omar-minnesota-register-vote	1	68.35663173353024	SimBa
tweet-sno-1351	QO	vclaim-sno-pence-op-ed-hr1-immigrants	1	50.19023508027158	SimBa
tweet-sno-1351	QO	vclaim-sno-uber-lyft-free-rides-polls	1	46.104828998092295	SimBa
tweet-sno-1351	QO	vclaim-sno-phoney-voting	1	44.67480028905216	SimBa
tweet-sno-1351	QO	vclaim-sno-democrats-voting-twice-maryland	1	44.217380653843556	SimBa
tweet-sno-1352	QO	vclaim-sno-bar-owner-biden-ad	1	65.1945063654628	SimBa
tweet-sno-1352	QO	vclaim-sno-hunter-biden-flipped-fbi	1	63.42680648559792	SimBa
tweet-sno-1352	QO	vclaim-sno-joe-biden-war-hero-story	1	61.87482226121492	SimBa
tweet-sno-1352	QO	vclaim-sno-c-span-video-joe-biden-ukraine	1	61.51085259572964	SimBa
tweet-sno-1352	QO	vclaim-sno-biden-admit-voter-fraud	1	61.45868746639136	SimBa
tweet-sno-1353	QO	vclaim-sno-hunter-biden-flipped-fbi	1	74.02301051607341	SimBa
tweet-sno-1353	QO	vclaim-sno-hunter-biden-dead-overdose-hoax	1	58.17062582918729	SimBa
tweet-sno-1353	QO	vclaim-sno-biden-admit-voter-fraud	1	57.58773478145565	SimBa
tweet-sno-1353	QO	vclaim-sno-c-span-video-joe-biden-ukraine	1	55.84885227258168	SimBa
tweet-sno-1353	QO	vclaim-sno-joe-biden-ask-reporter-junkie	1	53.93842869668501	SimBa
tweet-sno-1354	QO	vclaim-sno-hunter-biden-flipped-fbi	1	59.197889046609326	SimBa
tweet-sno-1354	QO	vclaim-sno-hunter-biden-dead-overdose-hoax	1	58.242391319421486	SimBa
tweet-sno-1354	QO	vclaim-sno-biden-admit-voter-fraud	1	57.19848522840759	SimBa
tweet-sno-1354	QO	vclaim-sno-joe-biden-ask-reporter-junkie	1	57.101706869905016	SimBa
tweet-sno-1354	QO	vclaim-sno-joe-biden-endorsement	1	56.61076021809642	SimBa
tweet-sno-1355	QO	vclaim-sno-twitter-cammo-trump-covid	1	44.58697909686782	SimBa
tweet-sno-1355	QO	vclaim-sno-harlan-hill-eat-shoe-biden-won	1	43.43897340031222	SimBa
tweet-sno-1355	QO	vclaim-sno-tomi-lahren-biden-supporters-loot	1	43.13730441824377	SimBa
tweet-sno-1355	QO	vclaim-sno-hunter-biden-flipped-fbi	1	42.84731839556904	SimBa
tweet-sno-1355	QO	vclaim-sno-biden-admit-voter-fraud	1	42.42246797286393	SimBa
tweet-sno-1356	QO	vclaim-sno-biden-admit-voter-fraud	1	63.858194590223974	SimBa
tweet-sno-1356	QO	vclaim-sno-hunter-biden-flipped-fbi	1	56.77206723281496	SimBa
tweet-sno-1356	QO	vclaim-sno-hunter-biden-dead-overdose-hoax	1	55.10620806796415	SimBa
tweet-sno-1356	QO	vclaim-sno-fake-aoc-purge-tweet	1	54.61947361912739	SimBa
tweet-sno-1356	QO	vclaim-sno-biden-maskless-birthday-video	1	54.27575391935365	SimBa
tweet-sno-1357	QO	vclaim-sno-armed-trump-fans-biden-bus	1	77.49690331285589	SimBa
tweet-sno-1357	QO	vclaim-sno-fbi-trump-biden-bus	1	69.64262240155477	SimBa
tweet-sno-1357	QO	vclaim-sno-truckers-strike-thanksgiving	1	62.26126731974962	SimBa
tweet-sno-1357	QO	vclaim-sno-trump-biden-assassination-shot	1	59.49444187560341	SimBa
tweet-sno-1357	QO	vclaim-sno-trump-tell-supporters-storm	1	59.064197790516374	SimBa
tweet-sno-1358	QO	vclaim-sno-fbi-trump-biden-bus	1	78.02671658627328	SimBa
tweet-sno-1358	QO	vclaim-sno-anti-trump-protesters-bused-into-austin	1	63.26090562126301	SimBa
tweet-sno-1358	QO	vclaim-sno-armed-trump-fans-biden-bus	1	61.921100195244705	SimBa
tweet-sno-1358	QO	vclaim-sno-truckers-strike-thanksgiving	1	52.88194953218985	SimBa
tweet-sno-1358	QO	vclaim-sno-moving-truck-cspan	1	52.594417137781136	SimBa
tweet-sno-1359	QO	vclaim-sno-fbi-trump-biden-bus	1	74.58988179629799	SimBa
tweet-sno-1359	QO	vclaim-sno-armed-trump-fans-biden-bus	1	70.54817018910883	SimBa
tweet-sno-1359	QO	vclaim-sno-virginia-gun-rally-staged	1	60.67402429182499	SimBa
tweet-sno-1359	QO	vclaim-sno-trump-mob-capitol	1	58.737265586159054	SimBa
tweet-sno-1359	QO	vclaim-sno-run-over-trump-protesters	1	58.510369930093546	SimBa
tweet-sno-1360	QO	vclaim-sno-fbi-trump-biden-bus	1	73.72059318188212	SimBa
tweet-sno-1360	QO	vclaim-sno-truckers-strike-thanksgiving	1	56.31033457703967	SimBa
tweet-sno-1360	QO	vclaim-sno-armed-trump-fans-biden-bus	1	56.03929307001637	SimBa
tweet-sno-1360	QO	vclaim-sno-moving-truck-cspan	1	55.309642143863826	SimBa
tweet-sno-1360	QO	vclaim-sno-cbs-latinos-trump-biden	1	55.22571252402494	SimBa
tweet-sno-1361	QO	vclaim-sno-tomi-lahren-biden-supporters-loot	1	58.51262509476713	SimBa
tweet-sno-1361	QO	vclaim-sno-trump-biden-assassination-shot	1	57.67703531115579	SimBa
tweet-sno-1361	QO	vclaim-sno-virginia-gun-rally-staged	1	57.21682146355444	SimBa
tweet-sno-1361	QO	vclaim-sno-biden-tucker-carlson-white-men	1	54.80282168818609	SimBa
tweet-sno-1361	QO	vclaim-sno-fbi-trump-biden-bus	1	54.67651685528425	SimBa
tweet-sno-1362	QO	vclaim-sno-sean-connery-trump-golf-course	1	75.12616419520205	SimBa
tweet-sno-1362	QO	vclaim-sno-hackman-trump-president	1	49.83028446653031	SimBa
tweet-sno-1362	QO	vclaim-sno-keanu-reeves-trump-successful-man	1	48.844453290125614	SimBa
tweet-sno-1362	QO	vclaim-sno-sean-connery-net-worth	1	48.67654950150324	SimBa
tweet-sno-1362	QO	vclaim-sno-trump-tiger-woods-speedy-recovery	1	47.71890782169679	SimBa
tweet-sno-1363	QO	vclaim-sno-taco-bell-mexican-pizza	1	56.307614198101476	SimBa
tweet-sno-1363	QO	vclaim-sno-taco-bell-closing-2020	1	54.2758146226485	SimBa
tweet-sno-1363	QO	vclaim-sno-taco-bell-menu-change	1	49.15214800444948	SimBa
tweet-sno-1363	QO	vclaim-sno-taco-bell-closing	1	47.30694676618222	SimBa
tweet-sno-1363	QO	vclaim-sno-taco-bell-major-changes	1	45.008307181495276	SimBa
tweet-sno-1364	QO	vclaim-sno-taco-bell-mexican-pizza	1	60.400456493344294	SimBa
tweet-sno-1364	QO	vclaim-sno-taco-bell-closing-2020	1	52.392827521527714	SimBa
tweet-sno-1364	QO	vclaim-sno-taco-bell-menu-change	1	50.14269272849781	SimBa
tweet-sno-1364	QO	vclaim-sno-taco-bell-major-changes	1	47.66725104499574	SimBa
tweet-sno-1364	QO	vclaim-sno-taco-cabana-sign-donald-trump-prank	1	45.78995108708976	SimBa
tweet-sno-1365	QO	vclaim-sno-taco-bell-mexican-pizza	1	52.80033117827037	SimBa
tweet-sno-1365	QO	vclaim-sno-taco-bell-closing-2020	1	50.999612506155515	SimBa
tweet-sno-1365	QO	vclaim-sno-taco-bell-menu-change	1	44.974061641713476	SimBa
tweet-sno-1365	QO	vclaim-sno-taco-bell-major-changes	1	44.50959418070205	SimBa
tweet-sno-1365	QO	vclaim-sno-scott-walker-pizza	1	43.23853178898461	SimBa
tweet-sno-1366	QO	vclaim-sno-taco-bell-closing-2020	1	59.350446549827645	SimBa
tweet-sno-1366	QO	vclaim-sno-taco-bell-mexican-pizza	1	57.96881662792962	SimBa
tweet-sno-1366	QO	vclaim-sno-taco-bell-menu-change	1	52.735336593817514	SimBa
tweet-sno-1366	QO	vclaim-sno-mcpizza	1	51.69938900166722	SimBa
tweet-sno-1366	QO	vclaim-sno-taco-bell-major-changes	1	47.71100998423398	SimBa
tweet-sno-1367	QO	vclaim-sno-taco-bell-closing-2020	1	61.45387017302471	SimBa
tweet-sno-1367	QO	vclaim-sno-taco-bell-mexican-pizza	1	60.997267674900414	SimBa
tweet-sno-1367	QO	vclaim-sno-taco-bell-menu-change	1	54.985080564360366	SimBa
tweet-sno-1367	QO	vclaim-sno-taco-bell-closing	1	48.13159686431689	SimBa
tweet-sno-1367	QO	vclaim-sno-meat-your-maker	1	47.822160390846676	SimBa
tweet-sno-1368	QO	vclaim-sno-taco-bell-closing-2020	1	55.30889467530484	SimBa
tweet-sno-1368	QO	vclaim-sno-subway-pizza-hut-closing	1	53.34225711740883	SimBa
tweet-sno-1368	QO	vclaim-sno-cheesecake-factory-closing-rumor	1	50.185700649752434	SimBa
tweet-sno-1368	QO	vclaim-sno-olive-garden-closing	1	47.40787040608165	SimBa
tweet-sno-1368	QO	vclaim-sno-not-lovin39-it	1	47.00262985697062	SimBa
tweet-sno-1369	QO	vclaim-sno-cheesecake-factory-closing-rumor	1	55.88293771571154	SimBa
tweet-sno-1369	QO	vclaim-sno-ruby-tuesday-closing	1	53.207441062562154	SimBa
tweet-sno-1369	QO	vclaim-sno-wendys-heartbreaking-announcement	1	51.2947238564949	SimBa
tweet-sno-1369	QO	vclaim-sno-taco-bell-closing-2020	1	50.896713268355946	SimBa
tweet-sno-1369	QO	vclaim-sno-subway-pizza-hut-closing	1	50.40506777184471	SimBa
tweet-sno-1370	QO	vclaim-sno-cheesecake-factory-closing-rumor	1	61.9327001390788	SimBa
tweet-sno-1370	QO	vclaim-sno-subway-pizza-hut-closing	1	52.9079097537461	SimBa
tweet-sno-1370	QO	vclaim-sno-taco-bell-closing-2020	1	50.36082928317376	SimBa
tweet-sno-1370	QO	vclaim-sno-outback-trump-supporters	1	50.19567310242938	SimBa
tweet-sno-1370	QO	vclaim-sno-car-czar	1	49.5377438419563	SimBa
tweet-sno-1371	QO	vclaim-sno-cheesecake-factory-closing-rumor	1	73.19659733193731	SimBa
tweet-sno-1371	QO	vclaim-sno-olive-garden-closing	1	57.57274430486376	SimBa
tweet-sno-1371	QO	vclaim-sno-subway-pizza-hut-closing	1	56.944274118714816	SimBa
tweet-sno-1371	QO	vclaim-sno-ruby-tuesday-closing	1	56.64713861808505	SimBa
tweet-sno-1371	QO	vclaim-sno-taco-bell-closing-2020	1	56.151964674016185	SimBa
tweet-sno-1372	QO	vclaim-sno-cheesecake-factory-closing-rumor	1	70.51945885191793	SimBa
tweet-sno-1372	QO	vclaim-sno-ruby-tuesday-closing	1	55.84970818421823	SimBa
tweet-sno-1372	QO	vclaim-sno-subway-pizza-hut-closing	1	53.95071580610598	SimBa
tweet-sno-1372	QO	vclaim-sno-taco-bell-closing-2020	1	53.26817969806675	SimBa
tweet-sno-1372	QO	vclaim-sno-knotts-berry-farm-fleeing	1	52.52032508682633	SimBa
tweet-sno-1373	QO	vclaim-sno-cheesecake-factory-closing-rumor	1	60.287480238327156	SimBa
tweet-sno-1373	QO	vclaim-sno-taco-bell-closing-2020	1	51.18652895602847	SimBa
tweet-sno-1373	QO	vclaim-sno-wendys-heartbreaking-announcement	1	48.46768652267938	SimBa
tweet-sno-1373	QO	vclaim-sno-ruby-tuesday-closing	1	48.389379067471324	SimBa
tweet-sno-1373	QO	vclaim-sno-olive-garden-closing	1	48.14349041037762	SimBa
tweet-sno-1374	QO	vclaim-sno-cheesecake-factory-closing-rumor	1	85.44087767619456	SimBa
tweet-sno-1374	QO	vclaim-sno-subway-pizza-hut-closing	1	61.87643493351075	SimBa
tweet-sno-1374	QO	vclaim-sno-taco-bell-closing	1	61.59892460502516	SimBa
tweet-sno-1374	QO	vclaim-sno-red-lobster-closing	1	61.12533459889425	SimBa
tweet-sno-1374	QO	vclaim-sno-olive-garden-closing	1	60.719387313502196	SimBa
tweet-sno-1375	QO	vclaim-sno-cheesecake-factory-closing-rumor	1	52.221030507481345	SimBa
tweet-sno-1375	QO	vclaim-sno-taco-bell-closing-2020	1	44.37976174665135	SimBa
tweet-sno-1375	QO	vclaim-sno-olive-garden-closing	1	41.748581289118185	SimBa
tweet-sno-1375	QO	vclaim-sno-olive-garden-trump-reelection	1	41.17343620478633	SimBa
tweet-sno-1375	QO	vclaim-sno-ruby-tuesday-closing	1	39.37697343058436	SimBa
tweet-sno-1376	QO	vclaim-sno-girl-scouts-congratulate-barrett	1	59.22519742344426	SimBa
tweet-sno-1376	QO	vclaim-sno-marjorie-taylor-greene-twitter	1	52.93778141794252	SimBa
tweet-sno-1376	QO	vclaim-sno-twitter-marjorie-taylor-greene	1	50.93318457179207	SimBa
tweet-sno-1376	QO	vclaim-sno-klobuchar-mock-buttigieg	1	49.94853986466174	SimBa
tweet-sno-1376	QO	vclaim-sno-trump-noble-prize-tweets	1	49.72777419192492	SimBa
tweet-sno-1377	QO	vclaim-sno-aoc-gop-sad-stupid-vanity-fair	1	70.49073924384874	SimBa
tweet-sno-1377	QO	vclaim-sno-did-aoc-say-this-about-trump	1	52.01720015254958	SimBa
tweet-sno-1377	QO	vclaim-sno-bernie-sanders-trump-shirts	1	48.15485248961587	SimBa
tweet-sno-1377	QO	vclaim-sno-aoc-actress-playing-lawmaker	1	47.87965378883308	SimBa
tweet-sno-1377	QO	vclaim-sno-nancy-pelosi-wrap-up-smear	1	47.792376600013625	SimBa
tweet-sno-1378	QO	vclaim-sno-trump-biden-assassination-shot	1	80.79240964895466	SimBa
tweet-sno-1378	QO	vclaim-sno-isis-called-for-assassination-of-barron-trump	1	63.658329356442266	SimBa
tweet-sno-1378	QO	vclaim-sno-trump-lincoln-dishonest	1	62.575461548514696	SimBa
tweet-sno-1378	QO	vclaim-sno-bannon-hell-capitol-attack	1	60.99876237483996	SimBa
tweet-sno-1378	QO	vclaim-sno-fake-trump-tweet	1	59.74720629417675	SimBa
tweet-sno-1379	QO	vclaim-sno-biden-admit-voter-fraud	1	76.53861467266522	SimBa
tweet-sno-1379	QO	vclaim-sno-trump-biden-vote-dumps	1	70.36352789667055	SimBa
tweet-sno-1379	QO	vclaim-sno-wisconsin-vote-dump	1	66.25514927689113	SimBa
tweet-sno-1379	QO	vclaim-sno-huckabee-letter-biden-fraud	1	65.52394147865724	SimBa
tweet-sno-1379	QO	vclaim-sno-simple-math-on-biden-votes	1	64.71399947298349	SimBa
tweet-sno-1380	QO	vclaim-sno-biden-tweet-pandemic	1	73.996314088002	SimBa
tweet-sno-1380	QO	vclaim-sno-2009-trump-tweet-pandemic	1	72.08840327124412	SimBa
tweet-sno-1380	QO	vclaim-sno-trump-tweet-obama-8-years	1	67.24967208645097	SimBa
tweet-sno-1380	QO	vclaim-sno-experts-officials-pandemic-2018	1	65.68143664688134	SimBa
tweet-sno-1380	QO	vclaim-sno-listen-to-scientists	1	63.25028577027062	SimBa
tweet-sno-1381	QO	vclaim-sno-merriam-webster-barrett-sexual	1	74.40525601674923	SimBa
tweet-sno-1381	QO	vclaim-sno-fascism-corporations-corporatism-dictionary	1	50.429848786068135	SimBa
tweet-sno-1381	QO	vclaim-sno-irregardless-merriam-webster	1	50.09972766618667	SimBa
tweet-sno-1381	QO	vclaim-sno-merriam-webster-definition-racism	1	47.53137262477243	SimBa
tweet-sno-1381	QO	vclaim-sno-only-fans-reverses-ban-sexually-explicit	1	44.086561541441895	SimBa
tweet-sno-1382	QO	vclaim-sno-joe-biden-n-word-recorded-speech	1	61.200553696629804	SimBa
tweet-sno-1382	QO	vclaim-sno-biden-trump-xenophobic	1	60.083042914457394	SimBa
tweet-sno-1382	QO	vclaim-sno-biden-trump-dregs-society	1	58.611020954085674	SimBa
tweet-sno-1382	QO	vclaim-sno-fake-aoc-purge-tweet	1	58.598910508439744	SimBa
tweet-sno-1382	QO	vclaim-sno-joe-biden-put-yall-back-in-chains	1	57.678261413681135	SimBa
tweet-sno-1383	QO	vclaim-sno-mitch-mcconnells-hands	1	64.03942612290003	SimBa
tweet-sno-1383	QO	vclaim-sno-amy-coney-barrett	1	44.40112472924726	SimBa
tweet-sno-1383	QO	vclaim-sno-mcconnell-voting-photobomb	1	43.7209143279581	SimBa
tweet-sno-1383	QO	vclaim-sno-did-c-span-insult-mitch-mcconnell	1	42.13462491045517	SimBa
tweet-sno-1383	QO	vclaim-sno-mcconnell-support-trump-2024	1	41.713039961839726	SimBa
tweet-sno-1384	QO	vclaim-sno-nurse-gop-convention-shooting	1	67.2495201982405	SimBa
tweet-sno-1384	QO	vclaim-sno-alabama-nurse-covid	1	49.715766111503626	SimBa
tweet-sno-1384	QO	vclaim-sno-las-vegas-police-officer-shot	1	49.61939189109128	SimBa
tweet-sno-1384	QO	vclaim-sno-margaret-keenan-covid-vaccine	1	49.53883606609439	SimBa
tweet-sno-1384	QO	vclaim-sno-blm-deputies-compton	1	47.186868458794585	SimBa
tweet-sno-1385	QO	vclaim-sno-jane-fonda-covid-gods-gift	1	84.99769654276255	SimBa
tweet-sno-1385	QO	vclaim-sno-fake-aoc-purge-tweet	1	60.03465171950886	SimBa
tweet-sno-1385	QO	vclaim-sno-biden-pandemic-statement	1	58.988828766573405	SimBa
tweet-sno-1385	QO	vclaim-sno-greene-biden-mark-of-the-beast	1	58.5385907427177	SimBa
tweet-sno-1385	QO	vclaim-sno-biden-admit-voter-fraud	1	56.914647533624894	SimBa
tweet-sno-1386	QO	vclaim-sno-biden-ban-fracking	1	77.98437032955064	SimBa
tweet-sno-1386	QO	vclaim-sno-biden-trump-xenophobic	1	62.585650974122274	SimBa
tweet-sno-1386	QO	vclaim-sno-trump-executive-order-biden	1	62.43986888720866	SimBa
tweet-sno-1386	QO	vclaim-sno-joe-hoe-kamala-harris-billboard	1	59.448879177993966	SimBa
tweet-sno-1386	QO	vclaim-sno-trump-biden-assassination-shot	1	59.366705459756766	SimBa
tweet-sno-1387	QO	vclaim-sno-kennedy-nixon-virtual-debate-1960	1	63.25601335305837	SimBa
tweet-sno-1387	QO	vclaim-sno-the-wire	1	49.95346225414991	SimBa
tweet-sno-1387	QO	vclaim-sno-diamond-silk-gop-convention	1	49.15805273496353	SimBa
tweet-sno-1387	QO	vclaim-sno-cbs-latinos-trump-biden	1	45.821002006644775	SimBa
tweet-sno-1387	QO	vclaim-sno-kanye-west-elon-musk	1	45.20724669547856	SimBa
tweet-sno-1388	QO	vclaim-sno-karen-pence-mask-debate	1	58.034729546695594	SimBa
tweet-sno-1388	QO	vclaim-sno-pence-escorted	1	46.12570085100648	SimBa
tweet-sno-1388	QO	vclaim-sno-mike-pence-tweet	1	43.061195560106334	SimBa
tweet-sno-1388	QO	vclaim-sno-biden-admit-voter-fraud	1	42.028122259337536	SimBa
tweet-sno-1388	QO	vclaim-sno-biden-violate-mask-mandate	1	41.64117554795604	SimBa
tweet-sno-1389	QO	vclaim-sno-trump-sign-hollywood-los-angeles	1	78.08860257320643	SimBa
tweet-sno-1389	QO	vclaim-sno-god-bows-down-trump-sign	1	50.069564707158285	SimBa
tweet-sno-1389	QO	vclaim-sno-trump-christ-billboard-st-louis	1	49.69783405024834	SimBa
tweet-sno-1389	QO	vclaim-sno-fbi-trump-biden-bus	1	47.96436609891993	SimBa
tweet-sno-1389	QO	vclaim-sno-41999-and-change	1	47.77366458070254	SimBa
tweet-sno-1390	QO	vclaim-sno-kamala-harris-protests	1	86.31651987569876	SimBa
tweet-sno-1390	QO	vclaim-sno-tomi-lahren-biden-supporters-loot	1	67.26390593357787	SimBa
tweet-sno-1390	QO	vclaim-sno-antifa-flyer-trump-supporters	1	60.36605109915033	SimBa
tweet-sno-1390	QO	vclaim-sno-fake-aoc-purge-tweet	1	60.34032937244916	SimBa
tweet-sno-1390	QO	vclaim-sno-mike-pence-tweet	1	57.55671284825851	SimBa
tweet-sno-1391	QO	vclaim-sno-biden-trump-dregs-society	1	92.03429004047557	SimBa
tweet-sno-1391	QO	vclaim-sno-biden-trump-xenophobic	1	79.45775645293145	SimBa
tweet-sno-1391	QO	vclaim-sno-biden-troops-stupid-bastards	1	73.35938279688845	SimBa
tweet-sno-1391	QO	vclaim-sno-listen-to-scientists	1	72.23784808222877	SimBa
tweet-sno-1391	QO	vclaim-sno-trump-biden-resident-meme	1	70.20174034969705	SimBa
tweet-sno-1392	QO	vclaim-sno-biden-pandemic-black-women-grocery	1	72.9891440357656	SimBa
tweet-sno-1392	QO	vclaim-sno-biden-kenosha-black-looting	1	46.89598567051894	SimBa
tweet-sno-1392	QO	vclaim-sno-joe-biden-put-yall-back-in-chains	1	44.56390321398895	SimBa
tweet-sno-1392	QO	vclaim-sno-biden-black-man-invented-lightbulb	1	43.830285064560954	SimBa
tweet-sno-1392	QO	vclaim-sno-jill-biden-lunging-protect-joe	1	42.890817351506044	SimBa
tweet-sno-1393	QO	vclaim-sno-clinton-mccabe-donation	1	74.56779319442204	SimBa
tweet-sno-1393	QO	vclaim-sno-fbi-illegal-wiretap-trump-apology	1	59.593557247383956	SimBa
tweet-sno-1393	QO	vclaim-sno-comey-clinton-foundation	1	59.528855670192634	SimBa
tweet-sno-1393	QO	vclaim-sno-hillary-clinton-arrested-fbi-hoax	1	57.46035216627726	SimBa
tweet-sno-1393	QO	vclaim-sno-spooked-clinton-campaign-manager-deleted-tweets	1	56.169562457865474	SimBa
tweet-sno-1394	QO	vclaim-sno-gay-men-proud-boys-hashtag	1	58.679664696723066	SimBa
tweet-sno-1394	QO	vclaim-sno-gay-jesus-film	1	46.05844553000722	SimBa
tweet-sno-1394	QO	vclaim-sno-condom-snorting-challenge	1	43.38412898091596	SimBa
tweet-sno-1394	QO	vclaim-sno-bieber-twitter	1	40.60551763829305	SimBa
tweet-sno-1394	QO	vclaim-sno-lgbtp-adding-letter	1	40.223437775308604	SimBa
tweet-sno-1395	QO	vclaim-sno-gay-men-proud-boys-hashtag	1	77.03059200406864	SimBa
tweet-sno-1395	QO	vclaim-sno-republican-dean-browning-gay	1	49.811339092555386	SimBa
tweet-sno-1395	QO	vclaim-sno-biden-antifa-courageous-americans	1	47.098778784137394	SimBa
tweet-sno-1395	QO	vclaim-sno-stop-the-steal-gay-communists	1	45.666202547784465	SimBa
tweet-sno-1395	QO	vclaim-sno-jerry-falwell-jr-president-looks	1	45.52807238168468	SimBa
tweet-sno-1396	QO	vclaim-sno-bikers-trump-praying-walter-reed	1	68.751194306801	SimBa
tweet-sno-1396	QO	vclaim-sno-photograph-shows-100000-bikers-at-trump-rally	1	61.82014156617618	SimBa
tweet-sno-1396	QO	vclaim-sno-motorcycle-group-trump-inauguration	1	58.13053102726587	SimBa
tweet-sno-1396	QO	vclaim-sno-bikers-kavanaugh-support-video	1	56.81999384884989	SimBa
tweet-sno-1396	QO	vclaim-sno-trump-cruz-rally-photo	1	53.54626141744079	SimBa
tweet-sno-1397	QO	vclaim-sno-trump-covid-fundraising	1	68.21623111582525	SimBa
tweet-sno-1397	QO	vclaim-sno-trump-campaign-september-31	1	66.22010852892593	SimBa
tweet-sno-1397	QO	vclaim-sno-trump-army-fundraising-email	1	60.34811805325612	SimBa
tweet-sno-1397	QO	vclaim-sno-trump-selling-inauguration-tickets	1	57.549231644226495	SimBa
tweet-sno-1397	QO	vclaim-sno-fake-trump-groping-plot	1	55.704496581781314	SimBa
tweet-sno-1398	QO	vclaim-sno-amy-coney-barrett-rhodes-scholar	1	64.74601403383575	SimBa
tweet-sno-1398	QO	vclaim-sno-amy-coney-barrett	1	51.524457886883454	SimBa
tweet-sno-1398	QO	vclaim-sno-girl-scouts-congratulate-barrett	1	50.52660783156527	SimBa
tweet-sno-1398	QO	vclaim-sno-trump-healthcare-lesley-stahl	1	49.80302555618616	SimBa
tweet-sno-1398	QO	vclaim-sno-mcenany-obama-hut-tweet	1	48.29557027426631	SimBa
tweet-sno-1399	QO	vclaim-sno-biden-antifa-courageous-americans	1	60.98328641519764	SimBa
tweet-sno-1399	QO	vclaim-sno-biden-fail-condemn-antifa	1	60.20823701227239	SimBa
tweet-sno-1399	QO	vclaim-sno-kamala-harris-protests	1	53.33305510638158	SimBa
tweet-sno-1399	QO	vclaim-sno-antifa-flyer-trump-supporters	1	53.05165824548516	SimBa
tweet-sno-1399	QO	vclaim-sno-trump-condemn-white-supremacists	1	50.721713199319694	SimBa
tweet-sno-1400	QO	vclaim-sno-trump-condemn-white-supremacists	1	71.10095666439832	SimBa
tweet-sno-1400	QO	vclaim-sno-trump-white-nationalists-us-press-conference	1	52.82462837999107	SimBa
tweet-sno-1400	QO	vclaim-sno-iowa-congressman-retweet-white-supremacist	1	52.592787640890364	SimBa
tweet-sno-1400	QO	vclaim-sno-trump-fail-to-denounce-qanon	1	52.394467312087926	SimBa
tweet-sno-1400	QO	vclaim-sno-biden-fail-condemn-antifa	1	49.80787759088642	SimBa
tweet-sno-1401	QO	vclaim-sno-michael-bloomberg-donald-trump	1	61.64548800240978	SimBa
tweet-sno-1401	QO	vclaim-sno-bloomberg-pay-florida-felons-vote	1	59.71009031160945	SimBa
tweet-sno-1401	QO	vclaim-sno-bloomberg-buy-trump-debt	1	59.18592295207965	SimBa
tweet-sno-1401	QO	vclaim-sno-biden-admit-voter-fraud	1	56.953938308929565	SimBa
tweet-sno-1401	QO	vclaim-sno-skinny-joey-merlino-biden	1	56.673983142485795	SimBa
