tweet-sno-1200	QO	vclaim-sno-lady-gagas-arrested-for-twitter-attack-on-melania-trump	1	12.698412698412698	SimBa
tweet-sno-1200	QO	vclaim-sno-lady-gaga-oreo	1	8.0	SimBa
tweet-sno-1200	QO	vclaim-sno-lady-gaga	1	7.8431372549019605	SimBa
tweet-sno-1200	QO	vclaim-sno-joel-osteen-lady-gaga-event	1	7.8431372549019605	SimBa
tweet-sno-1200	QO	vclaim-sno-macklewar	1	7.8431372549019605	SimBa
tweet-sno-1201	QO	vclaim-sno-trump-biden-resident-meme	1	14.925373134328359	SimBa
tweet-sno-1201	QO	vclaim-sno-twitter-biden-negative-news	1	11.940298507462687	SimBa
tweet-sno-1201	QO	vclaim-sno-biden-tweet-pandemic	1	10.95890410958904	SimBa
tweet-sno-1201	QO	vclaim-sno-fake-aoc-purge-tweet	1	10.666666666666666	SimBa
tweet-sno-1201	QO	vclaim-sno-mcconnell-biden-putin	1	10.666666666666666	SimBa
tweet-sno-1202	QO	vclaim-sno-biden-executive-order-dictator	1	11.650485436893204	SimBa
tweet-sno-1202	QO	vclaim-sno-brazilian-oil	1	8.0	SimBa
tweet-sno-1202	QO	vclaim-sno-green-canard	1	8.0	SimBa
tweet-sno-1202	QO	vclaim-sno-bumblebees-cant-fly	1	7.792207792207792	SimBa
tweet-sno-1202	QO	vclaim-sno-obama-reparations-executive-order	1	7.59493670886076	SimBa
tweet-sno-1203	QO	vclaim-sno-finial-duty	1	8.955223880597016	SimBa
tweet-sno-1203	QO	vclaim-sno-farmers-protest-india-flag	1	7.692307692307693	SimBa
tweet-sno-1203	QO	vclaim-sno-rioters-capitol-flagpole	1	7.317073170731707	SimBa
tweet-sno-1203	QO	vclaim-sno-macklewar	1	6.896551724137931	SimBa
tweet-sno-1203	QO	vclaim-sno-twitter-shutting-down-in-2017	1	6.779661016949152	SimBa
tweet-sno-1204	QO	vclaim-sno-biden-abortion-exec-order	1	22.72727272727273	SimBa
tweet-sno-1204	QO	vclaim-sno-biden-violate-mask-mandate	1	20.408163265306122	SimBa
tweet-sno-1204	QO	vclaim-sno-biden-bans-china-virus	1	20.408163265306122	SimBa
tweet-sno-1204	QO	vclaim-sno-biden-transgender-athletes-sports	1	18.18181818181818	SimBa
tweet-sno-1204	QO	vclaim-sno-power-grid-executive-order	1	17.543859649122805	SimBa
tweet-sno-1205	QO	vclaim-sno-trump-navajo-twitter	1	25.641025641025642	SimBa
tweet-sno-1205	QO	vclaim-sno-trump-boycott-chinese-restaurants	1	25.0	SimBa
tweet-sno-1205	QO	vclaim-sno-deport-native-americans-india	1	24.390243902439025	SimBa
tweet-sno-1205	QO	vclaim-sno-trump-tweet-bill-cosby	1	23.80952380952381	SimBa
tweet-sno-1205	QO	vclaim-sno-trump-flag-symbol-love	1	23.80952380952381	SimBa
tweet-sno-1206	QO	vclaim-sno-trump-inappropriate-comment-daughter-tiffany	1	14.285714285714286	SimBa
tweet-sno-1206	QO	vclaim-sno-trump-new-bot-followers	1	13.88888888888889	SimBa
tweet-sno-1206	QO	vclaim-sno-melania-trump-relationship-tweet	1	13.698630136986301	SimBa
tweet-sno-1206	QO	vclaim-sno-president-trump-block-jennie-willoughby-twitter	1	13.333333333333332	SimBa
tweet-sno-1206	QO	vclaim-sno-did-trump-say-community-college-13th-grade	1	12.987012987012987	SimBa
tweet-sno-1207	QO	vclaim-sno-cocaine-coca-cola	1	12.121212121212121	SimBa
tweet-sno-1207	QO	vclaim-sno-medicinal-cocaine-canada	1	11.428571428571429	SimBa
tweet-sno-1207	QO	vclaim-sno-macklewar	1	11.11111111111111	SimBa
tweet-sno-1207	QO	vclaim-sno-twitter-shutting-down-in-2017	1	10.81081081081081	SimBa
tweet-sno-1207	QO	vclaim-sno-leonardo-dicaprio-trump	1	10.526315789473685	SimBa
tweet-sno-1208	QO	vclaim-sno-twitter-biden-negative-news	1	11.627906976744187	SimBa
tweet-sno-1208	QO	vclaim-sno-national-guard-parking-garage	1	11.320754716981131	SimBa
tweet-sno-1208	QO	vclaim-sno-biden-tweet-pandemic	1	10.869565217391305	SimBa
tweet-sno-1208	QO	vclaim-sno-fake-aoc-purge-tweet	1	10.638297872340425	SimBa
tweet-sno-1208	QO	vclaim-sno-rnc-chairwoman-deleted-tweet	1	10.416666666666668	SimBa
tweet-sno-1209	QO	vclaim-sno-donald-trump-utah-tweet-fake	1	27.77777777777778	SimBa
tweet-sno-1209	QO	vclaim-sno-leonardo-dicaprio-trump	1	27.77777777777778	SimBa
tweet-sno-1209	QO	vclaim-sno-donald-trump-threatens-arrest-alec-baldwin	1	26.315789473684212	SimBa
tweet-sno-1209	QO	vclaim-sno-donald-trump-sentence	1	26.315789473684212	SimBa
tweet-sno-1209	QO	vclaim-sno-schumer-tweet-china-travel	1	25.53191489361702	SimBa
tweet-sno-1210	QO	vclaim-sno-macklewar	1	8.333333333333334	SimBa
tweet-sno-1210	QO	vclaim-sno-twitter-shutting-down-in-2017	1	8.16326530612245	SimBa
tweet-sno-1210	QO	vclaim-sno-leonardo-dicaprio-trump	1	8.0	SimBa
tweet-sno-1210	QO	vclaim-sno-trump-navajo-twitter	1	8.0	SimBa
tweet-sno-1210	QO	vclaim-sno-donald-trump-utah-tweet-fake	1	8.0	SimBa
tweet-sno-1211	QO	vclaim-sno-schumer-erection-senate-floor	1	15.384615384615387	SimBa
tweet-sno-1211	QO	vclaim-sno-schumer-tweet-china-travel	1	11.594202898550725	SimBa
tweet-sno-1211	QO	vclaim-sno-trump-letter-schumer	1	10.526315789473685	SimBa
tweet-sno-1211	QO	vclaim-sno-chuck-schumer-kissing-a-girl	1	9.230769230769232	SimBa
tweet-sno-1211	QO	vclaim-sno-chuck-schumer-resigns-disgrace	1	9.09090909090909	SimBa
tweet-sno-1212	QO	vclaim-sno-mitch-mcconnell-blocked-investigating-russian-hacks	1	4.25531914893617	SimBa
tweet-sno-1212	QO	vclaim-sno-no-maam	1	4.25531914893617	SimBa
tweet-sno-1212	QO	vclaim-sno-tom-cotton-ex-gay	1	4.081632653061225	SimBa
tweet-sno-1212	QO	vclaim-sno-kamala-harris-berkeley-busing	1	4.0	SimBa
tweet-sno-1212	QO	vclaim-sno-rob-donaldson-amy-coney-barrett	1	3.9215686274509802	SimBa
tweet-sno-1213	QO	vclaim-sno-kaepernick-disney	1	8.108108108108109	SimBa
tweet-sno-1213	QO	vclaim-sno-trump-impeachment-votes	1	8.0	SimBa
tweet-sno-1213	QO	vclaim-sno-chuck-schumer-kissing-a-girl	1	7.894736842105264	SimBa
tweet-sno-1213	QO	vclaim-sno-chuck-schumer-resigns-disgrace	1	7.792207792207792	SimBa
tweet-sno-1213	QO	vclaim-sno-schumer-pelosi-150-billion	1	7.4074074074074066	SimBa
tweet-sno-1214	QO	vclaim-sno-trump-tweet-weak-leadership	1	9.677419354838708	SimBa
tweet-sno-1214	QO	vclaim-sno-macklewar	1	8.16326530612245	SimBa
tweet-sno-1214	QO	vclaim-sno-twitter-shutting-down-in-2017	1	8.0	SimBa
tweet-sno-1214	QO	vclaim-sno-donald-trump-utah-tweet-fake	1	7.8431372549019605	SimBa
tweet-sno-1214	QO	vclaim-sno-leonardo-dicaprio-trump	1	7.8431372549019605	SimBa
tweet-sno-1215	QO	vclaim-sno-bernice-king-mlk-day-instagram	1	12.987012987012987	SimBa
tweet-sno-1215	QO	vclaim-sno-rick-perry-instagram-hoax	1	11.538461538461538	SimBa
tweet-sno-1215	QO	vclaim-sno-trump-facebook-suspension	1	11.538461538461538	SimBa
tweet-sno-1215	QO	vclaim-sno-first-fangirl	1	11.11111111111111	SimBa
tweet-sno-1215	QO	vclaim-sno-instagod	1	10.714285714285715	SimBa
tweet-sno-1216	QO	vclaim-sno-mypillow-antifa-temptresses	1	10.989010989010989	SimBa
tweet-sno-1216	QO	vclaim-sno-mike-lindells-absolute-proof	1	10.909090909090908	SimBa
tweet-sno-1216	QO	vclaim-sno-faithbook	1	7.59493670886076	SimBa
tweet-sno-1216	QO	vclaim-sno-costco-ceo	1	7.59493670886076	SimBa
tweet-sno-1216	QO	vclaim-sno-elon-musk-illegal-immigrant	1	7.5	SimBa
tweet-sno-1217	QO	vclaim-sno-macklewar	1	11.11111111111111	SimBa
tweet-sno-1217	QO	vclaim-sno-twitter-shutting-down-in-2017	1	10.81081081081081	SimBa
tweet-sno-1217	QO	vclaim-sno-donald-trump-utah-tweet-fake	1	10.526315789473685	SimBa
tweet-sno-1217	QO	vclaim-sno-leonardo-dicaprio-trump	1	10.526315789473685	SimBa
tweet-sno-1217	QO	vclaim-sno-trump-navajo-twitter	1	10.526315789473685	SimBa
tweet-sno-1218	QO	vclaim-sno-gwyneth-paltrow-vagina-candle	1	7.792207792207792	SimBa
tweet-sno-1218	QO	vclaim-sno-gwyneth-paltrow-goop-covid-advice	1	6.896551724137931	SimBa
tweet-sno-1218	QO	vclaim-sno-gwyneth-vagina-candle-explode	1	6.741573033707866	SimBa
tweet-sno-1218	QO	vclaim-sno-chewed-out	1	5.194805194805195	SimBa
tweet-sno-1218	QO	vclaim-sno-1-mcdonald39s-any-size-fries	1	0.0	SimBa
tweet-sno-1219	QO	vclaim-sno-trump-inappropriate-comment-daughter-tiffany	1	16.216216216216218	SimBa
tweet-sno-1219	QO	vclaim-sno-trump-new-bot-followers	1	15.789473684210527	SimBa
tweet-sno-1219	QO	vclaim-sno-marjorie-taylor-greene-twitter	1	15.584415584415584	SimBa
tweet-sno-1219	QO	vclaim-sno-president-trump-block-jennie-willoughby-twitter	1	15.18987341772152	SimBa
tweet-sno-1219	QO	vclaim-sno-trump-navajo-twitter	1	14.925373134328359	SimBa
tweet-sno-1220	QO	vclaim-sno-burger-king-tweet-women-kitchen	1	12.658227848101266	SimBa
tweet-sno-1220	QO	vclaim-sno-long-live-timbits	1	8.333333333333332	SimBa
tweet-sno-1220	QO	vclaim-sno-burger-king-logo-new	1	8.333333333333332	SimBa
tweet-sno-1220	QO	vclaim-sno-burger-king-vouchers-scam	1	8.21917808219178	SimBa
tweet-sno-1220	QO	vclaim-sno-subservient-chicken	1	8.0	SimBa
tweet-sno-1221	QO	vclaim-sno-macklewar	1	10.0	SimBa
tweet-sno-1221	QO	vclaim-sno-twitter-shutting-down-in-2017	1	9.75609756097561	SimBa
tweet-sno-1221	QO	vclaim-sno-trump-navajo-twitter	1	9.523809523809524	SimBa
tweet-sno-1221	QO	vclaim-sno-donald-trump-utah-tweet-fake	1	9.523809523809524	SimBa
tweet-sno-1221	QO	vclaim-sno-leonardo-dicaprio-trump	1	9.523809523809524	SimBa
tweet-sno-1222	QO	vclaim-sno-trump-jr-impeached-deplorable	1	17.391304347826086	SimBa
tweet-sno-1222	QO	vclaim-sno-trump-sons-photo	1	13.953488372093023	SimBa
tweet-sno-1222	QO	vclaim-sno-california-burn-democrats	1	13.043478260869565	SimBa
tweet-sno-1222	QO	vclaim-sno-donald-trump-jr-tweet	1	11.76470588235294	SimBa
tweet-sno-1222	QO	vclaim-sno-trumps-lev-parnas-igor-fruman	1	10.714285714285715	SimBa
tweet-sno-1223	QO	vclaim-sno-armie-hammer-cannibal-lifestyle	1	27.45098039215686	SimBa
tweet-sno-1223	QO	vclaim-sno-covid19-vaccination-cannibalism	1	14.285714285714285	SimBa
tweet-sno-1223	QO	vclaim-sno-macklewar	1	11.428571428571429	SimBa
tweet-sno-1223	QO	vclaim-sno-twitter-shutting-down-in-2017	1	11.11111111111111	SimBa
tweet-sno-1223	QO	vclaim-sno-trump-navajo-twitter	1	10.81081081081081	SimBa
tweet-sno-1224	QO	vclaim-sno-black-diamond-collection-disney	1	8.571428571428571	SimBa
tweet-sno-1224	QO	vclaim-sno-rare-vhs-tapes	1	8.0	SimBa
tweet-sno-1224	QO	vclaim-sno-macklewar	1	7.142857142857143	SimBa
tweet-sno-1224	QO	vclaim-sno-twitter-shutting-down-in-2017	1	7.017543859649122	SimBa
tweet-sno-1224	QO	vclaim-sno-donald-trump-utah-tweet-fake	1	6.896551724137931	SimBa
tweet-sno-1225	QO	vclaim-sno-7-senegal-kids-die-covid-vax	1	19.047619047619047	SimBa
tweet-sno-1225	QO	vclaim-sno-alabama-nurse-covid	1	15.625	SimBa
tweet-sno-1225	QO	vclaim-sno-twitter-germany-nazis	1	15.384615384615385	SimBa
tweet-sno-1225	QO	vclaim-sno-bill-mitchell-tweet-55000-covid	1	14.925373134328359	SimBa
tweet-sno-1225	QO	vclaim-sno-vatican-covid-vaccine	1	14.457831325301207	SimBa
tweet-sno-1226	QO	vclaim-sno-snl-writer-suspended-tweet-barron	1	8.0	SimBa
tweet-sno-1226	QO	vclaim-sno-el-paso-shooting-twitter	1	7.4074074074074066	SimBa
tweet-sno-1226	QO	vclaim-sno-nancy-pelosi-disgusted-trump-tweet	1	7.142857142857142	SimBa
tweet-sno-1226	QO	vclaim-sno-trump-tweet-harris	1	6.896551724137931	SimBa
tweet-sno-1226	QO	vclaim-sno-did-melania-spell-help-tweet	1	6.818181818181818	SimBa
tweet-sno-1227	QO	vclaim-sno-obama-divorce-rumors	1	12.0	SimBa
tweet-sno-1227	QO	vclaim-sno-freeway-work-zones	1	11.76470588235294	SimBa
tweet-sno-1227	QO	vclaim-sno-palatial-prison	1	11.11111111111111	SimBa
tweet-sno-1227	QO	vclaim-sno-illinois-eavesdropping-law	1	10.909090909090908	SimBa
tweet-sno-1227	QO	vclaim-sno-single-mother-birth-certificate	1	10.526315789473683	SimBa
tweet-sno-1228	QO	vclaim-sno-mary-miller-hitler	1	14.457831325301207	SimBa
tweet-sno-1228	QO	vclaim-sno-trump-tweet-echo-mein-kampf	1	13.333333333333332	SimBa
tweet-sno-1228	QO	vclaim-sno-trump-hitler-heritage-tweet	1	10.666666666666666	SimBa
tweet-sno-1228	QO	vclaim-sno-jesse-owens-and-hitler-handshake	1	8.823529411764707	SimBa
tweet-sno-1228	QO	vclaim-sno-did-roseanne-pose-as-adolf-hitler-photo-shoot	1	8.695652173913043	SimBa
tweet-sno-1229	QO	vclaim-sno-boebert-tweet-pelosi-location	1	9.677419354838708	SimBa
tweet-sno-1229	QO	vclaim-sno-capitol-riot-no-fly-list	1	9.523809523809524	SimBa
tweet-sno-1229	QO	vclaim-sno-macklewar	1	8.0	SimBa
tweet-sno-1229	QO	vclaim-sno-twitter-shutting-down-in-2017	1	7.8431372549019605	SimBa
tweet-sno-1229	QO	vclaim-sno-donald-trump-utah-tweet-fake	1	7.6923076923076925	SimBa
tweet-sno-1230	QO	vclaim-sno-bumblebees-cant-fly	1	9.523809523809524	SimBa
tweet-sno-1230	QO	vclaim-sno-charlie-sheen-death-hoax	1	9.523809523809524	SimBa
tweet-sno-1230	QO	vclaim-sno-chevy-chase-death-hoax	1	9.230769230769232	SimBa
tweet-sno-1230	QO	vclaim-sno-sherri-shepherd-death-hoax	1	9.230769230769232	SimBa
tweet-sno-1230	QO	vclaim-sno-cough-cpr	1	9.09090909090909	SimBa
tweet-sno-1231	QO	vclaim-sno-walmart-text-coupon	1	6.976744186046512	SimBa
tweet-sno-1231	QO	vclaim-sno-quake-mother	1	6.896551724137931	SimBa
tweet-sno-1231	QO	vclaim-sno-california-text-tax	1	6.593406593406594	SimBa
tweet-sno-1231	QO	vclaim-sno-maria-raped-child	1	6.382978723404255	SimBa
tweet-sno-1231	QO	vclaim-sno-heart-transplant-child	1	6.315789473684211	SimBa
tweet-sno-1232	QO	vclaim-sno-twitter-marjorie-taylor-greene	1	10.75268817204301	SimBa
tweet-sno-1232	QO	vclaim-sno-ben-shapiro-zip-ties-capitol	1	8.421052631578947	SimBa
tweet-sno-1232	QO	vclaim-sno-maddie-kelley-video	1	8.108108108108109	SimBa
tweet-sno-1232	QO	vclaim-sno-tucker-carlson-georgia-voter-fraud	1	7.894736842105264	SimBa
tweet-sno-1232	QO	vclaim-sno-ruby-freeman-arrested-by-fbi	1	7.894736842105264	SimBa
tweet-sno-1233	QO	vclaim-sno-romney-biden-daily-world	1	11.11111111111111	SimBa
tweet-sno-1233	QO	vclaim-sno-tomi-lahren-biden-supporters-loot	1	10.75268817204301	SimBa
tweet-sno-1233	QO	vclaim-sno-rumor-alert-biden-michigan-votes	1	10.38961038961039	SimBa
tweet-sno-1233	QO	vclaim-sno-sam-elliott-endorse-biden	1	10.38961038961039	SimBa
tweet-sno-1233	QO	vclaim-sno-biden-maskless-birthday-video	1	10.256410256410257	SimBa
tweet-sno-1234	QO	vclaim-sno-schumer-erection-senate-floor	1	8.21917808219178	SimBa
tweet-sno-1234	QO	vclaim-sno-trump-described-the-electoral-college-as-a-disaster	1	8.0	SimBa
tweet-sno-1234	QO	vclaim-sno-macklewar	1	7.8431372549019605	SimBa
tweet-sno-1234	QO	vclaim-sno-twitter-shutting-down-in-2017	1	7.6923076923076925	SimBa
tweet-sno-1234	QO	vclaim-sno-donald-trump-utah-tweet-fake	1	7.547169811320755	SimBa
tweet-sno-1235	QO	vclaim-sno-electoral-votes-rejected-congress	1	7.5	SimBa
tweet-sno-1235	QO	vclaim-sno-macklewar	1	6.0606060606060606	SimBa
tweet-sno-1235	QO	vclaim-sno-twitter-shutting-down-in-2017	1	5.970149253731344	SimBa
tweet-sno-1235	QO	vclaim-sno-donald-trump-utah-tweet-fake	1	5.882352941176471	SimBa
tweet-sno-1235	QO	vclaim-sno-trump-navajo-twitter	1	5.882352941176471	SimBa
tweet-sno-1236	QO	vclaim-sno-franceska-mann	1	6.741573033707866	SimBa
tweet-sno-1236	QO	vclaim-sno-george-soros-ss-nazi-germany	1	6.185567010309278	SimBa
tweet-sno-1236	QO	vclaim-sno-macklewar	1	5.2631578947368425	SimBa
tweet-sno-1236	QO	vclaim-sno-twitter-shutting-down-in-2017	1	5.194805194805195	SimBa
tweet-sno-1236	QO	vclaim-sno-donald-trump-utah-tweet-fake	1	5.128205128205129	SimBa
tweet-sno-1237	QO	vclaim-sno-boebert-tweet-pelosi-location	1	11.538461538461538	SimBa
tweet-sno-1237	QO	vclaim-sno-macklewar	1	10.0	SimBa
tweet-sno-1237	QO	vclaim-sno-twitter-shutting-down-in-2017	1	9.75609756097561	SimBa
tweet-sno-1237	QO	vclaim-sno-trump-navajo-twitter	1	9.523809523809524	SimBa
tweet-sno-1237	QO	vclaim-sno-donald-trump-utah-tweet-fake	1	9.523809523809524	SimBa
tweet-sno-1238	QO	vclaim-sno-occupy-wall-street	1	12.0	SimBa
tweet-sno-1238	QO	vclaim-sno-boebert-tweet-pelosi-location	1	10.0	SimBa
tweet-sno-1238	QO	vclaim-sno-elizabeth-knoxville-onion-towel	1	9.836065573770492	SimBa
tweet-sno-1238	QO	vclaim-sno-onion-in-your-sock-cure	1	8.955223880597016	SimBa
tweet-sno-1238	QO	vclaim-sno-macklewar	1	8.333333333333334	SimBa
tweet-sno-1239	QO	vclaim-sno-giuliani-rally-speech	1	5.825242718446602	SimBa
tweet-sno-1239	QO	vclaim-sno-macklewar	1	4.938271604938271	SimBa
tweet-sno-1239	QO	vclaim-sno-twitter-shutting-down-in-2017	1	4.878048780487805	SimBa
tweet-sno-1239	QO	vclaim-sno-leonardo-dicaprio-trump	1	4.819277108433735	SimBa
tweet-sno-1239	QO	vclaim-sno-donald-trump-utah-tweet-fake	1	4.819277108433735	SimBa
tweet-sno-1240	QO	vclaim-sno-national-guard-trump-mob	1	32.142857142857146	SimBa
tweet-sno-1240	QO	vclaim-sno-lincoln-memorial-defaced-protesters	1	22.641509433962263	SimBa
tweet-sno-1240	QO	vclaim-sno-police-horse-kicks-blm-protester	1	13.636363636363637	SimBa
tweet-sno-1240	QO	vclaim-sno-biden-pardon-blm-protesters	1	13.333333333333334	SimBa
tweet-sno-1240	QO	vclaim-sno-gun-confiscation-in-boston	1	13.333333333333334	SimBa
tweet-sno-1241	QO	vclaim-sno-trump-donations-veterans	1	6.896551724137931	SimBa
tweet-sno-1241	QO	vclaim-sno-donald-trump-removed-pro-life-from-his-policies	1	6.741573033707866	SimBa
tweet-sno-1241	QO	vclaim-sno-florida-town-trump-week	1	6.666666666666667	SimBa
tweet-sno-1241	QO	vclaim-sno-joel-osteen-donald-trump	1	5.555555555555555	SimBa
tweet-sno-1241	QO	vclaim-sno-trump-lincoln-dishonest	1	5.47945205479452	SimBa
tweet-sno-1242	QO	vclaim-sno-twitter-shutting-down-in-2017	1	18.18181818181818	SimBa
tweet-sno-1242	QO	vclaim-sno-leonardo-dicaprio-trump	1	17.647058823529413	SimBa
tweet-sno-1242	QO	vclaim-sno-trump-navajo-twitter	1	17.647058823529413	SimBa
tweet-sno-1242	QO	vclaim-sno-india-banning-twitter	1	17.142857142857142	SimBa
tweet-sno-1242	QO	vclaim-sno-bieber-twitter	1	17.142857142857142	SimBa
tweet-sno-1243	QO	vclaim-sno-trump-flag-symbol-love	1	18.6046511627907	SimBa
tweet-sno-1243	QO	vclaim-sno-boebert-tweet-pelosi-location	1	12.0	SimBa
tweet-sno-1243	QO	vclaim-sno-macklewar	1	10.526315789473685	SimBa
tweet-sno-1243	QO	vclaim-sno-twitter-shutting-down-in-2017	1	10.256410256410257	SimBa
tweet-sno-1243	QO	vclaim-sno-donald-trump-utah-tweet-fake	1	10.0	SimBa
tweet-sno-1244	QO	vclaim-sno-trump-flag-symbol-love	1	21.62162162162162	SimBa
tweet-sno-1244	QO	vclaim-sno-macklewar	1	12.5	SimBa
tweet-sno-1244	QO	vclaim-sno-twitter-shutting-down-in-2017	1	12.121212121212121	SimBa
tweet-sno-1244	QO	vclaim-sno-donald-trump-utah-tweet-fake	1	11.764705882352942	SimBa
tweet-sno-1244	QO	vclaim-sno-leonardo-dicaprio-trump	1	11.764705882352942	SimBa
tweet-sno-1245	QO	vclaim-sno-confederate-flag-capitol-dc	1	19.718309859154928	SimBa
tweet-sno-1245	QO	vclaim-sno-trump-flag-symbol-love	1	18.18181818181818	SimBa
tweet-sno-1245	QO	vclaim-sno-trump-riot-camp-auschwitz-shirt	1	14.285714285714286	SimBa
tweet-sno-1245	QO	vclaim-sno-does-jade-sacker-work-for-cnn	1	14.285714285714286	SimBa
tweet-sno-1245	QO	vclaim-sno-trump-inappropriate-comment-daughter-tiffany	1	14.285714285714286	SimBa
tweet-sno-1246	QO	vclaim-sno-macklewar	1	12.121212121212121	SimBa
tweet-sno-1246	QO	vclaim-sno-twitter-shutting-down-in-2017	1	11.764705882352942	SimBa
tweet-sno-1246	QO	vclaim-sno-leonardo-dicaprio-trump	1	11.428571428571429	SimBa
tweet-sno-1246	QO	vclaim-sno-trump-navajo-twitter	1	11.428571428571429	SimBa
tweet-sno-1246	QO	vclaim-sno-donald-trump-utah-tweet-fake	1	11.428571428571429	SimBa
tweet-sno-1247	QO	vclaim-sno-did-migrants-destroy-a-car-in-italy	1	7.692307692307693	SimBa
tweet-sno-1247	QO	vclaim-sno-immigrants-riot-italy	1	7.692307692307693	SimBa
tweet-sno-1247	QO	vclaim-sno-muslim-migrants-tore-down-a-christmas-tree-in-italy	1	7.59493670886076	SimBa
tweet-sno-1247	QO	vclaim-sno-cristina-higgins-coronavirus-post	1	7.4074074074074066	SimBa
tweet-sno-1247	QO	vclaim-sno-italy-elderly-coronavirus	1	7.4074074074074066	SimBa
tweet-sno-1248	QO	vclaim-sno-earthquake-hoax	1	10.169491525423728	SimBa
tweet-sno-1248	QO	vclaim-sno-everyones-leaving-los-angeles	1	9.836065573770492	SimBa
tweet-sno-1248	QO	vclaim-sno-conditions-in-los-angeles	1	9.677419354838708	SimBa
tweet-sno-1248	QO	vclaim-sno-biplane-buzz-beach-1911	1	9.677419354838708	SimBa
tweet-sno-1248	QO	vclaim-sno-ice-arrest-los-angeles-mayor	1	9.677419354838708	SimBa
tweet-sno-1249	QO	vclaim-sno-earthquake-hoax	1	9.230769230769232	SimBa
tweet-sno-1249	QO	vclaim-sno-everyones-leaving-los-angeles	1	8.955223880597016	SimBa
tweet-sno-1249	QO	vclaim-sno-conditions-in-los-angeles	1	8.823529411764707	SimBa
tweet-sno-1249	QO	vclaim-sno-biplane-buzz-beach-1911	1	8.823529411764707	SimBa
tweet-sno-1249	QO	vclaim-sno-ice-arrest-los-angeles-mayor	1	8.823529411764707	SimBa
tweet-sno-1250	QO	vclaim-sno-trump-wins-pennsylvania	1	17.241379310344826	SimBa
tweet-sno-1250	QO	vclaim-sno-trump-fistpump-cancer-greeting	1	16.666666666666668	SimBa
tweet-sno-1250	QO	vclaim-sno-dead-person-voting-pennsylvania	1	16.129032258064516	SimBa
tweet-sno-1250	QO	vclaim-sno-pennsylvania-judge-legal-win-trump	1	15.384615384615385	SimBa
tweet-sno-1250	QO	vclaim-sno-shell-trump-rally-pay	1	14.705882352941178	SimBa
tweet-sno-1251	QO	vclaim-sno-georgia-ballots-likely-ineligible	1	16.216216216216218	SimBa
tweet-sno-1251	QO	vclaim-sno-teamkraken-georgia-injunction	1	12.987012987012987	SimBa
tweet-sno-1251	QO	vclaim-sno-trump-wins-pennsylvania	1	12.820512820512821	SimBa
tweet-sno-1251	QO	vclaim-sno-trump-fistpump-cancer-greeting	1	12.5	SimBa
tweet-sno-1251	QO	vclaim-sno-dead-person-voting-pennsylvania	1	12.195121951219512	SimBa
tweet-sno-1252	QO	vclaim-sno-president-executive-order-colds-er	1	6.896551724137931	SimBa
tweet-sno-1252	QO	vclaim-sno-macklewar	1	5.063291139240507	SimBa
tweet-sno-1252	QO	vclaim-sno-twitter-shutting-down-in-2017	1	5.0	SimBa
tweet-sno-1252	QO	vclaim-sno-leonardo-dicaprio-trump	1	4.938271604938271	SimBa
tweet-sno-1252	QO	vclaim-sno-trump-navajo-twitter	1	4.938271604938271	SimBa
tweet-sno-1253	QO	vclaim-sno-trump_floyd_tweet	1	11.235955056179776	SimBa
tweet-sno-1253	QO	vclaim-sno-scott-walker-pizza	1	10.309278350515463	SimBa
tweet-sno-1253	QO	vclaim-sno-peta-taking-pets	1	7.317073170731707	SimBa
tweet-sno-1253	QO	vclaim-sno-jaleel-white-net-worth-tears	1	7.2289156626506035	SimBa
tweet-sno-1253	QO	vclaim-sno-donald-trump-utah-tweet-fake	1	7.2289156626506035	SimBa
tweet-sno-1254	QO	vclaim-sno-disney-matterhorn-basketball-court	1	11.11111111111111	SimBa
tweet-sno-1254	QO	vclaim-sno-swimming-pool-wonderful-life	1	9.677419354838708	SimBa
tweet-sno-1254	QO	vclaim-sno-fauci-nothing-to-worry-about	1	7.792207792207792	SimBa
tweet-sno-1254	QO	vclaim-sno-1-mcdonald39s-any-size-fries	1	0.0	SimBa
tweet-sno-1254	QO	vclaim-sno-pacu-testicle-biting-fish	1	0.0	SimBa
tweet-sno-1255	QO	vclaim-sno-disney-matterhorn-basketball-court	1	10.714285714285715	SimBa
tweet-sno-1255	QO	vclaim-sno-swimming-pool-wonderful-life	1	9.375	SimBa
tweet-sno-1255	QO	vclaim-sno-russian-spy-ship-east-coast	1	7.017543859649122	SimBa
tweet-sno-1255	QO	vclaim-sno-pandemicide-trump-covid	1	0.0	SimBa
tweet-sno-1255	QO	vclaim-sno-palm-sunday-miscarriage	1	0.0	SimBa
tweet-sno-1256	QO	vclaim-sno-chip-shot-2	1	9.523809523809524	SimBa
tweet-sno-1256	QO	vclaim-sno-macklewar	1	8.333333333333334	SimBa
tweet-sno-1256	QO	vclaim-sno-twitter-shutting-down-in-2017	1	8.16326530612245	SimBa
tweet-sno-1256	QO	vclaim-sno-trump-navajo-twitter	1	8.0	SimBa
tweet-sno-1256	QO	vclaim-sno-leonardo-dicaprio-trump	1	8.0	SimBa
tweet-sno-1257	QO	vclaim-sno-graham-buttigieg-repent	1	12.903225806451612	SimBa
tweet-sno-1257	QO	vclaim-sno-target-holy-bible-ban	1	7.894736842105264	SimBa
tweet-sno-1257	QO	vclaim-sno-channing-tatum-rumor	1	7.792207792207792	SimBa
tweet-sno-1257	QO	vclaim-sno-vaccinations-may-cause-homosexuality	1	7.692307692307693	SimBa
tweet-sno-1257	QO	vclaim-sno-heterosexual-near-death-experience	1	7.59493670886076	SimBa
tweet-sno-1258	QO	vclaim-sno-tom-brady-ppp	1	19.672131147540984	SimBa
tweet-sno-1258	QO	vclaim-sno-joel-osteen-donald-trump	1	14.285714285714285	SimBa
tweet-sno-1258	QO	vclaim-sno-joel-osteen-lady-gaga-event	1	13.636363636363637	SimBa
tweet-sno-1258	QO	vclaim-sno-donald-trump-appoints-kanye-west-to-cabinet-position	1	13.043478260869565	SimBa
tweet-sno-1258	QO	vclaim-sno-kanye-banned	1	13.043478260869565	SimBa
tweet-sno-1259	QO	vclaim-sno-vatican-nativity	1	33.33333333333333	SimBa
tweet-sno-1259	QO	vclaim-sno-belgian-town-removes-nativity-scene-appease-four-muslim-residents	1	14.285714285714285	SimBa
tweet-sno-1259	QO	vclaim-sno-vatican-diplomat-child-pornography	1	13.953488372093023	SimBa
tweet-sno-1259	QO	vclaim-sno-macklewar	1	12.121212121212121	SimBa
tweet-sno-1259	QO	vclaim-sno-remains-buried-vatican	1	12.0	SimBa
tweet-sno-1260	QO	vclaim-sno-cyberpunk-2077-refunds	1	12.820512820512821	SimBa
tweet-sno-1260	QO	vclaim-sno-xbox-playstation-ps5-congrats	1	6.976744186046512	SimBa
tweet-sno-1260	QO	vclaim-sno-macklewar	1	5.714285714285714	SimBa
tweet-sno-1260	QO	vclaim-sno-twitter-shutting-down-in-2017	1	5.633802816901408	SimBa
tweet-sno-1260	QO	vclaim-sno-trump-navajo-twitter	1	5.555555555555555	SimBa
tweet-sno-1261	QO	vclaim-sno-cyberpunk-2077-refunds	1	18.42105263157895	SimBa
tweet-sno-1261	QO	vclaim-sno-xbox-playstation-ps5-congrats	1	11.904761904761905	SimBa
tweet-sno-1261	QO	vclaim-sno-macklewar	1	5.882352941176471	SimBa
tweet-sno-1261	QO	vclaim-sno-twitter-shutting-down-in-2017	1	5.797101449275362	SimBa
tweet-sno-1261	QO	vclaim-sno-trump-navajo-twitter	1	5.714285714285714	SimBa
tweet-sno-1262	QO	vclaim-sno-obama-reporter-press-conference	1	11.320754716981131	SimBa
tweet-sno-1262	QO	vclaim-sno-ermey-press-conference	1	11.11111111111111	SimBa
tweet-sno-1262	QO	vclaim-sno-trump-white-nationalists-us-press-conference	1	11.11111111111111	SimBa
tweet-sno-1262	QO	vclaim-sno-ivanka-trump-disavows-her-father	1	10.526315789473683	SimBa
tweet-sno-1262	QO	vclaim-sno-kaepernick-wears-castro-t-shirt	1	9.677419354838708	SimBa
tweet-sno-1263	QO	vclaim-sno-macklewar	1	5.970149253731344	SimBa
tweet-sno-1263	QO	vclaim-sno-twitter-shutting-down-in-2017	1	5.882352941176471	SimBa
tweet-sno-1263	QO	vclaim-sno-trump-navajo-twitter	1	5.797101449275362	SimBa
tweet-sno-1263	QO	vclaim-sno-donald-trump-utah-tweet-fake	1	5.797101449275362	SimBa
tweet-sno-1263	QO	vclaim-sno-leonardo-dicaprio-trump	1	5.797101449275362	SimBa
tweet-sno-1264	QO	vclaim-sno-macklewar	1	7.547169811320755	SimBa
tweet-sno-1264	QO	vclaim-sno-twitter-shutting-down-in-2017	1	7.407407407407407	SimBa
tweet-sno-1264	QO	vclaim-sno-leonardo-dicaprio-trump	1	7.2727272727272725	SimBa
tweet-sno-1264	QO	vclaim-sno-trump-navajo-twitter	1	7.2727272727272725	SimBa
tweet-sno-1264	QO	vclaim-sno-donald-trump-utah-tweet-fake	1	7.2727272727272725	SimBa
tweet-sno-1265	QO	vclaim-sno-moira-rose-home-alone	1	8.0	SimBa
tweet-sno-1265	QO	vclaim-sno-seattle-tax-sweetened-drinks	1	7.4074074074074066	SimBa
tweet-sno-1265	QO	vclaim-sno-seattle-police-confiscate-mans-guns-without-warrant	1	7.2289156626506035	SimBa
tweet-sno-1265	QO	vclaim-sno-hells-angels-seattle-antifa	1	7.142857142857142	SimBa
tweet-sno-1265	QO	vclaim-sno-cnn-lighten-seattle-photo	1	6.818181818181818	SimBa
tweet-sno-1266	QO	vclaim-sno-trump-donations-veterans	1	7.59493670886076	SimBa
tweet-sno-1266	QO	vclaim-sno-donald-trump-removed-pro-life-from-his-policies	1	7.4074074074074066	SimBa
tweet-sno-1266	QO	vclaim-sno-trump-obama-plane	1	7.4074074074074066	SimBa
tweet-sno-1266	QO	vclaim-sno-trump-obama-highway-name-change	1	7.317073170731707	SimBa
tweet-sno-1266	QO	vclaim-sno-florida-town-trump-week	1	7.317073170731707	SimBa
tweet-sno-1267	QO	vclaim-sno-macklewar	1	9.30232558139535	SimBa
tweet-sno-1267	QO	vclaim-sno-twitter-shutting-down-in-2017	1	9.090909090909092	SimBa
tweet-sno-1267	QO	vclaim-sno-leonardo-dicaprio-trump	1	8.88888888888889	SimBa
tweet-sno-1267	QO	vclaim-sno-trump-navajo-twitter	1	8.88888888888889	SimBa
tweet-sno-1267	QO	vclaim-sno-donald-trump-utah-tweet-fake	1	8.88888888888889	SimBa
tweet-sno-1268	QO	vclaim-sno-trump-biden-resident-meme	1	20.689655172413794	SimBa
tweet-sno-1268	QO	vclaim-sno-alex-jones-biden-removed	1	18.461538461538463	SimBa
tweet-sno-1268	QO	vclaim-sno-ivanka-trump-hunter-biden	1	17.857142857142858	SimBa
tweet-sno-1268	QO	vclaim-sno-twitter-biden-negative-news	1	17.241379310344826	SimBa
tweet-sno-1268	QO	vclaim-sno-biden-trump-xenophobic	1	17.241379310344826	SimBa
tweet-sno-1269	QO	vclaim-sno-abandoned-puppies	1	14.634146341463413	SimBa
tweet-sno-1269	QO	vclaim-sno-allstate-island-real	1	13.636363636363637	SimBa
tweet-sno-1269	QO	vclaim-sno-can-firechat-send-messages-without-internet	1	13.636363636363637	SimBa
tweet-sno-1269	QO	vclaim-sno-free-pastry-day-at-starbucks	1	13.636363636363637	SimBa
tweet-sno-1269	QO	vclaim-sno-velveeta-and-reynolds-wrap-coupons	1	13.333333333333334	SimBa
tweet-sno-1270	QO	vclaim-sno-purple-lobster-caught-in-maine	1	11.320754716981131	SimBa
tweet-sno-1270	QO	vclaim-sno-did-maine-democrats-vote-to-allow-fgm	1	11.11111111111111	SimBa
tweet-sno-1270	QO	vclaim-sno-maine-crematorium-free-cremations	1	10.714285714285715	SimBa
tweet-sno-1270	QO	vclaim-sno-allstate-island-real	1	10.714285714285715	SimBa
tweet-sno-1270	QO	vclaim-sno-lewiston-middle-finger	1	9.836065573770492	SimBa
tweet-sno-1271	QO	vclaim-sno-federal-holiday-christmas-eve	1	28.07017543859649	SimBa
tweet-sno-1271	QO	vclaim-sno-trump-eo-vaccine-ban	1	21.27659574468085	SimBa
tweet-sno-1271	QO	vclaim-sno-trump-revoke-executive-order	1	20.408163265306122	SimBa
tweet-sno-1271	QO	vclaim-sno-president-executive-order-colds-er	1	19.6078431372549	SimBa
tweet-sno-1271	QO	vclaim-sno-trump-voter-interference	1	18.51851851851852	SimBa
tweet-sno-1272	QO	vclaim-sno-disney-sister-act-3	1	13.513513513513512	SimBa
tweet-sno-1272	QO	vclaim-sno-when-is-hocus-pocus-2-coming-out	1	11.320754716981131	SimBa
tweet-sno-1272	QO	vclaim-sno-disneys-princes	1	10.909090909090908	SimBa
tweet-sno-1272	QO	vclaim-sno-disney-turkey-leg-emu	1	10.909090909090908	SimBa
tweet-sno-1272	QO	vclaim-sno-disney-dvd-replacement	1	10.909090909090908	SimBa
tweet-sno-1273	QO	vclaim-sno-when-is-hocus-pocus-2-coming-out	1	17.391304347826086	SimBa
tweet-sno-1273	QO	vclaim-sno-hocus-pocus-2	1	12.121212121212121	SimBa
tweet-sno-1273	QO	vclaim-sno-elsa-to-be-lesbian-in-frozen-2	1	11.538461538461538	SimBa
tweet-sno-1273	QO	vclaim-sno-did-disney-announce-bedknobs-broomsticks	1	11.320754716981131	SimBa
tweet-sno-1273	QO	vclaim-sno-disney-live-action-hercules	1	11.320754716981131	SimBa
tweet-sno-1274	QO	vclaim-sno-chick-fil-a-long-lines-lawsuit	1	16.901408450704224	SimBa
tweet-sno-1274	QO	vclaim-sno-chick-fil-a-sunday-tradition	1	16.666666666666664	SimBa
tweet-sno-1274	QO	vclaim-sno-chick-fil-a-coupon-scam	1	16.666666666666664	SimBa
tweet-sno-1274	QO	vclaim-sno-scott-walker-pizza	1	12.345679012345679	SimBa
tweet-sno-1274	QO	vclaim-sno-chick-fil-a-17-starting-wage	1	9.230769230769232	SimBa
tweet-sno-1275	QO	vclaim-sno-costco-rotisserie-chicken-cheap	1	20.512820512820515	SimBa
tweet-sno-1275	QO	vclaim-sno-costco-toilet-paper-plumbing	1	11.76470588235294	SimBa
tweet-sno-1275	QO	vclaim-sno-costco-ceo	1	11.320754716981131	SimBa
tweet-sno-1275	QO	vclaim-sno-costco-kirkland-shampoo	1	11.320754716981131	SimBa
tweet-sno-1275	QO	vclaim-sno-costco-closing-stores	1	11.11111111111111	SimBa
tweet-sno-1276	QO	vclaim-sno-ia-fl-oh-election-loss	1	36.0655737704918	SimBa
tweet-sno-1276	QO	vclaim-sno-won-both-ohio-florida-lost	1	26.666666666666668	SimBa
tweet-sno-1276	QO	vclaim-sno-trump-tower-air	1	17.543859649122805	SimBa
tweet-sno-1276	QO	vclaim-sno-donald-trumps-marine-airlift	1	17.543859649122805	SimBa
tweet-sno-1276	QO	vclaim-sno-postal-worker-caught-destroying-absentee-trump-ballots-in-major-swing-state	1	17.241379310344826	SimBa
tweet-sno-1277	QO	vclaim-sno-rudy-giuliani-banned-from-twitter-for-pizzagate-tweets	1	9.75609756097561	SimBa
tweet-sno-1277	QO	vclaim-sno-fauci-blame-flu-deaths-1918	1	7.317073170731707	SimBa
tweet-sno-1277	QO	vclaim-sno-cat-spanish-flu-mask	1	7.142857142857142	SimBa
tweet-sno-1277	QO	vclaim-sno-1918-quarantine-ad-for-phone	1	6.451612903225806	SimBa
tweet-sno-1277	QO	vclaim-sno-closures-during-spanish-flu	1	5.5045871559633035	SimBa
tweet-sno-1278	QO	vclaim-sno-noodles-freeze-cold-weather	1	10.526315789473683	SimBa
tweet-sno-1278	QO	vclaim-sno-something-eggstra	1	10.344827586206897	SimBa
tweet-sno-1278	QO	vclaim-sno-macklewar	1	8.88888888888889	SimBa
tweet-sno-1278	QO	vclaim-sno-mcdonalds-breakfast-frozen-eggs	1	8.88888888888889	SimBa
tweet-sno-1278	QO	vclaim-sno-twitter-shutting-down-in-2017	1	8.695652173913043	SimBa
tweet-sno-1279	QO	vclaim-sno-gohmert-tooth-fall-out	1	23.255813953488374	SimBa
tweet-sno-1279	QO	vclaim-sno-obama-reporter-press-conference	1	15.0	SimBa
tweet-sno-1279	QO	vclaim-sno-ermey-press-conference	1	14.634146341463413	SimBa
tweet-sno-1279	QO	vclaim-sno-trump-white-nationalists-us-press-conference	1	14.634146341463413	SimBa
tweet-sno-1279	QO	vclaim-sno-ocasio-cortez-hoda-muthana-parody-tweet	1	13.953488372093023	SimBa
tweet-sno-1280	QO	vclaim-sno-rnc-chairwoman-deleted-tweet	1	18.181818181818183	SimBa
tweet-sno-1280	QO	vclaim-sno-biden-harris-disease-disagreed	1	16.393442622950822	SimBa
tweet-sno-1280	QO	vclaim-sno-harris-biden-blog-post	1	15.384615384615387	SimBa
tweet-sno-1280	QO	vclaim-sno-biden-say-president-harris	1	14.457831325301207	SimBa
tweet-sno-1280	QO	vclaim-sno-biden-harris-burning-flag	1	14.117647058823529	SimBa
tweet-sno-1281	QO	vclaim-sno-indiana-jones-saxophone	1	27.906976744186046	SimBa
tweet-sno-1281	QO	vclaim-sno-police-saxophone-machine-gun	1	14.285714285714285	SimBa
tweet-sno-1281	QO	vclaim-sno-harrison-ford-trump-han-solo	1	13.333333333333334	SimBa
tweet-sno-1281	QO	vclaim-sno-macklewar	1	12.121212121212121	SimBa
tweet-sno-1281	QO	vclaim-sno-twitter-shutting-down-in-2017	1	11.764705882352942	SimBa
tweet-sno-1282	QO	vclaim-sno-indiana-jones-saxophone	1	21.42857142857143	SimBa
tweet-sno-1282	QO	vclaim-sno-police-saxophone-machine-gun	1	10.909090909090908	SimBa
tweet-sno-1282	QO	vclaim-sno-harrison-ford-trump-han-solo	1	10.344827586206897	SimBa
tweet-sno-1282	QO	vclaim-sno-macklewar	1	8.695652173913043	SimBa
tweet-sno-1282	QO	vclaim-sno-twitter-shutting-down-in-2017	1	8.51063829787234	SimBa
tweet-sno-1283	QO	vclaim-sno-indiana-jones-saxophone	1	25.53191489361702	SimBa
tweet-sno-1283	QO	vclaim-sno-police-saxophone-machine-gun	1	13.043478260869565	SimBa
tweet-sno-1283	QO	vclaim-sno-harrison-ford-trump-han-solo	1	12.244897959183675	SimBa
tweet-sno-1283	QO	vclaim-sno-macklewar	1	10.81081081081081	SimBa
tweet-sno-1283	QO	vclaim-sno-twitter-shutting-down-in-2017	1	10.526315789473685	SimBa
tweet-sno-1284	QO	vclaim-sno-indiana-jones-saxophone	1	16.0	SimBa
tweet-sno-1284	QO	vclaim-sno-harrison-ford-trump-han-solo	1	15.584415584415584	SimBa
tweet-sno-1284	QO	vclaim-sno-harrison-ford-holding-a-trump-sign	1	8.21917808219178	SimBa
tweet-sno-1284	QO	vclaim-sno-macklewar	1	6.153846153846154	SimBa
tweet-sno-1284	QO	vclaim-sno-twitter-shutting-down-in-2017	1	6.0606060606060606	SimBa
tweet-sno-1285	QO	vclaim-sno-macklewar	1	5.128205128205129	SimBa
tweet-sno-1285	QO	vclaim-sno-twitter-shutting-down-in-2017	1	5.063291139240507	SimBa
tweet-sno-1285	QO	vclaim-sno-leonardo-dicaprio-trump	1	5.0	SimBa
tweet-sno-1285	QO	vclaim-sno-donald-trump-utah-tweet-fake	1	5.0	SimBa
tweet-sno-1285	QO	vclaim-sno-trump-navajo-twitter	1	5.0	SimBa
tweet-sno-1286	QO	vclaim-sno-nasa-sally-ride-100-tampons	1	13.953488372093023	SimBa
tweet-sno-1286	QO	vclaim-sno-merry-menses	1	9.375	SimBa
tweet-sno-1286	QO	vclaim-sno-virginia-prisons-tampons	1	8.450704225352112	SimBa
tweet-sno-1286	QO	vclaim-sno-vodka-tampons	1	8.450704225352112	SimBa
tweet-sno-1286	QO	vclaim-sno-tampax-pearl	1	8.333333333333332	SimBa
tweet-sno-1287	QO	vclaim-sno-great-value	1	15.384615384615387	SimBa
tweet-sno-1287	QO	vclaim-sno-hands-up-don39t-scoop	1	11.764705882352942	SimBa
tweet-sno-1287	QO	vclaim-sno-breyers-ice-cream-melt	1	8.450704225352112	SimBa
tweet-sno-1287	QO	vclaim-sno-ben-and-jerrys-latke-ice-cream	1	8.108108108108109	SimBa
tweet-sno-1287	QO	vclaim-sno-dolly-parton-ice-cream-flavor	1	7.792207792207792	SimBa
tweet-sno-1288	QO	vclaim-sno-breyers-ice-cream-melt	1	11.538461538461538	SimBa
tweet-sno-1288	QO	vclaim-sno-ben-and-jerrys-latke-ice-cream	1	10.909090909090908	SimBa
tweet-sno-1288	QO	vclaim-sno-dolly-parton-ice-cream-flavor	1	10.344827586206897	SimBa
tweet-sno-1288	QO	vclaim-sno-great-value	1	10.169491525423728	SimBa
tweet-sno-1288	QO	vclaim-sno-bill-murray-ice-cream-taxes	1	9.677419354838708	SimBa
tweet-sno-1289	QO	vclaim-sno-my-pleasure-chick-fil-a	1	15.151515151515152	SimBa
tweet-sno-1289	QO	vclaim-sno-breyers-ice-cream-melt	1	14.634146341463413	SimBa
tweet-sno-1289	QO	vclaim-sno-ben-and-jerrys-latke-ice-cream	1	13.636363636363637	SimBa
tweet-sno-1289	QO	vclaim-sno-dolly-parton-ice-cream-flavor	1	12.76595744680851	SimBa
tweet-sno-1289	QO	vclaim-sno-great-value	1	12.5	SimBa
tweet-sno-1290	QO	vclaim-sno-chick-fil-a-17-starting-wage	1	10.344827586206897	SimBa
tweet-sno-1290	QO	vclaim-sno-chick-fil-a-gay-marriage	1	10.0	SimBa
tweet-sno-1290	QO	vclaim-sno-buttigieg-chick-fil-a	1	10.0	SimBa
tweet-sno-1290	QO	vclaim-sno-mcdonalds-supports-chick-fil-a	1	9.836065573770492	SimBa
tweet-sno-1290	QO	vclaim-sno-chick-fil-a-promotions	1	9.836065573770492	SimBa
tweet-sno-1291	QO	vclaim-sno-biden-nephew	1	14.634146341463413	SimBa
tweet-sno-1291	QO	vclaim-sno-biden-maskless-birthday-video	1	13.333333333333334	SimBa
tweet-sno-1291	QO	vclaim-sno-biden-reopen-schools	1	13.333333333333334	SimBa
tweet-sno-1291	QO	vclaim-sno-trump-skip-biden-inauguration	1	13.333333333333334	SimBa
tweet-sno-1291	QO	vclaim-sno-biden-306-electoral-votes	1	13.186813186813188	SimBa
tweet-sno-1292	QO	vclaim-sno-matt-putz	1	14.117647058823529	SimBa
tweet-sno-1292	QO	vclaim-sno-trump-recount-battleground-states	1	10.989010989010989	SimBa
tweet-sno-1292	QO	vclaim-sno-bernie-sanders-jersey-ballot	1	8.21917808219178	SimBa
tweet-sno-1292	QO	vclaim-sno-did-michael-lombardi-kill-a-hibernating-bear-in-new-jersey	1	8.108108108108109	SimBa
tweet-sno-1292	QO	vclaim-sno-autumn-pasquale	1	7.894736842105264	SimBa
tweet-sno-1293	QO	vclaim-sno-macklewar	1	8.51063829787234	SimBa
tweet-sno-1293	QO	vclaim-sno-twitter-shutting-down-in-2017	1	8.333333333333334	SimBa
tweet-sno-1293	QO	vclaim-sno-leonardo-dicaprio-trump	1	8.16326530612245	SimBa
tweet-sno-1293	QO	vclaim-sno-trump-navajo-twitter	1	8.16326530612245	SimBa
tweet-sno-1293	QO	vclaim-sno-donald-trump-utah-tweet-fake	1	8.16326530612245	SimBa
tweet-sno-1294	QO	vclaim-sno-drake-scented-candles	1	12.76595744680851	SimBa
tweet-sno-1294	QO	vclaim-sno-gwyneth-paltrow-vagina-candle	1	12.5	SimBa
tweet-sno-1294	QO	vclaim-sno-kfc-really-create-chicken-scented-candle	1	12.5	SimBa
tweet-sno-1294	QO	vclaim-sno-crayon-candle	1	11.76470588235294	SimBa
tweet-sno-1294	QO	vclaim-sno-gwyneth-vagina-candle-explode	1	10.0	SimBa
tweet-sno-1295	QO	vclaim-sno-flash-player-no-longer-supported	1	14.285714285714285	SimBa
tweet-sno-1295	QO	vclaim-sno-antarctica-covid-cases	1	4.878048780487805	SimBa
tweet-sno-1295	QO	vclaim-sno-ruby-freeman-arrested-by-fbi	1	4.651162790697675	SimBa
tweet-sno-1295	QO	vclaim-sno-snow-los-angeles	1	4.545454545454546	SimBa
tweet-sno-1295	QO	vclaim-sno-trump-tweet-bill-cosby	1	4.444444444444445	SimBa
tweet-sno-1296	QO	vclaim-sno-recurring-donation-dec	1	4.444444444444445	SimBa
tweet-sno-1296	QO	vclaim-sno-trump-death-hoax	1	4.3478260869565215	SimBa
tweet-sno-1296	QO	vclaim-sno-1-mcdonald39s-any-size-fries	1	0.0	SimBa
tweet-sno-1296	QO	vclaim-sno-pandemicide-trump-covid	1	0.0	SimBa
tweet-sno-1296	QO	vclaim-sno-pallets-of-bricks-protest-sites	1	0.0	SimBa
tweet-sno-1297	QO	vclaim-sno-did-trump-say-he-loved-rioters	1	10.309278350515463	SimBa
tweet-sno-1297	QO	vclaim-sno-bumblebees-cant-fly	1	8.108108108108109	SimBa
tweet-sno-1297	QO	vclaim-sno-boob-youtube	1	7.792207792207792	SimBa
tweet-sno-1297	QO	vclaim-sno-trump-tweet-bill-cosby	1	7.692307692307693	SimBa
tweet-sno-1297	QO	vclaim-sno-jay-jon-dead	1	7.317073170731707	SimBa
tweet-sno-1298	QO	vclaim-sno-santa-covid-exemption-ireland	1	14.457831325301207	SimBa
tweet-sno-1298	QO	vclaim-sno-redback-spider-warning	1	9.523809523809524	SimBa
tweet-sno-1298	QO	vclaim-sno-ghost-on-camera-hallways-ireland-school	1	9.375	SimBa
tweet-sno-1298	QO	vclaim-sno-an-irish-goodbye	1	8.955223880597016	SimBa
tweet-sno-1298	QO	vclaim-sno-fauxtography-space-heavens-trail	1	8.823529411764707	SimBa
tweet-sno-1299	QO	vclaim-sno-macklewar	1	8.333333333333334	SimBa
tweet-sno-1299	QO	vclaim-sno-twitter-shutting-down-in-2017	1	8.16326530612245	SimBa
tweet-sno-1299	QO	vclaim-sno-leonardo-dicaprio-trump	1	8.0	SimBa
tweet-sno-1299	QO	vclaim-sno-trump-navajo-twitter	1	8.0	SimBa
tweet-sno-1299	QO	vclaim-sno-donald-trump-utah-tweet-fake	1	8.0	SimBa
tweet-sno-1300	QO	vclaim-sno-doctor-mourning-previously-infertile-mother	1	11.11111111111111	SimBa
tweet-sno-1300	QO	vclaim-sno-centrifugal-birthing-apparatus	1	7.142857142857142	SimBa
tweet-sno-1300	QO	vclaim-sno-testicles-childbirth-pain-comparison	1	6.896551724137931	SimBa
tweet-sno-1300	QO	vclaim-sno-macklewar	1	5.0	SimBa
tweet-sno-1300	QO	vclaim-sno-twitter-shutting-down-in-2017	1	4.938271604938271	SimBa
tweet-sno-1301	QO	vclaim-sno-donald-trump-golf-course	1	12.0	SimBa
tweet-sno-1301	QO	vclaim-sno-giant-alligator-florida-golf	1	11.76470588235294	SimBa
tweet-sno-1301	QO	vclaim-sno-trump-diarrhea-golf-course	1	11.538461538461538	SimBa
tweet-sno-1301	QO	vclaim-sno-lady-golfers-robot-trainer	1	11.538461538461538	SimBa
tweet-sno-1301	QO	vclaim-sno-278-years-golf	1	11.320754716981131	SimBa
tweet-sno-1302	QO	vclaim-sno-flu-kills-more-people-covid-19	1	14.035087719298245	SimBa
tweet-sno-1302	QO	vclaim-sno-coughing-on-produce	1	13.333333333333334	SimBa
tweet-sno-1302	QO	vclaim-sno-cdc-school-reopening-guidance	1	13.114754098360656	SimBa
tweet-sno-1302	QO	vclaim-sno-tomatoes-fruits-vegetables	1	12.244897959183675	SimBa
tweet-sno-1302	QO	vclaim-sno-coupon-gone	1	12.244897959183675	SimBa
tweet-sno-1303	QO	vclaim-sno-1-mcdonald39s-any-size-fries	1	0	SimBa
tweet-sno-1303	QO	vclaim-sno-pandora-black-lives-matter-protest	1	0	SimBa
tweet-sno-1303	QO	vclaim-sno-palm-sunday-miscarriage	1	0	SimBa
tweet-sno-1303	QO	vclaim-sno-pam-bondi-impeachment	1	0	SimBa
tweet-sno-1303	QO	vclaim-sno-pamela-anderson-death-hoax	1	0	SimBa
tweet-sno-1304	QO	vclaim-sno-macklewar	1	6.779661016949152	SimBa
tweet-sno-1304	QO	vclaim-sno-twitter-shutting-down-in-2017	1	6.666666666666667	SimBa
tweet-sno-1304	QO	vclaim-sno-donald-trump-utah-tweet-fake	1	6.557377049180328	SimBa
tweet-sno-1304	QO	vclaim-sno-leonardo-dicaprio-trump	1	6.557377049180328	SimBa
tweet-sno-1304	QO	vclaim-sno-trump-navajo-twitter	1	6.557377049180328	SimBa
tweet-sno-1305	QO	vclaim-sno-leonardo-dicaprio-trump	1	21.73913043478261	SimBa
tweet-sno-1305	QO	vclaim-sno-leonardo-dicaprio-woodstock-illinois	1	13.636363636363637	SimBa
tweet-sno-1305	QO	vclaim-sno-leonardo-dicaprio-disney-channel	1	13.043478260869565	SimBa
tweet-sno-1305	QO	vclaim-sno-scarface-remake-leonardo-dicaprio	1	12.5	SimBa
tweet-sno-1305	QO	vclaim-sno-leonardo-dicaprio-cast-mlk-new-film-will-wear-blackface	1	12.244897959183675	SimBa
tweet-sno-1306	QO	vclaim-sno-teamkraken-georgia-injunction	1	10.869565217391305	SimBa
tweet-sno-1306	QO	vclaim-sno-trump-accuse-cruz-fraud	1	10.526315789473683	SimBa
tweet-sno-1306	QO	vclaim-sno-trump-georgia-runoff	1	9.345794392523365	SimBa
tweet-sno-1306	QO	vclaim-sno-donald-trump-stiffed-his-wedding-caterer	1	9.090909090909092	SimBa
tweet-sno-1306	QO	vclaim-sno-trump-coronavirus-habeas-corpus	1	7.339449541284404	SimBa
tweet-sno-1307	QO	vclaim-sno-giuliani-fart-hearing	1	17.543859649122805	SimBa
tweet-sno-1307	QO	vclaim-sno-trump-michigan-man-year-award	1	14.492753623188406	SimBa
tweet-sno-1307	QO	vclaim-sno-razor-blades-gas-pump-michigan	1	12.76595744680851	SimBa
tweet-sno-1307	QO	vclaim-sno-detroit-slums	1	12.5	SimBa
tweet-sno-1307	QO	vclaim-sno-fake-cigarettes-are-being-sold-and-killing-people	1	12.5	SimBa
tweet-sno-1308	QO	vclaim-sno-trump-promises-to-pardon-dylann-roof	1	18.42105263157895	SimBa
tweet-sno-1308	QO	vclaim-sno-trump-fired-cecil-gaines	1	17.142857142857142	SimBa
tweet-sno-1308	QO	vclaim-sno-feliz-navidad-white-house	1	16.666666666666664	SimBa
tweet-sno-1308	QO	vclaim-sno-trump-vigo-the-carpathian	1	15.789473684210527	SimBa
tweet-sno-1308	QO	vclaim-sno-white-house-trump_photo-delete	1	15.584415584415584	SimBa
tweet-sno-1309	QO	vclaim-sno-macklewar	1	7.142857142857143	SimBa
tweet-sno-1309	QO	vclaim-sno-twitter-shutting-down-in-2017	1	7.017543859649122	SimBa
tweet-sno-1309	QO	vclaim-sno-donald-trump-utah-tweet-fake	1	6.896551724137931	SimBa
tweet-sno-1309	QO	vclaim-sno-trump-navajo-twitter	1	6.896551724137931	SimBa
tweet-sno-1309	QO	vclaim-sno-leonardo-dicaprio-trump	1	6.896551724137931	SimBa
tweet-sno-1310	QO	vclaim-sno-covfefe-secret-nuclear-code	1	14.814814814814815	SimBa
tweet-sno-1310	QO	vclaim-sno-panasonic-farting-cat-robot	1	9.75609756097561	SimBa
tweet-sno-1310	QO	vclaim-sno-macklewar	1	9.30232558139535	SimBa
tweet-sno-1310	QO	vclaim-sno-golfing-robot-hit-a-hole-in-one	1	9.090909090909092	SimBa
tweet-sno-1310	QO	vclaim-sno-twitter-shutting-down-in-2017	1	9.090909090909092	SimBa
tweet-sno-1311	QO	vclaim-sno-20000-dead-voters-in-pennsylvania	1	18.18181818181818	SimBa
tweet-sno-1311	QO	vclaim-sno-biden-admit-voter-fraud	1	17.647058823529413	SimBa
tweet-sno-1311	QO	vclaim-sno-huckabee-letter-biden-fraud	1	15.384615384615387	SimBa
tweet-sno-1311	QO	vclaim-sno-obama-renzi-rig-election	1	15.217391304347824	SimBa
tweet-sno-1311	QO	vclaim-sno-dallas-jones-voter-fraud	1	15.18987341772152	SimBa
tweet-sno-1312	QO	vclaim-sno-owl-having-an-orgasm	1	13.636363636363637	SimBa
tweet-sno-1312	QO	vclaim-sno-abortion-clinic-forceps-christmas	1	13.333333333333334	SimBa
tweet-sno-1312	QO	vclaim-sno-rainbow-owl	1	12.0	SimBa
tweet-sno-1312	QO	vclaim-sno-christmas-tree-owl	1	11.538461538461538	SimBa
tweet-sno-1312	QO	vclaim-sno-macklewar	1	9.090909090909092	SimBa
tweet-sno-1313	QO	vclaim-sno-trump-biden-resident-meme	1	22.58064516129032	SimBa
tweet-sno-1313	QO	vclaim-sno-biden-kenosha-black-looting	1	19.17808219178082	SimBa
tweet-sno-1313	QO	vclaim-sno-three-wisconsin-counties-admit-they-padded-votes-for-trump	1	16.393442622950822	SimBa
tweet-sno-1313	QO	vclaim-sno-cbs-latinos-trump-biden	1	14.705882352941178	SimBa
tweet-sno-1313	QO	vclaim-sno-wisconsin-vote-dump	1	14.492753623188406	SimBa
tweet-sno-1314	QO	vclaim-sno-snl-writer-suspended-tweet-barron	1	7.5	SimBa
tweet-sno-1314	QO	vclaim-sno-el-paso-shooting-twitter	1	6.976744186046512	SimBa
tweet-sno-1314	QO	vclaim-sno-nancy-pelosi-disgusted-trump-tweet	1	6.741573033707866	SimBa
tweet-sno-1314	QO	vclaim-sno-trump-tweet-harris	1	6.521739130434782	SimBa
tweet-sno-1314	QO	vclaim-sno-did-melania-spell-help-tweet	1	6.451612903225806	SimBa
tweet-sno-1315	QO	vclaim-sno-germanely-chocolate-cake	1	20.689655172413794	SimBa
tweet-sno-1315	QO	vclaim-sno-uh-oh-swastik-os	1	19.354838709677416	SimBa
tweet-sno-1315	QO	vclaim-sno-qanon-anti-maskers-march-germany	1	18.75	SimBa
tweet-sno-1315	QO	vclaim-sno-animal-brothels-open-germany-migrant-population-hits-22-percent	1	18.18181818181818	SimBa
tweet-sno-1315	QO	vclaim-sno-did-germany-release-statement-denouncing-u-s	1	17.647058823529413	SimBa
tweet-sno-1316	QO	vclaim-sno-nurse-passes-out	1	8.823529411764707	SimBa
tweet-sno-1316	QO	vclaim-sno-gregory-michaels-itp	1	8.823529411764707	SimBa
tweet-sno-1316	QO	vclaim-sno-pfizer-bourla-vaccine-microchip	1	8.571428571428571	SimBa
tweet-sno-1316	QO	vclaim-sno-did-pfizers-vp-blow-whistle-gardasil	1	8.571428571428571	SimBa
tweet-sno-1316	QO	vclaim-sno-covid-19-vaccine-vape	1	8.450704225352112	SimBa
tweet-sno-1317	QO	vclaim-sno-cornyn-votes-puerto-rico	1	17.28395061728395	SimBa
tweet-sno-1317	QO	vclaim-sno-trump-tweet-puerto-rico	1	14.705882352941178	SimBa
tweet-sno-1317	QO	vclaim-sno-trump-pendejo-posters-puerto-rico	1	10.0	SimBa
tweet-sno-1317	QO	vclaim-sno-are-marshalls-and-tj-maxx-still-paying-employees-in-puerto-rico	1	9.677419354838708	SimBa
tweet-sno-1317	QO	vclaim-sno-us-returning-puerto-rico-to-spain	1	9.677419354838708	SimBa
tweet-sno-1318	QO	vclaim-sno-maddie-kelley-video	1	10.0	SimBa
tweet-sno-1318	QO	vclaim-sno-ruby-freeman-arrested-by-fbi	1	9.677419354838708	SimBa
tweet-sno-1318	QO	vclaim-sno-tucker-carlson-georgia-voter-fraud	1	9.677419354838708	SimBa
tweet-sno-1318	QO	vclaim-sno-georgia-bans-muslim-culture	1	9.375	SimBa
tweet-sno-1318	QO	vclaim-sno-georgia-warhead	1	9.375	SimBa
tweet-sno-1319	QO	vclaim-sno-trump-biden-resident-meme	1	17.910447761194032	SimBa
tweet-sno-1319	QO	vclaim-sno-biden-306-electoral-votes	1	16.901408450704224	SimBa
tweet-sno-1319	QO	vclaim-sno-tomi-lahren-biden-supporters-loot	1	16.47058823529412	SimBa
tweet-sno-1319	QO	vclaim-sno-biden-uncf-funding-copypasta	1	16.0	SimBa
tweet-sno-1319	QO	vclaim-sno-romney-biden-daily-world	1	15.625	SimBa
tweet-sno-1320	QO	vclaim-sno-trump-biden-resident-meme	1	16.666666666666668	SimBa
tweet-sno-1320	QO	vclaim-sno-twitter-biden-negative-news	1	13.333333333333334	SimBa
tweet-sno-1320	QO	vclaim-sno-biden-executive-order-dictator	1	12.345679012345679	SimBa
tweet-sno-1320	QO	vclaim-sno-biden-tweet-pandemic	1	12.121212121212121	SimBa
tweet-sno-1320	QO	vclaim-sno-fake-aoc-purge-tweet	1	11.764705882352942	SimBa
tweet-sno-1321	QO	vclaim-sno-trump-fired-cecil-gaines	1	16.216216216216218	SimBa
tweet-sno-1321	QO	vclaim-sno-feliz-navidad-white-house	1	15.789473684210527	SimBa
tweet-sno-1321	QO	vclaim-sno-trump-vigo-the-carpathian	1	15.0	SimBa
tweet-sno-1321	QO	vclaim-sno-white-house-trump_photo-delete	1	14.814814814814813	SimBa
tweet-sno-1321	QO	vclaim-sno-obama-left-trump-a-white-house-full-of-roaches	1	14.457831325301207	SimBa
tweet-sno-1322	QO	vclaim-sno-boring-mike-pence	1	16.867469879518072	SimBa
tweet-sno-1322	QO	vclaim-sno-trump-fired-cecil-gaines	1	16.43835616438356	SimBa
tweet-sno-1322	QO	vclaim-sno-feliz-navidad-white-house	1	16.0	SimBa
tweet-sno-1322	QO	vclaim-sno-sarah-sanders-roseanne-barr-job	1	16.0	SimBa
tweet-sno-1322	QO	vclaim-sno-trump-vigo-the-carpathian	1	15.18987341772152	SimBa
tweet-sno-1323	QO	vclaim-sno-trump-fired-cecil-gaines	1	18.18181818181818	SimBa
tweet-sno-1323	QO	vclaim-sno-feliz-navidad-white-house	1	17.647058823529413	SimBa
tweet-sno-1323	QO	vclaim-sno-trump-vigo-the-carpathian	1	16.666666666666664	SimBa
tweet-sno-1323	QO	vclaim-sno-white-house-trump_photo-delete	1	16.43835616438356	SimBa
tweet-sno-1323	QO	vclaim-sno-obama-left-trump-a-white-house-full-of-roaches	1	16.0	SimBa
tweet-sno-1324	QO	vclaim-sno-rnc-chairwoman-deleted-tweet	1	19.047619047619047	SimBa
tweet-sno-1324	QO	vclaim-sno-twitter-biden-negative-news	1	18.867924528301888	SimBa
tweet-sno-1324	QO	vclaim-sno-biden-tweet-pandemic	1	16.94915254237288	SimBa
tweet-sno-1324	QO	vclaim-sno-fake-aoc-purge-tweet	1	16.393442622950822	SimBa
tweet-sno-1324	QO	vclaim-sno-biden-coca-cola-tweet	1	15.873015873015872	SimBa
tweet-sno-1325	QO	vclaim-sno-raising-canes-chicken-bankruptcy	1	21.42857142857143	SimBa
tweet-sno-1325	QO	vclaim-sno-kohls-bankrupt-closing-818-stores	1	20.0	SimBa
tweet-sno-1325	QO	vclaim-sno-drink-and-a-nod	1	16.666666666666664	SimBa
tweet-sno-1325	QO	vclaim-sno-macklewar	1	14.285714285714286	SimBa
tweet-sno-1325	QO	vclaim-sno-twitter-shutting-down-in-2017	1	13.793103448275861	SimBa
tweet-sno-1326	QO	vclaim-sno-donald-trump-jesus-muslims	1	14.285714285714285	SimBa
tweet-sno-1326	QO	vclaim-sno-miracle-witness	1	14.285714285714285	SimBa
tweet-sno-1326	QO	vclaim-sno-raising-cane	1	13.953488372093023	SimBa
tweet-sno-1326	QO	vclaim-sno-gay-jesus-film	1	13.636363636363637	SimBa
tweet-sno-1326	QO	vclaim-sno-jesus-modeled-on-borgia	1	13.636363636363637	SimBa
tweet-sno-1327	QO	vclaim-sno-charlie-sheen-death-hoax	1	18.75	SimBa
tweet-sno-1327	QO	vclaim-sno-sherri-shepherd-death-hoax	1	17.647058823529413	SimBa
tweet-sno-1327	QO	vclaim-sno-chevy-chase-death-hoax	1	17.647058823529413	SimBa
tweet-sno-1327	QO	vclaim-sno-cough-cpr	1	17.142857142857142	SimBa
tweet-sno-1327	QO	vclaim-sno-lethal-indirection	1	16.666666666666664	SimBa
tweet-sno-1328	QO	vclaim-sno-xbox-playstation-ps5-congrats	1	17.857142857142858	SimBa
tweet-sno-1328	QO	vclaim-sno-cyberpunk-2077-refunds	1	12.5	SimBa
tweet-sno-1328	QO	vclaim-sno-macklewar	1	10.0	SimBa
tweet-sno-1328	QO	vclaim-sno-twitter-shutting-down-in-2017	1	9.75609756097561	SimBa
tweet-sno-1328	QO	vclaim-sno-trump-navajo-twitter	1	9.523809523809524	SimBa
tweet-sno-1329	QO	vclaim-sno-empty-ps5-boxes-ebay	1	5.405405405405405	SimBa
tweet-sno-1329	QO	vclaim-sno-cyberpunk-2077-refunds	1	5.2631578947368425	SimBa
tweet-sno-1329	QO	vclaim-sno-all-work-and-no-playstation	1	4.3478260869565215	SimBa
tweet-sno-1329	QO	vclaim-sno-xbox-playstation-ps5-congrats	1	4.3478260869565215	SimBa
tweet-sno-1329	QO	vclaim-sno-pandemicide-trump-covid	1	0.0	SimBa
tweet-sno-1330	QO	vclaim-sno-twitter-shutting-down-in-2017	1	17.647058823529413	SimBa
tweet-sno-1330	QO	vclaim-sno-trump-navajo-twitter	1	17.142857142857142	SimBa
tweet-sno-1330	QO	vclaim-sno-leonardo-dicaprio-trump	1	17.142857142857142	SimBa
tweet-sno-1330	QO	vclaim-sno-fake-tweet-parkland-survivor-david-hogg	1	16.666666666666664	SimBa
tweet-sno-1330	QO	vclaim-sno-bieber-twitter	1	16.666666666666664	SimBa
tweet-sno-1331	QO	vclaim-sno-ice-twitter-account-disappear	1	23.728813559322035	SimBa
tweet-sno-1331	QO	vclaim-sno-twitter-shutting-down-in-2017	1	15.0	SimBa
tweet-sno-1331	QO	vclaim-sno-leonardo-dicaprio-trump	1	14.634146341463413	SimBa
tweet-sno-1331	QO	vclaim-sno-ice-arresting-children-photo	1	14.634146341463413	SimBa
tweet-sno-1331	QO	vclaim-sno-trump-navajo-twitter	1	14.634146341463413	SimBa
tweet-sno-1332	QO	vclaim-sno-free-meals-for-veterans	1	13.513513513513512	SimBa
tweet-sno-1332	QO	vclaim-sno-nps-twitter-account-shut-down	1	11.764705882352942	SimBa
tweet-sno-1332	QO	vclaim-sno-jessica-biel-military-veteran	1	8.955223880597016	SimBa
tweet-sno-1332	QO	vclaim-sno-21-gun-reboot	1	8.450704225352112	SimBa
tweet-sno-1332	QO	vclaim-sno-veterans-day-tribute	1	8.108108108108109	SimBa
tweet-sno-1333	QO	vclaim-sno-pence-trump-coronavirus-test	1	16.666666666666668	SimBa
tweet-sno-1333	QO	vclaim-sno-pence-conversation-coronavirus	1	15.384615384615385	SimBa
tweet-sno-1333	QO	vclaim-sno-mike-pence-smoking	1	11.11111111111111	SimBa
tweet-sno-1333	QO	vclaim-sno-mike-pence-conversion-therapy	1	10.714285714285715	SimBa
tweet-sno-1333	QO	vclaim-sno-mike-pences-gay-past	1	10.714285714285715	SimBa
tweet-sno-1334	QO	vclaim-sno-nikki-haley-affair-accidentally	1	7.2289156626506035	SimBa
tweet-sno-1334	QO	vclaim-sno-palestinians-dance-nikki-haley-un	1	6.185567010309278	SimBa
tweet-sno-1334	QO	vclaim-sno-covid-vaccine-funded-by-trump	1	4.081632653061225	SimBa
tweet-sno-1334	QO	vclaim-sno-chop-suey-origins	1	2.73972602739726	SimBa
tweet-sno-1334	QO	vclaim-sno-isis-fatwa-kill-puppies	1	2.73972602739726	SimBa
tweet-sno-1335	QO	vclaim-sno-twitter-biden-negative-news	1	22.22222222222222	SimBa
tweet-sno-1335	QO	vclaim-sno-biden-tweet-pandemic	1	19.6078431372549	SimBa
tweet-sno-1335	QO	vclaim-sno-fake-aoc-purge-tweet	1	18.867924528301888	SimBa
tweet-sno-1335	QO	vclaim-sno-rnc-chairwoman-deleted-tweet	1	18.18181818181818	SimBa
tweet-sno-1335	QO	vclaim-sno-biden-coca-cola-tweet	1	18.18181818181818	SimBa
tweet-sno-1336	QO	vclaim-sno-biden-major-dog-rescue-white-house	1	30.37974683544304	SimBa
tweet-sno-1336	QO	vclaim-sno-biden-nephew	1	18.18181818181818	SimBa
tweet-sno-1336	QO	vclaim-sno-military-band-hit-the-road-jack	1	16.842105263157894	SimBa
tweet-sno-1336	QO	vclaim-sno-biden-team-statement-dog	1	16.3265306122449	SimBa
tweet-sno-1336	QO	vclaim-sno-biden-reopen-schools	1	16.216216216216218	SimBa
tweet-sno-1337	QO	vclaim-sno-parents-deported-reunited	1	21.68674698795181	SimBa
tweet-sno-1337	QO	vclaim-sno-trump-oldies-die-tweet-real	1	20.454545454545457	SimBa
tweet-sno-1337	QO	vclaim-sno-trump-more-testing-look-bad	1	20.0	SimBa
tweet-sno-1337	QO	vclaim-sno-trump-biden-resident-meme	1	18.666666666666664	SimBa
tweet-sno-1337	QO	vclaim-sno-rnc-chairwoman-deleted-tweet	1	16.47058823529412	SimBa
tweet-sno-1338	QO	vclaim-sno-comey-pee-tape	1	13.513513513513512	SimBa
tweet-sno-1338	QO	vclaim-sno-bannon-fauci-wray-head-pikes	1	13.461538461538462	SimBa
tweet-sno-1338	QO	vclaim-sno-moore-than-welcome	1	13.157894736842106	SimBa
tweet-sno-1338	QO	vclaim-sno-pelosi-escorted-out-white-house	1	12.987012987012987	SimBa
tweet-sno-1338	QO	vclaim-sno-steve-bannon-predicts-obama	1	12.903225806451612	SimBa
tweet-sno-1339	QO	vclaim-sno-trump-navajo-twitter	1	11.940298507462687	SimBa
tweet-sno-1339	QO	vclaim-sno-leonardo-dicaprio-trump	1	11.940298507462687	SimBa
tweet-sno-1339	QO	vclaim-sno-donald-trump-utah-tweet-fake	1	11.940298507462687	SimBa
tweet-sno-1339	QO	vclaim-sno-trump-boycott-chinese-restaurants	1	11.764705882352942	SimBa
tweet-sno-1339	QO	vclaim-sno-donald-trump-sentence	1	11.594202898550725	SimBa
tweet-sno-1340	QO	vclaim-sno-macklewar	1	9.523809523809524	SimBa
tweet-sno-1340	QO	vclaim-sno-twitter-shutting-down-in-2017	1	9.30232558139535	SimBa
tweet-sno-1340	QO	vclaim-sno-leonardo-dicaprio-trump	1	9.090909090909092	SimBa
tweet-sno-1340	QO	vclaim-sno-trump-navajo-twitter	1	9.090909090909092	SimBa
tweet-sno-1340	QO	vclaim-sno-donald-trump-utah-tweet-fake	1	9.090909090909092	SimBa
tweet-sno-1341	QO	vclaim-sno-wisconsin-recount-observers-find-voting-machines-broken-seals	1	12.0	SimBa
tweet-sno-1341	QO	vclaim-sno-trump-described-the-electoral-college-as-a-disaster	1	4.878048780487805	SimBa
tweet-sno-1341	QO	vclaim-sno-naacp-endorse-trump-in-2020	1	4.761904761904762	SimBa
tweet-sno-1341	QO	vclaim-sno-melania-trump-ron-jeremy-photo	1	4.545454545454546	SimBa
tweet-sno-1341	QO	vclaim-sno-obama-urges-soldiers-question-trumps-authority	1	4.545454545454546	SimBa
tweet-sno-1342	QO	vclaim-sno-trump-recount-battleground-states	1	25.352112676056336	SimBa
tweet-sno-1342	QO	vclaim-sno-postal-worker-caught-destroying-absentee-trump-ballots-in-major-swing-state	1	13.333333333333334	SimBa
tweet-sno-1342	QO	vclaim-sno-could-trump-defy-popular-vote	1	12.658227848101266	SimBa
tweet-sno-1342	QO	vclaim-sno-ben-stein	1	11.428571428571429	SimBa
tweet-sno-1342	QO	vclaim-sno-12th-amendment-path-to-victory	1	11.267605633802816	SimBa
tweet-sno-1343	QO	vclaim-sno-naacp-endorse-trump-in-2020	1	11.76470588235294	SimBa
tweet-sno-1343	QO	vclaim-sno-melania-trump-ron-jeremy-photo	1	11.320754716981131	SimBa
tweet-sno-1343	QO	vclaim-sno-trump-kissing-epstein-photo	1	10.909090909090908	SimBa
tweet-sno-1343	QO	vclaim-sno-donald-trumps-mother-photo	1	10.909090909090908	SimBa
tweet-sno-1343	QO	vclaim-sno-ivanka-trump-hunter-biden	1	10.909090909090908	SimBa
tweet-sno-1344	QO	vclaim-sno-naacp-endorse-trump-in-2020	1	11.76470588235294	SimBa
tweet-sno-1344	QO	vclaim-sno-melania-trump-ron-jeremy-photo	1	11.320754716981131	SimBa
tweet-sno-1344	QO	vclaim-sno-trump-kissing-epstein-photo	1	10.909090909090908	SimBa
tweet-sno-1344	QO	vclaim-sno-donald-trumps-mother-photo	1	10.909090909090908	SimBa
tweet-sno-1344	QO	vclaim-sno-ivanka-trump-hunter-biden	1	10.909090909090908	SimBa
tweet-sno-1345	QO	vclaim-sno-ivanka-trump-hunter-biden	1	17.647058823529413	SimBa
tweet-sno-1345	QO	vclaim-sno-biden-pandemic-statement	1	16.0	SimBa
tweet-sno-1345	QO	vclaim-sno-did-trump-concede	1	15.789473684210527	SimBa
tweet-sno-1345	QO	vclaim-sno-biden-trump-xenophobic	1	14.285714285714286	SimBa
tweet-sno-1345	QO	vclaim-sno-trump-tell-supporters-storm	1	13.953488372093023	SimBa
tweet-sno-1346	QO	vclaim-sno-fake-aoc-purge-tweet	1	9.411764705882353	SimBa
tweet-sno-1346	QO	vclaim-sno-kanye-west-elon-musk	1	8.88888888888889	SimBa
tweet-sno-1346	QO	vclaim-sno-whale-surfer-photo	1	8.333333333333332	SimBa
tweet-sno-1346	QO	vclaim-sno-saved-whale-says-thanks	1	8.108108108108109	SimBa
tweet-sno-1346	QO	vclaim-sno-photograph-kayak-orcas	1	8.108108108108109	SimBa
tweet-sno-1347	QO	vclaim-sno-fake-aoc-purge-tweet	1	8.791208791208792	SimBa
tweet-sno-1347	QO	vclaim-sno-kanye-west-elon-musk	1	8.333333333333334	SimBa
tweet-sno-1347	QO	vclaim-sno-whale-surfer-photo	1	7.692307692307693	SimBa
tweet-sno-1347	QO	vclaim-sno-saved-whale-says-thanks	1	7.5	SimBa
tweet-sno-1347	QO	vclaim-sno-photograph-kayak-orcas	1	7.5	SimBa
tweet-sno-1348	QO	vclaim-sno-fake-aoc-purge-tweet	1	11.214953271028037	SimBa
tweet-sno-1348	QO	vclaim-sno-trump-biden-resident-meme	1	10.101010101010102	SimBa
tweet-sno-1348	QO	vclaim-sno-romney-biden-daily-world	1	8.333333333333334	SimBa
tweet-sno-1348	QO	vclaim-sno-biden-black-athletes-green-mile	1	8.333333333333334	SimBa
tweet-sno-1348	QO	vclaim-sno-twitter-biden-negative-news	1	8.080808080808081	SimBa
tweet-sno-1349	QO	vclaim-sno-fake-aoc-purge-tweet	1	19.047619047619047	SimBa
tweet-sno-1349	QO	vclaim-sno-trump-biden-resident-meme	1	18.18181818181818	SimBa
tweet-sno-1349	QO	vclaim-sno-romney-biden-daily-world	1	15.384615384615385	SimBa
tweet-sno-1349	QO	vclaim-sno-twitter-biden-negative-news	1	14.545454545454545	SimBa
tweet-sno-1349	QO	vclaim-sno-trump-recount-battleground-states	1	14.492753623188406	SimBa
tweet-sno-1350	QO	vclaim-sno-fake-aoc-purge-tweet	1	14.035087719298245	SimBa
tweet-sno-1350	QO	vclaim-sno-amish-trump-presidential-victory	1	13.636363636363637	SimBa
tweet-sno-1350	QO	vclaim-sno-kanye-west-elon-musk	1	12.903225806451612	SimBa
tweet-sno-1350	QO	vclaim-sno-amish-dobergoat-fighting-ring-busted	1	12.76595744680851	SimBa
tweet-sno-1350	QO	vclaim-sno-amish-community-puppy-mills	1	12.5	SimBa
tweet-sno-1351	QO	vclaim-sno-omar-minnesota-register-vote	1	19.354838709677416	SimBa
tweet-sno-1351	QO	vclaim-sno-trump-recount-battleground-states	1	12.658227848101266	SimBa
tweet-sno-1351	QO	vclaim-sno-fake-aoc-purge-tweet	1	10.95890410958904	SimBa
tweet-sno-1351	QO	vclaim-sno-minnesota-schools-arabic	1	10.344827586206897	SimBa
tweet-sno-1351	QO	vclaim-sno-leaving-minnesota	1	10.344827586206897	SimBa
tweet-sno-1352	QO	vclaim-sno-hunter-biden-malia-obama-cocaine	1	12.903225806451612	SimBa
tweet-sno-1352	QO	vclaim-sno-twitter-biden-negative-news	1	12.5	SimBa
tweet-sno-1352	QO	vclaim-sno-trump-biden-resident-meme	1	12.5	SimBa
tweet-sno-1352	QO	vclaim-sno-biden-tweet-pandemic	1	11.627906976744187	SimBa
tweet-sno-1352	QO	vclaim-sno-fake-aoc-purge-tweet	1	11.363636363636365	SimBa
tweet-sno-1353	QO	vclaim-sno-hunter-biden-dead-overdose-hoax	1	10.169491525423728	SimBa
tweet-sno-1353	QO	vclaim-sno-porcine-of-the-crime	1	10.0	SimBa
tweet-sno-1353	QO	vclaim-sno-ruby-freeman-arrested-by-fbi	1	9.836065573770492	SimBa
tweet-sno-1353	QO	vclaim-sno-fbi-illegal-websites-scam	1	9.836065573770492	SimBa
tweet-sno-1353	QO	vclaim-sno-4-year-old-boy-accused-of-hacking-fbi-database	1	9.836065573770492	SimBa
tweet-sno-1354	QO	vclaim-sno-hunter-biden-dead-overdose-hoax	1	22.22222222222222	SimBa
tweet-sno-1354	QO	vclaim-sno-macklewar	1	15.384615384615385	SimBa
tweet-sno-1354	QO	vclaim-sno-bidens-golfing-burisma-head	1	15.0	SimBa
tweet-sno-1354	QO	vclaim-sno-twitter-shutting-down-in-2017	1	14.814814814814815	SimBa
tweet-sno-1354	QO	vclaim-sno-donald-trump-utah-tweet-fake	1	14.285714285714286	SimBa
tweet-sno-1355	QO	vclaim-sno-hunter-biden-dead-overdose-hoax	1	18.18181818181818	SimBa
tweet-sno-1355	QO	vclaim-sno-bidens-golfing-burisma-head	1	13.043478260869565	SimBa
tweet-sno-1355	QO	vclaim-sno-scott-walker-pizza	1	12.5	SimBa
tweet-sno-1355	QO	vclaim-sno-macklewar	1	12.5	SimBa
tweet-sno-1355	QO	vclaim-sno-twitter-shutting-down-in-2017	1	12.121212121212121	SimBa
tweet-sno-1356	QO	vclaim-sno-trump-biden-resident-meme	1	29.411764705882355	SimBa
tweet-sno-1356	QO	vclaim-sno-twitter-biden-negative-news	1	23.529411764705884	SimBa
tweet-sno-1356	QO	vclaim-sno-biden-tweet-pandemic	1	20.0	SimBa
tweet-sno-1356	QO	vclaim-sno-fake-aoc-purge-tweet	1	19.047619047619047	SimBa
tweet-sno-1356	QO	vclaim-sno-biden-coca-cola-tweet	1	18.181818181818183	SimBa
tweet-sno-1357	QO	vclaim-sno-fbi-trump-biden-bus	1	21.68674698795181	SimBa
tweet-sno-1357	QO	vclaim-sno-trump-biden-resident-meme	1	20.28985507246377	SimBa
tweet-sno-1357	QO	vclaim-sno-cbs-latinos-trump-biden	1	16.0	SimBa
tweet-sno-1357	QO	vclaim-sno-parents-deported-reunited	1	15.584415584415584	SimBa
tweet-sno-1357	QO	vclaim-sno-huckabee-trump-biden-meme	1	15.384615384615387	SimBa
tweet-sno-1358	QO	vclaim-sno-fbi-trump-biden-bus	1	27.397260273972602	SimBa
tweet-sno-1358	QO	vclaim-sno-cbs-latinos-trump-biden	1	18.461538461538463	SimBa
tweet-sno-1358	QO	vclaim-sno-parents-deported-reunited	1	17.910447761194032	SimBa
tweet-sno-1358	QO	vclaim-sno-huckabee-trump-biden-meme	1	17.647058823529413	SimBa
tweet-sno-1358	QO	vclaim-sno-ivanka-trump-hunter-biden	1	17.543859649122805	SimBa
tweet-sno-1359	QO	vclaim-sno-naacp-endorse-trump-in-2020	1	9.523809523809524	SimBa
tweet-sno-1359	QO	vclaim-sno-donald-trump-says-hell-legalize-weed-in-every-state	1	9.375	SimBa
tweet-sno-1359	QO	vclaim-sno-melania-trump-ron-jeremy-photo	1	9.230769230769232	SimBa
tweet-sno-1359	QO	vclaim-sno-donald-trumps-mother-photo	1	8.955223880597016	SimBa
tweet-sno-1359	QO	vclaim-sno-ivanka-trump-hunter-biden	1	8.955223880597016	SimBa
tweet-sno-1360	QO	vclaim-sno-trump-biden-resident-meme	1	28.0	SimBa
tweet-sno-1360	QO	vclaim-sno-cbs-latinos-trump-biden	1	21.42857142857143	SimBa
tweet-sno-1360	QO	vclaim-sno-ivanka-trump-hunter-biden	1	20.833333333333336	SimBa
tweet-sno-1360	QO	vclaim-sno-parents-deported-reunited	1	20.689655172413794	SimBa
tweet-sno-1360	QO	vclaim-sno-huckabee-trump-biden-meme	1	20.338983050847457	SimBa
tweet-sno-1361	QO	vclaim-sno-trump-biden-resident-meme	1	10.909090909090908	SimBa
tweet-sno-1361	QO	vclaim-sno-biden-or-trump-female-press-team	1	10.526315789473683	SimBa
tweet-sno-1361	QO	vclaim-sno-biden-russian-flag	1	10.344827586206897	SimBa
tweet-sno-1361	QO	vclaim-sno-skinny-joey-merlino-biden	1	10.0	SimBa
tweet-sno-1361	QO	vclaim-sno-cbs-latinos-trump-biden	1	9.836065573770492	SimBa
tweet-sno-1362	QO	vclaim-sno-sean-connery-trump-golf-course	1	10.596026490066226	SimBa
tweet-sno-1362	QO	vclaim-sno-sean-connery-slap-women	1	4.285714285714286	SimBa
tweet-sno-1362	QO	vclaim-sno-scotland-gritter-names	1	4.25531914893617	SimBa
tweet-sno-1362	QO	vclaim-sno-sean-connery-net-worth	1	4.225352112676056	SimBa
tweet-sno-1362	QO	vclaim-sno-blue-light-waffle	1	4.026845637583893	SimBa
tweet-sno-1363	QO	vclaim-sno-ice-badges	1	14.634146341463413	SimBa
tweet-sno-1363	QO	vclaim-sno-eva-ramon-gallegos-hpv	1	13.953488372093023	SimBa
tweet-sno-1363	QO	vclaim-sno-sarah-palin-blames-mexican-muslims	1	13.953488372093023	SimBa
tweet-sno-1363	QO	vclaim-sno-trump-picks-el-chapo-to-run-dea	1	13.636363636363637	SimBa
tweet-sno-1363	QO	vclaim-sno-mexico-charter-buses-migrants	1	13.636363636363637	SimBa
tweet-sno-1364	QO	vclaim-sno-el-chapo-escapes-again	1	15.0	SimBa
tweet-sno-1364	QO	vclaim-sno-baby-dies-of-vicks-vaporub-poisoning	1	14.285714285714285	SimBa
tweet-sno-1364	QO	vclaim-sno-el-indio-rancher	1	12.244897959183675	SimBa
tweet-sno-1364	QO	vclaim-sno-michele-bachmann-mexican-food	1	7.547169811320755	SimBa
tweet-sno-1364	QO	vclaim-sno-ice-badges	1	5.2631578947368425	SimBa
tweet-sno-1365	QO	vclaim-sno-ice-badges	1	14.634146341463413	SimBa
tweet-sno-1365	QO	vclaim-sno-eva-ramon-gallegos-hpv	1	13.953488372093023	SimBa
tweet-sno-1365	QO	vclaim-sno-sarah-palin-blames-mexican-muslims	1	13.953488372093023	SimBa
tweet-sno-1365	QO	vclaim-sno-trump-picks-el-chapo-to-run-dea	1	13.636363636363637	SimBa
tweet-sno-1365	QO	vclaim-sno-mexico-charter-buses-migrants	1	13.636363636363637	SimBa
tweet-sno-1366	QO	vclaim-sno-taco-bell-closing-2020	1	13.793103448275861	SimBa
tweet-sno-1366	QO	vclaim-sno-taco-bell-cinammon-twists-pasta	1	12.903225806451612	SimBa
tweet-sno-1366	QO	vclaim-sno-taco-bell-closing	1	12.5	SimBa
tweet-sno-1366	QO	vclaim-sno-taco-bell-refried-beans	1	12.121212121212121	SimBa
tweet-sno-1366	QO	vclaim-sno-el-chapo-escapes-again	1	12.121212121212121	SimBa
tweet-sno-1367	QO	vclaim-sno-trump-threatened-military-action-against-mexico	1	19.51219512195122	SimBa
tweet-sno-1367	QO	vclaim-sno-ice-badges	1	15.789473684210527	SimBa
tweet-sno-1367	QO	vclaim-sno-sarah-palin-blames-mexican-muslims	1	15.0	SimBa
tweet-sno-1367	QO	vclaim-sno-eva-ramon-gallegos-hpv	1	15.0	SimBa
tweet-sno-1367	QO	vclaim-sno-trump-picks-el-chapo-to-run-dea	1	14.634146341463413	SimBa
tweet-sno-1368	QO	vclaim-sno-macklewar	1	9.523809523809524	SimBa
tweet-sno-1368	QO	vclaim-sno-twitter-shutting-down-in-2017	1	9.30232558139535	SimBa
tweet-sno-1368	QO	vclaim-sno-trump-navajo-twitter	1	9.090909090909092	SimBa
tweet-sno-1368	QO	vclaim-sno-donald-trump-utah-tweet-fake	1	9.090909090909092	SimBa
tweet-sno-1368	QO	vclaim-sno-leonardo-dicaprio-trump	1	9.090909090909092	SimBa
tweet-sno-1369	QO	vclaim-sno-expired-cake-mix	1	9.836065573770492	SimBa
tweet-sno-1369	QO	vclaim-sno-anti-gay-bakers-lottery-payout	1	7.59493670886076	SimBa
tweet-sno-1369	QO	vclaim-sno-cheesecake-factory-closing-rumor	1	6.451612903225806	SimBa
tweet-sno-1369	QO	vclaim-sno-cheesecake-factory-gift-card	1	6.451612903225806	SimBa
tweet-sno-1369	QO	vclaim-sno-cheesecake-factory-receipt	1	5.633802816901408	SimBa
tweet-sno-1370	QO	vclaim-sno-great-value	1	8.21917808219178	SimBa
tweet-sno-1370	QO	vclaim-sno-deanna-lorraine-kenosha-shooter	1	8.21917808219178	SimBa
tweet-sno-1370	QO	vclaim-sno-the-amish-dont-get-autism	1	8.108108108108109	SimBa
tweet-sno-1370	QO	vclaim-sno-blacks-dont-read	1	8.108108108108109	SimBa
tweet-sno-1370	QO	vclaim-sno-gop-tax-plan-include-tax-cut-private-jet-owners	1	8.108108108108109	SimBa
tweet-sno-1371	QO	vclaim-sno-cheesecake-factory-gift-card	1	13.333333333333334	SimBa
tweet-sno-1371	QO	vclaim-sno-cheesecake-factory-closing-rumor	1	13.333333333333334	SimBa
tweet-sno-1371	QO	vclaim-sno-cheesecake-factory-receipt	1	10.256410256410257	SimBa
tweet-sno-1371	QO	vclaim-sno-1-mcdonald39s-any-size-fries	1	0.0	SimBa
tweet-sno-1371	QO	vclaim-sno-panda-solar-farm-china	1	0.0	SimBa
tweet-sno-1372	QO	vclaim-sno-cheesecake-factory-gift-card	1	10.0	SimBa
tweet-sno-1372	QO	vclaim-sno-cheesecake-factory-closing-rumor	1	10.0	SimBa
tweet-sno-1372	QO	vclaim-sno-cheesecake-factory-receipt	1	8.16326530612245	SimBa
tweet-sno-1372	QO	vclaim-sno-1-mcdonald39s-any-size-fries	1	0.0	SimBa
tweet-sno-1372	QO	vclaim-sno-panda-solar-farm-china	1	0.0	SimBa
tweet-sno-1373	QO	vclaim-sno-bumblebees-cant-fly	1	20.689655172413794	SimBa
tweet-sno-1373	QO	vclaim-sno-obama-impeached-president-judges	1	16.216216216216218	SimBa
tweet-sno-1373	QO	vclaim-sno-jeff-guice-sick-children	1	14.634146341463413	SimBa
tweet-sno-1373	QO	vclaim-sno-unsweetened-caroline	1	14.634146341463413	SimBa
tweet-sno-1373	QO	vclaim-sno-dianne-feinstein	1	13.333333333333334	SimBa
tweet-sno-1374	QO	vclaim-sno-cheesecake-factory-closing-rumor	1	13.636363636363637	SimBa
tweet-sno-1374	QO	vclaim-sno-cheesecake-factory-gift-card	1	9.090909090909092	SimBa
tweet-sno-1374	QO	vclaim-sno-cheesecake-factory-receipt	1	7.547169811320755	SimBa
tweet-sno-1374	QO	vclaim-sno-1-mcdonald39s-any-size-fries	1	0.0	SimBa
tweet-sno-1374	QO	vclaim-sno-panda-solar-farm-china	1	0.0	SimBa
tweet-sno-1375	QO	vclaim-sno-1-mcdonald39s-any-size-fries	1	0	SimBa
tweet-sno-1375	QO	vclaim-sno-pandora-black-lives-matter-protest	1	0	SimBa
tweet-sno-1375	QO	vclaim-sno-palm-sunday-miscarriage	1	0	SimBa
tweet-sno-1375	QO	vclaim-sno-pam-bondi-impeachment	1	0	SimBa
tweet-sno-1375	QO	vclaim-sno-pamela-anderson-death-hoax	1	0	SimBa
tweet-sno-1376	QO	vclaim-sno-amy-coney-barrett-rhodes-scholar	1	8.823529411764707	SimBa
tweet-sno-1376	QO	vclaim-sno-donald-trump-utah-tweet-fake	1	8.571428571428571	SimBa
tweet-sno-1376	QO	vclaim-sno-scared-straight	1	8.450704225352112	SimBa
tweet-sno-1376	QO	vclaim-sno-donald-trump-sentence	1	8.333333333333332	SimBa
tweet-sno-1376	QO	vclaim-sno-alexandria-shooter-james-hodgkinson-protested-with-sign-rand-paul-tweet	1	8.21917808219178	SimBa
tweet-sno-1377	QO	vclaim-sno-aoc-defeat-war	1	7.920792079207921	SimBa
tweet-sno-1377	QO	vclaim-sno-confessions-of-a-republican	1	7.766990291262136	SimBa
tweet-sno-1377	QO	vclaim-sno-aoc-gop-sad-stupid-vanity-fair	1	7.4766355140186915	SimBa
tweet-sno-1377	QO	vclaim-sno-november-6th	1	7.142857142857142	SimBa
tweet-sno-1377	QO	vclaim-sno-bread-bagged	1	6.976744186046512	SimBa
tweet-sno-1378	QO	vclaim-sno-snl-writer-suspended-tweet-barron	1	15.384615384615387	SimBa
tweet-sno-1378	QO	vclaim-sno-el-paso-shooting-twitter	1	13.333333333333334	SimBa
tweet-sno-1378	QO	vclaim-sno-nancy-pelosi-disgusted-trump-tweet	1	12.5	SimBa
tweet-sno-1378	QO	vclaim-sno-macklewar	1	12.121212121212121	SimBa
tweet-sno-1378	QO	vclaim-sno-twitter-shutting-down-in-2017	1	11.764705882352942	SimBa
tweet-sno-1379	QO	vclaim-sno-biden-admit-voter-fraud	1	25.0	SimBa
tweet-sno-1379	QO	vclaim-sno-rnc-chairwoman-deleted-tweet	1	22.950819672131146	SimBa
tweet-sno-1379	QO	vclaim-sno-huckabee-letter-biden-fraud	1	20.689655172413794	SimBa
tweet-sno-1379	QO	vclaim-sno-dallas-jones-voter-fraud	1	20.338983050847457	SimBa
tweet-sno-1379	QO	vclaim-sno-twitter-biden-negative-news	1	19.6078431372549	SimBa
tweet-sno-1380	QO	vclaim-sno-biden-pandemic-statement	1	14.285714285714285	SimBa
tweet-sno-1380	QO	vclaim-sno-private-practice	1	13.157894736842106	SimBa
tweet-sno-1380	QO	vclaim-sno-twitter-biden-negative-news	1	12.658227848101266	SimBa
tweet-sno-1380	QO	vclaim-sno-biden-harris-crowd-face-mask	1	12.5	SimBa
tweet-sno-1380	QO	vclaim-sno-trump-iran-tweets-obama	1	12.345679012345679	SimBa
tweet-sno-1381	QO	vclaim-sno-macklewar	1	4.938271604938271	SimBa
tweet-sno-1381	QO	vclaim-sno-twitter-shutting-down-in-2017	1	4.878048780487805	SimBa
tweet-sno-1381	QO	vclaim-sno-leonardo-dicaprio-trump	1	4.819277108433735	SimBa
tweet-sno-1381	QO	vclaim-sno-trump-navajo-twitter	1	4.819277108433735	SimBa
tweet-sno-1381	QO	vclaim-sno-donald-trump-utah-tweet-fake	1	4.819277108433735	SimBa
tweet-sno-1382	QO	vclaim-sno-27-republicans-endorse-biden	1	9.195402298850574	SimBa
tweet-sno-1382	QO	vclaim-sno-trump-madonna-maradona	1	8.98876404494382	SimBa
tweet-sno-1382	QO	vclaim-sno-donald-trump-serena-williams-wimbledon	1	8.88888888888889	SimBa
tweet-sno-1382	QO	vclaim-sno-biden-coca-cola-tweet	1	8.695652173913043	SimBa
tweet-sno-1382	QO	vclaim-sno-trump-tweet-harris	1	8.51063829787234	SimBa
tweet-sno-1383	QO	vclaim-sno-mitch-mcconnell-blocked-investigating-russian-hacks	1	14.285714285714285	SimBa
tweet-sno-1383	QO	vclaim-sno-daniel-cameron-mcconnell	1	13.953488372093023	SimBa
tweet-sno-1383	QO	vclaim-sno-mcconnell-voting-photobomb	1	13.953488372093023	SimBa
tweet-sno-1383	QO	vclaim-sno-mitch-mcconnells-hands	1	13.636363636363637	SimBa
tweet-sno-1383	QO	vclaim-sno-mitch-mcconnell-block-russia	1	13.333333333333334	SimBa
tweet-sno-1384	QO	vclaim-sno-nurse-passes-out	1	12.5	SimBa
tweet-sno-1384	QO	vclaim-sno-portuguese-nurse-dies-vaccine	1	11.538461538461538	SimBa
tweet-sno-1384	QO	vclaim-sno-alabama-nurse-covid	1	11.320754716981131	SimBa
tweet-sno-1384	QO	vclaim-sno-fiercefemtivist-nurse-racist-parents	1	10.344827586206897	SimBa
tweet-sno-1384	QO	vclaim-sno-zambia-nurse-swap-babies	1	10.344827586206897	SimBa
tweet-sno-1385	QO	vclaim-sno-jane-fonda-covid-gods-gift	1	28.0	SimBa
tweet-sno-1385	QO	vclaim-sno-twitter-biden-negative-news	1	23.255813953488374	SimBa
tweet-sno-1385	QO	vclaim-sno-biden-tweet-pandemic	1	20.408163265306122	SimBa
tweet-sno-1385	QO	vclaim-sno-bill-mitchell-tweet-55000-covid	1	20.408163265306122	SimBa
tweet-sno-1385	QO	vclaim-sno-biden-120million-deaths-covid19	1	20.338983050847457	SimBa
tweet-sno-1386	QO	vclaim-sno-harris-twitter-trump	1	33.333333333333336	SimBa
tweet-sno-1386	QO	vclaim-sno-rnc-chairwoman-deleted-tweet	1	32.6530612244898	SimBa
tweet-sno-1386	QO	vclaim-sno-harris-biden-blog-post	1	30.769230769230774	SimBa
tweet-sno-1386	QO	vclaim-sno-trump-biden-resident-meme	1	30.769230769230774	SimBa
tweet-sno-1386	QO	vclaim-sno-biden-say-president-harris	1	27.272727272727273	SimBa
tweet-sno-1387	QO	vclaim-sno-earthquake-hoax	1	8.571428571428571	SimBa
tweet-sno-1387	QO	vclaim-sno-everyones-leaving-los-angeles	1	8.333333333333332	SimBa
tweet-sno-1387	QO	vclaim-sno-conditions-in-los-angeles	1	8.21917808219178	SimBa
tweet-sno-1387	QO	vclaim-sno-biplane-buzz-beach-1911	1	8.21917808219178	SimBa
tweet-sno-1387	QO	vclaim-sno-ice-arrest-los-angeles-mayor	1	8.21917808219178	SimBa
tweet-sno-1388	QO	vclaim-sno-karen-pence-mask-debate	1	12.5	SimBa
tweet-sno-1388	QO	vclaim-sno-karen-pence-school-lgbt	1	11.538461538461538	SimBa
tweet-sno-1388	QO	vclaim-sno-macklewar	1	10.526315789473685	SimBa
tweet-sno-1388	QO	vclaim-sno-twitter-shutting-down-in-2017	1	10.256410256410257	SimBa
tweet-sno-1388	QO	vclaim-sno-donald-trump-utah-tweet-fake	1	10.0	SimBa
tweet-sno-1389	QO	vclaim-sno-macklewar	1	8.333333333333334	SimBa
tweet-sno-1389	QO	vclaim-sno-twitter-shutting-down-in-2017	1	8.16326530612245	SimBa
tweet-sno-1389	QO	vclaim-sno-leonardo-dicaprio-trump	1	8.0	SimBa
tweet-sno-1389	QO	vclaim-sno-trump-navajo-twitter	1	8.0	SimBa
tweet-sno-1389	QO	vclaim-sno-donald-trump-utah-tweet-fake	1	8.0	SimBa
tweet-sno-1390	QO	vclaim-sno-tim-kaine-open-marriage	1	9.63855421686747	SimBa
tweet-sno-1390	QO	vclaim-sno-harris-defund-police-tweet	1	8.695652173913043	SimBa
tweet-sno-1390	QO	vclaim-sno-biden-kenosha-black-looting	1	8.51063829787234	SimBa
tweet-sno-1390	QO	vclaim-sno-orlando-shooter-was-democrat	1	7.792207792207792	SimBa
tweet-sno-1390	QO	vclaim-sno-kamala-harris-protests	1	7.633587786259542	SimBa
tweet-sno-1391	QO	vclaim-sno-trump-biden-resident-meme	1	25.0	SimBa
tweet-sno-1391	QO	vclaim-sno-ivanka-trump-hunter-biden	1	22.22222222222222	SimBa
tweet-sno-1391	QO	vclaim-sno-did-trump-concede	1	19.354838709677416	SimBa
tweet-sno-1391	QO	vclaim-sno-cbs-latinos-trump-biden	1	19.354838709677416	SimBa
tweet-sno-1391	QO	vclaim-sno-parents-deported-reunited	1	18.75	SimBa
tweet-sno-1392	QO	vclaim-sno-trump-biden-resident-meme	1	21.27659574468085	SimBa
tweet-sno-1392	QO	vclaim-sno-twitter-biden-negative-news	1	17.02127659574468	SimBa
tweet-sno-1392	QO	vclaim-sno-biden-tweet-pandemic	1	15.09433962264151	SimBa
tweet-sno-1392	QO	vclaim-sno-fake-aoc-purge-tweet	1	14.545454545454545	SimBa
tweet-sno-1392	QO	vclaim-sno-biden-coca-cola-tweet	1	14.035087719298245	SimBa
tweet-sno-1393	QO	vclaim-sno-hillary-clinton-smash-phone-hammer	1	15.0	SimBa
tweet-sno-1393	QO	vclaim-sno-hillary-clinton-killed-fbi-raid	1	14.814814814814813	SimBa
tweet-sno-1393	QO	vclaim-sno-clinton-mccabe-donation	1	14.583333333333334	SimBa
tweet-sno-1393	QO	vclaim-sno-seth-conrad-rich	1	13.636363636363637	SimBa
tweet-sno-1393	QO	vclaim-sno-huma-abedin-insurance	1	13.333333333333334	SimBa
tweet-sno-1394	QO	vclaim-sno-taco-bell-refried-beans	1	7.792207792207792	SimBa
tweet-sno-1394	QO	vclaim-sno-iphone-12-tiktok-scam	1	7.792207792207792	SimBa
tweet-sno-1394	QO	vclaim-sno-spiderman-google-earth-japan	1	7.59493670886076	SimBa
tweet-sno-1394	QO	vclaim-sno-mcrib-tiktok-mcdonalds	1	7.59493670886076	SimBa
tweet-sno-1394	QO	vclaim-sno-tiktok-zombies-finland	1	7.59493670886076	SimBa
tweet-sno-1395	QO	vclaim-sno-gay-men-proud-boys-hashtag	1	17.02127659574468	SimBa
tweet-sno-1395	QO	vclaim-sno-can-you-vote-online-with-a-hashtag	1	14.117647058823529	SimBa
tweet-sno-1395	QO	vclaim-sno-twitter-censor-1984-orwell	1	11.904761904761905	SimBa
tweet-sno-1395	QO	vclaim-sno-bruce-springsteen-attacks-donald-trump-on-twitter	1	10.869565217391305	SimBa
tweet-sno-1395	QO	vclaim-sno-trump-tweet-stimulus-checks	1	10.416666666666668	SimBa
tweet-sno-1396	QO	vclaim-sno-macklewar	1	7.6923076923076925	SimBa
tweet-sno-1396	QO	vclaim-sno-twitter-shutting-down-in-2017	1	7.547169811320755	SimBa
tweet-sno-1396	QO	vclaim-sno-leonardo-dicaprio-trump	1	7.407407407407407	SimBa
tweet-sno-1396	QO	vclaim-sno-donald-trump-utah-tweet-fake	1	7.407407407407407	SimBa
tweet-sno-1396	QO	vclaim-sno-trump-navajo-twitter	1	7.407407407407407	SimBa
tweet-sno-1397	QO	vclaim-sno-trump-army-fundraising-email	1	16.666666666666668	SimBa
tweet-sno-1397	QO	vclaim-sno-dick-smith-halal-email	1	13.636363636363637	SimBa
tweet-sno-1397	QO	vclaim-sno-hillary-sand-wikileaks-dump	1	12.244897959183675	SimBa
tweet-sno-1397	QO	vclaim-sno-trump-covid-fundraising	1	10.909090909090908	SimBa
tweet-sno-1397	QO	vclaim-sno-canada-global-reset-plan-leak	1	10.169491525423728	SimBa
tweet-sno-1398	QO	vclaim-sno-amy-coney-barrett-rhodes-scholar	1	28.57142857142857	SimBa
tweet-sno-1398	QO	vclaim-sno-mcenany-obama-hut-tweet	1	15.151515151515152	SimBa
tweet-sno-1398	QO	vclaim-sno-rob-donaldson-amy-coney-barrett	1	11.76470588235294	SimBa
tweet-sno-1398	QO	vclaim-sno-amy-coney-barrett-breastfeeding	1	11.320754716981131	SimBa
tweet-sno-1398	QO	vclaim-sno-press-secretary-covid-19-orwellian	1	10.909090909090908	SimBa
tweet-sno-1399	QO	vclaim-sno-twitter-biden-negative-news	1	14.814814814814815	SimBa
tweet-sno-1399	QO	vclaim-sno-trump-biden-resident-meme	1	14.814814814814815	SimBa
tweet-sno-1399	QO	vclaim-sno-biden-tweet-pandemic	1	13.333333333333334	SimBa
tweet-sno-1399	QO	vclaim-sno-fake-aoc-purge-tweet	1	12.903225806451612	SimBa
tweet-sno-1399	QO	vclaim-sno-rnc-chairwoman-deleted-tweet	1	12.5	SimBa
tweet-sno-1400	QO	vclaim-sno-donald-trump-utah-tweet-fake	1	13.157894736842106	SimBa
tweet-sno-1400	QO	vclaim-sno-leonardo-dicaprio-trump	1	13.157894736842106	SimBa
tweet-sno-1400	QO	vclaim-sno-donald-trump-threatens-arrest-alec-baldwin	1	12.820512820512821	SimBa
tweet-sno-1400	QO	vclaim-sno-donald-trump-sentence	1	12.820512820512821	SimBa
tweet-sno-1400	QO	vclaim-sno-donald-trump-twitter-plant-clinton	1	12.5	SimBa
tweet-sno-1401	QO	vclaim-sno-bloomberg-buy-trump-debt	1	11.764705882352942	SimBa
tweet-sno-1401	QO	vclaim-sno-trump-quote-kim-jong-un-biden	1	10.416666666666668	SimBa
tweet-sno-1401	QO	vclaim-sno-trump-bloomberg-clinton-golf-photo	1	9.900990099009901	SimBa
tweet-sno-1401	QO	vclaim-sno-bloomberg-buy-greenland	1	8.98876404494382	SimBa
tweet-sno-1401	QO	vclaim-sno-trump-bloomberg-height	1	8.791208791208792	SimBa
