tweet-sno-1200	QO	vclaim-sno-lady-gaga-oreo	1	67.34424906269729	SimBa
tweet-sno-1200	QO	vclaim-sno-red-velvet-oreos	1	48.166425839249506	SimBa
tweet-sno-1200	QO	vclaim-sno-spam-oreos	1	44.4609654582097	SimBa
tweet-sno-1200	QO	vclaim-sno-black-raspberry-chocolate-chip-oreos	1	41.41882175405676	SimBa
tweet-sno-1200	QO	vclaim-sno-dr-pepper	1	40.675424469142165	SimBa
tweet-sno-1201	QO	vclaim-sno-biden-executive-order-dictator	1	78.9401888892327	SimBa
tweet-sno-1201	QO	vclaim-sno-biden-signing-blank-papers	1	63.13884225040186	SimBa
tweet-sno-1201	QO	vclaim-sno-mcconnell-democrats-no-victories	1	60.90888678752447	SimBa
tweet-sno-1201	QO	vclaim-sno-mitch-mcconnell-one-of-my-proudest-moments	1	59.054507923826996	SimBa
tweet-sno-1201	QO	vclaim-sno-trump-criticize-obama-negotiate-with-congress	1	56.811422271976944	SimBa
tweet-sno-1202	QO	vclaim-sno-biden-executive-order-dictator	1	70.6260016751748	SimBa
tweet-sno-1202	QO	vclaim-sno-jimmy-carter-functioning-democracy	1	57.05663538446206	SimBa
tweet-sno-1202	QO	vclaim-sno-biden-signing-blank-papers	1	55.31551559504013	SimBa
tweet-sno-1202	QO	vclaim-sno-biden-pandemic-statement	1	52.12405370767277	SimBa
tweet-sno-1202	QO	vclaim-sno-obama-do-something-about-president	1	51.06271170746574	SimBa
tweet-sno-1203	QO	vclaim-sno-farmers-protest-india-flag	1	62.33293828830968	SimBa
tweet-sno-1203	QO	vclaim-sno-capture-the-flag	1	61.80873637942268	SimBa
tweet-sno-1203	QO	vclaim-sno-confederate-flag-capitol-dc	1	55.38984083949588	SimBa
tweet-sno-1203	QO	vclaim-sno-womens-march-assault-trump-flag	1	55.316381023800346	SimBa
tweet-sno-1203	QO	vclaim-sno-mcdonalds-remove-american-flags	1	54.723536265939565	SimBa
tweet-sno-1204	QO	vclaim-sno-biden-bans-china-virus	1	88.95964143394389	SimBa
tweet-sno-1204	QO	vclaim-sno-biden-signing-blank-papers	1	58.708090064394334	SimBa
tweet-sno-1204	QO	vclaim-sno-trump-ban-travel-china-pandemic	1	57.41459759978612	SimBa
tweet-sno-1204	QO	vclaim-sno-trump-eo-vaccine-ban	1	54.62017466864311	SimBa
tweet-sno-1204	QO	vclaim-sno-trump-executive-order-biden	1	53.921571789650216	SimBa
tweet-sno-1205	QO	vclaim-sno-trump-office-former-president	1	68.31963490421553	SimBa
tweet-sno-1205	QO	vclaim-sno-biden-president-elect-office	1	56.81545748059777	SimBa
tweet-sno-1205	QO	vclaim-sno-obama-trump-transition-letter	1	55.46583101385442	SimBa
tweet-sno-1205	QO	vclaim-sno-obama-attach-personal-message-letter-wrote-trump	1	55.015488732936504	SimBa
tweet-sno-1205	QO	vclaim-sno-joe-you-know-i-won-letter-trump	1	54.05616263972871	SimBa
tweet-sno-1206	QO	vclaim-sno-trump-office-former-president	1	88.18558571807108	SimBa
tweet-sno-1206	QO	vclaim-sno-biden-president-elect-office	1	52.99101620465274	SimBa
tweet-sno-1206	QO	vclaim-sno-trump-national-guard-troops-hotel	1	52.241974878426014	SimBa
tweet-sno-1206	QO	vclaim-sno-oval-office-fumigated-after-trump	1	50.15185841658639	SimBa
tweet-sno-1206	QO	vclaim-sno-sag-letter-president-trump	1	49.63359907902984	SimBa
tweet-sno-1207	QO	vclaim-sno-cocaine-smuggled-in-bananas	1	80.19169732492962	SimBa
tweet-sno-1207	QO	vclaim-sno-mule-dear	1	58.776263030924156	SimBa
tweet-sno-1207	QO	vclaim-sno-cocaine-on-money	1	57.699442968397086	SimBa
tweet-sno-1207	QO	vclaim-sno-seattle-crochet-cocaine	1	57.3487301377187	SimBa
tweet-sno-1207	QO	vclaim-sno-coast-guard-shutdown-cocaine	1	54.62918502260257	SimBa
tweet-sno-1208	QO	vclaim-sno-biden-troops-stupid-bastards	1	56.18398150706372	SimBa
tweet-sno-1208	QO	vclaim-sno-national-naval-hospital	1	49.73929332235274	SimBa
tweet-sno-1208	QO	vclaim-sno-barack-obama-in-afghanistan	1	49.567420016214484	SimBa
tweet-sno-1208	QO	vclaim-sno-cue-balls	1	49.069317451180616	SimBa
tweet-sno-1208	QO	vclaim-sno-national-guard-parking-garage	1	48.94821509251639	SimBa
tweet-sno-1209	QO	vclaim-sno-schumer-erection-senate-floor	1	69.39424987849524	SimBa
tweet-sno-1209	QO	vclaim-sno-trump-tweets-photo-genitals	1	51.470334351113046	SimBa
tweet-sno-1209	QO	vclaim-sno-schumer-tweet-china-travel	1	51.46884773646681	SimBa
tweet-sno-1209	QO	vclaim-sno-trump-letter-schumer	1	50.670464266270564	SimBa
tweet-sno-1209	QO	vclaim-sno-ted-cruz-donald-trump-endorsement	1	49.513087771470765	SimBa
tweet-sno-1210	QO	vclaim-sno-schumer-erection-senate-floor	1	67.06479322782599	SimBa
tweet-sno-1210	QO	vclaim-sno-presidential-erection	1	48.56308295986687	SimBa
tweet-sno-1210	QO	vclaim-sno-ted-cruz-donald-trump-endorsement	1	47.3721611225927	SimBa
tweet-sno-1210	QO	vclaim-sno-anatomically-incorrect	1	45.9802390311707	SimBa
tweet-sno-1210	QO	vclaim-sno-schumer-daughter-cheerleader	1	45.262642994249006	SimBa
tweet-sno-1211	QO	vclaim-sno-schumer-erection-senate-floor	1	76.81887037294244	SimBa
tweet-sno-1211	QO	vclaim-sno-insurrection-act-trump	1	57.06242150209941	SimBa
tweet-sno-1211	QO	vclaim-sno-mcconnell-trump-attack-capitol	1	56.432450334787646	SimBa
tweet-sno-1211	QO	vclaim-sno-trump-tell-supporters-storm	1	50.21473999539254	SimBa
tweet-sno-1211	QO	vclaim-sno-republican-senators-up-shits-creek	1	49.788304999841806	SimBa
tweet-sno-1212	QO	vclaim-sno-schumer-erection-senate-floor	1	71.54849596783792	SimBa
tweet-sno-1212	QO	vclaim-sno-presidential-erection	1	51.06317198648384	SimBa
tweet-sno-1212	QO	vclaim-sno-msnbc-pecker-chyron	1	45.34062234921432	SimBa
tweet-sno-1212	QO	vclaim-sno-republican-senators-up-shits-creek	1	44.43964056936793	SimBa
tweet-sno-1212	QO	vclaim-sno-trump-tweets-photo-genitals	1	44.192379035501986	SimBa
tweet-sno-1213	QO	vclaim-sno-schumer-erection-senate-floor	1	71.5638362498311	SimBa
tweet-sno-1213	QO	vclaim-sno-presidential-erection	1	46.65018461416505	SimBa
tweet-sno-1213	QO	vclaim-sno-does-schumer-have-concealed-permit	1	44.64252550822787	SimBa
tweet-sno-1213	QO	vclaim-sno-trump-tweets-photo-genitals	1	44.50563669686509	SimBa
tweet-sno-1213	QO	vclaim-sno-chuck-schumer-resigns-disgrace	1	44.29451582315986	SimBa
tweet-sno-1214	QO	vclaim-sno-schumer-erection-senate-floor	1	71.91383294568561	SimBa
tweet-sno-1214	QO	vclaim-sno-biden-pandemic-statement	1	51.20610178113072	SimBa
tweet-sno-1214	QO	vclaim-sno-trump-plans-second-term	1	51.05793066310411	SimBa
tweet-sno-1214	QO	vclaim-sno-donald-trump-lincoln-success	1	49.11792310987384	SimBa
tweet-sno-1214	QO	vclaim-sno-democratic-senators-pass-bills-rate	1	47.73402788854918	SimBa
tweet-sno-1215	QO	vclaim-sno-bernice-king-mlk-day-instagram	1	68.10001977819304	SimBa
tweet-sno-1215	QO	vclaim-sno-i-have-a-what	1	54.53143420649307	SimBa
tweet-sno-1215	QO	vclaim-sno-burger-king-tweet-women-kitchen	1	51.13969307886028	SimBa
tweet-sno-1215	QO	vclaim-sno-allen-west-on-black-history-month	1	50.963476881722954	SimBa
tweet-sno-1215	QO	vclaim-sno-facebook-declaration-of-independence-hate-speech	1	49.29517235251444	SimBa
tweet-sno-1216	QO	vclaim-sno-mypillow-discount-codes-qanon	1	71.62867444747356	SimBa
tweet-sno-1216	QO	vclaim-sno-trump-fail-to-denounce-qanon	1	50.35382621860225	SimBa
tweet-sno-1216	QO	vclaim-sno-mypillow-antifa-temptresses	1	44.39158866957181	SimBa
tweet-sno-1216	QO	vclaim-sno-bellsletstalk-fundraising	1	43.00081632617182	SimBa
tweet-sno-1216	QO	vclaim-sno-free-pastry-day-at-starbucks	1	42.10125963002043	SimBa
tweet-sno-1217	QO	vclaim-sno-tesla-hiring-complaints-elon-musk	1	65.06273531350078	SimBa
tweet-sno-1217	QO	vclaim-sno-elon-musk-billboard	1	49.461358023195004	SimBa
tweet-sno-1217	QO	vclaim-sno-elon-musk-buy-facebook	1	42.56227769809331	SimBa
tweet-sno-1217	QO	vclaim-sno-elon-musk-illegal-immigrant	1	41.534298862478956	SimBa
tweet-sno-1217	QO	vclaim-sno-carlson-actor-couldnt-book-organizers	1	40.40573215952923	SimBa
tweet-sno-1218	QO	vclaim-sno-gwyneth-paltrow-vagina-candle	1	67.03063293669393	SimBa
tweet-sno-1218	QO	vclaim-sno-gwyneth-vagina-candle-explode	1	64.47492624264316	SimBa
tweet-sno-1218	QO	vclaim-sno-do-scented-candles-cause-cancer	1	58.95673847894164	SimBa
tweet-sno-1218	QO	vclaim-sno-crayon-candle	1	51.0388544861597	SimBa
tweet-sno-1218	QO	vclaim-sno-downy-unstopables-warmer-warning	1	48.11445959375546	SimBa
tweet-sno-1219	QO	vclaim-sno-marjorie-taylor-greene-twitter	1	82.18000022419999	SimBa
tweet-sno-1219	QO	vclaim-sno-twitter-marjorie-taylor-greene	1	77.15121314297593	SimBa
tweet-sno-1219	QO	vclaim-sno-snl-writer-suspended-tweet-barron	1	57.93289859310633	SimBa
tweet-sno-1219	QO	vclaim-sno-did-twitter-lock-trumps-account	1	55.8044985167924	SimBa
tweet-sno-1219	QO	vclaim-sno-facebook-bernie-blackout	1	54.60186026085627	SimBa
tweet-sno-1220	QO	vclaim-sno-burger-king-logo-new	1	84.53808537472015	SimBa
tweet-sno-1220	QO	vclaim-sno-yumbo-drop	1	52.857934586164525	SimBa
tweet-sno-1220	QO	vclaim-sno-subservient-chicken	1	49.681810286779026	SimBa
tweet-sno-1220	QO	vclaim-sno-donald-trump-swastika-logo	1	47.229005879119136	SimBa
tweet-sno-1220	QO	vclaim-sno-whataburger-changing-colors	1	46.91153631898754	SimBa
tweet-sno-1221	QO	vclaim-sno-covid-vaccine-throw-away	1	70.44497657902367	SimBa
tweet-sno-1221	QO	vclaim-sno-new-york-covid-vaccine-preregister	1	67.00741800104109	SimBa
tweet-sno-1221	QO	vclaim-sno-conspiracy-video	1	60.85613512263781	SimBa
tweet-sno-1221	QO	vclaim-sno-cuomo-vaccine-bad-news-trump	1	60.38204866798063	SimBa
tweet-sno-1221	QO	vclaim-sno-cdc-halts-us-jj-covid-shots	1	59.51630527557455	SimBa
tweet-sno-1222	QO	vclaim-sno-trump-jr-impeached-deplorable	1	59.581373051250175	SimBa
tweet-sno-1222	QO	vclaim-sno-clinton-federal-racketeering-charges	1	51.54066388701134	SimBa
tweet-sno-1222	QO	vclaim-sno-judges-agree-barr-indict-clinton	1	47.030445166511306	SimBa
tweet-sno-1222	QO	vclaim-sno-hillary-clinton-disqualified	1	45.73713518297995	SimBa
tweet-sno-1222	QO	vclaim-sno-two-clinton-employees-arrested-destroying-evidence-uranium-probe-begins	1	44.71974726053378	SimBa
tweet-sno-1223	QO	vclaim-sno-armie-hammer-cannibal-lifestyle	1	55.94413769645822	SimBa
tweet-sno-1223	QO	vclaim-sno-blood-rave-uses-real-blood	1	45.88125245130502	SimBa
tweet-sno-1223	QO	vclaim-sno-hiv-infected-needle-attacks	1	40.459655639211654	SimBa
tweet-sno-1223	QO	vclaim-sno-cannibal-restaurant	1	37.905953167806864	SimBa
tweet-sno-1223	QO	vclaim-sno-covid19-vaccination-cannibalism	1	37.34502618908895	SimBa
tweet-sno-1224	QO	vclaim-sno-indian-flag-capitol-riots	1	60.09051926885414	SimBa
tweet-sno-1224	QO	vclaim-sno-raz-simone-guns	1	52.84354062167974	SimBa
tweet-sno-1224	QO	vclaim-sno-capitol-window-wave-video	1	51.79793292217981	SimBa
tweet-sno-1224	QO	vclaim-sno-kill-bill	1	48.0440302160657	SimBa
tweet-sno-1224	QO	vclaim-sno-jayapal-maskless-congress	1	45.60278456594293	SimBa
tweet-sno-1225	QO	vclaim-sno-syringe-cakes	1	82.6174977926829	SimBa
tweet-sno-1225	QO	vclaim-sno-germanely-chocolate-cake	1	53.727867404774855	SimBa
tweet-sno-1225	QO	vclaim-sno-turkish-snack-bar-paralysis-tablet	1	46.254382428088704	SimBa
tweet-sno-1225	QO	vclaim-sno-parade-grounds	1	45.92475776925286	SimBa
tweet-sno-1225	QO	vclaim-sno-ferrero-rocher-chocolates-maggots-video	1	42.085638165942264	SimBa
tweet-sno-1226	QO	vclaim-sno-trump-carved-manatees-back	1	75.81788130326431	SimBa
tweet-sno-1226	QO	vclaim-sno-trump-hunting-bald-eagles	1	57.126516636762624	SimBa
tweet-sno-1226	QO	vclaim-sno-trump-whales-sea-turtles	1	49.56671949447801	SimBa
tweet-sno-1226	QO	vclaim-sno-trump-cecil-lion-wildlife-conservation-council	1	47.46722829497999	SimBa
tweet-sno-1226	QO	vclaim-sno-trump-video-insulting-supporters	1	47.03956161250428	SimBa
tweet-sno-1227	QO	vclaim-sno-mary-miller-hitler	1	67.18635475027193	SimBa
tweet-sno-1227	QO	vclaim-sno-trump-hitler-heritage-tweet	1	57.31168695889131	SimBa
tweet-sno-1227	QO	vclaim-sno-david-hogg-give-nazi-salute	1	57.19493608039461	SimBa
tweet-sno-1227	QO	vclaim-sno-did-georgia-lawmaker-nazis-d-day	1	55.77017496343254	SimBa
tweet-sno-1227	QO	vclaim-sno-trumps-rnc-speech-plagiarized-hitler	1	52.14140198961109	SimBa
tweet-sno-1228	QO	vclaim-sno-mary-miller-hitler	1	66.80757092988634	SimBa
tweet-sno-1228	QO	vclaim-sno-trump-hitler-heritage-tweet	1	52.44328480302344	SimBa
tweet-sno-1228	QO	vclaim-sno-hitler-control-quote	1	51.785663120680816	SimBa
tweet-sno-1228	QO	vclaim-sno-i-of-newt	1	50.63690431325723	SimBa
tweet-sno-1228	QO	vclaim-sno-sinclair-lewis-on-fascism	1	50.227969713067196	SimBa
tweet-sno-1229	QO	vclaim-sno-capitol-riot-no-fly-list	1	72.69857876884116	SimBa
tweet-sno-1229	QO	vclaim-sno-reconnaissance-tours	1	56.8522228034805	SimBa
tweet-sno-1229	QO	vclaim-sno-dhs-quietly-vanloads-border	1	52.79721264408668	SimBa
tweet-sno-1229	QO	vclaim-sno-flights-of-fancy	1	50.6039494236718	SimBa
tweet-sno-1229	QO	vclaim-sno-capitol-police-opened-gates	1	50.36910347371726	SimBa
tweet-sno-1230	QO	vclaim-sno-capitol-riot-taser-death	1	57.56113785714236	SimBa
tweet-sno-1230	QO	vclaim-sno-chicago-code-blue-fb-meme	1	50.19465469394745	SimBa
tweet-sno-1230	QO	vclaim-sno-vodka-butt-shots-riot	1	47.24199678829578	SimBa
tweet-sno-1230	QO	vclaim-sno-stun-of-a-gun	1	47.07764932223528	SimBa
tweet-sno-1230	QO	vclaim-sno-getting-the-hang-of-it	1	45.399958647446816	SimBa
tweet-sno-1231	QO	vclaim-sno-new-york-covid-vaccine-preregister	1	53.30443121880013	SimBa
tweet-sno-1231	QO	vclaim-sno-cell-phone-numbers-given-telemarketers	1	52.3657614574406	SimBa
tweet-sno-1231	QO	vclaim-sno-9-0-phone-scam	1	49.126296667876915	SimBa
tweet-sno-1231	QO	vclaim-sno-parcel-delivery-service	1	49.1008156135375	SimBa
tweet-sno-1231	QO	vclaim-sno-government-hotline	1	49.07167240633813	SimBa
tweet-sno-1232	QO	vclaim-sno-warnock-arrested-capitol-praying	1	70.68240203813102	SimBa
tweet-sno-1232	QO	vclaim-sno-capitol-riot-podium	1	56.749413372135294	SimBa
tweet-sno-1232	QO	vclaim-sno-aoc-capitol-attack	1	50.574038455739576	SimBa
tweet-sno-1232	QO	vclaim-sno-trump-tell-supporters-storm	1	50.284428003505354	SimBa
tweet-sno-1232	QO	vclaim-sno-npr-riot-article-before-riot	1	49.86731740170259	SimBa
tweet-sno-1233	QO	vclaim-sno-tomi-lahren-biden-supporters-loot	1	62.08923626311772	SimBa
tweet-sno-1233	QO	vclaim-sno-truckers-strike-thanksgiving	1	51.42325385974446	SimBa
tweet-sno-1233	QO	vclaim-sno-trump-tell-supporters-storm	1	50.68768236001857	SimBa
tweet-sno-1233	QO	vclaim-sno-trump-stock-market-prediction	1	49.75648228188048	SimBa
tweet-sno-1233	QO	vclaim-sno-trump-biden-vote-dumps	1	47.553747088005395	SimBa
tweet-sno-1234	QO	vclaim-sno-two-women-save-electoral-votes	1	67.47207480641958	SimBa
tweet-sno-1234	QO	vclaim-sno-millions-mail-in-ballots	1	58.828702067380036	SimBa
tweet-sno-1234	QO	vclaim-sno-wisconsin-vote-dump	1	57.05438686606246	SimBa
tweet-sno-1234	QO	vclaim-sno-mail-in-ballots-missing	1	56.149181489232156	SimBa
tweet-sno-1234	QO	vclaim-sno-clinton-votes-found-in-warehouse	1	55.77598810067519	SimBa
tweet-sno-1235	QO	vclaim-sno-two-women-save-electoral-votes	1	65.15205932772268	SimBa
tweet-sno-1235	QO	vclaim-sno-u-s-senate-candidate-missouri-womans-rights	1	47.25924962665103	SimBa
tweet-sno-1235	QO	vclaim-sno-marjorie-greene-armed-high-school	1	46.98371571058879	SimBa
tweet-sno-1235	QO	vclaim-sno-sandra-day-oconnor-quote	1	46.32133454673508	SimBa
tweet-sno-1235	QO	vclaim-sno-hillary-clinton-victims-of-war	1	46.01884099781608	SimBa
tweet-sno-1236	QO	vclaim-sno-trump-riot-camp-auschwitz-shirt	1	62.84414340156782	SimBa
tweet-sno-1236	QO	vclaim-sno-troop-loops	1	57.92223051004576	SimBa
tweet-sno-1236	QO	vclaim-sno-trump-armbands	1	55.437050521748596	SimBa
tweet-sno-1236	QO	vclaim-sno-did-georgia-lawmaker-nazis-d-day	1	52.881394731808214	SimBa
tweet-sno-1236	QO	vclaim-sno-the-squad-dresses	1	52.855600665318235	SimBa
tweet-sno-1237	QO	vclaim-sno-aoc-capitol-attack	1	54.202314996353365	SimBa
tweet-sno-1237	QO	vclaim-sno-ivanka-trump-said-if-donald-trump-wasnt-her-father-she-would-mace-him	1	53.13208204252054	SimBa
tweet-sno-1237	QO	vclaim-sno-elizabeth-knoxville-onion-towel	1	51.06706286588939	SimBa
tweet-sno-1237	QO	vclaim-sno-ann-coulter-arrested-using-womens-bathroom	1	50.39954405064518	SimBa
tweet-sno-1237	QO	vclaim-sno-ivanka-mob-patriots-tweet	1	50.07400353059851	SimBa
tweet-sno-1238	QO	vclaim-sno-elizabeth-knoxville-onion-towel	1	51.8772476424283	SimBa
tweet-sno-1238	QO	vclaim-sno-sarah-huckabee-sanders-kkk-robe-halloween	1	43.00860658770094	SimBa
tweet-sno-1238	QO	vclaim-sno-nurse-gop-convention-shooting	1	42.83463170451369	SimBa
tweet-sno-1238	QO	vclaim-sno-first-lady-of-the-lamp	1	41.99232634563528	SimBa
tweet-sno-1238	QO	vclaim-sno-hillary-barnwell-body-double	1	41.63720818135152	SimBa
tweet-sno-1239	QO	vclaim-sno-giuliani-rally-speech	1	62.26382960001134	SimBa
tweet-sno-1239	QO	vclaim-sno-my-cousin-vinny-giuliani	1	56.106870844497216	SimBa
tweet-sno-1239	QO	vclaim-sno-12th-amendment-path-to-victory	1	48.43871946777952	SimBa
tweet-sno-1239	QO	vclaim-sno-giuliani-quotes-trump-case	1	48.242071921067996	SimBa
tweet-sno-1239	QO	vclaim-sno-atlanta-georgia-voter-fraud-video	1	48.110253318123185	SimBa
tweet-sno-1240	QO	vclaim-sno-national-guard-trump-mob	1	79.31248635426729	SimBa
tweet-sno-1240	QO	vclaim-sno-lincoln-memorial-defaced-protesters	1	66.59905054658938	SimBa
tweet-sno-1240	QO	vclaim-sno-troops-guarding-lincoln-memorial	1	66.57185217454719	SimBa
tweet-sno-1240	QO	vclaim-sno-supreme-general-antifa	1	61.628596338800875	SimBa
tweet-sno-1240	QO	vclaim-sno-racist-protesters-protected-black-policeman	1	61.43533612750455	SimBa
tweet-sno-1241	QO	vclaim-sno-trump-threaten-federal-buildings	1	68.24093201894745	SimBa
tweet-sno-1241	QO	vclaim-sno-rioters-capitol-flagpole	1	53.17109024339247	SimBa
tweet-sno-1241	QO	vclaim-sno-kavanaugh-house-vandals	1	51.63673528329624	SimBa
tweet-sno-1241	QO	vclaim-sno-defaced-abolitionist-statue	1	50.77156630858077	SimBa
tweet-sno-1241	QO	vclaim-sno-trump-mob-capitol	1	50.604419219743455	SimBa
tweet-sno-1242	QO	vclaim-sno-pence-trump-twitter-jan-6-riots	1	77.95135894284687	SimBa
tweet-sno-1242	QO	vclaim-sno-pence-recaptured-after-fleeing-trump-campaign-bus	1	61.62965684339892	SimBa
tweet-sno-1242	QO	vclaim-sno-boring-mike-pence	1	60.85863192785739	SimBa
tweet-sno-1242	QO	vclaim-sno-trump-lose-followers-first-time	1	55.16869714228124	SimBa
tweet-sno-1242	QO	vclaim-sno-mike-pence-blames-media-for-trump-controversies	1	55.00934900582738	SimBa
tweet-sno-1243	QO	vclaim-sno-confederate-flag-capitol-dc	1	72.32721860725604	SimBa
tweet-sno-1243	QO	vclaim-sno-aoc-confederate-flag-richmond	1	67.7634848984998	SimBa
tweet-sno-1243	QO	vclaim-sno-million-maga-nazi-banner	1	63.40747390017532	SimBa
tweet-sno-1243	QO	vclaim-sno-kevin-seefried-democrat-biden	1	61.023760487508596	SimBa
tweet-sno-1243	QO	vclaim-sno-rioters-capitol-flagpole	1	57.7152736420075	SimBa
tweet-sno-1244	QO	vclaim-sno-confederate-flag-capitol-dc	1	68.42998758653006	SimBa
tweet-sno-1244	QO	vclaim-sno-million-maga-nazi-banner	1	58.049087778373675	SimBa
tweet-sno-1244	QO	vclaim-sno-mike-pence-confederate-flag	1	57.48565413027272	SimBa
tweet-sno-1244	QO	vclaim-sno-aoc-confederate-flag-richmond	1	57.04278492042749	SimBa
tweet-sno-1244	QO	vclaim-sno-trump-flag-american-flag-capitol	1	55.96868506932823	SimBa
tweet-sno-1245	QO	vclaim-sno-confederate-flag-capitol-dc	1	73.65601232623274	SimBa
tweet-sno-1245	QO	vclaim-sno-kevin-seefried-democrat-biden	1	70.08823795225652	SimBa
tweet-sno-1245	QO	vclaim-sno-aoc-confederate-flag-richmond	1	68.34964800795224	SimBa
tweet-sno-1245	QO	vclaim-sno-trump-flag-american-flag-capitol	1	61.07103984552631	SimBa
tweet-sno-1245	QO	vclaim-sno-mike-pence-confederate-flag	1	60.762199339513245	SimBa
tweet-sno-1246	QO	vclaim-sno-cross-erected-capitol-building	1	80.34268183573148	SimBa
tweet-sno-1246	QO	vclaim-sno-war-on-christmas-monument	1	57.21776538740788	SimBa
tweet-sno-1246	QO	vclaim-sno-trump-flag-american-flag-capitol	1	56.82192149135703	SimBa
tweet-sno-1246	QO	vclaim-sno-cross-ayed	1	54.23456488529423	SimBa
tweet-sno-1246	QO	vclaim-sno-national-capital	1	53.64922657592908	SimBa
tweet-sno-1247	QO	vclaim-sno-chip-off-the-old-salk	1	67.73138342590936	SimBa
tweet-sno-1247	QO	vclaim-sno-covid-5g-chip-diagram	1	60.21705751801214	SimBa
tweet-sno-1247	QO	vclaim-sno-covid-detecting-microchip	1	58.490493737318495	SimBa
tweet-sno-1247	QO	vclaim-sno-bill-gates-id2020	1	57.69464430054649	SimBa
tweet-sno-1247	QO	vclaim-sno-ipads-covid-virtual-visits	1	56.31907595254363	SimBa
tweet-sno-1248	QO	vclaim-sno-snow-los-angeles	1	55.38880316216128	SimBa
tweet-sno-1248	QO	vclaim-sno-gods-painting	1	47.97391604370686	SimBa
tweet-sno-1248	QO	vclaim-sno-mount-st-helens	1	46.69240505971284	SimBa
tweet-sno-1248	QO	vclaim-sno-snow-walls	1	44.60485566578507	SimBa
tweet-sno-1248	QO	vclaim-sno-snowfall-in-saudi-arabia-desert	1	44.58191310508266	SimBa
tweet-sno-1249	QO	vclaim-sno-keyser-snowze	1	51.37877803376222	SimBa
tweet-sno-1249	QO	vclaim-sno-devastating-snowfall-predicted-nw-montana-early-2018	1	51.272656315031675	SimBa
tweet-sno-1249	QO	vclaim-sno-record-snowfall-in-oswego	1	49.38201631961579	SimBa
tweet-sno-1249	QO	vclaim-sno-snow-los-angeles	1	46.76399057120022	SimBa
tweet-sno-1249	QO	vclaim-sno-is-it-snowing	1	45.967640907912944	SimBa
tweet-sno-1250	QO	vclaim-sno-pennsylvania-205000-votes	1	78.32952944270805	SimBa
tweet-sno-1250	QO	vclaim-sno-20000-dead-voters-in-pennsylvania	1	70.58859820505836	SimBa
tweet-sno-1250	QO	vclaim-sno-ballots-lancaster-pa	1	63.589176436264424	SimBa
tweet-sno-1250	QO	vclaim-sno-did-nevada-gop-electors-vote-for-trump	1	61.309239285160835	SimBa
tweet-sno-1250	QO	vclaim-sno-dhs-12m-trump-votes	1	60.501640119317976	SimBa
tweet-sno-1251	QO	vclaim-sno-georgia-signature-audit	1	59.33370929970268	SimBa
tweet-sno-1251	QO	vclaim-sno-ga-senator-counting-pa	1	54.13436383700054	SimBa
tweet-sno-1251	QO	vclaim-sno-pennsylvania-judge-legal-win-trump	1	51.68775664927136	SimBa
tweet-sno-1251	QO	vclaim-sno-georgia-dekalb-reject-mail-ballots	1	50.327106783885455	SimBa
tweet-sno-1251	QO	vclaim-sno-20000-dead-voters-in-pennsylvania	1	50.21216691226672	SimBa
tweet-sno-1252	QO	vclaim-sno-covid-result-holiday-gatherings	1	66.12176480176734	SimBa
tweet-sno-1252	QO	vclaim-sno-ticketmaster-negative-covid-test	1	63.46732735300713	SimBa
tweet-sno-1252	QO	vclaim-sno-asymptomatic-covid-patients	1	53.79825520304696	SimBa
tweet-sno-1252	QO	vclaim-sno-covid-flu-tamiflu	1	53.723654502376505	SimBa
tweet-sno-1252	QO	vclaim-sno-cdc-entering-hospital-covid	1	50.57196142600603	SimBa
tweet-sno-1253	QO	vclaim-sno-elon-musk-buca-di-beppo	1	44.50274907432974	SimBa
tweet-sno-1253	QO	vclaim-sno-did-pope-francis-write-the-gentle-reminder-message	1	36.038771673988656	SimBa
tweet-sno-1253	QO	vclaim-sno-candi-cdebaca-tweet-coronavirus	1	34.658824848700256	SimBa
tweet-sno-1253	QO	vclaim-sno-scott-walker-pizza	1	34.621786779203724	SimBa
tweet-sno-1253	QO	vclaim-sno-ugur-sahin-turkish-immigrant-photo	1	33.418226422193456	SimBa
tweet-sno-1254	QO	vclaim-sno-swimming-pool-wonderful-life	1	52.48685836837349	SimBa
tweet-sno-1254	QO	vclaim-sno-brock-turner-prison-pool	1	42.008162257044134	SimBa
tweet-sno-1254	QO	vclaim-sno-world39s-largest-swimming-pool	1	39.94599900063718	SimBa
tweet-sno-1254	QO	vclaim-sno-plumbing-pudding	1	38.65898581318301	SimBa
tweet-sno-1254	QO	vclaim-sno-pentagon-bathrooms	1	38.42269549673557	SimBa
tweet-sno-1255	QO	vclaim-sno-swimming-pool-wonderful-life	1	56.16984550456365	SimBa
tweet-sno-1255	QO	vclaim-sno-2020-revision	1	38.38881914743582	SimBa
tweet-sno-1255	QO	vclaim-sno-world39s-largest-swimming-pool	1	37.364311457569	SimBa
tweet-sno-1255	QO	vclaim-sno-bowl-o-bama	1	37.22811084882094	SimBa
tweet-sno-1255	QO	vclaim-sno-family-matters-house	1	36.459421192940496	SimBa
tweet-sno-1256	QO	vclaim-sno-kfc-gaming-console	1	58.64090651464849	SimBa
tweet-sno-1256	QO	vclaim-sno-trumpy-bear	1	42.449055280604185	SimBa
tweet-sno-1256	QO	vclaim-sno-subservient-chicken	1	41.461132090542996	SimBa
tweet-sno-1256	QO	vclaim-sno-chick-fil-a-tiktok-nuggets-recipe	1	40.36681026285982	SimBa
tweet-sno-1256	QO	vclaim-sno-mcdonalds-covid-sign	1	39.905797321931516	SimBa
tweet-sno-1257	QO	vclaim-sno-graham-buttigieg-repent	1	65.00644129242517	SimBa
tweet-sno-1257	QO	vclaim-sno-billy-graham-say-homosexuals-castrated	1	53.0380019999625	SimBa
tweet-sno-1257	QO	vclaim-sno-mike-pence-able-bodied	1	52.83040352305235	SimBa
tweet-sno-1257	QO	vclaim-sno-alabama-mayor-mark-chambers	1	52.632314148914595	SimBa
tweet-sno-1257	QO	vclaim-sno-schumer-candidates-christian-beliefs	1	52.39227437044305	SimBa
tweet-sno-1258	QO	vclaim-sno-tom-brady-ppp	1	61.550357062469466	SimBa
tweet-sno-1258	QO	vclaim-sno-trump-tweet-409k	1	43.41618610711928	SimBa
tweet-sno-1258	QO	vclaim-sno-joe-biden-college-debt	1	43.17396233732605	SimBa
tweet-sno-1258	QO	vclaim-sno-chelsea-clinton-made-900000-working-for-her-parents	1	43.00280537370362	SimBa
tweet-sno-1258	QO	vclaim-sno-obama-golf-outing-with-tiger-woods	1	42.653328919436184	SimBa
tweet-sno-1259	QO	vclaim-sno-vatican-nativity	1	69.50087434748899	SimBa
tweet-sno-1259	QO	vclaim-sno-facebook-santa-jesus-image	1	48.64838930858071	SimBa
tweet-sno-1259	QO	vclaim-sno-belgian-town-removes-nativity-scene-appease-four-muslim-residents	1	46.93451507478332	SimBa
tweet-sno-1259	QO	vclaim-sno-no-nativity-scenes-white-house	1	46.920273016538395	SimBa
tweet-sno-1259	QO	vclaim-sno-nativity-seen	1	45.01737578985128	SimBa
tweet-sno-1260	QO	vclaim-sno-cyberpunk-2077-refunds	1	81.25950585533445	SimBa
tweet-sno-1260	QO	vclaim-sno-many-unhappy-returns	1	39.01283990331835	SimBa
tweet-sno-1260	QO	vclaim-sno-trump-campaign-donations-refunds	1	33.94105176702962	SimBa
tweet-sno-1260	QO	vclaim-sno-directv-nfl-refunds	1	32.36834865324263	SimBa
tweet-sno-1260	QO	vclaim-sno-all-work-and-no-playstation	1	31.037765674057027	SimBa
tweet-sno-1261	QO	vclaim-sno-cyberpunk-2077-refunds	1	89.00041494701193	SimBa
tweet-sno-1261	QO	vclaim-sno-many-unhappy-returns	1	40.64343100654702	SimBa
tweet-sno-1261	QO	vclaim-sno-trump-campaign-donations-refunds	1	40.03367828152493	SimBa
tweet-sno-1261	QO	vclaim-sno-directv-nfl-refunds	1	39.22546457535236	SimBa
tweet-sno-1261	QO	vclaim-sno-costco-policy-change	1	36.69675703184227	SimBa
tweet-sno-1262	QO	vclaim-sno-extraterrestrial-material-asteroid	1	56.0272903072331	SimBa
tweet-sno-1262	QO	vclaim-sno-human-sacrifice-captured-at-cern	1	37.577465408702906	SimBa
tweet-sno-1262	QO	vclaim-sno-marijuana-alien-dna	1	32.09639523722492	SimBa
tweet-sno-1262	QO	vclaim-sno-giants-in-japan	1	31.902550406049677	SimBa
tweet-sno-1262	QO	vclaim-sno-nobel-laureate-tasuku-honjo-covid	1	31.165226770743782	SimBa
tweet-sno-1263	QO	vclaim-sno-supreme-court-erupt-shouting-match	1	65.73908663376005	SimBa
tweet-sno-1263	QO	vclaim-sno-rick-perry-speech	1	58.43884376676506	SimBa
tweet-sno-1263	QO	vclaim-sno-lincoln-1864-supreme-court	1	55.00664341014881	SimBa
tweet-sno-1263	QO	vclaim-sno-trump-described-the-electoral-college-as-a-disaster	1	54.443839110149405	SimBa
tweet-sno-1263	QO	vclaim-sno-colin-powell-supreme-court-quote	1	53.36855437690994	SimBa
tweet-sno-1264	QO	vclaim-sno-schitts-creek-motel-seattle	1	68.84389639093084	SimBa
tweet-sno-1264	QO	vclaim-sno-redneck-mansion	1	44.00180787358138	SimBa
tweet-sno-1264	QO	vclaim-sno-sex-doll-funeral-home	1	42.016651365208006	SimBa
tweet-sno-1264	QO	vclaim-sno-houses-in-unusual-places	1	40.1077055846381	SimBa
tweet-sno-1264	QO	vclaim-sno-skeleton-strippers-halloween	1	39.38557401053819	SimBa
tweet-sno-1265	QO	vclaim-sno-schitts-creek-motel-seattle	1	76.76121553373143	SimBa
tweet-sno-1265	QO	vclaim-sno-moira-rose-home-alone	1	41.92521566116363	SimBa
tweet-sno-1265	QO	vclaim-sno-melania-trump-destroy-rose-garden	1	37.7892334410167	SimBa
tweet-sno-1265	QO	vclaim-sno-rose-garden-hedges-kkk	1	37.18807320154447	SimBa
tweet-sno-1265	QO	vclaim-sno-rainbow-roses	1	34.603563840074834	SimBa
tweet-sno-1266	QO	vclaim-sno-popular-vote-totals-rigged	1	67.8456205803822	SimBa
tweet-sno-1266	QO	vclaim-sno-simple-math-on-biden-votes	1	59.941352666716995	SimBa
tweet-sno-1266	QO	vclaim-sno-everylegalvote-2020-election	1	59.32116171932464	SimBa
tweet-sno-1266	QO	vclaim-sno-25-million-fraud-votes-for-clinton	1	55.29852641867393	SimBa
tweet-sno-1266	QO	vclaim-sno-bidens-win-lie-of-the-year	1	53.590769561613925	SimBa
tweet-sno-1267	QO	vclaim-sno-the-north-face-refuse-jackets	1	76.79732007165099	SimBa
tweet-sno-1267	QO	vclaim-sno-timberland-ceo-boots	1	45.13107611172052	SimBa
tweet-sno-1267	QO	vclaim-sno-aba-letter-covid19-masks	1	44.24861819481378	SimBa
tweet-sno-1267	QO	vclaim-sno-kroger-blm-masks-flag-masks	1	43.70715200318156	SimBa
tweet-sno-1267	QO	vclaim-sno-gas-station-shuns-serviceman	1	43.041524332781144	SimBa
tweet-sno-1268	QO	vclaim-sno-alex-jones-biden-removed	1	66.76948654041566	SimBa
tweet-sno-1268	QO	vclaim-sno-biden-trump-xenophobic	1	54.979148617064986	SimBa
tweet-sno-1268	QO	vclaim-sno-trump-biden-assassination-shot	1	53.95320256554975	SimBa
tweet-sno-1268	QO	vclaim-sno-listen-to-scientists	1	53.49474389934631	SimBa
tweet-sno-1268	QO	vclaim-sno-karl-rove-biden-inauguration	1	53.374089972950344	SimBa
tweet-sno-1269	QO	vclaim-sno-allstate-island-real	1	79.14871594559833	SimBa
tweet-sno-1269	QO	vclaim-sno-penis-island	1	48.19967926989284	SimBa
tweet-sno-1269	QO	vclaim-sno-dog-island	1	47.84090025749088	SimBa
tweet-sno-1269	QO	vclaim-sno-spongebob-epstein-island-address	1	45.20693198309969	SimBa
tweet-sno-1269	QO	vclaim-sno-jacobs-well-dangerous-california	1	44.35111598710173	SimBa
tweet-sno-1270	QO	vclaim-sno-allstate-island-real	1	68.0788893554345	SimBa
tweet-sno-1270	QO	vclaim-sno-penis-island	1	47.444241133228985	SimBa
tweet-sno-1270	QO	vclaim-sno-dog-island	1	43.1679658582102	SimBa
tweet-sno-1270	QO	vclaim-sno-violin-island-in-costa-rica	1	39.812094604133485	SimBa
tweet-sno-1270	QO	vclaim-sno-moonrise-byron-bay-video	1	39.65679874750152	SimBa
tweet-sno-1271	QO	vclaim-sno-federal-holiday-christmas-eve	1	93.4283158445546	SimBa
tweet-sno-1271	QO	vclaim-sno-birthday-of-jesus	1	57.99434902564885	SimBa
tweet-sno-1271	QO	vclaim-sno-playing-christmas-music-federal-crime	1	56.781337689098585	SimBa
tweet-sno-1271	QO	vclaim-sno-war-on-christmas-monument	1	55.756009056214694	SimBa
tweet-sno-1271	QO	vclaim-sno-white-house-christmas	1	53.471980916415504	SimBa
tweet-sno-1272	QO	vclaim-sno-disney-sister-act-3	1	80.3048702693988	SimBa
tweet-sno-1272	QO	vclaim-sno-step-brothers-2-hoax	1	46.11865601977338	SimBa
tweet-sno-1272	QO	vclaim-sno-new-twilight-movie-jacob-renesmee	1	39.116651565263474	SimBa
tweet-sno-1272	QO	vclaim-sno-disney-live-action-hercules	1	37.11459707679491	SimBa
tweet-sno-1272	QO	vclaim-sno-disneys-princes	1	37.03018433302857	SimBa
tweet-sno-1273	QO	vclaim-sno-when-is-hocus-pocus-2-coming-out	1	84.71416260618362	SimBa
tweet-sno-1273	QO	vclaim-sno-hocus-pocus-2	1	84.31825225869741	SimBa
tweet-sno-1273	QO	vclaim-sno-did-disney-announce-bedknobs-broomsticks	1	46.92053852595481	SimBa
tweet-sno-1273	QO	vclaim-sno-step-brothers-2-hoax	1	45.037875736512056	SimBa
tweet-sno-1273	QO	vclaim-sno-disney-pixar-boo	1	44.82833965638924	SimBa
tweet-sno-1274	QO	vclaim-sno-chick-fil-a-long-lines-lawsuit	1	74.2261299578766	SimBa
tweet-sno-1274	QO	vclaim-sno-georgia-lawmaker-go-back-claim	1	48.38704254598745	SimBa
tweet-sno-1274	QO	vclaim-sno-man-sue-mcdonalds-depressed-eating-happy-meal	1	47.89167129225154	SimBa
tweet-sno-1274	QO	vclaim-sno-target-sues-hero-stabbing	1	47.76484443106774	SimBa
tweet-sno-1274	QO	vclaim-sno-man-kicked-buffet-sues	1	45.94012579180608	SimBa
tweet-sno-1275	QO	vclaim-sno-costco-rotisserie-chicken-cheap	1	95.80400969639264	SimBa
tweet-sno-1275	QO	vclaim-sno-boston-market-coupon	1	50.731832514492424	SimBa
tweet-sno-1275	QO	vclaim-sno-costco-closing-stores	1	48.683715899306954	SimBa
tweet-sno-1275	QO	vclaim-sno-costco-founder-kill-hotdogs	1	47.69115366443151	SimBa
tweet-sno-1275	QO	vclaim-sno-truth-costco-kirkland-meat	1	45.312894509138914	SimBa
tweet-sno-1276	QO	vclaim-sno-ia-fl-oh-election-loss	1	70.19871688480141	SimBa
tweet-sno-1276	QO	vclaim-sno-won-both-ohio-florida-lost	1	66.32126398252124	SimBa
tweet-sno-1276	QO	vclaim-sno-november-6th	1	63.379813306903145	SimBa
tweet-sno-1276	QO	vclaim-sno-obama-campaign-candidates-2018	1	58.898821469271056	SimBa
tweet-sno-1276	QO	vclaim-sno-trump-clinton-counties-won	1	56.216261861000895	SimBa
tweet-sno-1277	QO	vclaim-sno-apartment-radiator-pandemic-spread	1	82.53408471554197	SimBa
tweet-sno-1277	QO	vclaim-sno-cool-millions	1	52.43981344138366	SimBa
tweet-sno-1277	QO	vclaim-sno-closures-during-spanish-flu	1	45.73211569249469	SimBa
tweet-sno-1277	QO	vclaim-sno-dutch-restaurants-pods-covid	1	44.972469502879186	SimBa
tweet-sno-1277	QO	vclaim-sno-empire-state-building-coronavirus	1	44.90542496370228	SimBa
tweet-sno-1278	QO	vclaim-sno-mcdonalds-breakfast-frozen-eggs	1	60.72496467537356	SimBa
tweet-sno-1278	QO	vclaim-sno-mcdonalds-mitten-cups	1	52.03814824459021	SimBa
tweet-sno-1278	QO	vclaim-sno-mcdonalds-banned-mcfish	1	51.07063440383327	SimBa
tweet-sno-1278	QO	vclaim-sno-mcdonalds-huge-changes	1	49.690103014363764	SimBa
tweet-sno-1278	QO	vclaim-sno-fact-check-mcdonalds-creates-nutella-burger	1	49.63331148486765	SimBa
tweet-sno-1279	QO	vclaim-sno-gohmert-tooth-fall-out	1	85.65610012524193	SimBa
tweet-sno-1279	QO	vclaim-sno-will-smith-teeth-knocked-out	1	49.36307632478102	SimBa
tweet-sno-1279	QO	vclaim-sno-not-my-teeth	1	48.79522893933876	SimBa
tweet-sno-1279	QO	vclaim-sno-boyfriend-pull-teeth	1	48.34496749611687	SimBa
tweet-sno-1279	QO	vclaim-sno-george-washington-wooden-teeth	1	47.892150886242035	SimBa
tweet-sno-1280	QO	vclaim-sno-biden-harris-disease-disagreed	1	89.12573736499235	SimBa
tweet-sno-1280	QO	vclaim-sno-joe-biden-civil-rights-quote	1	56.43860520897434	SimBa
tweet-sno-1280	QO	vclaim-sno-harris-biden-blog-post	1	56.11394310400337	SimBa
tweet-sno-1280	QO	vclaim-sno-obama-do-something-about-president	1	55.777426288310615	SimBa
tweet-sno-1280	QO	vclaim-sno-cue-balls	1	55.18731588158845	SimBa
tweet-sno-1281	QO	vclaim-sno-indiana-jones-saxophone	1	66.82779559854713	SimBa
tweet-sno-1281	QO	vclaim-sno-cut-to-the-encore	1	47.44034029995061	SimBa
tweet-sno-1281	QO	vclaim-sno-clark-gable-accident	1	43.77185891933786	SimBa
tweet-sno-1281	QO	vclaim-sno-dj-khaled-break-horses-back	1	43.360392047758324	SimBa
tweet-sno-1281	QO	vclaim-sno-andys-coming	1	41.495685739253794	SimBa
tweet-sno-1282	QO	vclaim-sno-indiana-jones-saxophone	1	86.93007756745553	SimBa
tweet-sno-1282	QO	vclaim-sno-guitar-man	1	44.13042379204457	SimBa
tweet-sno-1282	QO	vclaim-sno-batman-tv-theme	1	43.56633371650722	SimBa
tweet-sno-1282	QO	vclaim-sno-oops-i-took-it-again	1	41.29358461196247	SimBa
tweet-sno-1282	QO	vclaim-sno-eric-clapton-quote-about-prince	1	40.76189802950327	SimBa
tweet-sno-1283	QO	vclaim-sno-indiana-jones-saxophone	1	85.04783149942703	SimBa
tweet-sno-1283	QO	vclaim-sno-guitar-man	1	41.34756677672931	SimBa
tweet-sno-1283	QO	vclaim-sno-batman-tv-theme	1	39.79350283539029	SimBa
tweet-sno-1283	QO	vclaim-sno-gene-simmons-cow-tongue	1	36.30973891808913	SimBa
tweet-sno-1283	QO	vclaim-sno-james-garner-in-korea	1	36.22488844948462	SimBa
tweet-sno-1284	QO	vclaim-sno-indiana-jones-saxophone	1	60.84402686042696	SimBa
tweet-sno-1284	QO	vclaim-sno-lennon-guitar-spock-elvis	1	45.43631092329389	SimBa
tweet-sno-1284	QO	vclaim-sno-justin-bieber-han-solo	1	44.87488050546631	SimBa
tweet-sno-1284	QO	vclaim-sno-harrison-ford-holding-a-trump-sign	1	43.28341526029207	SimBa
tweet-sno-1284	QO	vclaim-sno-james-earl-jones-star-wars-london-segregation	1	42.35534961027214	SimBa
tweet-sno-1285	QO	vclaim-sno-feds-nancy-pelosi-raid	1	45.260175453174455	SimBa
tweet-sno-1285	QO	vclaim-sno-florida-rebekah-jones-raid	1	44.199695618295046	SimBa
tweet-sno-1285	QO	vclaim-sno-fbi-raids-cdc-vaccine-data	1	43.98977061724045	SimBa
tweet-sno-1285	QO	vclaim-sno-gowdy-custody-investigators-missing	1	43.76290369585825	SimBa
tweet-sno-1285	QO	vclaim-sno-doj-change-domestic-violence-definition	1	43.459923599063245	SimBa
tweet-sno-1286	QO	vclaim-sno-nasa-sally-ride-100-tampons	1	90.12703219196098	SimBa
tweet-sno-1286	QO	vclaim-sno-spacesuit-envy	1	60.33135412463155	SimBa
tweet-sno-1286	QO	vclaim-sno-sanitary-pad-warning	1	50.90722815554899	SimBa
tweet-sno-1286	QO	vclaim-sno-recalled-tampons-zombie-ants	1	45.5593900589142	SimBa
tweet-sno-1286	QO	vclaim-sno-frame-job	1	45.138146531250975	SimBa
tweet-sno-1287	QO	vclaim-sno-my-pleasure-chick-fil-a	1	68.34612604080921	SimBa
tweet-sno-1287	QO	vclaim-sno-taco-bell-two-dollar	1	44.34782723784052	SimBa
tweet-sno-1287	QO	vclaim-sno-georgia-lawmaker-go-back-claim	1	42.522225863302744	SimBa
tweet-sno-1287	QO	vclaim-sno-cheesecake-factory-receipt	1	42.225467895823435	SimBa
tweet-sno-1287	QO	vclaim-sno-burger-king-customers-manager	1	42.05461953088434	SimBa
tweet-sno-1288	QO	vclaim-sno-my-pleasure-chick-fil-a	1	81.39782015287923	SimBa
tweet-sno-1288	QO	vclaim-sno-chick-fil-a-promotions	1	66.19448036766784	SimBa
tweet-sno-1288	QO	vclaim-sno-chick-fil-a-coupon-scam	1	60.23293299345418	SimBa
tweet-sno-1288	QO	vclaim-sno-chick-fil-a-meal-promo	1	58.98244801412195	SimBa
tweet-sno-1288	QO	vclaim-sno-chick-fil-a-food-stranded-storm	1	54.83266889613114	SimBa
tweet-sno-1289	QO	vclaim-sno-my-pleasure-chick-fil-a	1	75.42605866208851	SimBa
tweet-sno-1289	QO	vclaim-sno-facebook-cold-stone-pregnancy-discount	1	48.59514652183121	SimBa
tweet-sno-1289	QO	vclaim-sno-free-cone-day	1	48.21050258610307	SimBa
tweet-sno-1289	QO	vclaim-sno-chick-fil-a-promotions	1	47.725544364750796	SimBa
tweet-sno-1289	QO	vclaim-sno-free-cone-day-dq	1	44.51678855726053	SimBa
tweet-sno-1290	QO	vclaim-sno-my-pleasure-chick-fil-a	1	73.55960017440292	SimBa
tweet-sno-1290	QO	vclaim-sno-chick-fil-a-promotions	1	45.47778680710968	SimBa
tweet-sno-1290	QO	vclaim-sno-chick-fil-a-meal-promo	1	43.92621680145942	SimBa
tweet-sno-1290	QO	vclaim-sno-chick-fil-a-coupon-scam	1	42.84139443400048	SimBa
tweet-sno-1290	QO	vclaim-sno-chick-fil-a-tiktok-nuggets-recipe	1	42.447314456259924	SimBa
tweet-sno-1291	QO	vclaim-sno-biden-covid-vaccine	1	76.7123090312682	SimBa
tweet-sno-1291	QO	vclaim-sno-biden-covid-vaccine-2	1	74.2361760250756	SimBa
tweet-sno-1291	QO	vclaim-sno-did-trump-praise-covid-19-vaccines	1	69.38248168170469	SimBa
tweet-sno-1291	QO	vclaim-sno-cuomo-vaccine-bad-news-trump	1	66.79666798786485	SimBa
tweet-sno-1291	QO	vclaim-sno-trump-beautiful-covid-19-vaccine	1	65.4528350598204	SimBa
tweet-sno-1292	QO	vclaim-sno-matt-putz	1	55.55273823163112	SimBa
tweet-sno-1292	QO	vclaim-sno-bernie-sanders-jersey-ballot	1	48.876298865726106	SimBa
tweet-sno-1292	QO	vclaim-sno-new-jersey-ballot-tax-returns	1	45.24518895898395	SimBa
tweet-sno-1292	QO	vclaim-sno-patrick-little-neo-nazi-california	1	44.283748881151716	SimBa
tweet-sno-1292	QO	vclaim-sno-juli-briskman-elected-flip-trump	1	43.32301029426271	SimBa
tweet-sno-1293	QO	vclaim-sno-chick-fil-a-food-stranded-storm	1	45.778358732449306	SimBa
tweet-sno-1293	QO	vclaim-sno-aldi-free-food-homeless-christmas	1	42.79331201695371	SimBa
tweet-sno-1293	QO	vclaim-sno-christian-owned-airlines-change-wing-light-colors-to-celebrate-christmas	1	42.42066517505159	SimBa
tweet-sno-1293	QO	vclaim-sno-the-gap-is-using-merry-christmas-signs-instead-of-happy-holidays	1	41.742768770225034	SimBa
tweet-sno-1293	QO	vclaim-sno-chick-fil-a-sunday-tradition	1	41.708840298840265	SimBa
tweet-sno-1294	QO	vclaim-sno-drake-scented-candles	1	68.5129820822307	SimBa
tweet-sno-1294	QO	vclaim-sno-gwyneth-paltrow-vagina-candle	1	49.148011286477455	SimBa
tweet-sno-1294	QO	vclaim-sno-newport-introduces-marijuana-cigarettes-on-sale-worldwide	1	40.78113616648239	SimBa
tweet-sno-1294	QO	vclaim-sno-jay-z-beyonce-buy-dmx-masters	1	39.8725519402074	SimBa
tweet-sno-1294	QO	vclaim-sno-trump-defeats-covid19-coin	1	39.82184870994051	SimBa
tweet-sno-1295	QO	vclaim-sno-flash-player-no-longer-supported	1	66.02935625333906	SimBa
tweet-sno-1295	QO	vclaim-sno-is-minecraft-shutting-down	1	33.50203667063993	SimBa
tweet-sno-1295	QO	vclaim-sno-netflix-to-be-discontinued	1	31.065411530230634	SimBa
tweet-sno-1295	QO	vclaim-sno-blackface-dick-van-dyke	1	30.41985534331888	SimBa
tweet-sno-1295	QO	vclaim-sno-jojo-siwa-come-came-out-gay-lgbt	1	30.317153475709514	SimBa
tweet-sno-1296	QO	vclaim-sno-flash-player-no-longer-supported	1	66.69235765613854	SimBa
tweet-sno-1296	QO	vclaim-sno-netflix-to-be-discontinued	1	34.12615231920263	SimBa
tweet-sno-1296	QO	vclaim-sno-amazon-holiday-shopping	1	31.68038031801188	SimBa
tweet-sno-1296	QO	vclaim-sno-asteroid-christmas-eve	1	31.395847403682385	SimBa
tweet-sno-1296	QO	vclaim-sno-boob-youtube	1	29.793594118850407	SimBa
tweet-sno-1297	QO	vclaim-sno-flash-player-no-longer-supported	1	74.07601144291205	SimBa
tweet-sno-1297	QO	vclaim-sno-boob-youtube	1	42.131777720981354	SimBa
tweet-sno-1297	QO	vclaim-sno-netflix-to-be-discontinued	1	38.47211456879154	SimBa
tweet-sno-1297	QO	vclaim-sno-netflix-friends	1	37.745679645471256	SimBa
tweet-sno-1297	QO	vclaim-sno-is-minecraft-shutting-down	1	34.921853095172196	SimBa
tweet-sno-1298	QO	vclaim-sno-santa-covid-exemption-ireland	1	73.62038985506999	SimBa
tweet-sno-1298	QO	vclaim-sno-santas-canadian-postal-code	1	50.70582517025641	SimBa
tweet-sno-1298	QO	vclaim-sno-grinchs-phone-number	1	47.917152239187466	SimBa
tweet-sno-1298	QO	vclaim-sno-track-meet	1	47.695916212821444	SimBa
tweet-sno-1298	QO	vclaim-sno-covid-result-holiday-gatherings	1	46.03898157993267	SimBa
tweet-sno-1299	QO	vclaim-sno-monolith-california	1	75.37128805103194	SimBa
tweet-sno-1299	QO	vclaim-sno-monolith-found-utah	1	53.678557744264545	SimBa
tweet-sno-1299	QO	vclaim-sno-is-virgin-of-guadalupe-living	1	48.24824915552557	SimBa
tweet-sno-1299	QO	vclaim-sno-super-moon	1	44.30493049103982	SimBa
tweet-sno-1299	QO	vclaim-sno-nasa-confirms-existence-of-earths-second-moon	1	43.16033109671176	SimBa
tweet-sno-1300	QO	vclaim-sno-king-louis-xiv-fetish-birth	1	88.76619694246737	SimBa
tweet-sno-1300	QO	vclaim-sno-centrifugal-birthing-apparatus	1	50.81733616665948	SimBa
tweet-sno-1300	QO	vclaim-sno-inflatable-sex-doll	1	47.54648585878374	SimBa
tweet-sno-1300	QO	vclaim-sno-execute-babies	1	47.20448169727576	SimBa
tweet-sno-1300	QO	vclaim-sno-stethoscope	1	45.94726731869715	SimBa
tweet-sno-1301	QO	vclaim-sno-trump-rant-mar-a-lago	1	46.60296435353861	SimBa
tweet-sno-1301	QO	vclaim-sno-golfing-trump-election-results	1	46.100038397892675	SimBa
tweet-sno-1301	QO	vclaim-sno-loser-lawn-trump-golf-course	1	44.50316616411858	SimBa
tweet-sno-1301	QO	vclaim-sno-bad-lie-golf-joke	1	40.709508926092276	SimBa
tweet-sno-1301	QO	vclaim-sno-bells-in-paris-biden	1	39.14355530088889	SimBa
tweet-sno-1302	QO	vclaim-sno-johns-hopkins-covid-deaths	1	80.47695921893198	SimBa
tweet-sno-1302	QO	vclaim-sno-coronavirus-cure-bryant	1	57.81075770720741	SimBa
tweet-sno-1302	QO	vclaim-sno-nwllab-moh-bulletin-coronavirus	1	51.85224103300913	SimBa
tweet-sno-1302	QO	vclaim-sno-cdc-mortality-statistics	1	50.79463194576862	SimBa
tweet-sno-1302	QO	vclaim-sno-typical-year-covid-deaths	1	50.18278434694178	SimBa
tweet-sno-1303	QO	vclaim-sno-leonardo-dicaprio-disney-channel	1	36.11901341334297	SimBa
tweet-sno-1303	QO	vclaim-sno-72-hour-challenge	1	31.051780400133	SimBa
tweet-sno-1303	QO	vclaim-sno-transgender-teen-wrestling-title	1	28.306890548190378	SimBa
tweet-sno-1303	QO	vclaim-sno-shock-mcstuffins	1	28.301196358732273	SimBa
tweet-sno-1303	QO	vclaim-sno-mcdonald39s-is-his-kind-of-place	1	25.209099417133096	SimBa
tweet-sno-1304	QO	vclaim-sno-leonardo-dicaprio-disney-channel	1	55.31356105731399	SimBa
tweet-sno-1304	QO	vclaim-sno-katherine-web-kiss-cam	1	38.86207860849362	SimBa
tweet-sno-1304	QO	vclaim-sno-marilyn-monroe-size	1	35.5399421304881	SimBa
tweet-sno-1304	QO	vclaim-sno-back-to-the-future-predictions	1	35.519829755154454	SimBa
tweet-sno-1304	QO	vclaim-sno-the-parent-trap-october-11	1	35.513686350230444	SimBa
tweet-sno-1305	QO	vclaim-sno-leonardo-dicaprio-disney-channel	1	43.868626890868825	SimBa
tweet-sno-1305	QO	vclaim-sno-bieber-smackdown	1	34.343813274787614	SimBa
tweet-sno-1305	QO	vclaim-sno-mike-tyson-time-traveler	1	34.14702144213447	SimBa
tweet-sno-1305	QO	vclaim-sno-chicago-purge-murders	1	32.087774571162505	SimBa
tweet-sno-1305	QO	vclaim-sno-pope-francis-merengue	1	30.669224663181428	SimBa
tweet-sno-1306	QO	vclaim-sno-georgia-signature-audit	1	61.83919982295095	SimBa
tweet-sno-1306	QO	vclaim-sno-atlanta-georgia-voter-fraud-video	1	50.83825875645383	SimBa
tweet-sno-1306	QO	vclaim-sno-biden-ossoff-warnock-checks-2000	1	48.37144238917603	SimBa
tweet-sno-1306	QO	vclaim-sno-teamkraken-georgia-injunction	1	47.45691530917557	SimBa
tweet-sno-1306	QO	vclaim-sno-ballots-georgia-senate	1	47.43936822292408	SimBa
tweet-sno-1307	QO	vclaim-sno-trump-detroit-voters-2020	1	71.32784529376846	SimBa
tweet-sno-1307	QO	vclaim-sno-more-votes-than-voters-in-detroit	1	70.09678513427362	SimBa
tweet-sno-1307	QO	vclaim-sno-detroit-voter-roll-lawsuit	1	56.55963565612288	SimBa
tweet-sno-1307	QO	vclaim-sno-pennsylvania-205000-votes	1	52.50266612038283	SimBa
tweet-sno-1307	QO	vclaim-sno-rumor-alert-biden-michigan-votes	1	51.46303454652873	SimBa
tweet-sno-1308	QO	vclaim-sno-trump-pardon-turkey-election	1	70.77312352487888	SimBa
tweet-sno-1308	QO	vclaim-sno-trump-recount-battleground-states	1	57.80938325037363	SimBa
tweet-sno-1308	QO	vclaim-sno-trump-art-of-the-deal	1	51.911123933952716	SimBa
tweet-sno-1308	QO	vclaim-sno-trump-described-the-electoral-college-as-a-disaster	1	47.84213473198593	SimBa
tweet-sno-1308	QO	vclaim-sno-trump-turkey-pardons-reversed	1	46.90310608079289	SimBa
tweet-sno-1309	QO	vclaim-sno-alaska-town-60-days-without-sun	1	69.72810659600664	SimBa
tweet-sno-1309	QO	vclaim-sno-will-tonight-be-the-darkest-night-in-500-years	1	50.11066794862643	SimBa
tweet-sno-1309	QO	vclaim-sno-sun-lockdown	1	44.825799540737734	SimBa
tweet-sno-1309	QO	vclaim-sno-wolf-moon-january	1	44.103206700493104	SimBa
tweet-sno-1309	QO	vclaim-sno-pink-moon	1	41.24558197709237	SimBa
tweet-sno-1310	QO	vclaim-sno-florida-air-force-robotic-dogs	1	83.12717210145225	SimBa
tweet-sno-1310	QO	vclaim-sno-army-working-dogs-satire	1	56.92315777272417	SimBa
tweet-sno-1310	QO	vclaim-sno-marine-corps-dog-adoptions	1	48.15522772261341	SimBa
tweet-sno-1310	QO	vclaim-sno-biden-dog-major-indoguration	1	44.61601065944873	SimBa
tweet-sno-1310	QO	vclaim-sno-biden-major-dog-rescue-white-house	1	42.2452297720002	SimBa
tweet-sno-1311	QO	vclaim-sno-20000-dead-voters-in-pennsylvania	1	73.88088516652286	SimBa
tweet-sno-1311	QO	vclaim-sno-wisconsin-vote-dump	1	71.35329780783806	SimBa
tweet-sno-1311	QO	vclaim-sno-biden-admit-voter-fraud	1	70.22599961794882	SimBa
tweet-sno-1311	QO	vclaim-sno-trump-biden-vote-dumps	1	69.4085993074292	SimBa
tweet-sno-1311	QO	vclaim-sno-25-million-fraud-votes-for-clinton	1	67.04233434943822	SimBa
tweet-sno-1312	QO	vclaim-sno-christmas-tree-owl	1	75.26573625841965	SimBa
tweet-sno-1312	QO	vclaim-sno-snowy-owl-130-years	1	59.616310610631004	SimBa
tweet-sno-1312	QO	vclaim-sno-stuffed-owlets	1	53.89250477475187	SimBa
tweet-sno-1312	QO	vclaim-sno-rainbow-owl	1	50.104465883528235	SimBa
tweet-sno-1312	QO	vclaim-sno-owl-having-an-orgasm	1	45.357710876989145	SimBa
tweet-sno-1313	QO	vclaim-sno-wisconsin-vote-dump	1	75.0104582492216	SimBa
tweet-sno-1313	QO	vclaim-sno-trump-biden-vote-dumps	1	68.33702887467861	SimBa
tweet-sno-1313	QO	vclaim-sno-gallup-poll-electoral-fraud	1	59.465472304182896	SimBa
tweet-sno-1313	QO	vclaim-sno-three-wisconsin-counties-admit-they-padded-votes-for-trump	1	57.286303836673	SimBa
tweet-sno-1313	QO	vclaim-sno-biden-admit-voter-fraud	1	55.40665474862851	SimBa
tweet-sno-1314	QO	vclaim-sno-dominion-servers-germany-seized	1	68.83664312785874	SimBa
tweet-sno-1314	QO	vclaim-sno-facebook-analytics-electoral-map-shows-trump-sweep	1	57.42268932316996	SimBa
tweet-sno-1314	QO	vclaim-sno-atlanta-georgia-voter-fraud-video	1	54.366808630886645	SimBa
tweet-sno-1314	QO	vclaim-sno-trump-biden-vote-dumps	1	53.81779701811953	SimBa
tweet-sno-1314	QO	vclaim-sno-dhs-12m-trump-votes	1	53.429029586129076	SimBa
tweet-sno-1315	QO	vclaim-sno-dominion-servers-germany-seized	1	63.948456024540754	SimBa
tweet-sno-1315	QO	vclaim-sno-facebook-analytics-electoral-map-shows-trump-sweep	1	54.37189900555089	SimBa
tweet-sno-1315	QO	vclaim-sno-dhs-12m-trump-votes	1	50.43569112545412	SimBa
tweet-sno-1315	QO	vclaim-sno-pennsylvania-205000-votes	1	49.98336088568378	SimBa
tweet-sno-1315	QO	vclaim-sno-dominion-deleted-trump-votes	1	48.36893608561574	SimBa
tweet-sno-1316	QO	vclaim-sno-cuomo-vaccine-bad-news-trump	1	83.37133415606236	SimBa
tweet-sno-1316	QO	vclaim-sno-covid-vaccine-funded-by-trump	1	63.75999016866152	SimBa
tweet-sno-1316	QO	vclaim-sno-did-trump-praise-covid-19-vaccines	1	61.151430161329856	SimBa
tweet-sno-1316	QO	vclaim-sno-cdc-halts-us-jj-covid-shots	1	60.849838217718066	SimBa
tweet-sno-1316	QO	vclaim-sno-covid-vaccine-throw-away	1	60.601422271775654	SimBa
tweet-sno-1317	QO	vclaim-sno-cornyn-votes-puerto-rico	1	72.63611203938845	SimBa
tweet-sno-1317	QO	vclaim-sno-dhs-12m-trump-votes	1	61.540194469584385	SimBa
tweet-sno-1317	QO	vclaim-sno-uncounted-california-ballots	1	61.512750183727995	SimBa
tweet-sno-1317	QO	vclaim-sno-20000-dead-voters-in-pennsylvania	1	59.586768247141706	SimBa
tweet-sno-1317	QO	vclaim-sno-millions-mail-in-ballots	1	58.41077195941473	SimBa
tweet-sno-1318	QO	vclaim-sno-ballots-georgia-senate	1	61.421358212037035	SimBa
tweet-sno-1318	QO	vclaim-sno-georgia-signature-audit	1	59.64475374590196	SimBa
tweet-sno-1318	QO	vclaim-sno-floyd-county-georgia-votes	1	56.62316503479244	SimBa
tweet-sno-1318	QO	vclaim-sno-audit-the-vote	1	51.79698212895039	SimBa
tweet-sno-1318	QO	vclaim-sno-georgia-ballots-likely-ineligible	1	50.75162172958754	SimBa
tweet-sno-1319	QO	vclaim-sno-floyd-county-georgia-votes	1	80.88347781174619	SimBa
tweet-sno-1319	QO	vclaim-sno-georgia-dekalb-reject-mail-ballots	1	68.3590521313164	SimBa
tweet-sno-1319	QO	vclaim-sno-ballots-georgia-senate	1	66.00265497800797	SimBa
tweet-sno-1319	QO	vclaim-sno-georgia-signature-audit	1	63.02555815834035	SimBa
tweet-sno-1319	QO	vclaim-sno-ballots-lancaster-pa	1	59.39385312374509	SimBa
tweet-sno-1320	QO	vclaim-sno-biden-trump-inauguration-crowd	1	63.013293900359415	SimBa
tweet-sno-1320	QO	vclaim-sno-pennsylvania-trump-rally	1	52.77755858286328	SimBa
tweet-sno-1320	QO	vclaim-sno-mike-pence-conservatives-womens-march	1	51.87497875531785	SimBa
tweet-sno-1320	QO	vclaim-sno-trump-rally-crowd-66000	1	51.68072261614337	SimBa
tweet-sno-1320	QO	vclaim-sno-huge-crowd-at-trump-rally-in-panama-city-florida	1	50.45003558307229	SimBa
tweet-sno-1321	QO	vclaim-sno-newsmax-biden-pence	1	74.84420295835761	SimBa
tweet-sno-1321	QO	vclaim-sno-gowdy-pence-2020	1	63.06235552012593	SimBa
tweet-sno-1321	QO	vclaim-sno-mike-pence-to-resign	1	61.41486573783147	SimBa
tweet-sno-1321	QO	vclaim-sno-did-trump-concede	1	57.64413102565749	SimBa
tweet-sno-1321	QO	vclaim-sno-trump-reinstated-belief	1	55.749981479281296	SimBa
tweet-sno-1322	QO	vclaim-sno-newsmax-biden-pence	1	83.4306579295136	SimBa
tweet-sno-1322	QO	vclaim-sno-trump-considering-resignation	1	60.75369395146739	SimBa
tweet-sno-1322	QO	vclaim-sno-rather-ends-retirement-donald-trump	1	51.77346882502404	SimBa
tweet-sno-1322	QO	vclaim-sno-trump-leave-office	1	51.06175900109394	SimBa
tweet-sno-1322	QO	vclaim-sno-trump-tweet-obama-scotus	1	50.1130017646124	SimBa
tweet-sno-1323	QO	vclaim-sno-newsmax-biden-pence	1	77.62692987465168	SimBa
tweet-sno-1323	QO	vclaim-sno-rather-ends-retirement-donald-trump	1	50.53199687710609	SimBa
tweet-sno-1323	QO	vclaim-sno-trump-revokes-press-credentials-six-news-outlets	1	50.46213800577244	SimBa
tweet-sno-1323	QO	vclaim-sno-trump-considering-resignation	1	48.28387188740555	SimBa
tweet-sno-1323	QO	vclaim-sno-wsj-different-trump-headlines	1	48.08777061735074	SimBa
tweet-sno-1324	QO	vclaim-sno-rnc-chairwoman-deleted-tweet	1	59.169955764424195	SimBa
tweet-sno-1324	QO	vclaim-sno-did-odonnell-offer-bribes-to-senators	1	55.85614754936737	SimBa
tweet-sno-1324	QO	vclaim-sno-joy-behar-trump-tower-fire	1	55.50600721126679	SimBa
tweet-sno-1324	QO	vclaim-sno-trump-biden-resident-meme	1	53.69639830848936	SimBa
tweet-sno-1324	QO	vclaim-sno-hillary-clinton-and-draftourdaughters	1	52.39739930430773	SimBa
tweet-sno-1325	QO	vclaim-sno-raising-canes-chicken-bankruptcy	1	77.65486437565914	SimBa
tweet-sno-1325	QO	vclaim-sno-did-nfl-team-declare-bankruptcy-protests	1	40.85656354275212	SimBa
tweet-sno-1325	QO	vclaim-sno-kohls-bankrupt-closing-818-stores	1	38.25756838069076	SimBa
tweet-sno-1325	QO	vclaim-sno-crew-cut	1	36.85203876639548	SimBa
tweet-sno-1325	QO	vclaim-sno-drink-and-a-nod	1	34.04295001766532	SimBa
tweet-sno-1326	QO	vclaim-sno-raising-canes-chicken-bankruptcy	1	51.58994662094917	SimBa
tweet-sno-1326	QO	vclaim-sno-taco-bell-closing-2020	1	41.20304598953396	SimBa
tweet-sno-1326	QO	vclaim-sno-wendys-heartbreaking-announcement	1	40.201969242537295	SimBa
tweet-sno-1326	QO	vclaim-sno-crew-cut	1	37.98834485564384	SimBa
tweet-sno-1326	QO	vclaim-sno-bannon-hell-capitol-attack	1	37.42880084673317	SimBa
tweet-sno-1327	QO	vclaim-sno-george-floyd-challenge	1	37.30754392213617	SimBa
tweet-sno-1327	QO	vclaim-sno-clint-eastwood-death-hoax	1	34.99122437446691	SimBa
tweet-sno-1327	QO	vclaim-sno-are-people-adopting-pit-bulls-euthanizing	1	34.67844613778661	SimBa
tweet-sno-1327	QO	vclaim-sno-death-rush-limbaugh-al-baghdadi	1	34.62444204182526	SimBa
tweet-sno-1327	QO	vclaim-sno-no-lackin-challenge	1	34.498636540423874	SimBa
tweet-sno-1328	QO	vclaim-sno-xbox-playstation-ps5-congrats	1	50.89728092261326	SimBa
tweet-sno-1328	QO	vclaim-sno-give-and-take	1	27.22771381460076	SimBa
tweet-sno-1328	QO	vclaim-sno-veterans-national-parks-lifetime	1	27.18610192935037	SimBa
tweet-sno-1328	QO	vclaim-sno-potus-greeting-card-100-birthday	1	26.615769006666913	SimBa
tweet-sno-1328	QO	vclaim-sno-tiger-woods-inaugural-speech	1	26.597805470810766	SimBa
tweet-sno-1329	QO	vclaim-sno-xbox-playstation-ps5-congrats	1	65.31364431863734	SimBa
tweet-sno-1329	QO	vclaim-sno-cyberpunk-2077-refunds	1	31.411599196895857	SimBa
tweet-sno-1329	QO	vclaim-sno-elon-musk-grimes-baby-x-ae-a12	1	30.94444099236895	SimBa
tweet-sno-1329	QO	vclaim-sno-amazon-holiday-shopping	1	30.497270974659152	SimBa
tweet-sno-1329	QO	vclaim-sno-mario-execution-day-nintendo	1	30.239458013909893	SimBa
tweet-sno-1330	QO	vclaim-sno-ice-twitter-account-disappear	1	57.97232489296409	SimBa
tweet-sno-1330	QO	vclaim-sno-parler-russia	1	45.34664413709191	SimBa
tweet-sno-1330	QO	vclaim-sno-loser-com-trump-wikipedia-page	1	44.45386938614229	SimBa
tweet-sno-1330	QO	vclaim-sno-uss-al-gore-stuck-in-ice	1	40.73502597678866	SimBa
tweet-sno-1330	QO	vclaim-sno-onlyfans-trump-ban-capitol	1	40.62932672335728	SimBa
tweet-sno-1331	QO	vclaim-sno-ice-twitter-account-disappear	1	85.22587448827662	SimBa
tweet-sno-1331	QO	vclaim-sno-nps-twitter-account-shut-down	1	60.461469163259565	SimBa
tweet-sno-1331	QO	vclaim-sno-marjorie-taylor-greene-twitter	1	48.17605635801725	SimBa
tweet-sno-1331	QO	vclaim-sno-onlyfans-trump-ban-capitol	1	48.028665374929915	SimBa
tweet-sno-1331	QO	vclaim-sno-trump-twitter-john-barron-1946	1	47.67662240801675	SimBa
tweet-sno-1332	QO	vclaim-sno-veterans-national-parks-lifetime	1	87.93560992935956	SimBa
tweet-sno-1332	QO	vclaim-sno-free-meals-for-veterans	1	49.67238321648422	SimBa
tweet-sno-1332	QO	vclaim-sno-trump-veterans-free-health-care	1	46.530674621014356	SimBa
tweet-sno-1332	QO	vclaim-sno-national-park-trump-wines	1	45.22420794965668	SimBa
tweet-sno-1332	QO	vclaim-sno-doubletree-hotel-military-sign	1	44.40614536953588	SimBa
tweet-sno-1333	QO	vclaim-sno-covid-vaccine-funded-by-trump	1	77.62882687227935	SimBa
tweet-sno-1333	QO	vclaim-sno-cuomo-vaccine-bad-news-trump	1	74.7275112200307	SimBa
tweet-sno-1333	QO	vclaim-sno-did-trump-praise-covid-19-vaccines	1	68.12210047222739	SimBa
tweet-sno-1333	QO	vclaim-sno-trump-beautiful-covid-19-vaccine	1	59.488218797339556	SimBa
tweet-sno-1333	QO	vclaim-sno-trump-coronavirus-kill-body	1	58.66144625821982	SimBa
tweet-sno-1334	QO	vclaim-sno-covid-vaccine-funded-by-trump	1	72.64441568296071	SimBa
tweet-sno-1334	QO	vclaim-sno-cuomo-vaccine-bad-news-trump	1	70.04556359066632	SimBa
tweet-sno-1334	QO	vclaim-sno-did-trump-praise-covid-19-vaccines	1	65.4742089924742	SimBa
tweet-sno-1334	QO	vclaim-sno-trump-beautiful-covid-19-vaccine	1	61.08070355565886	SimBa
tweet-sno-1334	QO	vclaim-sno-trump-my-blood-is-the-vaccine	1	58.04008853534528	SimBa
tweet-sno-1335	QO	vclaim-sno-biden-hat-trump-maga	1	64.42896498056903	SimBa
tweet-sno-1335	QO	vclaim-sno-trump-tell-supporters-storm	1	50.86404662059644	SimBa
tweet-sno-1335	QO	vclaim-sno-27-republicans-endorse-biden	1	48.24555106848835	SimBa
tweet-sno-1335	QO	vclaim-sno-hang-mike-pence-chant-capitol-riot	1	47.57035915934122	SimBa
tweet-sno-1335	QO	vclaim-sno-nascar-bans-maga-hats	1	45.532640881680855	SimBa
tweet-sno-1336	QO	vclaim-sno-biden-major-dog-rescue-white-house	1	92.352032134462	SimBa
tweet-sno-1336	QO	vclaim-sno-biden-dog-major-indoguration	1	73.34772423848833	SimBa
tweet-sno-1336	QO	vclaim-sno-biden-dogs-kicked-out-white-house	1	71.06044950739798	SimBa
tweet-sno-1336	QO	vclaim-sno-biden-team-statement-dog	1	67.98268873439278	SimBa
tweet-sno-1336	QO	vclaim-sno-biden-dogs-trump-chew-toy	1	64.56503675104358	SimBa
tweet-sno-1337	QO	vclaim-sno-trump-golf-rallies-coronavirus	1	76.55322582928797	SimBa
tweet-sno-1337	QO	vclaim-sno-donald-trump-golf-course	1	73.83804181476361	SimBa
tweet-sno-1337	QO	vclaim-sno-trump-obama-golf	1	70.0344852285081	SimBa
tweet-sno-1337	QO	vclaim-sno-golfing-trump-election-results	1	70.00997322748617	SimBa
tweet-sno-1337	QO	vclaim-sno-pga-ban-trump-golf-course	1	68.81134039487434	SimBa
tweet-sno-1338	QO	vclaim-sno-bannon-fauci-wray-head-pikes	1	58.345148270311206	SimBa
tweet-sno-1338	QO	vclaim-sno-clyburn-articles-impeachment	1	53.97573203735803	SimBa
tweet-sno-1338	QO	vclaim-sno-hang-mike-pence-chant-capitol-riot	1	53.00051034863831	SimBa
tweet-sno-1338	QO	vclaim-sno-jesse-watters-faucis-assassination	1	52.289461632796076	SimBa
tweet-sno-1338	QO	vclaim-sno-trump-threaten-whistleblower	1	51.297261076311415	SimBa
tweet-sno-1339	QO	vclaim-sno-gray-wolves-endangered-trump	1	79.23138504549881	SimBa
tweet-sno-1339	QO	vclaim-sno-trump-whales-sea-turtles	1	58.06356400665334	SimBa
tweet-sno-1339	QO	vclaim-sno-trump-hunting-bald-eagles	1	57.07202761443788	SimBa
tweet-sno-1339	QO	vclaim-sno-obama-gives-kill-order-for-bald-eagles	1	56.06178804657625	SimBa
tweet-sno-1339	QO	vclaim-sno-trump-animal-cruelty	1	55.760461620559944	SimBa
tweet-sno-1340	QO	vclaim-sno-pa-worker-filling-ballots	1	83.12160570354132	SimBa
tweet-sno-1340	QO	vclaim-sno-ballots-video-voter-fraud-trump	1	64.20904333765782	SimBa
tweet-sno-1340	QO	vclaim-sno-erie-pennsylvania-trump-ballots	1	62.56479799726521	SimBa
tweet-sno-1340	QO	vclaim-sno-strawman-poll	1	61.949725770722154	SimBa
tweet-sno-1340	QO	vclaim-sno-detroit-wagon-ballots	1	61.66393966771787	SimBa
tweet-sno-1341	QO	vclaim-sno-stop-the-count-chant	1	74.938036538586	SimBa
tweet-sno-1341	QO	vclaim-sno-trump-rally-chant	1	53.496010534018424	SimBa
tweet-sno-1341	QO	vclaim-sno-atlanta-georgia-voter-fraud-video	1	53.439219061483854	SimBa
tweet-sno-1341	QO	vclaim-sno-erie-pennsylvania-trump-ballots	1	51.52003152227579	SimBa
tweet-sno-1341	QO	vclaim-sno-audit-the-vote	1	50.14861183363893	SimBa
tweet-sno-1342	QO	vclaim-sno-trump-recount-battleground-states	1	64.882803550554	SimBa
tweet-sno-1342	QO	vclaim-sno-straight-ticket	1	52.61762108981694	SimBa
tweet-sno-1342	QO	vclaim-sno-florida-moves-for-full-recount-of-state-votes-over-massive-voter-fraud	1	52.316310599937445	SimBa
tweet-sno-1342	QO	vclaim-sno-12th-amendment-path-to-victory	1	50.454304086071225	SimBa
tweet-sno-1342	QO	vclaim-sno-california-unlawful-ballots	1	48.31767888154354	SimBa
tweet-sno-1343	QO	vclaim-sno-sharpie-trump-ballots-arizona	1	71.96536662554624	SimBa
tweet-sno-1343	QO	vclaim-sno-ballot-envelopes-reveal-party	1	67.21449813146397	SimBa
tweet-sno-1343	QO	vclaim-sno-millions-mail-in-ballots	1	64.79607457223214	SimBa
tweet-sno-1343	QO	vclaim-sno-machine-voting-pens-switching-votes	1	63.83540068408534	SimBa
tweet-sno-1343	QO	vclaim-sno-california-unlawful-ballots	1	63.566421461877574	SimBa
tweet-sno-1344	QO	vclaim-sno-sharpie-trump-ballots-arizona	1	81.21864158489984	SimBa
tweet-sno-1344	QO	vclaim-sno-pennsylvania-205000-votes	1	57.92302064360699	SimBa
tweet-sno-1344	QO	vclaim-sno-postal-worker-caught-destroying-absentee-trump-ballots-in-major-swing-state	1	57.721893081791286	SimBa
tweet-sno-1344	QO	vclaim-sno-california-unlawful-ballots	1	57.40166999402601	SimBa
tweet-sno-1344	QO	vclaim-sno-trucked-voters-in-pa	1	57.06928997125858	SimBa
tweet-sno-1345	QO	vclaim-sno-sharpie-trump-ballots-arizona	1	65.41848664850447	SimBa
tweet-sno-1345	QO	vclaim-sno-california-unlawful-ballots	1	64.83947106378893	SimBa
tweet-sno-1345	QO	vclaim-sno-ballots-video-voter-fraud-trump	1	64.27327583888206	SimBa
tweet-sno-1345	QO	vclaim-sno-machine-voting-pens-switching-votes	1	62.15944322121989	SimBa
tweet-sno-1345	QO	vclaim-sno-millions-mail-in-ballots	1	62.144884276087566	SimBa
tweet-sno-1346	QO	vclaim-sno-fisherman-survived-inside-whale-for-three-days	1	59.531677445712816	SimBa
tweet-sno-1346	QO	vclaim-sno-big-gulp	1	53.4863227527549	SimBa
tweet-sno-1346	QO	vclaim-sno-killer-whale	1	52.14080504059398	SimBa
tweet-sno-1346	QO	vclaim-sno-saved-whale-says-thanks	1	51.11135352957589	SimBa
tweet-sno-1346	QO	vclaim-sno-humpback-whale-eat-kayaker	1	49.12431845022886	SimBa
tweet-sno-1347	QO	vclaim-sno-big-gulp	1	69.61476213398939	SimBa
tweet-sno-1347	QO	vclaim-sno-humpback-whale-eat-kayaker	1	64.0775390360357	SimBa
tweet-sno-1347	QO	vclaim-sno-photograph-kayak-orcas	1	62.406595991968516	SimBa
tweet-sno-1347	QO	vclaim-sno-killer-whale	1	59.67740049962437	SimBa
tweet-sno-1347	QO	vclaim-sno-blue-whale-under-rowboat	1	59.56807862920118	SimBa
tweet-sno-1348	QO	vclaim-sno-biden-black-athletes-green-mile	1	70.31584392130053	SimBa
tweet-sno-1348	QO	vclaim-sno-joe-biden-ancestors-own-slaves	1	60.16413550860031	SimBa
tweet-sno-1348	QO	vclaim-sno-biden-poor-kids-white-kids	1	59.51652677604754	SimBa
tweet-sno-1348	QO	vclaim-sno-biden-racial-jungle-quote	1	59.14622423619943	SimBa
tweet-sno-1348	QO	vclaim-sno-biden-jerome-powell	1	58.72593580735938	SimBa
tweet-sno-1349	QO	vclaim-sno-kamala-harris-pearls-election-day	1	55.84130281545775	SimBa
tweet-sno-1349	QO	vclaim-sno-bells-in-paris-biden	1	41.1783804589338	SimBa
tweet-sno-1349	QO	vclaim-sno-hillary-clinton-embraces-the-woman-card	1	39.033486967315945	SimBa
tweet-sno-1349	QO	vclaim-sno-coat-hangers-ready	1	38.93759256902109	SimBa
tweet-sno-1349	QO	vclaim-sno-biden-hat-trump-maga	1	37.56939486151818	SimBa
tweet-sno-1350	QO	vclaim-sno-amish-trump-presidential-victory	1	60.36553955988796	SimBa
tweet-sno-1350	QO	vclaim-sno-amish-buggies-trump	1	55.78052065554947	SimBa
tweet-sno-1350	QO	vclaim-sno-facebook-analytics-electoral-map-shows-trump-sweep	1	48.28923840677229	SimBa
tweet-sno-1350	QO	vclaim-sno-amish-community-puppy-mills	1	48.282102357131194	SimBa
tweet-sno-1350	QO	vclaim-sno-12th-amendment-path-to-victory	1	46.12643669450412	SimBa
tweet-sno-1351	QO	vclaim-sno-omar-minnesota-register-vote	1	61.2580618584214	SimBa
tweet-sno-1351	QO	vclaim-sno-detroit-voter-roll-lawsuit	1	52.14530606085762	SimBa
tweet-sno-1351	QO	vclaim-sno-ghost-voters-in-29-states	1	48.292986236389936	SimBa
tweet-sno-1351	QO	vclaim-sno-strawman-poll	1	48.1094845860214	SimBa
tweet-sno-1351	QO	vclaim-sno-us-more-registered-voters-than-adults	1	46.98950102546846	SimBa
tweet-sno-1352	QO	vclaim-sno-hunter-biden-flipped-fbi	1	57.299456973951926	SimBa
tweet-sno-1352	QO	vclaim-sno-joe-biden-island	1	49.714518623283944	SimBa
tweet-sno-1352	QO	vclaim-sno-ivanka-trump-hunter-biden	1	47.723633920851846	SimBa
tweet-sno-1352	QO	vclaim-sno-biden-mansion-tweet	1	47.495871034236295	SimBa
tweet-sno-1352	QO	vclaim-sno-biden-jerome-powell	1	46.06013593768663	SimBa
tweet-sno-1353	QO	vclaim-sno-hunter-biden-flipped-fbi	1	69.81930077367987	SimBa
tweet-sno-1353	QO	vclaim-sno-biden-admit-voter-fraud	1	52.766958981523096	SimBa
tweet-sno-1353	QO	vclaim-sno-hunter-biden-dead-overdose-hoax	1	52.72796062979126	SimBa
tweet-sno-1353	QO	vclaim-sno-c-span-video-joe-biden-ukraine	1	50.68586911389396	SimBa
tweet-sno-1353	QO	vclaim-sno-pence-recaptured-after-fleeing-trump-campaign-bus	1	50.12117731878069	SimBa
tweet-sno-1354	QO	vclaim-sno-hunter-biden-flipped-fbi	1	73.02486901189353	SimBa
tweet-sno-1354	QO	vclaim-sno-hunter-biden-dead-overdose-hoax	1	55.187288056871466	SimBa
tweet-sno-1354	QO	vclaim-sno-biden-admit-voter-fraud	1	53.60056191599678	SimBa
tweet-sno-1354	QO	vclaim-sno-biden-endorses-romney-for-president	1	53.03353024999728	SimBa
tweet-sno-1354	QO	vclaim-sno-biden-boot-wrong-foot-forgot	1	52.547193437844605	SimBa
tweet-sno-1355	QO	vclaim-sno-hunter-biden-flipped-fbi	1	48.102127975863255	SimBa
tweet-sno-1355	QO	vclaim-sno-ivanka-trump-hunter-biden	1	35.3187082908049	SimBa
tweet-sno-1355	QO	vclaim-sno-jamie-allman-david-hogg-poker	1	34.44308079585673	SimBa
tweet-sno-1355	QO	vclaim-sno-hunter-biden-dead-overdose-hoax	1	34.146604606871136	SimBa
tweet-sno-1355	QO	vclaim-sno-liberals-hunt-conservatives-film	1	33.68406714919621	SimBa
tweet-sno-1356	QO	vclaim-sno-hunter-biden-flipped-fbi	1	74.90696796615094	SimBa
tweet-sno-1356	QO	vclaim-sno-biden-admit-voter-fraud	1	59.50759098065676	SimBa
tweet-sno-1356	QO	vclaim-sno-c-span-video-joe-biden-ukraine	1	58.662349996200234	SimBa
tweet-sno-1356	QO	vclaim-sno-biden-teleprompter-interview	1	52.35698904672282	SimBa
tweet-sno-1356	QO	vclaim-sno-wisconsin-vote-dump	1	51.79220072508405	SimBa
tweet-sno-1357	QO	vclaim-sno-armed-trump-fans-biden-bus	1	70.76740550091093	SimBa
tweet-sno-1357	QO	vclaim-sno-fbi-trump-biden-bus	1	61.54485210541135	SimBa
tweet-sno-1357	QO	vclaim-sno-trump-tell-supporters-storm	1	57.5006533247772	SimBa
tweet-sno-1357	QO	vclaim-sno-hang-mike-pence-chant-capitol-riot	1	53.340606175293715	SimBa
tweet-sno-1357	QO	vclaim-sno-tomi-lahren-biden-supporters-loot	1	53.289504172381164	SimBa
tweet-sno-1358	QO	vclaim-sno-fbi-trump-biden-bus	1	71.66259407633258	SimBa
tweet-sno-1358	QO	vclaim-sno-anti-trump-protesters-bused-into-austin	1	66.4731318339615	SimBa
tweet-sno-1358	QO	vclaim-sno-decalcification	1	64.11664314073148	SimBa
tweet-sno-1358	QO	vclaim-sno-trucked-voters-in-pa	1	62.897141600166194	SimBa
tweet-sno-1358	QO	vclaim-sno-bus-crash-super-tuesday	1	58.70364210003456	SimBa
tweet-sno-1359	QO	vclaim-sno-armed-trump-fans-biden-bus	1	73.1656557136887	SimBa
tweet-sno-1359	QO	vclaim-sno-fbi-trump-biden-bus	1	72.78842832101951	SimBa
tweet-sno-1359	QO	vclaim-sno-charlottesville-killer-radical-leftist	1	62.3681595418181	SimBa
tweet-sno-1359	QO	vclaim-sno-run-over-trump-protesters	1	62.280742829792366	SimBa
tweet-sno-1359	QO	vclaim-sno-bus-crash-super-tuesday	1	61.34796446697528	SimBa
tweet-sno-1360	QO	vclaim-sno-fbi-trump-biden-bus	1	69.75464138385075	SimBa
tweet-sno-1360	QO	vclaim-sno-anti-trump-protesters-bused-into-austin	1	57.845712849079824	SimBa
tweet-sno-1360	QO	vclaim-sno-armed-trump-fans-biden-bus	1	54.62995036518229	SimBa
tweet-sno-1360	QO	vclaim-sno-bus-crash-super-tuesday	1	52.478321321823785	SimBa
tweet-sno-1360	QO	vclaim-sno-what-the-truck	1	51.26683557764986	SimBa
tweet-sno-1361	QO	vclaim-sno-fbi-trump-biden-bus	1	54.96192560240976	SimBa
tweet-sno-1361	QO	vclaim-sno-left-wing-mob-violence	1	54.45570738596849	SimBa
tweet-sno-1361	QO	vclaim-sno-charlottesville-killer-radical-leftist	1	54.365167898583145	SimBa
tweet-sno-1361	QO	vclaim-sno-armed-trump-fans-biden-bus	1	53.57784618271227	SimBa
tweet-sno-1361	QO	vclaim-sno-virginia-gun-rally-staged	1	51.66003214619025	SimBa
tweet-sno-1362	QO	vclaim-sno-sean-connery-trump-golf-course	1	64.06141073759305	SimBa
tweet-sno-1362	QO	vclaim-sno-sean-connery-net-worth	1	59.068879093059266	SimBa
tweet-sno-1362	QO	vclaim-sno-sean-penn-death-hoax	1	59.00761182466192	SimBa
tweet-sno-1362	QO	vclaim-sno-scott-baio-plane-crash	1	50.47509339647072	SimBa
tweet-sno-1362	QO	vclaim-sno-bill-murray-death-notice	1	48.6821526232323	SimBa
tweet-sno-1363	QO	vclaim-sno-taco-bell-menu-change	1	59.40804886061625	SimBa
tweet-sno-1363	QO	vclaim-sno-taco-cabana-sign-donald-trump-prank	1	56.617626929597606	SimBa
tweet-sno-1363	QO	vclaim-sno-taco-bell-mexican-pizza	1	55.68727241187865	SimBa
tweet-sno-1363	QO	vclaim-sno-taco-bell-closing-2020	1	54.88362840454136	SimBa
tweet-sno-1363	QO	vclaim-sno-taco-bell-closing	1	54.58275571530452	SimBa
tweet-sno-1364	QO	vclaim-sno-taco-bell-mexican-pizza	1	61.82739108101423	SimBa
tweet-sno-1364	QO	vclaim-sno-taco-bell-menu-change	1	59.6677032402512	SimBa
tweet-sno-1364	QO	vclaim-sno-taco-cabana-sign-donald-trump-prank	1	59.22273388652361	SimBa
tweet-sno-1364	QO	vclaim-sno-taco-bell-closing-2020	1	54.97226392447394	SimBa
tweet-sno-1364	QO	vclaim-sno-taco-bell-major-changes	1	53.51777458890376	SimBa
tweet-sno-1365	QO	vclaim-sno-taco-bell-menu-change	1	63.487693317488606	SimBa
tweet-sno-1365	QO	vclaim-sno-taco-bell-mexican-pizza	1	62.39187166588537	SimBa
tweet-sno-1365	QO	vclaim-sno-taco-bell-closing-2020	1	56.74624631195806	SimBa
tweet-sno-1365	QO	vclaim-sno-taco-cabana-sign-donald-trump-prank	1	55.18738138902125	SimBa
tweet-sno-1365	QO	vclaim-sno-meat-your-maker	1	54.864234498833795	SimBa
tweet-sno-1366	QO	vclaim-sno-taco-bell-menu-change	1	64.80375873066521	SimBa
tweet-sno-1366	QO	vclaim-sno-taco-bell-mexican-pizza	1	61.88009743818864	SimBa
tweet-sno-1366	QO	vclaim-sno-taco-bell-closing-2020	1	57.922759576674856	SimBa
tweet-sno-1366	QO	vclaim-sno-taco-cabana-sign-donald-trump-prank	1	54.49579136993255	SimBa
tweet-sno-1366	QO	vclaim-sno-mcpizza	1	53.56517009287279	SimBa
tweet-sno-1367	QO	vclaim-sno-taco-bell-menu-change	1	62.115825051119245	SimBa
tweet-sno-1367	QO	vclaim-sno-taco-bell-mexican-pizza	1	59.34240398090278	SimBa
tweet-sno-1367	QO	vclaim-sno-taco-bell-major-changes	1	54.626591294263484	SimBa
tweet-sno-1367	QO	vclaim-sno-taco-cabana-sign-donald-trump-prank	1	52.082379276271	SimBa
tweet-sno-1367	QO	vclaim-sno-taco-bell-closing-2020	1	50.811116832176914	SimBa
tweet-sno-1368	QO	vclaim-sno-taco-bell-closing-2020	1	57.39049616659781	SimBa
tweet-sno-1368	QO	vclaim-sno-taco-bell-major-changes	1	56.8682096241098	SimBa
tweet-sno-1368	QO	vclaim-sno-wendys-heartbreaking-announcement	1	55.882497518544774	SimBa
tweet-sno-1368	QO	vclaim-sno-subway-pizza-hut-closing	1	55.001013717705916	SimBa
tweet-sno-1368	QO	vclaim-sno-cheesecake-factory-closing-rumor	1	54.89945448023642	SimBa
tweet-sno-1369	QO	vclaim-sno-cheesecake-factory-closing-rumor	1	60.66420562983675	SimBa
tweet-sno-1369	QO	vclaim-sno-taco-bell-closing-2020	1	57.99615767173181	SimBa
tweet-sno-1369	QO	vclaim-sno-wendys-heartbreaking-announcement	1	56.948058561397495	SimBa
tweet-sno-1369	QO	vclaim-sno-ruby-tuesday-closing	1	52.88877987421109	SimBa
tweet-sno-1369	QO	vclaim-sno-worldwide-chocolate-shortage	1	51.95494940137877	SimBa
tweet-sno-1370	QO	vclaim-sno-trump-911-small-business-fund	1	57.35035302576163	SimBa
tweet-sno-1370	QO	vclaim-sno-trump-food-assistance-700000	1	52.49394893963337	SimBa
tweet-sno-1370	QO	vclaim-sno-car-czar	1	52.161810648164696	SimBa
tweet-sno-1370	QO	vclaim-sno-wendys-donate-trumps-reelection	1	51.86040136528089	SimBa
tweet-sno-1370	QO	vclaim-sno-lowes-versus-home-depot-meme	1	51.29132995368876	SimBa
tweet-sno-1371	QO	vclaim-sno-cheesecake-factory-closing-rumor	1	88.90432737612257	SimBa
tweet-sno-1371	QO	vclaim-sno-taco-bell-closing	1	60.8332152852624	SimBa
tweet-sno-1371	QO	vclaim-sno-red-lobster-closing	1	56.40103050785036	SimBa
tweet-sno-1371	QO	vclaim-sno-trader-joes-april-fools-day	1	56.258677155212666	SimBa
tweet-sno-1371	QO	vclaim-sno-subway-pizza-hut-closing	1	54.47849798332726	SimBa
tweet-sno-1372	QO	vclaim-sno-cheesecake-factory-closing-rumor	1	81.55504898524887	SimBa
tweet-sno-1372	QO	vclaim-sno-not-lovin39-it	1	59.887412728849235	SimBa
tweet-sno-1372	QO	vclaim-sno-wendys-heartbreaking-announcement	1	57.3347481130442	SimBa
tweet-sno-1372	QO	vclaim-sno-taco-bell-closing	1	56.14983168703007	SimBa
tweet-sno-1372	QO	vclaim-sno-subway-pizza-hut-closing	1	55.22080123109795	SimBa
tweet-sno-1373	QO	vclaim-sno-cheesecake-factory-closing-rumor	1	72.47370941621695	SimBa
tweet-sno-1373	QO	vclaim-sno-wendys-heartbreaking-announcement	1	54.38515477572172	SimBa
tweet-sno-1373	QO	vclaim-sno-taco-bell-closing	1	50.032498247413805	SimBa
tweet-sno-1373	QO	vclaim-sno-not-lovin39-it	1	48.84046345386472	SimBa
tweet-sno-1373	QO	vclaim-sno-knotts-berry-farm-fleeing	1	48.272509591136966	SimBa
tweet-sno-1374	QO	vclaim-sno-cheesecake-factory-closing-rumor	1	83.71005975573547	SimBa
tweet-sno-1374	QO	vclaim-sno-taco-bell-closing	1	63.26336110643794	SimBa
tweet-sno-1374	QO	vclaim-sno-not-lovin39-it	1	63.20657090035737	SimBa
tweet-sno-1374	QO	vclaim-sno-subway-pizza-hut-closing	1	59.69280438650044	SimBa
tweet-sno-1374	QO	vclaim-sno-red-lobster-closing	1	59.47392605583357	SimBa
tweet-sno-1375	QO	vclaim-sno-cheesecake-factory-closing-rumor	1	73.63690191545761	SimBa
tweet-sno-1375	QO	vclaim-sno-not-lovin39-it	1	55.59257360311622	SimBa
tweet-sno-1375	QO	vclaim-sno-wendys-heartbreaking-announcement	1	53.97655365225732	SimBa
tweet-sno-1375	QO	vclaim-sno-subway-pizza-hut-closing	1	52.683067497423345	SimBa
tweet-sno-1375	QO	vclaim-sno-taco-bell-closing	1	50.96488417616328	SimBa
tweet-sno-1376	QO	vclaim-sno-spooked-clinton-campaign-manager-deleted-tweets	1	53.73151818076284	SimBa
tweet-sno-1376	QO	vclaim-sno-twitter-delete-trump-account-racism	1	53.14094813519497	SimBa
tweet-sno-1376	QO	vclaim-sno-jared-kushner-tweets-deleted	1	51.29536716042232	SimBa
tweet-sno-1376	QO	vclaim-sno-michelle-obama-scrubs-twitter	1	50.394456722252954	SimBa
tweet-sno-1376	QO	vclaim-sno-pelosi-tweet-chinatown-tourism	1	47.191866780558826	SimBa
tweet-sno-1377	QO	vclaim-sno-aoc-gop-sad-stupid-vanity-fair	1	56.02197810687996	SimBa
tweet-sno-1377	QO	vclaim-sno-melania-trump-wore-pussy-bow	1	55.770611592106825	SimBa
tweet-sno-1377	QO	vclaim-sno-pelosi-dress-trump-impeachments	1	51.262684040910344	SimBa
tweet-sno-1377	QO	vclaim-sno-clinton-memorial-day-actor	1	49.921841454110464	SimBa
tweet-sno-1377	QO	vclaim-sno-kids-choice-awards	1	49.21071841499707	SimBa
tweet-sno-1378	QO	vclaim-sno-trump-biden-assassination-shot	1	71.3946491564201	SimBa
tweet-sno-1378	QO	vclaim-sno-isis-called-for-assassination-of-barron-trump	1	63.16295704951531	SimBa
tweet-sno-1378	QO	vclaim-sno-trump-threaten-whistleblower	1	56.40447770541426	SimBa
tweet-sno-1378	QO	vclaim-sno-londons-mayor-threatens-trump	1	55.549836819256235	SimBa
tweet-sno-1378	QO	vclaim-sno-johnny-depp-charged-patriot-act	1	54.808991921160185	SimBa
tweet-sno-1379	QO	vclaim-sno-biden-admit-voter-fraud	1	68.15768867581605	SimBa
tweet-sno-1379	QO	vclaim-sno-trump-biden-vote-dumps	1	63.07363078293895	SimBa
tweet-sno-1379	QO	vclaim-sno-gallup-poll-electoral-fraud	1	62.817865981696755	SimBa
tweet-sno-1379	QO	vclaim-sno-wisconsin-vote-dump	1	60.524515263918374	SimBa
tweet-sno-1379	QO	vclaim-sno-huckabee-letter-biden-fraud	1	58.4432754333436	SimBa
tweet-sno-1380	QO	vclaim-sno-biden-tweet-pandemic	1	71.41042461150056	SimBa
tweet-sno-1380	QO	vclaim-sno-experts-officials-pandemic-2018	1	70.96266726534968	SimBa
tweet-sno-1380	QO	vclaim-sno-2009-trump-tweet-pandemic	1	69.50795899584172	SimBa
tweet-sno-1380	QO	vclaim-sno-trump-tweet-obama-8-years	1	69.12331303949544	SimBa
tweet-sno-1380	QO	vclaim-sno-fauci-trump-handling-covid	1	65.39783729489123	SimBa
tweet-sno-1381	QO	vclaim-sno-merriam-webster-barrett-sexual	1	83.29823073364052	SimBa
tweet-sno-1381	QO	vclaim-sno-is-this-pedosexual-pride-sign-real	1	50.755793423280025	SimBa
tweet-sno-1381	QO	vclaim-sno-tedx-pedophilia-sexual-orientation	1	49.67239793778586	SimBa
tweet-sno-1381	QO	vclaim-sno-white-house-web-site-trump-changes	1	47.7835210555926	SimBa
tweet-sno-1381	QO	vclaim-sno-washington-state-to-teach-transgenderism-to-kindergartners	1	45.04546892509927	SimBa
tweet-sno-1382	QO	vclaim-sno-lbj-voting-democratic	1	55.74628128764972	SimBa
tweet-sno-1382	QO	vclaim-sno-joe-biden-n-word-recorded-speech	1	53.466484503715684	SimBa
tweet-sno-1382	QO	vclaim-sno-black-americans-super-predators	1	52.64832726252222	SimBa
tweet-sno-1382	QO	vclaim-sno-karl-rove-biden-inauguration	1	51.63469158013424	SimBa
tweet-sno-1382	QO	vclaim-sno-donald-trump-called-president-obama-a-lying-nr	1	50.45081787470139	SimBa
tweet-sno-1383	QO	vclaim-sno-mitch-mcconnells-hands	1	67.5306982117118	SimBa
tweet-sno-1383	QO	vclaim-sno-mcconnell-democrats-no-victories	1	47.6545341816762	SimBa
tweet-sno-1383	QO	vclaim-sno-mcconnell-voting-photobomb	1	47.28448992460781	SimBa
tweet-sno-1383	QO	vclaim-sno-supreme-court-flip-flop	1	45.40135637566621	SimBa
tweet-sno-1383	QO	vclaim-sno-congressional-record	1	44.95895320753692	SimBa
tweet-sno-1384	QO	vclaim-sno-nurse-gop-convention-shooting	1	64.96122740706699	SimBa
tweet-sno-1384	QO	vclaim-sno-ann-coulter-arrested-using-womens-bathroom	1	51.38535202813597	SimBa
tweet-sno-1384	QO	vclaim-sno-hillary-clinton-nurses	1	51.23700483169713	SimBa
tweet-sno-1384	QO	vclaim-sno-marjorie-greene-armed-high-school	1	51.07199808073566	SimBa
tweet-sno-1384	QO	vclaim-sno-malia-obama-arrested-again	1	49.526019373883244	SimBa
tweet-sno-1385	QO	vclaim-sno-jane-fonda-covid-gods-gift	1	80.98964715022221	SimBa
tweet-sno-1385	QO	vclaim-sno-greene-biden-mark-of-the-beast	1	59.89379842856094	SimBa
tweet-sno-1385	QO	vclaim-sno-rush-limbaugh-covid-common-cold	1	52.17059118545907	SimBa
tweet-sno-1385	QO	vclaim-sno-biden-tweet-pandemic	1	49.064078684537485	SimBa
tweet-sno-1385	QO	vclaim-sno-coronavirus-meme	1	48.929185901085944	SimBa
tweet-sno-1386	QO	vclaim-sno-biden-ban-fracking	1	78.39647380281049	SimBa
tweet-sno-1386	QO	vclaim-sno-does-biden-support-green-new-deal	1	59.74715349614242	SimBa
tweet-sno-1386	QO	vclaim-sno-aoc-democrats-eliminate-oil-gas	1	52.01139209226249	SimBa
tweet-sno-1386	QO	vclaim-sno-trump-blm-150000-acres-fracking	1	50.78647077005372	SimBa
tweet-sno-1386	QO	vclaim-sno-bernie-sanders-sierra-blanca-nuclear-waste	1	49.728137240054146	SimBa
tweet-sno-1387	QO	vclaim-sno-kennedy-nixon-virtual-debate-1960	1	68.27285734060825	SimBa
tweet-sno-1387	QO	vclaim-sno-nancy-pelosi-with-jfk	1	47.646039880482945	SimBa
tweet-sno-1387	QO	vclaim-sno-the-wire	1	46.683379937732674	SimBa
tweet-sno-1387	QO	vclaim-sno-woodward-bernstein-photo-nixon	1	46.676562223343446	SimBa
tweet-sno-1387	QO	vclaim-sno-does-list-show-news-system-rigged	1	46.51357259180158	SimBa
tweet-sno-1388	QO	vclaim-sno-karen-pence-mask-debate	1	61.89483272008427	SimBa
tweet-sno-1388	QO	vclaim-sno-biden-violate-mask-mandate	1	57.773462044017776	SimBa
tweet-sno-1388	QO	vclaim-sno-jayapal-maskless-congress	1	52.17121873219239	SimBa
tweet-sno-1388	QO	vclaim-sno-biden-harris-crowd-face-mask	1	52.13337609251765	SimBa
tweet-sno-1388	QO	vclaim-sno-mike-pence-calls-michelle-obama-vulgar	1	50.48338261940698	SimBa
tweet-sno-1389	QO	vclaim-sno-trump-sign-hollywood-los-angeles	1	78.57295422175487	SimBa
tweet-sno-1389	QO	vclaim-sno-russian-asbestos-trump_face	1	58.252797727846385	SimBa
tweet-sno-1389	QO	vclaim-sno-god-bows-down-trump-sign	1	57.4123130555609	SimBa
tweet-sno-1389	QO	vclaim-sno-trump-presidential-seal	1	57.27692300435967	SimBa
tweet-sno-1389	QO	vclaim-sno-trump-made-america-the-best-sign	1	57.23058307002151	SimBa
tweet-sno-1390	QO	vclaim-sno-kamala-harris-protests	1	62.62148532180017	SimBa
tweet-sno-1390	QO	vclaim-sno-tomi-lahren-biden-supporters-loot	1	56.55842586072575	SimBa
tweet-sno-1390	QO	vclaim-sno-clinton-trump-deplorables-america	1	56.14663987008682	SimBa
tweet-sno-1390	QO	vclaim-sno-left-wing-mob-violence	1	55.758164494509884	SimBa
tweet-sno-1390	QO	vclaim-sno-aoc-defeat-war	1	53.41129784249846	SimBa
tweet-sno-1391	QO	vclaim-sno-biden-trump-dregs-society	1	80.47215419375992	SimBa
tweet-sno-1391	QO	vclaim-sno-biden-troops-stupid-bastards	1	54.04589630005985	SimBa
tweet-sno-1391	QO	vclaim-sno-cue-balls	1	51.8304882203887	SimBa
tweet-sno-1391	QO	vclaim-sno-karl-rove-biden-inauguration	1	51.65876428642677	SimBa
tweet-sno-1391	QO	vclaim-sno-biden-trump-xenophobic	1	51.365340637047964	SimBa
tweet-sno-1392	QO	vclaim-sno-biden-pandemic-black-women-grocery	1	69.4074070622408	SimBa
tweet-sno-1392	QO	vclaim-sno-joe-biden-put-yall-back-in-chains	1	56.89084903485636	SimBa
tweet-sno-1392	QO	vclaim-sno-biden-kenosha-black-looting	1	53.01773261425884	SimBa
tweet-sno-1392	QO	vclaim-sno-palins-privilege	1	52.84081085221565	SimBa
tweet-sno-1392	QO	vclaim-sno-melania-make-peace-with-the-blacks	1	51.735861165923566	SimBa
tweet-sno-1393	QO	vclaim-sno-adam-schiff-witnesses-testify	1	57.77529779566106	SimBa
tweet-sno-1393	QO	vclaim-sno-clinton-mccabe-donation	1	56.643621073938775	SimBa
tweet-sno-1393	QO	vclaim-sno-impeachment-consulting-fees	1	55.03236527659988	SimBa
tweet-sno-1393	QO	vclaim-sno-chuck-schumer-excessive-contributions	1	52.68081802836768	SimBa
tweet-sno-1393	QO	vclaim-sno-russia-paid-donald-trump-millions-of-dollars	1	52.60349564135011	SimBa
tweet-sno-1394	QO	vclaim-sno-gay-men-proud-boys-hashtag	1	68.88044659683422	SimBa
tweet-sno-1394	QO	vclaim-sno-female-blackout-facebook	1	48.183248983856245	SimBa
tweet-sno-1394	QO	vclaim-sno-gays-not-allowed	1	45.91701331137145	SimBa
tweet-sno-1394	QO	vclaim-sno-facebook-ban-posts-save-children	1	41.58808854235214	SimBa
tweet-sno-1394	QO	vclaim-sno-wisconsin-transgender-students-force-to-wear-green-bracelets	1	41.55225773591371	SimBa
tweet-sno-1395	QO	vclaim-sno-gay-men-proud-boys-hashtag	1	83.67691074963392	SimBa
tweet-sno-1395	QO	vclaim-sno-proud-boys-mock-trump	1	53.33051314434529	SimBa
tweet-sno-1395	QO	vclaim-sno-proud-boys-name-aladdin-song	1	48.13975392616072	SimBa
tweet-sno-1395	QO	vclaim-sno-alt-right-hail-trump-salute	1	47.84294094971744	SimBa
tweet-sno-1395	QO	vclaim-sno-stop-the-steal-gay-communists	1	46.31826092208411	SimBa
tweet-sno-1396	QO	vclaim-sno-bikers-trump-praying-walter-reed	1	76.39741006994646	SimBa
tweet-sno-1396	QO	vclaim-sno-photograph-shows-100000-bikers-at-trump-rally	1	53.639976963798574	SimBa
tweet-sno-1396	QO	vclaim-sno-trump-prayer-schools	1	53.15372350740557	SimBa
tweet-sno-1396	QO	vclaim-sno-pastor-david-platt-donald-trump	1	51.93926502982287	SimBa
tweet-sno-1396	QO	vclaim-sno-bikers-kavanaugh-support-video	1	51.47202339682634	SimBa
tweet-sno-1397	QO	vclaim-sno-trump-covid-fundraising	1	55.81627834911842	SimBa
tweet-sno-1397	QO	vclaim-sno-safyre-terry-christmas-card	1	55.49186007957704	SimBa
tweet-sno-1397	QO	vclaim-sno-tiger-by-the-tale	1	47.872888923885945	SimBa
tweet-sno-1397	QO	vclaim-sno-american-cancer-society-hoax	1	46.330476518316345	SimBa
tweet-sno-1397	QO	vclaim-sno-facebookcnn-car-accident-appeal	1	44.8000328979544	SimBa
tweet-sno-1398	QO	vclaim-sno-amy-coney-barrett-rhodes-scholar	1	70.09611411703717	SimBa
tweet-sno-1398	QO	vclaim-sno-michelle-obamas-fake-degrees	1	53.079400926117714	SimBa
tweet-sno-1398	QO	vclaim-sno-kamala-harris-berkeley-busing	1	50.92853760012308	SimBa
tweet-sno-1398	QO	vclaim-sno-indian-journalist-hoax-harvard	1	49.80326609037648	SimBa
tweet-sno-1398	QO	vclaim-sno-did-odonnell-offer-bribes-to-senators	1	49.058631643729875	SimBa
tweet-sno-1399	QO	vclaim-sno-biden-fail-condemn-antifa	1	72.74831088565938	SimBa
tweet-sno-1399	QO	vclaim-sno-paul-ryan-endorsed-antifa	1	62.027695811598505	SimBa
tweet-sno-1399	QO	vclaim-sno-biden-antifa-courageous-americans	1	60.04071778589736	SimBa
tweet-sno-1399	QO	vclaim-sno-trump-condemn-white-supremacists	1	56.73863868162757	SimBa
tweet-sno-1399	QO	vclaim-sno-mike-pence-tweet	1	55.09680753051748	SimBa
tweet-sno-1400	QO	vclaim-sno-trump-condemn-white-supremacists	1	53.47286079233918	SimBa
tweet-sno-1400	QO	vclaim-sno-iowa-congressman-retweet-white-supremacist	1	52.59834298207211	SimBa
tweet-sno-1400	QO	vclaim-sno-adam-butsch-gallows-post-facebook	1	48.558585514049234	SimBa
tweet-sno-1400	QO	vclaim-sno-andrew-pollack-parkland-trump	1	48.248947087222405	SimBa
tweet-sno-1400	QO	vclaim-sno-saluting-flag-twitter-photo	1	47.85101623506275	SimBa
tweet-sno-1401	QO	vclaim-sno-bloomberg-campaign-prisoners	1	62.3519550654058	SimBa
tweet-sno-1401	QO	vclaim-sno-bloomberg-pay-florida-felons-vote	1	56.68817714704868	SimBa
tweet-sno-1401	QO	vclaim-sno-wisconsin-vote-dump	1	51.82717714864427	SimBa
tweet-sno-1401	QO	vclaim-sno-skinny-joey-merlino-biden	1	50.70545643016925	SimBa
tweet-sno-1401	QO	vclaim-sno-clint-eastwood-bloomberg	1	50.1160687762895	SimBa
