tweet-sno-1200	QO	vclaim-sno-raspberry-ultra-drops	1	46.3768115942029	SimBa
tweet-sno-1200	QO	vclaim-sno-air-jordans-price-drop	1	36.8421052631579	SimBa
tweet-sno-1200	QO	vclaim-sno-baby-drop-off-box	1	34.666666666666664	SimBa
tweet-sno-1200	QO	vclaim-sno-china-cellphones-coronavirus	1	34.5679012345679	SimBa
tweet-sno-1200	QO	vclaim-sno-kate-middleton-baby-bombshell	1	34.285714285714285	SimBa
tweet-sno-1201	QO	vclaim-sno-obama-do-something-about-president	1	46.66666666666667	SimBa
tweet-sno-1201	QO	vclaim-sno-biden-executive-order-dictator	1	46.34146341463415	SimBa
tweet-sno-1201	QO	vclaim-sno-bernie-sanders-rigged-unendorse	1	44.06779661016949	SimBa
tweet-sno-1201	QO	vclaim-sno-brooke-baldwin-military-authority	1	43.47826086956522	SimBa
tweet-sno-1201	QO	vclaim-sno-truth-carl-sagan-quote	1	43.333333333333336	SimBa
tweet-sno-1202	QO	vclaim-sno-scaramucci-nude-photos-wife-revenge-divorce	1	67.39130434782608	SimBa
tweet-sno-1202	QO	vclaim-sno-deadly-pullover	1	60.78431372549019	SimBa
tweet-sno-1202	QO	vclaim-sno-monica-lewinsky-trump-tweet	1	60.34482758620689	SimBa
tweet-sno-1202	QO	vclaim-sno-stephanie-grisham-dui	1	57.89473684210527	SimBa
tweet-sno-1202	QO	vclaim-sno-open-sesame	1	57.83132530120483	SimBa
tweet-sno-1203	QO	vclaim-sno-california-naacp-want-replace-national-anthem	1	37.142857142857146	SimBa
tweet-sno-1203	QO	vclaim-sno-child-abduction-kansas	1	35.29411764705882	SimBa
tweet-sno-1203	QO	vclaim-sno-leni-robredo-banned-us	1	33.89830508474576	SimBa
tweet-sno-1203	QO	vclaim-sno-head-shot	1	33.333333333333336	SimBa
tweet-sno-1203	QO	vclaim-sno-reddit-rape-guidelines	1	32.83582089552239	SimBa
tweet-sno-1204	QO	vclaim-sno-president-obama-assault-weapon-ban	1	64.40677966101694	SimBa
tweet-sno-1204	QO	vclaim-sno-biden-bans-china-virus	1	63.768115942028984	SimBa
tweet-sno-1204	QO	vclaim-sno-trump-eo-vaccine-ban	1	61.29032258064516	SimBa
tweet-sno-1204	QO	vclaim-sno-in-wake-of-election-obama-passes-executive-order-banning-all-fake-news-outlets	1	59.701492537313435	SimBa
tweet-sno-1204	QO	vclaim-sno-brazilian-oil	1	59.25925925925926	SimBa
tweet-sno-1205	QO	vclaim-sno-muslim-student-protest-trump	1	85.71428571428572	SimBa
tweet-sno-1205	QO	vclaim-sno-obama-bald-eagle-bison	1	83.07692307692308	SimBa
tweet-sno-1205	QO	vclaim-sno-ca-gop-ballot-drop-boxes	1	81.9672131147541	SimBa
tweet-sno-1205	QO	vclaim-sno-did-ben-carson-purchase-a-31000-dining-set-and-charge-it-to-hud	1	80.55555555555556	SimBa
tweet-sno-1205	QO	vclaim-sno-disney-live-action-hercules	1	79.36507936507937	SimBa
tweet-sno-1206	QO	vclaim-sno-trump-office-former-president	1	43.956043956043956	SimBa
tweet-sno-1206	QO	vclaim-sno-trump-obama-plane	1	41.55844155844156	SimBa
tweet-sno-1206	QO	vclaim-sno-trump-blm-150000-acres-fracking	1	40.36697247706422	SimBa
tweet-sno-1206	QO	vclaim-sno-trump-reinstated-belief	1	38.23529411764706	SimBa
tweet-sno-1206	QO	vclaim-sno-womens-march-assault-trump-flag	1	38.20224719101124	SimBa
tweet-sno-1207	QO	vclaim-sno-kaleb-shriners-hospitals-death	1	22.22222222222222	SimBa
tweet-sno-1207	QO	vclaim-sno-birdnapped	1	20.512820512820515	SimBa
tweet-sno-1207	QO	vclaim-sno-cocaine-smuggled-in-bananas	1	20.408163265306122	SimBa
tweet-sno-1207	QO	vclaim-sno-zika-bananas-ecuador	1	20.408163265306122	SimBa
tweet-sno-1207	QO	vclaim-sno-pga-ban-trump-golf-course	1	20.338983050847457	SimBa
tweet-sno-1208	QO	vclaim-sno-schumer-erection-senate-floor	1	24.390243902439025	SimBa
tweet-sno-1208	QO	vclaim-sno-jay-z-beyonce-buy-dmx-masters	1	22.641509433962263	SimBa
tweet-sno-1208	QO	vclaim-sno-martyrs-fake-death-video	1	21.238938053097346	SimBa
tweet-sno-1208	QO	vclaim-sno-measles-deaths-vaccine	1	21.052631578947366	SimBa
tweet-sno-1208	QO	vclaim-sno-baron-trumps-marvelous-underground-journey	1	20.472440944881892	SimBa
tweet-sno-1209	QO	vclaim-sno-ivanka-trump-news-network-parler	1	41.86046511627907	SimBa
tweet-sno-1209	QO	vclaim-sno-schumer-erection-senate-floor	1	41.269841269841265	SimBa
tweet-sno-1209	QO	vclaim-sno-trump-inauguration-viewership	1	41.02564102564103	SimBa
tweet-sno-1209	QO	vclaim-sno-trump-jr-impeached-deplorable	1	38.095238095238095	SimBa
tweet-sno-1209	QO	vclaim-sno-deutsche-bank-tweet	1	35.55555555555556	SimBa
tweet-sno-1210	QO	vclaim-sno-caitlin-serena	1	67.79661016949152	SimBa
tweet-sno-1210	QO	vclaim-sno-caitlyn-serena	1	67.79661016949152	SimBa
tweet-sno-1210	QO	vclaim-sno-elementary-my-dear-watson	1	57.62711864406779	SimBa
tweet-sno-1210	QO	vclaim-sno-simpsons-predicted-trump-budget	1	48.57142857142857	SimBa
tweet-sno-1210	QO	vclaim-sno-donald-trump-tubman	1	47.5	SimBa
tweet-sno-1211	QO	vclaim-sno-schumer-erection-senate-floor	1	68.42105263157896	SimBa
tweet-sno-1211	QO	vclaim-sno-ted-cruz-trump-violence-quote	1	46.15384615384616	SimBa
tweet-sno-1211	QO	vclaim-sno-ivanka-trump-ask-dad	1	45.070422535211264	SimBa
tweet-sno-1211	QO	vclaim-sno-trump-say-never-blame-yourself	1	44.44444444444444	SimBa
tweet-sno-1211	QO	vclaim-sno-trump-politics-is-boring	1	43.47826086956522	SimBa
tweet-sno-1212	QO	vclaim-sno-stephanie-grisham-dui	1	63.013698630136986	SimBa
tweet-sno-1212	QO	vclaim-sno-donald-trump-military-training-quote	1	60.0	SimBa
tweet-sno-1212	QO	vclaim-sno-mcdonalds-getting-rid-dollar-menu	1	59.523809523809526	SimBa
tweet-sno-1212	QO	vclaim-sno-act-like-youve-been-there-before	1	58.333333333333336	SimBa
tweet-sno-1212	QO	vclaim-sno-oprah-winfrey-harvey-weinstein-house	1	56.56565656565657	SimBa
tweet-sno-1213	QO	vclaim-sno-schumer-erection-senate-floor	1	34.146341463414636	SimBa
tweet-sno-1213	QO	vclaim-sno-wolf-moon-january	1	22.22222222222222	SimBa
tweet-sno-1213	QO	vclaim-sno-portland-ban-urinals-buildings	1	20.58823529411765	SimBa
tweet-sno-1213	QO	vclaim-sno-talking-shoplifting	1	19.444444444444443	SimBa
tweet-sno-1213	QO	vclaim-sno-african-americans-for-obama	1	18.75	SimBa
tweet-sno-1214	QO	vclaim-sno-hackman-trump-president	1	67.39130434782608	SimBa
tweet-sno-1214	QO	vclaim-sno-tali-ban	1	64.93506493506493	SimBa
tweet-sno-1214	QO	vclaim-sno-sarah-palin-russia-house	1	63.29113924050633	SimBa
tweet-sno-1214	QO	vclaim-sno-nancy-reagan-on-gay-pride	1	62.16216216216216	SimBa
tweet-sno-1214	QO	vclaim-sno-biden-coca-cola-tweet	1	61.72839506172839	SimBa
tweet-sno-1215	QO	vclaim-sno-heather-wick-slavery-joke	1	35.55555555555556	SimBa
tweet-sno-1215	QO	vclaim-sno-iowa-congressman-retweet-white-supremacist	1	30.18867924528302	SimBa
tweet-sno-1215	QO	vclaim-sno-the-unknown-soldiers	1	29.166666666666668	SimBa
tweet-sno-1215	QO	vclaim-sno-facebook-39no-religion39-campaign	1	29.09090909090909	SimBa
tweet-sno-1215	QO	vclaim-sno-clinton-gabbard-condolence	1	28.571428571428573	SimBa
tweet-sno-1216	QO	vclaim-sno-trump-criticize-obama-woodward	1	58.82352941176471	SimBa
tweet-sno-1216	QO	vclaim-sno-whats-in-a-name-2	1	50.769230769230774	SimBa
tweet-sno-1216	QO	vclaim-sno-pelosi-dems-will-shut-it-all-down	1	48.4375	SimBa
tweet-sno-1216	QO	vclaim-sno-white-christmas-petition-video	1	47.368421052631575	SimBa
tweet-sno-1216	QO	vclaim-sno-stephanie-grisham-dui	1	46.0	SimBa
tweet-sno-1217	QO	vclaim-sno-mccormick-director-taco-relations	1	36.36363636363636	SimBa
tweet-sno-1217	QO	vclaim-sno-paris-fined-hiring-many-women	1	35.294117647058826	SimBa
tweet-sno-1217	QO	vclaim-sno-donald-trump-appoints-kanye-west-to-cabinet-position	1	33.333333333333336	SimBa
tweet-sno-1217	QO	vclaim-sno-facebook-lifts-nipple-ban	1	31.746031746031743	SimBa
tweet-sno-1217	QO	vclaim-sno-morgan-freeman-trump-bonafide-sack	1	29.72972972972973	SimBa
tweet-sno-1218	QO	vclaim-sno-hobby-lobby-cotton	1	35.2	SimBa
tweet-sno-1218	QO	vclaim-sno-lead-in-flint-bottled-water	1	34.78260869565217	SimBa
tweet-sno-1218	QO	vclaim-sno-the-seven-year-bitch	1	31.746031746031743	SimBa
tweet-sno-1218	QO	vclaim-sno-maxine-waters-north-korea	1	29.53020134228188	SimBa
tweet-sno-1218	QO	vclaim-sno-facebook-quiz-scams	1	29.310344827586206	SimBa
tweet-sno-1219	QO	vclaim-sno-thomas-jefferson-speech-condemns-free-press	1	43.609022556390975	SimBa
tweet-sno-1219	QO	vclaim-sno-is-nfls-free-speech-accurately-portrayed	1	40.707964601769916	SimBa
tweet-sno-1219	QO	vclaim-sno-mcconnell-trump-attack-capitol	1	38.18181818181818	SimBa
tweet-sno-1219	QO	vclaim-sno-trump-nixon-attack-the-presss	1	37.60683760683761	SimBa
tweet-sno-1219	QO	vclaim-sno-my-pleasure-chick-fil-a	1	37.5	SimBa
tweet-sno-1220	QO	vclaim-sno-bachelor-colton-underwood-gay	1	31.788079470198678	SimBa
tweet-sno-1220	QO	vclaim-sno-best-bathroom-in-america	1	31.506849315068493	SimBa
tweet-sno-1220	QO	vclaim-sno-wearing-two-masks-covid	1	29.090909090909093	SimBa
tweet-sno-1220	QO	vclaim-sno-trump-second-coming-king-israel	1	28.947368421052634	SimBa
tweet-sno-1220	QO	vclaim-sno-burger-king-logo-new	1	28.125	SimBa
tweet-sno-1221	QO	vclaim-sno-trump-protesters-cans-of-soup	1	32.94117647058824	SimBa
tweet-sno-1221	QO	vclaim-sno-hillary-clinton-threw-a-tantrum-with-matt-lauer	1	32.83582089552239	SimBa
tweet-sno-1221	QO	vclaim-sno-did-sanders-supporters-throw-chairs-at-nevada-democratic-convention	1	32.352941176470594	SimBa
tweet-sno-1221	QO	vclaim-sno-hillary-clinton-had-drunken-meltdown-after-losing-the-election	1	32.25806451612903	SimBa
tweet-sno-1221	QO	vclaim-sno-philadelphia-fans-boo-santa-claus	1	31.57894736842105	SimBa
tweet-sno-1222	QO	vclaim-sno-trump-jr-impeached-deplorable	1	66.66666666666666	SimBa
tweet-sno-1222	QO	vclaim-sno-trump-discover-know-everything	1	43.47826086956522	SimBa
tweet-sno-1222	QO	vclaim-sno-michael-bloomberg-donald-trump	1	40.0	SimBa
tweet-sno-1222	QO	vclaim-sno-bloomberg-buy-trump-debt	1	40.0	SimBa
tweet-sno-1222	QO	vclaim-sno-joe-you-know-i-won-letter-trump	1	35.714285714285715	SimBa
tweet-sno-1223	QO	vclaim-sno-armie-hammer-cannibal-lifestyle	1	41.37931034482759	SimBa
tweet-sno-1223	QO	vclaim-sno-keanu-reeves-blood-drinking	1	23.880597014925375	SimBa
tweet-sno-1223	QO	vclaim-sno-drink-young-blood-health	1	23.529411764705884	SimBa
tweet-sno-1223	QO	vclaim-sno-blood-type-covid-19	1	23.255813953488374	SimBa
tweet-sno-1223	QO	vclaim-sno-bleacher-bums	1	22.72727272727273	SimBa
tweet-sno-1224	QO	vclaim-sno-indian-flag-capitol-riots	1	42.5	SimBa
tweet-sno-1224	QO	vclaim-sno-capitol-window-wave-video	1	30.58823529411765	SimBa
tweet-sno-1224	QO	vclaim-sno-hillary-clinton-supporter-stands-on-american-flag	1	29.166666666666668	SimBa
tweet-sno-1224	QO	vclaim-sno-eric-trump-tweets-illegal-ballot-selfie	1	27.160493827160494	SimBa
tweet-sno-1224	QO	vclaim-sno-mike-pence-confederate-flag	1	26.666666666666668	SimBa
tweet-sno-1225	QO	vclaim-sno-blasey-online-photos	1	40.0	SimBa
tweet-sno-1225	QO	vclaim-sno-mrs-doubtfire-remake-hill	1	38.59649122807017	SimBa
tweet-sno-1225	QO	vclaim-sno-faceapp-russians-photographs	1	36.0655737704918	SimBa
tweet-sno-1225	QO	vclaim-sno-twitter-star-of-david	1	34.92063492063492	SimBa
tweet-sno-1225	QO	vclaim-sno-rebel-wilson-weight	1	34.92063492063492	SimBa
tweet-sno-1226	QO	vclaim-sno-trump-carved-manatees-back	1	52.525252525252526	SimBa
tweet-sno-1226	QO	vclaim-sno-fox-news-profanity-laced-attack	1	35.0	SimBa
tweet-sno-1226	QO	vclaim-sno-merrick-garland-bill-barr-liar	1	31.496062992125985	SimBa
tweet-sno-1226	QO	vclaim-sno-melania-tweet-charlottesville	1	31.48148148148148	SimBa
tweet-sno-1226	QO	vclaim-sno-pandemicide-trump-covid	1	31.372549019607842	SimBa
tweet-sno-1227	QO	vclaim-sno-new-jersey-brother-sister-marry	1	34.95145631067961	SimBa
tweet-sno-1227	QO	vclaim-sno-mary-miller-hitler	1	33.33333333333333	SimBa
tweet-sno-1227	QO	vclaim-sno-elijah-cummings-said-democrats-gave-black-people-the-right-to-vote	1	32.69230769230769	SimBa
tweet-sno-1227	QO	vclaim-sno-pope-francis-married-priests	1	31.70731707317073	SimBa
tweet-sno-1227	QO	vclaim-sno-patriot-party-trump	1	30.92783505154639	SimBa
tweet-sno-1228	QO	vclaim-sno-mary-miller-hitler	1	46.66666666666667	SimBa
tweet-sno-1228	QO	vclaim-sno-pelosi-illegal-immigration-quote	1	44.800000000000004	SimBa
tweet-sno-1228	QO	vclaim-sno-mookie-wilson-dinosaurs	1	43.333333333333336	SimBa
tweet-sno-1228	QO	vclaim-sno-rioters-capitol-flagpole	1	42.97520661157025	SimBa
tweet-sno-1228	QO	vclaim-sno-killing-stone-split-evil-spirit	1	39.37007874015748	SimBa
tweet-sno-1229	QO	vclaim-sno-trump-riot-camp-auschwitz-shirt	1	53.16455696202532	SimBa
tweet-sno-1229	QO	vclaim-sno-trump-mob-capitol	1	50.00000000000001	SimBa
tweet-sno-1229	QO	vclaim-sno-aoc-omar-notre-dame-fire	1	49.411764705882355	SimBa
tweet-sno-1229	QO	vclaim-sno-swedish-church-vandalized-housing-muslim-refugees	1	49.35064935064935	SimBa
tweet-sno-1229	QO	vclaim-sno-vaccine-vial-evacuating-building	1	48.71794871794872	SimBa
tweet-sno-1230	QO	vclaim-sno-demi-lovato-nonbinary	1	37.33333333333333	SimBa
tweet-sno-1230	QO	vclaim-sno-capitol-riot-taser-death	1	36.144578313253014	SimBa
tweet-sno-1230	QO	vclaim-sno-chevy-chase-death-hoax	1	34.78260869565217	SimBa
tweet-sno-1230	QO	vclaim-sno-erma-bombecks-regrets	1	33.76623376623377	SimBa
tweet-sno-1230	QO	vclaim-sno-clint-eastwood-death-hoax	1	31.42857142857143	SimBa
tweet-sno-1231	QO	vclaim-sno-mark-twain-quote-fear-media	1	58.82352941176471	SimBa
tweet-sno-1231	QO	vclaim-sno-did-mark-twain-say-its-easier-to-fool-people-than-to-convince-them-that-they-have-been-fooled	1	48.387096774193544	SimBa
tweet-sno-1231	QO	vclaim-sno-cnn-antifa-capitol-riot	1	47.69230769230769	SimBa
tweet-sno-1231	QO	vclaim-sno-lawmaker-report-student-cursing	1	47.482014388489205	SimBa
tweet-sno-1231	QO	vclaim-sno-tucker-carlson-calls-milley-a-pig	1	46.808510638297875	SimBa
tweet-sno-1232	QO	vclaim-sno-president-gore-headline	1	36.0	SimBa
tweet-sno-1232	QO	vclaim-sno-is-barack-obama-more-self-referential-than-donald-trump	1	32.98969072164948	SimBa
tweet-sno-1232	QO	vclaim-sno-biden-bob-dole-end-of-message	1	30.612244897959183	SimBa
tweet-sno-1232	QO	vclaim-sno-waverly-labs-pilot-earpiece-translates-spoken-language	1	29.885057471264368	SimBa
tweet-sno-1232	QO	vclaim-sno-e-cigarettes-cancer-formaldehyde	1	28.82882882882883	SimBa
tweet-sno-1233	QO	vclaim-sno-pokemon-go-developer-niantic-to-develop-harry-potter-go	1	58.4070796460177	SimBa
tweet-sno-1233	QO	vclaim-sno-did-trump-say-he-loved-rioters	1	51.5625	SimBa
tweet-sno-1233	QO	vclaim-sno-did-trump-praise-covid-19-vaccines	1	50.60240963855422	SimBa
tweet-sno-1233	QO	vclaim-sno-trump-george-soros-go-to-hell	1	49.122807017543856	SimBa
tweet-sno-1233	QO	vclaim-sno-war-stories	1	49.056603773584904	SimBa
tweet-sno-1234	QO	vclaim-sno-lylah-rose	1	36.0655737704918	SimBa
tweet-sno-1234	QO	vclaim-sno-hang-mike-pence-chant-capitol-riot	1	32.786885245901644	SimBa
tweet-sno-1234	QO	vclaim-sno-portland-protesters-burn-bibles	1	32.786885245901644	SimBa
tweet-sno-1234	QO	vclaim-sno-schumer-erection-senate-floor	1	31.578947368421055	SimBa
tweet-sno-1234	QO	vclaim-sno-riot-whacked	1	31.57894736842105	SimBa
tweet-sno-1235	QO	vclaim-sno-ps-and-qs	1	43.47826086956522	SimBa
tweet-sno-1235	QO	vclaim-sno-presidential-election-postponed	1	36.8421052631579	SimBa
tweet-sno-1235	QO	vclaim-sno-donald-trump-purge-slogan	1	34.40860215053763	SimBa
tweet-sno-1235	QO	vclaim-sno-ecstasy-halloween-candy	1	32.96703296703297	SimBa
tweet-sno-1235	QO	vclaim-sno-keep-america-american	1	32.55813953488372	SimBa
tweet-sno-1236	QO	vclaim-sno-trump-generals-tom-cruise	1	38.83495145631068	SimBa
tweet-sno-1236	QO	vclaim-sno-joe-exotic-coronavirus	1	38.46153846153847	SimBa
tweet-sno-1236	QO	vclaim-sno-is-manuka-honey-better-than-all-known-antibiotics	1	37.83783783783784	SimBa
tweet-sno-1236	QO	vclaim-sno-trump-barrett-looks-nominated	1	36.89320388349515	SimBa
tweet-sno-1236	QO	vclaim-sno-unesco-india-national-anthem	1	34.146341463414636	SimBa
tweet-sno-1237	QO	vclaim-sno-kamala-harris-jacob-blake-proud	1	47.27272727272727	SimBa
tweet-sno-1237	QO	vclaim-sno-muslim-woman-told-to-hang-herself-with-hijab-at-walmart	1	41.666666666666664	SimBa
tweet-sno-1237	QO	vclaim-sno-phyllis-schlafly-woman-president-over-my-dead-body	1	40.0	SimBa
tweet-sno-1237	QO	vclaim-sno-cashier-flag-pin	1	37.735849056603776	SimBa
tweet-sno-1237	QO	vclaim-sno-eskimo-diss	1	36.36363636363637	SimBa
tweet-sno-1238	QO	vclaim-sno-hang-mike-pence-chant-capitol-riot	1	28.0	SimBa
tweet-sno-1238	QO	vclaim-sno-pga-ban-trump-golf-course	1	21.875	SimBa
tweet-sno-1238	QO	vclaim-sno-greta-thunberg-capitol-rioter	1	21.052631578947366	SimBa
tweet-sno-1238	QO	vclaim-sno-mypillow-antifa-temptresses	1	20.833333333333336	SimBa
tweet-sno-1238	QO	vclaim-sno-kaleb-shriners-hospitals-death	1	19.6078431372549	SimBa
tweet-sno-1239	QO	vclaim-sno-nike-afford-let-go	1	53.48837209302326	SimBa
tweet-sno-1239	QO	vclaim-sno-pretty-woman-sequel-hoax	1	50.32258064516129	SimBa
tweet-sno-1239	QO	vclaim-sno-trump-tweet-stimulus-checks	1	48.86363636363637	SimBa
tweet-sno-1239	QO	vclaim-sno-trump-criticize-obama-shutdown	1	48.61878453038674	SimBa
tweet-sno-1239	QO	vclaim-sno-megan-rapinoe-men-like-trump	1	44.680851063829785	SimBa
tweet-sno-1240	QO	vclaim-sno-national-guard-trump-mob	1	103.70370370370371	SimBa
tweet-sno-1240	QO	vclaim-sno-lincoln-memorial-defaced-protesters	1	76.66666666666667	SimBa
tweet-sno-1240	QO	vclaim-sno-black-lives-matter-marquesha-johnson-donations	1	70.37037037037037	SimBa
tweet-sno-1240	QO	vclaim-sno-biden-pardon-blm-protesters	1	67.85714285714286	SimBa
tweet-sno-1240	QO	vclaim-sno-attempted-robbery-target-field	1	66.66666666666666	SimBa
tweet-sno-1241	QO	vclaim-sno-trump-threaten-federal-buildings	1	60.869565217391305	SimBa
tweet-sno-1241	QO	vclaim-sno-donald-j-trump-state-park	1	37.5	SimBa
tweet-sno-1241	QO	vclaim-sno-trump-recount-battleground-states	1	36.8421052631579	SimBa
tweet-sno-1241	QO	vclaim-sno-donald-trumps-mother-immigrant	1	34.666666666666664	SimBa
tweet-sno-1241	QO	vclaim-sno-donald-trump-says-hell-legalize-weed-in-every-state	1	34.375	SimBa
tweet-sno-1242	QO	vclaim-sno-dmx-death-hoax	1	33.333333333333336	SimBa
tweet-sno-1242	QO	vclaim-sno-trump-navajo-twitter	1	32.0	SimBa
tweet-sno-1242	QO	vclaim-sno-twitter-disable-engagement-trump	1	30.0	SimBa
tweet-sno-1242	QO	vclaim-sno-india-banning-twitter	1	28.571428571428573	SimBa
tweet-sno-1242	QO	vclaim-sno-trump-deport-aoc-omar	1	28.57142857142857	SimBa
tweet-sno-1243	QO	vclaim-sno-trump-flag-american-flag-capitol	1	56.09756097560975	SimBa
tweet-sno-1243	QO	vclaim-sno-confederate-flag-capitol-dc	1	43.037974683544306	SimBa
tweet-sno-1243	QO	vclaim-sno-dianne-feinstein-confederate-flag	1	40.96385542168675	SimBa
tweet-sno-1243	QO	vclaim-sno-paula-white-satanic-pregnancies	1	40.54054054054054	SimBa
tweet-sno-1243	QO	vclaim-sno-bernie-sanders-meme-charity	1	37.5	SimBa
tweet-sno-1244	QO	vclaim-sno-banned-old-flag	1	57.62711864406779	SimBa
tweet-sno-1244	QO	vclaim-sno-confederate-flag-capitol-dc	1	51.72413793103448	SimBa
tweet-sno-1244	QO	vclaim-sno-red-ensign-scare	1	50.90909090909091	SimBa
tweet-sno-1244	QO	vclaim-sno-aoc-confederate-flag-richmond	1	48.9795918367347	SimBa
tweet-sno-1244	QO	vclaim-sno-dianne-feinstein-confederate-flag	1	48.387096774193544	SimBa
tweet-sno-1245	QO	vclaim-sno-kevin-seefried-democrat-biden	1	53.60824742268041	SimBa
tweet-sno-1245	QO	vclaim-sno-womens-march-assault-trump-flag	1	46.46464646464647	SimBa
tweet-sno-1245	QO	vclaim-sno-rosanne-boyland-trampled-flag	1	39.603960396039604	SimBa
tweet-sno-1245	QO	vclaim-sno-trump-flag-symbol-love	1	34.88372093023256	SimBa
tweet-sno-1245	QO	vclaim-sno-mike-pence-confederate-flag	1	32.98969072164948	SimBa
tweet-sno-1246	QO	vclaim-sno-cross-erected-capitol-building	1	63.1578947368421	SimBa
tweet-sno-1246	QO	vclaim-sno-chelsea-clinton-upside-down-satanic-cross	1	40.74074074074074	SimBa
tweet-sno-1246	QO	vclaim-sno-scientists-kale-marijuana-hybrid	1	40.0	SimBa
tweet-sno-1246	QO	vclaim-sno-cross-ayed	1	39.34426229508197	SimBa
tweet-sno-1246	QO	vclaim-sno-new-york-easter-cross-light-display	1	37.68115942028985	SimBa
tweet-sno-1247	QO	vclaim-sno-boris-johnson-turkish-muslim	1	25.31645569620253	SimBa
tweet-sno-1247	QO	vclaim-sno-muslim-figure-pork-free	1	24.719101123595507	SimBa
tweet-sno-1247	QO	vclaim-sno-victoria-secret-tracking-device	1	24.48979591836735	SimBa
tweet-sno-1247	QO	vclaim-sno-microsoft-own-patent-666	1	24.444444444444446	SimBa
tweet-sno-1247	QO	vclaim-sno-cthulhu-rising	1	24.17582417582418	SimBa
tweet-sno-1248	QO	vclaim-sno-steak-umms-neil-degrasse-tyson	1	27.272727272727273	SimBa
tweet-sno-1248	QO	vclaim-sno-snow-los-angeles	1	26.08695652173913	SimBa
tweet-sno-1248	QO	vclaim-sno-andy-rooney-politics	1	25.714285714285715	SimBa
tweet-sno-1248	QO	vclaim-sno-joy-behar-grabbed-robin-williams-by-the-crotch	1	24.096385542168676	SimBa
tweet-sno-1248	QO	vclaim-sno-blackout-2	1	24.0	SimBa
tweet-sno-1249	QO	vclaim-sno-vladimir-putin-rescued-trump-vietnam	1	55.10204081632653	SimBa
tweet-sno-1249	QO	vclaim-sno-florida-water-hack	1	54.3859649122807	SimBa
tweet-sno-1249	QO	vclaim-sno-icicle-texas-storms	1	54.16666666666667	SimBa
tweet-sno-1249	QO	vclaim-sno-renee-zellweger	1	54.16666666666667	SimBa
tweet-sno-1249	QO	vclaim-sno-cnn-antifa-capitol-riot	1	52.33644859813084	SimBa
tweet-sno-1250	QO	vclaim-sno-trump-mob-capitol	1	59.25925925925925	SimBa
tweet-sno-1250	QO	vclaim-sno-jj-watt-peloton-free-agent	1	56.79012345679012	SimBa
tweet-sno-1250	QO	vclaim-sno-giuliani-rally-speech	1	55.31914893617021	SimBa
tweet-sno-1250	QO	vclaim-sno-deceased-fbi-agent-found-at-trump-tower-with-silenced-pistol	1	55.0	SimBa
tweet-sno-1250	QO	vclaim-sno-break-neck-twerking	1	54.54545454545455	SimBa
tweet-sno-1251	QO	vclaim-sno-prisoner-died-testicles-missing	1	59.047619047619044	SimBa
tweet-sno-1251	QO	vclaim-sno-miriam-loomis-found-dead-clinton-estate	1	56.88073394495413	SimBa
tweet-sno-1251	QO	vclaim-sno-hillary-clinton-noose	1	53.33333333333333	SimBa
tweet-sno-1251	QO	vclaim-sno-chy-niece-thacker-police-trunk	1	52.03252032520325	SimBa
tweet-sno-1251	QO	vclaim-sno-batman-oral-sex-catwoman	1	51.37614678899083	SimBa
tweet-sno-1252	QO	vclaim-sno-covid-result-holiday-gatherings	1	45.11278195488722	SimBa
tweet-sno-1252	QO	vclaim-sno-paul-krugman-internets-effect-economy	1	23.008849557522126	SimBa
tweet-sno-1252	QO	vclaim-sno-david-hogg-clear-backpack-rights	1	21.42857142857143	SimBa
tweet-sno-1252	QO	vclaim-sno-teenage-daughter-shirt-pregnant	1	21.052631578947366	SimBa
tweet-sno-1252	QO	vclaim-sno-covid-vax-false-hiv	1	20.952380952380953	SimBa
tweet-sno-1253	QO	vclaim-sno-swim-after-eating	1	54.90196078431373	SimBa
tweet-sno-1253	QO	vclaim-sno-jc-penney-fairview-heights-flag-controversy	1	54.658385093167695	SimBa
tweet-sno-1253	QO	vclaim-sno-did-trump-praise-covid-19-vaccines	1	54.35897435897435	SimBa
tweet-sno-1253	QO	vclaim-sno-trump-take-firearms-first	1	51.21951219512195	SimBa
tweet-sno-1253	QO	vclaim-sno-puerto-rico-teamsters	1	50.574712643678154	SimBa
tweet-sno-1254	QO	vclaim-sno-david-hogg-attend-california-high-school	1	57.4468085106383	SimBa
tweet-sno-1254	QO	vclaim-sno-hillary-clinton-and-draftourdaughters	1	52.8735632183908	SimBa
tweet-sno-1254	QO	vclaim-sno-sasha-obama-school-rant	1	51.76470588235294	SimBa
tweet-sno-1254	QO	vclaim-sno-go-ask-alice	1	48.35164835164836	SimBa
tweet-sno-1254	QO	vclaim-sno-us-bans-pokemon-go	1	46.66666666666667	SimBa
tweet-sno-1255	QO	vclaim-sno-swimming-pool-wonderful-life	1	58.139534883720934	SimBa
tweet-sno-1255	QO	vclaim-sno-san-francisco-lincoln-blm	1	56.470588235294116	SimBa
tweet-sno-1255	QO	vclaim-sno-lincoln-memorial-defaced-protesters	1	46.34146341463415	SimBa
tweet-sno-1255	QO	vclaim-sno-fukushima-radiation-marine-photos	1	44.15584415584416	SimBa
tweet-sno-1255	QO	vclaim-sno-german-fuel-protest-image	1	43.24324324324324	SimBa
tweet-sno-1256	QO	vclaim-sno-mark-zuckerberg-is-david-rockefellers-grandson	1	82.3529411764706	SimBa
tweet-sno-1256	QO	vclaim-sno-twain-of-thought	1	73.68421052631578	SimBa
tweet-sno-1256	QO	vclaim-sno-mark-cuban-millennials-quote	1	70.4225352112676	SimBa
tweet-sno-1256	QO	vclaim-sno-jeff-goldblum-musk-zuckerberg	1	68.75	SimBa
tweet-sno-1256	QO	vclaim-sno-did-mark-zuckerberg-buy-a-150-million-yacht	1	68.75	SimBa
tweet-sno-1257	QO	vclaim-sno-hillary-clinton-marriage-is-always-between-a-man-and-a-woman	1	63.49206349206349	SimBa
tweet-sno-1257	QO	vclaim-sno-moms-for-mitt	1	45.33333333333333	SimBa
tweet-sno-1257	QO	vclaim-sno-clinton-women-caved-voting	1	44.15584415584416	SimBa
tweet-sno-1257	QO	vclaim-sno-william-golding-on-women	1	43.90243902439024	SimBa
tweet-sno-1257	QO	vclaim-sno-george-floyd-medical-incident	1	41.46341463414634	SimBa
tweet-sno-1258	QO	vclaim-sno-kaleb-shriners-hospitals-death	1	39.130434782608695	SimBa
tweet-sno-1258	QO	vclaim-sno-osteen-coronavirus-loan	1	35.55555555555556	SimBa
tweet-sno-1258	QO	vclaim-sno-tom-brady-ppp	1	33.333333333333336	SimBa
tweet-sno-1258	QO	vclaim-sno-boebert-ppp-loan	1	31.81818181818182	SimBa
tweet-sno-1258	QO	vclaim-sno-obama-kanye-chicago-bush	1	31.81818181818182	SimBa
tweet-sno-1259	QO	vclaim-sno-stephanie-grisham-dui	1	73.68421052631578	SimBa
tweet-sno-1259	QO	vclaim-sno-open-sesame	1	71.875	SimBa
tweet-sno-1259	QO	vclaim-sno-the-amish-dont-get-autism	1	67.79661016949152	SimBa
tweet-sno-1259	QO	vclaim-sno-leslie-jones-kate-mckinnon-married	1	65.57377049180329	SimBa
tweet-sno-1259	QO	vclaim-sno-mcdonalds-getting-rid-dollar-menu	1	63.768115942028984	SimBa
tweet-sno-1260	QO	vclaim-sno-did-taylor-swift-say-we-should-forgive-logan-paul	1	35.65891472868217	SimBa
tweet-sno-1260	QO	vclaim-sno-following-announcement	1	34.78260869565217	SimBa
tweet-sno-1260	QO	vclaim-sno-elon-musk-starlink-ukraine	1	34.78260869565217	SimBa
tweet-sno-1260	QO	vclaim-sno-harvard-degrees-trump	1	33.333333333333336	SimBa
tweet-sno-1260	QO	vclaim-sno-tyler-perry-harry-meghan-security	1	33.12101910828025	SimBa
tweet-sno-1261	QO	vclaim-sno-porsche-remorse	1	50.0	SimBa
tweet-sno-1261	QO	vclaim-sno-betsy-devos-education-secretary	1	48.27586206896552	SimBa
tweet-sno-1261	QO	vclaim-sno-stephanie-grisham-dui	1	46.315789473684205	SimBa
tweet-sno-1261	QO	vclaim-sno-leslie-jones-kate-mckinnon-married	1	44.89795918367347	SimBa
tweet-sno-1261	QO	vclaim-sno-open-sesame	1	44.66019417475728	SimBa
tweet-sno-1262	QO	vclaim-sno-obama-reporter-press-conference	1	43.24324324324324	SimBa
tweet-sno-1262	QO	vclaim-sno-trump-italy-ally-ancient-times	1	39.473684210526315	SimBa
tweet-sno-1262	QO	vclaim-sno-ivanka-trump-disavows-her-father	1	39.436619718309856	SimBa
tweet-sno-1262	QO	vclaim-sno-trip-wire	1	34.285714285714285	SimBa
tweet-sno-1262	QO	vclaim-sno-stockpile-website-change-kushner	1	34.146341463414636	SimBa
tweet-sno-1263	QO	vclaim-sno-joe-biden-roe-v-wade-quote	1	60.9375	SimBa
tweet-sno-1263	QO	vclaim-sno-barton-wind-finite	1	49.23076923076923	SimBa
tweet-sno-1263	QO	vclaim-sno-jed-babbin-accordian-quote	1	49.152542372881356	SimBa
tweet-sno-1263	QO	vclaim-sno-hillary-clinton-noose	1	48.739495798319325	SimBa
tweet-sno-1263	QO	vclaim-sno-war-stories	1	47.368421052631575	SimBa
tweet-sno-1264	QO	vclaim-sno-mardi-gras-canceled-covid19	1	28.571428571428573	SimBa
tweet-sno-1264	QO	vclaim-sno-insane-cliff-house	1	27.77777777777778	SimBa
tweet-sno-1264	QO	vclaim-sno-was-the-white-house-built-by-slaves	1	26.08695652173913	SimBa
tweet-sno-1264	QO	vclaim-sno-boebert-tweet-pelosi-location	1	25.714285714285715	SimBa
tweet-sno-1264	QO	vclaim-sno-fbi-director-james-comeys-trump-sign	1	24.691358024691358	SimBa
tweet-sno-1265	QO	vclaim-sno-moira-rose-home-alone	1	47.55244755244755	SimBa
tweet-sno-1265	QO	vclaim-sno-trump-barrett-looks-nominated	1	38.666666666666664	SimBa
tweet-sno-1265	QO	vclaim-sno-trump-made-america-the-best-sign	1	36.477987421383645	SimBa
tweet-sno-1265	QO	vclaim-sno-trump-quote-kim-jong-un-biden	1	35.8974358974359	SimBa
tweet-sno-1265	QO	vclaim-sno-sean-penn-moves-to-venezuela	1	35.151515151515156	SimBa
tweet-sno-1266	QO	vclaim-sno-hillary-clinton-noose	1	60.46511627906977	SimBa
tweet-sno-1266	QO	vclaim-sno-mail-in-ballots-missing	1	58.22784810126583	SimBa
tweet-sno-1266	QO	vclaim-sno-trumps-mom-call-him-idiot	1	56.09756097560975	SimBa
tweet-sno-1266	QO	vclaim-sno-trump-george-soros-go-to-hell	1	55.55555555555556	SimBa
tweet-sno-1266	QO	vclaim-sno-hollywood-strike-trump-resigns	1	54.76190476190476	SimBa
tweet-sno-1267	QO	vclaim-sno-the-north-face-refuse-jackets	1	83.54430379746836	SimBa
tweet-sno-1267	QO	vclaim-sno-trump-admin-seizing-ppe	1	43.83561643835616	SimBa
tweet-sno-1267	QO	vclaim-sno-julie-swetnick-restraining-order	1	42.10526315789473	SimBa
tweet-sno-1267	QO	vclaim-sno-muslims-declare-december-24th-islamic-holiday	1	40.57971014492754	SimBa
tweet-sno-1267	QO	vclaim-sno-federal-holiday-christmas-eve	1	40.54054054054054	SimBa
tweet-sno-1268	QO	vclaim-sno-alex-jones-biden-removed	1	73.33333333333334	SimBa
tweet-sno-1268	QO	vclaim-sno-militia-bidens-inauguration	1	44.15584415584416	SimBa
tweet-sno-1268	QO	vclaim-sno-trump-hotel-price-hike-march-4	1	42.85714285714286	SimBa
tweet-sno-1268	QO	vclaim-sno-biden-transition-pentagon	1	40.0	SimBa
tweet-sno-1268	QO	vclaim-sno-maga-trump-million-march	1	38.095238095238095	SimBa
tweet-sno-1269	QO	vclaim-sno-democrats-voting-twice-maryland	1	50.0	SimBa
tweet-sno-1269	QO	vclaim-sno-taxi-driver-murderer-fake-news	1	44.943820224719104	SimBa
tweet-sno-1269	QO	vclaim-sno-united-states-safest-country	1	44.18604651162791	SimBa
tweet-sno-1269	QO	vclaim-sno-louisiana-shrimp-quote	1	43.83561643835616	SimBa
tweet-sno-1269	QO	vclaim-sno-basket-cases	1	43.24324324324324	SimBa
tweet-sno-1270	QO	vclaim-sno-story-land-closing	1	39.08045977011494	SimBa
tweet-sno-1270	QO	vclaim-sno-donald-j-trump-state-park	1	36.144578313253014	SimBa
tweet-sno-1270	QO	vclaim-sno-the-floating-church	1	35.16483516483517	SimBa
tweet-sno-1270	QO	vclaim-sno-canadian-business-offers-land-to-relocating-americans	1	28.571428571428573	SimBa
tweet-sno-1270	QO	vclaim-sno-snakehead-fish-survive-on-land	1	28.571428571428573	SimBa
tweet-sno-1271	QO	vclaim-sno-federal-holiday-christmas-eve	1	76.71232876712328	SimBa
tweet-sno-1271	QO	vclaim-sno-coin-car-handle-warning	1	67.44186046511628	SimBa
tweet-sno-1271	QO	vclaim-sno-trump-checks-to-retirees	1	63.15789473684211	SimBa
tweet-sno-1271	QO	vclaim-sno-angelina-jolie-send-children-back	1	63.1578947368421	SimBa
tweet-sno-1271	QO	vclaim-sno-trump-ivanka-chametz	1	62.85714285714286	SimBa
tweet-sno-1272	QO	vclaim-sno-a-mysterious-roofing-job	1	54.54545454545455	SimBa
tweet-sno-1272	QO	vclaim-sno-costco-policy-change	1	53.96825396825397	SimBa
tweet-sno-1272	QO	vclaim-sno-the-don-patrol	1	51.515151515151516	SimBa
tweet-sno-1272	QO	vclaim-sno-8-mile-sequel-2016	1	51.515151515151516	SimBa
tweet-sno-1272	QO	vclaim-sno-donald-trump-tax-return-hack	1	50.0	SimBa
tweet-sno-1273	QO	vclaim-sno-disney-live-action-hercules	1	68.29268292682927	SimBa
tweet-sno-1273	QO	vclaim-sno-ca-gop-ballot-drop-boxes	1	66.66666666666666	SimBa
tweet-sno-1273	QO	vclaim-sno-obama-bald-eagle-bison	1	59.09090909090909	SimBa
tweet-sno-1273	QO	vclaim-sno-life-images-kissing-guide-real	1	58.58585858585859	SimBa
tweet-sno-1273	QO	vclaim-sno-woman-sets-her-husband-on-fire-for-raping-daughter	1	58.426966292134836	SimBa
tweet-sno-1274	QO	vclaim-sno-dementor-figure-in-sky	1	35.294117647058826	SimBa
tweet-sno-1274	QO	vclaim-sno-patent-zero	1	26.08695652173913	SimBa
tweet-sno-1274	QO	vclaim-sno-cdc-ted-cruz-mexico	1	25.88235294117647	SimBa
tweet-sno-1274	QO	vclaim-sno-cum-park-plaza-photo	1	25.88235294117647	SimBa
tweet-sno-1274	QO	vclaim-sno-fidget-spinners-affect-gravity	1	25.714285714285715	SimBa
tweet-sno-1275	QO	vclaim-sno-costco-rotisserie-chicken-cheap	1	129.11392405063293	SimBa
tweet-sno-1275	QO	vclaim-sno-michigan-right-to-farm-act-repealed	1	39.31623931623931	SimBa
tweet-sno-1275	QO	vclaim-sno-presidential-election-postponed	1	33.734939759036145	SimBa
tweet-sno-1275	QO	vclaim-sno-donald-trump-purge-slogan	1	32.0	SimBa
tweet-sno-1275	QO	vclaim-sno-samantha-bees-husband-school	1	30.10752688172043	SimBa
tweet-sno-1276	QO	vclaim-sno-ia-fl-oh-election-loss	1	47.36842105263158	SimBa
tweet-sno-1276	QO	vclaim-sno-proud-boys-mock-trump	1	41.55844155844156	SimBa
tweet-sno-1276	QO	vclaim-sno-won-both-ohio-florida-lost	1	40.0	SimBa
tweet-sno-1276	QO	vclaim-sno-conspiracy-theory-pizzagate-2011-interview	1	37.9746835443038	SimBa
tweet-sno-1276	QO	vclaim-sno-trump-accuse-cruz-fraud	1	37.64705882352941	SimBa
tweet-sno-1277	QO	vclaim-sno-apartment-radiator-pandemic-spread	1	66.16541353383458	SimBa
tweet-sno-1277	QO	vclaim-sno-museum-peace	1	36.507936507936506	SimBa
tweet-sno-1277	QO	vclaim-sno-diseased-animal-carcass-meat	1	31.25	SimBa
tweet-sno-1277	QO	vclaim-sno-what-is-the-bottom-drawer-of-an-oven-really-for	1	28.571428571428573	SimBa
tweet-sno-1277	QO	vclaim-sno-hillary-clinton-fill-senate-seat	1	27.94117647058824	SimBa
tweet-sno-1278	QO	vclaim-sno-gwen-shamblin-death	1	35.483870967741936	SimBa
tweet-sno-1278	QO	vclaim-sno-man-sue-mcdonalds-depressed-eating-happy-meal	1	34.375	SimBa
tweet-sno-1278	QO	vclaim-sno-heir-raising-experience	1	33.333333333333336	SimBa
tweet-sno-1278	QO	vclaim-sno-organ-donors-still-alive-not-anesthetized	1	32.786885245901644	SimBa
tweet-sno-1278	QO	vclaim-sno-andy-kaufman-hoax	1	32.786885245901644	SimBa
tweet-sno-1279	QO	vclaim-sno-snow-los-angeles	1	62.50000000000001	SimBa
tweet-sno-1279	QO	vclaim-sno-ivanka-trump-disavows-her-father	1	54.54545454545455	SimBa
tweet-sno-1279	QO	vclaim-sno-trump-italy-ally-ancient-times	1	53.333333333333336	SimBa
tweet-sno-1279	QO	vclaim-sno-willie-nelson-seriously-ill	1	48.9795918367347	SimBa
tweet-sno-1279	QO	vclaim-sno-trip-wire	1	48.148148148148145	SimBa
tweet-sno-1280	QO	vclaim-sno-biden-harris-disease-disagreed	1	119.14893617021276	SimBa
tweet-sno-1280	QO	vclaim-sno-harry-david-says-company-neutral-racism-neo-nazis	1	43.13725490196078	SimBa
tweet-sno-1280	QO	vclaim-sno-cuomo-vaccine-bad-news-trump	1	40.35087719298245	SimBa
tweet-sno-1280	QO	vclaim-sno-covid-vaccine-female-sterilization	1	40.0	SimBa
tweet-sno-1280	QO	vclaim-sno-pokemon-satanist-anti-christian-inverview	1	38.0	SimBa
tweet-sno-1281	QO	vclaim-sno-ethan-hauschultz-bible-verses	1	47.61904761904762	SimBa
tweet-sno-1281	QO	vclaim-sno-nike-donations-republicans	1	44.44444444444444	SimBa
tweet-sno-1281	QO	vclaim-sno-our-days-feel-shorter-because-time-is-literally-speeding-up	1	41.02564102564103	SimBa
tweet-sno-1281	QO	vclaim-sno-pelosi-hair-salon	1	39.34426229508197	SimBa
tweet-sno-1281	QO	vclaim-sno-himalayas-visible-india-30-years	1	37.5	SimBa
tweet-sno-1282	QO	vclaim-sno-protesters-beat-homeless-veteran	1	50.98039215686274	SimBa
tweet-sno-1282	QO	vclaim-sno-spicy-peppers-breast-cancer	1	48.275862068965516	SimBa
tweet-sno-1282	QO	vclaim-sno-muslim-bikini	1	44.82758620689655	SimBa
tweet-sno-1282	QO	vclaim-sno-australian-military-veteran-beat-up-eight-muslims-for-attacking-his-wife	1	44.06779661016949	SimBa
tweet-sno-1282	QO	vclaim-sno-into-the-bleach	1	41.93548387096774	SimBa
tweet-sno-1283	QO	vclaim-sno-insider-trading	1	43.63636363636363	SimBa
tweet-sno-1283	QO	vclaim-sno-police-delaware-shoot-kill-man-wheelchair	1	39.436619718309856	SimBa
tweet-sno-1283	QO	vclaim-sno-nike-donations-republicans	1	37.03703703703704	SimBa
tweet-sno-1283	QO	vclaim-sno-lebanon-mo-walmart-cell-phone-rumor	1	35.55555555555556	SimBa
tweet-sno-1283	QO	vclaim-sno-kiss-no-makeup	1	35.294117647058826	SimBa
tweet-sno-1284	QO	vclaim-sno-samira-ibrahim	1	27.184466019417478	SimBa
tweet-sno-1284	QO	vclaim-sno-biden-meeting-no-masks	1	25.454545454545453	SimBa
tweet-sno-1284	QO	vclaim-sno-cbs-latinos-trump-biden	1	24.76190476190476	SimBa
tweet-sno-1284	QO	vclaim-sno-the-real-mitt-romney	1	24.74226804123711	SimBa
tweet-sno-1284	QO	vclaim-sno-the-cented-garden	1	24.48979591836735	SimBa
tweet-sno-1285	QO	vclaim-sno-seattle-police-confiscate-mans-guns-without-warrant	1	56.41025641025641	SimBa
tweet-sno-1285	QO	vclaim-sno-guns-drawn-house-chamber	1	50.34965034965035	SimBa
tweet-sno-1285	QO	vclaim-sno-michael-jackson-nose-photo	1	48.387096774193544	SimBa
tweet-sno-1285	QO	vclaim-sno-donald-trump-fake-tweet	1	48.175182481751825	SimBa
tweet-sno-1285	QO	vclaim-sno-ted-cruz-cancun	1	47.24409448818898	SimBa
tweet-sno-1286	QO	vclaim-sno-nasa-sally-ride-100-tampons	1	55.42168674698796	SimBa
tweet-sno-1286	QO	vclaim-sno-columbus-ships-names	1	32.55813953488372	SimBa
tweet-sno-1286	QO	vclaim-sno-omg-winston-churchill	1	29.885057471264368	SimBa
tweet-sno-1286	QO	vclaim-sno-jill-biden-spanish-elected	1	29.166666666666668	SimBa
tweet-sno-1286	QO	vclaim-sno-betsy-ross-quaker-slavery-views	1	28.037383177570092	SimBa
tweet-sno-1287	QO	vclaim-sno-porsche-remorse	1	65.45454545454545	SimBa
tweet-sno-1287	QO	vclaim-sno-facebook-cold-stone-pregnancy-discount	1	63.06306306306306	SimBa
tweet-sno-1287	QO	vclaim-sno-seniors-medicare-immigrants	1	63.06306306306306	SimBa
tweet-sno-1287	QO	vclaim-sno-ever-given-stuck-again	1	62.5	SimBa
tweet-sno-1287	QO	vclaim-sno-free-aston-martins	1	62.068965517241374	SimBa
tweet-sno-1288	QO	vclaim-sno-did-trump-praise-covid-19-vaccines	1	79.76190476190476	SimBa
tweet-sno-1288	QO	vclaim-sno-monica-lewinsky-trump-tweet	1	71.72413793103449	SimBa
tweet-sno-1288	QO	vclaim-sno-trump-take-firearms-first	1	68.05555555555556	SimBa
tweet-sno-1288	QO	vclaim-sno-donald-trump-queen-england	1	63.44827586206897	SimBa
tweet-sno-1288	QO	vclaim-sno-swim-after-eating	1	58.15602836879433	SimBa
tweet-sno-1289	QO	vclaim-sno-porsche-remorse	1	66.0	SimBa
tweet-sno-1289	QO	vclaim-sno-seniors-medicare-immigrants	1	63.366336633663366	SimBa
tweet-sno-1289	QO	vclaim-sno-free-aston-martins	1	62.264150943396224	SimBa
tweet-sno-1289	QO	vclaim-sno-this-one39s-on-clooney	1	61.6822429906542	SimBa
tweet-sno-1289	QO	vclaim-sno-my-pleasure-chick-fil-a	1	60.78431372549019	SimBa
tweet-sno-1290	QO	vclaim-sno-porsche-remorse	1	76.92307692307693	SimBa
tweet-sno-1290	QO	vclaim-sno-free-aston-martins	1	69.38775510204081	SimBa
tweet-sno-1290	QO	vclaim-sno-this-one39s-on-clooney	1	68.68686868686869	SimBa
tweet-sno-1290	QO	vclaim-sno-seniors-medicare-immigrants	1	68.08510638297872	SimBa
tweet-sno-1290	QO	vclaim-sno-walmart-gift-card-2018	1	64.70588235294117	SimBa
tweet-sno-1291	QO	vclaim-sno-biden-covid-vaccine	1	73.11827956989247	SimBa
tweet-sno-1291	QO	vclaim-sno-just-deserts-meaning	1	63.1578947368421	SimBa
tweet-sno-1291	QO	vclaim-sno-president-trump-say-eventually-will-get-something-done	1	62.745098039215684	SimBa
tweet-sno-1291	QO	vclaim-sno-act-like-youve-been-there-before	1	62.264150943396224	SimBa
tweet-sno-1291	QO	vclaim-sno-donald-trump-nigeria-quote	1	61.85567010309278	SimBa
tweet-sno-1292	QO	vclaim-sno-matt-putz	1	52.27272727272728	SimBa
tweet-sno-1292	QO	vclaim-sno-josh-moores-breastfeeding-comment	1	37.62376237623762	SimBa
tweet-sno-1292	QO	vclaim-sno-donald-j-trump-state-park	1	37.362637362637365	SimBa
tweet-sno-1292	QO	vclaim-sno-trump-recount-battleground-states	1	36.7816091954023	SimBa
tweet-sno-1292	QO	vclaim-sno-salary-cap	1	35.294117647058826	SimBa
tweet-sno-1293	QO	vclaim-sno-light-touch	1	38.095238095238095	SimBa
tweet-sno-1293	QO	vclaim-sno-dead-ringer	1	37.33333333333333	SimBa
tweet-sno-1293	QO	vclaim-sno-christian-owned-airlines-change-wing-light-colors-to-celebrate-christmas	1	36.36363636363636	SimBa
tweet-sno-1293	QO	vclaim-sno-belgian-lights-phallic-display	1	35.483870967741936	SimBa
tweet-sno-1293	QO	vclaim-sno-coors-beer-cocaine	1	30.555555555555554	SimBa
tweet-sno-1294	QO	vclaim-sno-sons-of-anarchy-movie	1	64.78873239436619	SimBa
tweet-sno-1294	QO	vclaim-sno-women-ancient-rome-turpentine-urine	1	59.793814432989684	SimBa
tweet-sno-1294	QO	vclaim-sno-nintendo-sue-paco-gutierrez	1	58.536585365853654	SimBa
tweet-sno-1294	QO	vclaim-sno-twerky-jerk	1	57.89473684210527	SimBa
tweet-sno-1294	QO	vclaim-sno-was-back-to-future-iv-confirmed	1	57.83132530120483	SimBa
tweet-sno-1295	QO	vclaim-sno-mariah-carey-dead-kennedys-antifa	1	62.264150943396224	SimBa
tweet-sno-1295	QO	vclaim-sno-ruby-tuesday-closing	1	61.97183098591549	SimBa
tweet-sno-1295	QO	vclaim-sno-taco-bell-closing-2020	1	61.11111111111111	SimBa
tweet-sno-1295	QO	vclaim-sno-flash-player-no-longer-supported	1	59.154929577464785	SimBa
tweet-sno-1295	QO	vclaim-sno-gay-jesus-film	1	58.33333333333333	SimBa
tweet-sno-1296	QO	vclaim-sno-flash-player-no-longer-supported	1	100.00000000000001	SimBa
tweet-sno-1296	QO	vclaim-sno-clint-eastwood-bloomberg	1	48.0	SimBa
tweet-sno-1296	QO	vclaim-sno-child-support-abolished	1	47.826086956521735	SimBa
tweet-sno-1296	QO	vclaim-sno-sam-elliott-endorse-biden	1	41.509433962264154	SimBa
tweet-sno-1296	QO	vclaim-sno-coors-and-nazis	1	40.909090909090914	SimBa
tweet-sno-1297	QO	vclaim-sno-flash-player-no-longer-supported	1	72.22222222222221	SimBa
tweet-sno-1297	QO	vclaim-sno-susan-collins-fake-quote	1	39.62264150943396	SimBa
tweet-sno-1297	QO	vclaim-sno-stairway-from-heaven	1	31.914893617021278	SimBa
tweet-sno-1297	QO	vclaim-sno-portland-sheriff-endorse-trump	1	28.235294117647058	SimBa
tweet-sno-1297	QO	vclaim-sno-child-support-abolished	1	28.205128205128208	SimBa
tweet-sno-1298	QO	vclaim-sno-social-security-changes-may-2016	1	40.96385542168675	SimBa
tweet-sno-1298	QO	vclaim-sno-twilight-saga-moonlight-glow	1	39.50617283950617	SimBa
tweet-sno-1298	QO	vclaim-sno-trump-accuse-cruz-fraud	1	39.08045977011494	SimBa
tweet-sno-1298	QO	vclaim-sno-superman-is-coming-in-supergirl-poster	1	38.55421686746988	SimBa
tweet-sno-1298	QO	vclaim-sno-beetlejuice-2-coming-soon	1	38.46153846153847	SimBa
tweet-sno-1299	QO	vclaim-sno-jj-watt-peloton-free-agent	1	61.97183098591549	SimBa
tweet-sno-1299	QO	vclaim-sno-swedish-church-vandalized-housing-muslim-refugees	1	58.064516129032256	SimBa
tweet-sno-1299	QO	vclaim-sno-vaccine-vial-evacuating-building	1	57.14285714285714	SimBa
tweet-sno-1299	QO	vclaim-sno-roderick-scott	1	56.71641791044777	SimBa
tweet-sno-1299	QO	vclaim-sno-kellyanne-conway-fistfight	1	56.71641791044777	SimBa
tweet-sno-1300	QO	vclaim-sno-ted-cruz-donald-trump-endorsement	1	57.69230769230769	SimBa
tweet-sno-1300	QO	vclaim-sno-ilhan-omar-proud	1	54.368932038834956	SimBa
tweet-sno-1300	QO	vclaim-sno-chris-christie-teacher-minimum-wage	1	52.94117647058823	SimBa
tweet-sno-1300	QO	vclaim-sno-beto-orourke-reality-check	1	52.525252525252526	SimBa
tweet-sno-1300	QO	vclaim-sno-sarah-palin-lyme-disease	1	51.32743362831859	SimBa
tweet-sno-1301	QO	vclaim-sno-golf-course-burial	1	40.0	SimBa
tweet-sno-1301	QO	vclaim-sno-gina-haspel-found-dead	1	31.578947368421055	SimBa
tweet-sno-1301	QO	vclaim-sno-floyd-county-georgia-votes	1	31.304347826086957	SimBa
tweet-sno-1301	QO	vclaim-sno-water-bottle-hood-kidnapping	1	30.769230769230774	SimBa
tweet-sno-1301	QO	vclaim-sno-tapping-the-admirable	1	30.58823529411765	SimBa
tweet-sno-1302	QO	vclaim-sno-johns-hopkins-covid-deaths	1	69.44444444444444	SimBa
tweet-sno-1302	QO	vclaim-sno-cpac-stage-nazi-symbol	1	30.769230769230774	SimBa
tweet-sno-1302	QO	vclaim-sno-coronavirus-cure-bryant	1	29.411764705882355	SimBa
tweet-sno-1302	QO	vclaim-sno-caitlyn-serena	1	29.411764705882355	SimBa
tweet-sno-1302	QO	vclaim-sno-caitlin-serena	1	29.411764705882355	SimBa
tweet-sno-1303	QO	vclaim-sno-powerball-lottery-not-cancelled	1	63.1578947368421	SimBa
tweet-sno-1303	QO	vclaim-sno-who-stripped-jessica-rabbit	1	55.73770491803279	SimBa
tweet-sno-1303	QO	vclaim-sno-metallica-lawsuit-hoax	1	54.23728813559322	SimBa
tweet-sno-1303	QO	vclaim-sno-hazard-pay	1	52.94117647058824	SimBa
tweet-sno-1303	QO	vclaim-sno-police-gun-driver-not-white	1	51.515151515151516	SimBa
tweet-sno-1304	QO	vclaim-sno-10-month-old-baby-drawing	1	57.47126436781609	SimBa
tweet-sno-1304	QO	vclaim-sno-study-suggests-humans-can-literally-feed-off-each-others-energy	1	42.016806722689076	SimBa
tweet-sno-1304	QO	vclaim-sno-guns-drawn-house-chamber	1	40.32258064516129	SimBa
tweet-sno-1304	QO	vclaim-sno-guitar-genius	1	40.0	SimBa
tweet-sno-1304	QO	vclaim-sno-steve-martin-puppy	1	39.53488372093023	SimBa
tweet-sno-1305	QO	vclaim-sno-powerball-lottery-not-cancelled	1	45.070422535211264	SimBa
tweet-sno-1305	QO	vclaim-sno-who-stripped-jessica-rabbit	1	40.0	SimBa
tweet-sno-1305	QO	vclaim-sno-stephen-wiltshire	1	39.436619718309856	SimBa
tweet-sno-1305	QO	vclaim-sno-hazard-pay	1	39.02439024390244	SimBa
tweet-sno-1305	QO	vclaim-sno-10-month-old-baby-drawing	1	38.96103896103896	SimBa
tweet-sno-1306	QO	vclaim-sno-google-sotu-promotion	1	38.83495145631068	SimBa
tweet-sno-1306	QO	vclaim-sno-trump-quote-about-jesus	1	34.69387755102041	SimBa
tweet-sno-1306	QO	vclaim-sno-michael-cohen-hillary-clinton	1	33.68421052631579	SimBa
tweet-sno-1306	QO	vclaim-sno-hpcd-car-fuel	1	33.333333333333336	SimBa
tweet-sno-1306	QO	vclaim-sno-president-trump-say-eventually-will-get-something-done	1	32.142857142857146	SimBa
tweet-sno-1307	QO	vclaim-sno-false-rubio-cruz-trump-tweet	1	54.83870967741935	SimBa
tweet-sno-1307	QO	vclaim-sno-trump-quote-about-jesus	1	47.05882352941177	SimBa
tweet-sno-1307	QO	vclaim-sno-zelensky-trump-nothing-wrong	1	40.96385542168675	SimBa
tweet-sno-1307	QO	vclaim-sno-fauci-trump-handling-covid	1	38.46153846153847	SimBa
tweet-sno-1307	QO	vclaim-sno-clinton-body-bags	1	35.8974358974359	SimBa
tweet-sno-1308	QO	vclaim-sno-trump-pardon-turkey-election	1	74.74747474747475	SimBa
tweet-sno-1308	QO	vclaim-sno-harding-china-poker	1	56.17977528089888	SimBa
tweet-sno-1308	QO	vclaim-sno-trump-condemn-white-supremacists	1	47.727272727272734	SimBa
tweet-sno-1308	QO	vclaim-sno-trump-bunker-putin-parody	1	45.97701149425287	SimBa
tweet-sno-1308	QO	vclaim-sno-feliz-navidad-white-house	1	45.78313253012048	SimBa
tweet-sno-1309	QO	vclaim-sno-ca-gop-ballot-drop-boxes	1	56.52173913043478	SimBa
tweet-sno-1309	QO	vclaim-sno-disney-live-action-hercules	1	55.31914893617021	SimBa
tweet-sno-1309	QO	vclaim-sno-alaska-town-60-days-without-sun	1	54.54545454545455	SimBa
tweet-sno-1309	QO	vclaim-sno-obama-bald-eagle-bison	1	53.06122448979592	SimBa
tweet-sno-1309	QO	vclaim-sno-woman-sets-her-husband-on-fire-for-raping-daughter	1	52.525252525252526	SimBa
tweet-sno-1310	QO	vclaim-sno-florida-air-force-robotic-dogs	1	72.72727272727272	SimBa
tweet-sno-1310	QO	vclaim-sno-joe-jackson-medal-of-honor-death	1	70.6896551724138	SimBa
tweet-sno-1310	QO	vclaim-sno-pokemon-go-dog-walking-program	1	53.78151260504202	SimBa
tweet-sno-1310	QO	vclaim-sno-wake-up-call	1	51.162790697674424	SimBa
tweet-sno-1310	QO	vclaim-sno-a-new-breed-of-gunner	1	48.214285714285715	SimBa
tweet-sno-1311	QO	vclaim-sno-20000-dead-voters-in-pennsylvania	1	73.5632183908046	SimBa
tweet-sno-1311	QO	vclaim-sno-53000-dead-florida-voters	1	57.142857142857146	SimBa
tweet-sno-1311	QO	vclaim-sno-duolingo-toilet-paper	1	36.52173913043478	SimBa
tweet-sno-1311	QO	vclaim-sno-white-easter-egg-roll	1	35.18518518518518	SimBa
tweet-sno-1311	QO	vclaim-sno-trump-economy-crashing-quote	1	34.96503496503497	SimBa
tweet-sno-1312	QO	vclaim-sno-alien-mummy-peru	1	45.45454545454545	SimBa
tweet-sno-1312	QO	vclaim-sno-man-finds-weird-cave	1	45.16129032258064	SimBa
tweet-sno-1312	QO	vclaim-sno-adam-sandler-death-hoax-2	1	44.776119402985074	SimBa
tweet-sno-1312	QO	vclaim-sno-ronda-rousey-death-hoax	1	44.776119402985074	SimBa
tweet-sno-1312	QO	vclaim-sno-christmas-tree-owl	1	44.15584415584416	SimBa
tweet-sno-1313	QO	vclaim-sno-popular-vote-totals-rigged	1	53.52112676056338	SimBa
tweet-sno-1313	QO	vclaim-sno-wisconsin-vote-dump	1	44.44444444444444	SimBa
tweet-sno-1313	QO	vclaim-sno-biden-306-electoral-votes	1	38.23529411764706	SimBa
tweet-sno-1313	QO	vclaim-sno-rumor-alert-biden-michigan-votes	1	35.8974358974359	SimBa
tweet-sno-1313	QO	vclaim-sno-roger-stone-martial-law-trump	1	35.294117647058826	SimBa
tweet-sno-1314	QO	vclaim-sno-trump-rant-mar-a-lago	1	47.19101123595506	SimBa
tweet-sno-1314	QO	vclaim-sno-anti-trump-protesters-destroy-america	1	41.37931034482759	SimBa
tweet-sno-1314	QO	vclaim-sno-trumps-lev-parnas-igor-fruman	1	40.449438202247194	SimBa
tweet-sno-1314	QO	vclaim-sno-dominion-servers-germany-seized	1	38.20224719101124	SimBa
tweet-sno-1314	QO	vclaim-sno-what-if-taxpayers-only-voted-map	1	38.095238095238095	SimBa
tweet-sno-1315	QO	vclaim-sno-president-trump-in-diaper	1	77.77777777777777	SimBa
tweet-sno-1315	QO	vclaim-sno-trump-sons-photo	1	75.0	SimBa
tweet-sno-1315	QO	vclaim-sno-donald-trumps-mother-photo	1	73.17073170731707	SimBa
tweet-sno-1315	QO	vclaim-sno-trumps-lev-parnas-igor-fruman	1	72.34042553191489	SimBa
tweet-sno-1315	QO	vclaim-sno-donald-trumps-golden-toilet	1	71.7948717948718	SimBa
tweet-sno-1316	QO	vclaim-sno-ayn-rand-quote	1	77.68595041322314	SimBa
tweet-sno-1316	QO	vclaim-sno-nugents-of-wisdom	1	62.18487394957983	SimBa
tweet-sno-1316	QO	vclaim-sno-did-trump-praise-covid-19-vaccines	1	60.0	SimBa
tweet-sno-1316	QO	vclaim-sno-hillary-clinton-noose	1	57.62711864406779	SimBa
tweet-sno-1316	QO	vclaim-sno-pokemon-go-developer-niantic-to-develop-harry-potter-go	1	52.38095238095238	SimBa
tweet-sno-1317	QO	vclaim-sno-cornyn-votes-puerto-rico	1	115.78947368421052	SimBa
tweet-sno-1317	QO	vclaim-sno-woman-runs-husband-down-with-suv-because-he-voted-for-trump	1	59.4059405940594	SimBa
tweet-sno-1317	QO	vclaim-sno-worldwide-chocolate-shortage	1	53.191489361702125	SimBa
tweet-sno-1317	QO	vclaim-sno-facebook-ted-ad	1	53.06122448979592	SimBa
tweet-sno-1317	QO	vclaim-sno-preston-loyd	1	52.083333333333336	SimBa
tweet-sno-1318	QO	vclaim-sno-pa-mailin-votes-ballots	1	39.53488372093023	SimBa
tweet-sno-1318	QO	vclaim-sno-broward-county-fraud-voters-votes	1	37.89473684210526	SimBa
tweet-sno-1318	QO	vclaim-sno-caitlin-serena	1	32.94117647058824	SimBa
tweet-sno-1318	QO	vclaim-sno-caitlyn-serena	1	32.94117647058824	SimBa
tweet-sno-1318	QO	vclaim-sno-obama-created-more-jobs-trump	1	32.72727272727273	SimBa
tweet-sno-1319	QO	vclaim-sno-torontos-clean-streets	1	51.239669421487605	SimBa
tweet-sno-1319	QO	vclaim-sno-floyd-county-georgia-votes	1	48.4375	SimBa
tweet-sno-1319	QO	vclaim-sno-trump-mob-capitol	1	46.2962962962963	SimBa
tweet-sno-1319	QO	vclaim-sno-man-found-alive-bear-kept-food	1	42.5531914893617	SimBa
tweet-sno-1319	QO	vclaim-sno-newspaper-ad-ku-klux-klan-praise-donald-trump	1	42.10526315789473	SimBa
tweet-sno-1320	QO	vclaim-sno-impeachment-rally-in-toronto	1	52.27272727272728	SimBa
tweet-sno-1320	QO	vclaim-sno-mcdonalds-supports-chick-fil-a	1	51.76470588235294	SimBa
tweet-sno-1320	QO	vclaim-sno-abrams-campaign-sign-photo	1	49.411764705882355	SimBa
tweet-sno-1320	QO	vclaim-sno-amish-buggies-trump	1	48.88888888888889	SimBa
tweet-sno-1320	QO	vclaim-sno-welcome-to-baltimore	1	46.808510638297875	SimBa
tweet-sno-1321	QO	vclaim-sno-trump-healthcare-lesley-stahl	1	42.76729559748428	SimBa
tweet-sno-1321	QO	vclaim-sno-white-house-raises	1	37.83783783783784	SimBa
tweet-sno-1321	QO	vclaim-sno-trump-orderly-transition-power	1	36.73469387755102	SimBa
tweet-sno-1321	QO	vclaim-sno-maga-hat-starbucks-video	1	36.0	SimBa
tweet-sno-1321	QO	vclaim-sno-iran-trump-bounty	1	35.9375	SimBa
tweet-sno-1322	QO	vclaim-sno-newsmax-biden-pence	1	49.6	SimBa
tweet-sno-1322	QO	vclaim-sno-trump-disinfectants-covid-19	1	41.81818181818182	SimBa
tweet-sno-1322	QO	vclaim-sno-trump-golf-simulator	1	33.64485981308411	SimBa
tweet-sno-1322	QO	vclaim-sno-obama-trump-transition-letter	1	32.786885245901644	SimBa
tweet-sno-1322	QO	vclaim-sno-paula-white-satanic-pregnancies	1	32.72727272727273	SimBa
tweet-sno-1323	QO	vclaim-sno-newsmax-biden-pence	1	55.04587155963303	SimBa
tweet-sno-1323	QO	vclaim-sno-trump-bunker-putin-parody	1	45.65217391304348	SimBa
tweet-sno-1323	QO	vclaim-sno-feliz-navidad-white-house	1	45.45454545454546	SimBa
tweet-sno-1323	QO	vclaim-sno-obama-trump-transition-letter	1	45.09803921568627	SimBa
tweet-sno-1323	QO	vclaim-sno-trump-golf-simulator	1	42.69662921348315	SimBa
tweet-sno-1324	QO	vclaim-sno-peter-fonda-barron-trump	1	49.056603773584904	SimBa
tweet-sno-1324	QO	vclaim-sno-trump-tweet-obama-8-years	1	46.42857142857143	SimBa
tweet-sno-1324	QO	vclaim-sno-trump-noble-prize-tweets	1	45.070422535211264	SimBa
tweet-sno-1324	QO	vclaim-sno-rnc-chairwoman-deleted-tweet	1	43.75	SimBa
tweet-sno-1324	QO	vclaim-sno-fake-aoc-purge-tweet	1	43.13725490196078	SimBa
tweet-sno-1325	QO	vclaim-sno-raising-canes-chicken-bankruptcy	1	91.42857142857143	SimBa
tweet-sno-1325	QO	vclaim-sno-ceiling-whacks	1	60.8695652173913	SimBa
tweet-sno-1325	QO	vclaim-sno-was-a-black-nhl-player-fired-for-raising-his-fist-during-the-national-anthem	1	52.0	SimBa
tweet-sno-1325	QO	vclaim-sno-congress-per-diem-pay	1	50.98039215686274	SimBa
tweet-sno-1325	QO	vclaim-sno-rush-limbaugh-marriage-children	1	43.75	SimBa
tweet-sno-1326	QO	vclaim-sno-mcdonalds-getting-rid-dollar-menu	1	72.28915662650603	SimBa
tweet-sno-1326	QO	vclaim-sno-cola-increases	1	56.310679611650485	SimBa
tweet-sno-1326	QO	vclaim-sno-stephanie-grisham-dui	1	53.16455696202532	SimBa
tweet-sno-1326	QO	vclaim-sno-open-sesame	1	50.574712643678154	SimBa
tweet-sno-1326	QO	vclaim-sno-the-amish-dont-get-autism	1	49.382716049382715	SimBa
tweet-sno-1327	QO	vclaim-sno-it39s-only-a-strawberry-moon	1	60.37735849056604	SimBa
tweet-sno-1327	QO	vclaim-sno-aoc-911-public-see-photos	1	57.57575757575758	SimBa
tweet-sno-1327	QO	vclaim-sno-budweiser-911-celebration	1	56.75675675675676	SimBa
tweet-sno-1327	QO	vclaim-sno-national-debt-trump	1	55.38461538461539	SimBa
tweet-sno-1327	QO	vclaim-sno-facebook-private-messages	1	54.90196078431372	SimBa
tweet-sno-1328	QO	vclaim-sno-xbox-playstation-ps5-congrats	1	45.45454545454546	SimBa
tweet-sno-1328	QO	vclaim-sno-72-hour-challenge	1	40.74074074074074	SimBa
tweet-sno-1328	QO	vclaim-sno-minecraft-sex-mods	1	28.07017543859649	SimBa
tweet-sno-1328	QO	vclaim-sno-is-minecraft-shutting-down	1	27.906976744186046	SimBa
tweet-sno-1328	QO	vclaim-sno-nasa-mission-to-destroy-asteroid	1	27.692307692307693	SimBa
tweet-sno-1329	QO	vclaim-sno-ingrid-newkirk-quotes-peta-euthanasia	1	34.48275862068965	SimBa
tweet-sno-1329	QO	vclaim-sno-pelosi-wuhan-november	1	34.48275862068965	SimBa
tweet-sno-1329	QO	vclaim-sno-xbox-playstation-ps5-congrats	1	32.25806451612903	SimBa
tweet-sno-1329	QO	vclaim-sno-soursop-guyabano-graviola-tree-ultimate-cure-cancer	1	29.411764705882355	SimBa
tweet-sno-1329	QO	vclaim-sno-kaleb-shriners-hospitals-death	1	27.77777777777778	SimBa
tweet-sno-1330	QO	vclaim-sno-ice-twitter-account-disappear	1	44.06779661016949	SimBa
tweet-sno-1330	QO	vclaim-sno-ice-arrest-los-angeles-mayor	1	41.02564102564103	SimBa
tweet-sno-1330	QO	vclaim-sno-ice-cream-covid19	1	37.2093023255814	SimBa
tweet-sno-1330	QO	vclaim-sno-dolly-parton-ice-cream-flavor	1	35.0	SimBa
tweet-sno-1330	QO	vclaim-sno-ice-cube-work-with-trump	1	32.72727272727273	SimBa
tweet-sno-1331	QO	vclaim-sno-ice-twitter-account-disappear	1	67.85714285714286	SimBa
tweet-sno-1331	QO	vclaim-sno-ice-arrest-los-angeles-mayor	1	38.095238095238095	SimBa
tweet-sno-1331	QO	vclaim-sno-ice-detain-michigan-doctor-40-years-u-s	1	37.68115942028985	SimBa
tweet-sno-1331	QO	vclaim-sno-grape-ice-cream	1	37.5	SimBa
tweet-sno-1331	QO	vclaim-sno-ice-citizens-academy-civilians	1	36.36363636363637	SimBa
tweet-sno-1332	QO	vclaim-sno-veterans-national-parks-lifetime	1	57.142857142857146	SimBa
tweet-sno-1332	QO	vclaim-sno-playjoltz-smushgame-scam	1	44.89795918367347	SimBa
tweet-sno-1332	QO	vclaim-sno-jessica-biel-military-veteran	1	43.956043956043956	SimBa
tweet-sno-1332	QO	vclaim-sno-sasha-grey-dead	1	43.75	SimBa
tweet-sno-1332	QO	vclaim-sno-brian-s-freeman-soleimani-iraq	1	42.10526315789473	SimBa
tweet-sno-1333	QO	vclaim-sno-covid-vaccine-funded-by-trump	1	34.21052631578948	SimBa
tweet-sno-1333	QO	vclaim-sno-cuomo-vaccine-bad-news-trump	1	30.58823529411765	SimBa
tweet-sno-1333	QO	vclaim-sno-hillary-clinton-trial-benghazi	1	30.18867924528302	SimBa
tweet-sno-1333	QO	vclaim-sno-diabetes-vaccine-2	1	29.09090909090909	SimBa
tweet-sno-1333	QO	vclaim-sno-can-the-25th-amendment-prevent-a-trump-presidency	1	28.07017543859649	SimBa
tweet-sno-1334	QO	vclaim-sno-covid-vaccine-funded-by-trump	1	41.509433962264154	SimBa
tweet-sno-1334	QO	vclaim-sno-oval-office-trashed-capitol-riot	1	27.027027027027028	SimBa
tweet-sno-1334	QO	vclaim-sno-clinton-body-bags	1	25.688073394495415	SimBa
tweet-sno-1334	QO	vclaim-sno-sarah-palin-nato-quote	1	25.688073394495415	SimBa
tweet-sno-1334	QO	vclaim-sno-google-sotu-promotion	1	25.688073394495415	SimBa
tweet-sno-1335	QO	vclaim-sno-alabama-school-segregation	1	37.83783783783784	SimBa
tweet-sno-1335	QO	vclaim-sno-1970-quarter-ebay-canada	1	37.2093023255814	SimBa
tweet-sno-1335	QO	vclaim-sno-trump-facebook-suspension	1	36.36363636363637	SimBa
tweet-sno-1335	QO	vclaim-sno-meth-lab-alabama-walmart	1	36.36363636363637	SimBa
tweet-sno-1335	QO	vclaim-sno-palin-us-already-attacked-iran	1	36.0	SimBa
tweet-sno-1336	QO	vclaim-sno-biden-major-dog-rescue-white-house	1	67.32673267326733	SimBa
tweet-sno-1336	QO	vclaim-sno-patriots-white-house-attendance	1	62.295081967213115	SimBa
tweet-sno-1336	QO	vclaim-sno-michele-bachmann-columbus-day	1	55.0	SimBa
tweet-sno-1336	QO	vclaim-sno-breach-capitol-british-1814	1	51.47058823529412	SimBa
tweet-sno-1336	QO	vclaim-sno-sajid-muhammed-anti-muslim-meme	1	51.127819548872175	SimBa
tweet-sno-1337	QO	vclaim-sno-obama-flags-houston-reagan	1	39.77900552486188	SimBa
tweet-sno-1337	QO	vclaim-sno-liz-warren-zuckerberg-trump	1	37.73584905660377	SimBa
tweet-sno-1337	QO	vclaim-sno-mark-mccloskey-us-senate-run	1	35.928143712574844	SimBa
tweet-sno-1337	QO	vclaim-sno-greene-biden-mark-of-the-beast	1	32.70440251572327	SimBa
tweet-sno-1337	QO	vclaim-sno-zuckerberg-removing-pages	1	32.467532467532465	SimBa
tweet-sno-1338	QO	vclaim-sno-bannon-fauci-wray-head-pikes	1	58.394160583941606	SimBa
tweet-sno-1338	QO	vclaim-sno-maga-hat-starbucks-video	1	47.863247863247864	SimBa
tweet-sno-1338	QO	vclaim-sno-muslima-nurse-practitioner-son	1	45.65217391304348	SimBa
tweet-sno-1338	QO	vclaim-sno-iran-trump-bounty	1	45.360824742268036	SimBa
tweet-sno-1338	QO	vclaim-sno-mr-potato-head-gender-neutral	1	44.23076923076923	SimBa
tweet-sno-1339	QO	vclaim-sno-lester-holt-wore-earpiece	1	39.682539682539684	SimBa
tweet-sno-1339	QO	vclaim-sno-deceased-fbi-agent-found-at-trump-tower-with-silenced-pistol	1	36.800000000000004	SimBa
tweet-sno-1339	QO	vclaim-sno-trump-mob-capitol	1	35.9375	SimBa
tweet-sno-1339	QO	vclaim-sno-tax-bill-private-schools	1	35.50295857988166	SimBa
tweet-sno-1339	QO	vclaim-sno-swedish-church-vandalized-housing-muslim-refugees	1	34.18803418803419	SimBa
tweet-sno-1340	QO	vclaim-sno-pa-worker-filling-ballots	1	50.0	SimBa
tweet-sno-1340	QO	vclaim-sno-ufomitted	1	39.08045977011494	SimBa
tweet-sno-1340	QO	vclaim-sno-north-korea-americans-live-today	1	38.888888888888886	SimBa
tweet-sno-1340	QO	vclaim-sno-dont-stream-and-drive-video	1	38.29787234042553	SimBa
tweet-sno-1340	QO	vclaim-sno-papa-johns-nfl-advertising	1	37.68115942028985	SimBa
tweet-sno-1341	QO	vclaim-sno-stop-the-count-chant	1	90.625	SimBa
tweet-sno-1341	QO	vclaim-sno-queen-meghan-markle-stop	1	58.62068965517241	SimBa
tweet-sno-1341	QO	vclaim-sno-bono-trump-destroy-america	1	57.971014492753625	SimBa
tweet-sno-1341	QO	vclaim-sno-trump-takes-victory-tour-moscows-red-square	1	56.71641791044777	SimBa
tweet-sno-1341	QO	vclaim-sno-trump-stops-mugging-1991	1	56.66666666666667	SimBa
tweet-sno-1342	QO	vclaim-sno-trump-recount-battleground-states	1	71.23287671232876	SimBa
tweet-sno-1342	QO	vclaim-sno-cosplay-illegal-five-states	1	69.33333333333333	SimBa
tweet-sno-1342	QO	vclaim-sno-donald-trump-muslims-id	1	69.23076923076924	SimBa
tweet-sno-1342	QO	vclaim-sno-trump-patent-maga-2012	1	66.66666666666667	SimBa
tweet-sno-1342	QO	vclaim-sno-trump-transgenders-on-notice	1	66.66666666666666	SimBa
tweet-sno-1343	QO	vclaim-sno-sharpie-trump-ballots-arizona	1	29.41176470588235	SimBa
tweet-sno-1343	QO	vclaim-sno-trump-sharpie-notes	1	26.16822429906542	SimBa
tweet-sno-1343	QO	vclaim-sno-eric-coomer-dominion-trump	1	22.22222222222222	SimBa
tweet-sno-1343	QO	vclaim-sno-michael-savage-removed	1	21.68674698795181	SimBa
tweet-sno-1343	QO	vclaim-sno-trump-discover-know-everything	1	21.62162162162162	SimBa
tweet-sno-1344	QO	vclaim-sno-sharpie-trump-ballots-arizona	1	56.310679611650485	SimBa
tweet-sno-1344	QO	vclaim-sno-harris-round-up-trump	1	38.0	SimBa
tweet-sno-1344	QO	vclaim-sno-the-amazing-cucumber	1	35.0	SimBa
tweet-sno-1344	QO	vclaim-sno-canada-drinking-cannabis-public	1	33.64485981308411	SimBa
tweet-sno-1344	QO	vclaim-sno-trump-accuse-cruz-fraud	1	33.333333333333336	SimBa
tweet-sno-1345	QO	vclaim-sno-sharpie-trump-ballots-arizona	1	55.55555555555556	SimBa
tweet-sno-1345	QO	vclaim-sno-trump-tell-supporters-storm	1	45.23809523809524	SimBa
tweet-sno-1345	QO	vclaim-sno-camping-world-ceo-trump	1	44.15584415584416	SimBa
tweet-sno-1345	QO	vclaim-sno-bernie-sanders-told-supporters-hed-never-tell-them-how-to-vote	1	43.75	SimBa
tweet-sno-1345	QO	vclaim-sno-biden-trump-dregs-society	1	37.33333333333333	SimBa
tweet-sno-1346	QO	vclaim-sno-pfizer-bourla-vaccine-microchip	1	43.01075268817204	SimBa
tweet-sno-1346	QO	vclaim-sno-the-tipping-point	1	41.30434782608695	SimBa
tweet-sno-1346	QO	vclaim-sno-red-blood-cell-tip-needle	1	37.89473684210526	SimBa
tweet-sno-1346	QO	vclaim-sno-troubled-waters	1	37.735849056603776	SimBa
tweet-sno-1346	QO	vclaim-sno-priest-pushed-off-brazil-stage	1	36.0655737704918	SimBa
tweet-sno-1347	QO	vclaim-sno-babysitter-transported-to-hospital	1	67.74193548387096	SimBa
tweet-sno-1347	QO	vclaim-sno-took-arrow-knee-marriage	1	62.400000000000006	SimBa
tweet-sno-1347	QO	vclaim-sno-monica-lewinsky-trump-tweet	1	60.99290780141844	SimBa
tweet-sno-1347	QO	vclaim-sno-donald-trump-queen-england	1	59.85401459854015	SimBa
tweet-sno-1347	QO	vclaim-sno-muslim-woman-demanded-men-leave-salon-so-she-could-get-her-hair-styled	1	56.3758389261745	SimBa
tweet-sno-1348	QO	vclaim-sno-biden-black-athletes-green-mile	1	49.18032786885246	SimBa
tweet-sno-1348	QO	vclaim-sno-ron-howard-i-am-liberal-essay	1	33.87096774193548	SimBa
tweet-sno-1348	QO	vclaim-sno-eric-clapton-quote-about-prince	1	28.333333333333336	SimBa
tweet-sno-1348	QO	vclaim-sno-teddy-roosevelt-patriotic-quote	1	27.642276422764226	SimBa
tweet-sno-1348	QO	vclaim-sno-trump-rally-chant	1	25.757575757575758	SimBa
tweet-sno-1349	QO	vclaim-sno-biden-306-electoral-votes	1	24.48979591836735	SimBa
tweet-sno-1349	QO	vclaim-sno-simple-math-on-biden-votes	1	23.80952380952381	SimBa
tweet-sno-1349	QO	vclaim-sno-pelosi-wuhan-november	1	21.27659574468085	SimBa
tweet-sno-1349	QO	vclaim-sno-jill-biden-spanish-elected	1	19.444444444444443	SimBa
tweet-sno-1349	QO	vclaim-sno-gatorade-and-comfort	1	19.23076923076923	SimBa
tweet-sno-1350	QO	vclaim-sno-hillary-clinton-noose	1	59.770114942528735	SimBa
tweet-sno-1350	QO	vclaim-sno-ruby-tuesday-closing	1	58.666666666666664	SimBa
tweet-sno-1350	QO	vclaim-sno-taco-bell-closing-2020	1	57.89473684210527	SimBa
tweet-sno-1350	QO	vclaim-sno-hollywood-strike-trump-resigns	1	57.14285714285714	SimBa
tweet-sno-1350	QO	vclaim-sno-gay-jesus-film	1	55.26315789473685	SimBa
tweet-sno-1351	QO	vclaim-sno-pokemon-in-pokemon-go-will-scream-if-within-a-mile-of-a-sex-offender	1	70.27027027027027	SimBa
tweet-sno-1351	QO	vclaim-sno-hillary-clinton-and-draftourdaughters	1	64.61538461538461	SimBa
tweet-sno-1351	QO	vclaim-sno-go-ask-alice	1	61.76470588235294	SimBa
tweet-sno-1351	QO	vclaim-sno-ruby-tuesday-closing	1	60.317460317460316	SimBa
tweet-sno-1351	QO	vclaim-sno-179-kids-missing-indiana-2017	1	60.273972602739725	SimBa
tweet-sno-1352	QO	vclaim-sno-elizabeth-warren-mollie-tibbetts	1	38.333333333333336	SimBa
tweet-sno-1352	QO	vclaim-sno-paul-ryan-endorsed-antifa	1	31.77570093457944	SimBa
tweet-sno-1352	QO	vclaim-sno-prophet-and-loss-statement	1	31.683168316831683	SimBa
tweet-sno-1352	QO	vclaim-sno-bernie-sanders-blame-cops-crime	1	31.250000000000004	SimBa
tweet-sno-1352	QO	vclaim-sno-biden-blames-lazy-american-women	1	30.252100840336134	SimBa
tweet-sno-1353	QO	vclaim-sno-hunter-biden-flipped-fbi	1	49.411764705882355	SimBa
tweet-sno-1353	QO	vclaim-sno-rick-scott-health-care	1	46.808510638297875	SimBa
tweet-sno-1353	QO	vclaim-sno-nelly-arrested	1	45.16129032258064	SimBa
tweet-sno-1353	QO	vclaim-sno-rand-paul-ophthalmologist	1	43.13725490196078	SimBa
tweet-sno-1353	QO	vclaim-sno-going-postal	1	41.584158415841586	SimBa
tweet-sno-1354	QO	vclaim-sno-hunter-biden-dead-overdose-hoax	1	43.47826086956522	SimBa
tweet-sno-1354	QO	vclaim-sno-hunter-biden-flipped-fbi	1	38.095238095238095	SimBa
tweet-sno-1354	QO	vclaim-sno-biden-fail-condemn-antifa	1	32.0	SimBa
tweet-sno-1354	QO	vclaim-sno-biden-admit-voter-fraud	1	28.571428571428573	SimBa
tweet-sno-1354	QO	vclaim-sno-juli-briskman-elected-flip-trump	1	26.923076923076923	SimBa
tweet-sno-1355	QO	vclaim-sno-twitter-censor-1984-orwell	1	23.529411764705884	SimBa
tweet-sno-1355	QO	vclaim-sno-canned-pumpkin-isnt-actually-pumpkin	1	22.857142857142858	SimBa
tweet-sno-1355	QO	vclaim-sno-iowa-caucus-coin-toss	1	22.22222222222222	SimBa
tweet-sno-1355	QO	vclaim-sno-juli-briskman-elected-flip-trump	1	21.818181818181817	SimBa
tweet-sno-1355	QO	vclaim-sno-nascar-national-anthem	1	21.62162162162162	SimBa
tweet-sno-1356	QO	vclaim-sno-hunter-biden-flipped-fbi	1	57.77777777777778	SimBa
tweet-sno-1356	QO	vclaim-sno-asking-for-provisional-ballots	1	57.14285714285714	SimBa
tweet-sno-1356	QO	vclaim-sno-chicken-sandwich-tumor	1	56.410256410256416	SimBa
tweet-sno-1356	QO	vclaim-sno-911-surrender	1	56.410256410256416	SimBa
tweet-sno-1356	QO	vclaim-sno-nine-year-old-murders-parents-turn-off-wi-fi-punishment	1	55.0	SimBa
tweet-sno-1357	QO	vclaim-sno-trump-challenge-coins	1	43.24324324324324	SimBa
tweet-sno-1357	QO	vclaim-sno-trump-claims-america-should-never-have-given-canada-its-independence	1	40.38461538461539	SimBa
tweet-sno-1357	QO	vclaim-sno-queen-elizabeth-trump-brooch	1	39.6551724137931	SimBa
tweet-sno-1357	QO	vclaim-sno-sharpie-trump-ballots-arizona	1	39.37007874015748	SimBa
tweet-sno-1357	QO	vclaim-sno-bloomberg-political-ads	1	39.34426229508197	SimBa
tweet-sno-1358	QO	vclaim-sno-did-singer-lana-del-rey-ban-american-flags-at-her-concerts	1	50.0	SimBa
tweet-sno-1358	QO	vclaim-sno-barry-wilmore-see-astronaut-ramirez-outside-the-space-station	1	44.24778761061947	SimBa
tweet-sno-1358	QO	vclaim-sno-pride-flag-us-embassy-vatican	1	42.85714285714286	SimBa
tweet-sno-1358	QO	vclaim-sno-facebook-private-messages	1	42.666666666666664	SimBa
tweet-sno-1358	QO	vclaim-sno-sarah-palin-russia-house	1	42.5531914893617	SimBa
tweet-sno-1359	QO	vclaim-sno-fbi-trump-biden-bus	1	51.94805194805195	SimBa
tweet-sno-1359	QO	vclaim-sno-asteroid-warning-april-2020	1	35.8974358974359	SimBa
tweet-sno-1359	QO	vclaim-sno-landmark-travel	1	35.44303797468355	SimBa
tweet-sno-1359	QO	vclaim-sno-armed-trump-fans-biden-bus	1	34.40860215053763	SimBa
tweet-sno-1359	QO	vclaim-sno-harly-andrews-prayer-request	1	33.33333333333333	SimBa
tweet-sno-1360	QO	vclaim-sno-harvard-degrees-trump	1	66.66666666666666	SimBa
tweet-sno-1360	QO	vclaim-sno-pence-trump-twitter-jan-6-riots	1	55.696202531645575	SimBa
tweet-sno-1360	QO	vclaim-sno-donald-trump-father-kkk-1927	1	50.0	SimBa
tweet-sno-1360	QO	vclaim-sno-trump-tweets-photo-genitals	1	50.0	SimBa
tweet-sno-1360	QO	vclaim-sno-injured-trump-supporter	1	49.48453608247422	SimBa
tweet-sno-1361	QO	vclaim-sno-dmx-dog-fighting	1	65.85365853658537	SimBa
tweet-sno-1361	QO	vclaim-sno-malia-obama-streaking-harvard	1	54.347826086956516	SimBa
tweet-sno-1361	QO	vclaim-sno-false-obama-announces-plans-for-a-third-term-presidential-run	1	52.38095238095238	SimBa
tweet-sno-1361	QO	vclaim-sno-serve-cold	1	51.85185185185185	SimBa
tweet-sno-1361	QO	vclaim-sno-fan-death	1	51.546391752577314	SimBa
tweet-sno-1362	QO	vclaim-sno-did-trump-praise-covid-19-vaccines	1	43.51464435146443	SimBa
tweet-sno-1362	QO	vclaim-sno-kentucky-house-arrest-covid	1	42.922374429223744	SimBa
tweet-sno-1362	QO	vclaim-sno-david-brooks-trump-needs-to-decide-if-he-prefers-to-resign-be-impeached-or-get-assassinated	1	36.09756097560975	SimBa
tweet-sno-1362	QO	vclaim-sno-squashed-bug	1	34.31372549019608	SimBa
tweet-sno-1362	QO	vclaim-sno-200-nebraska-farmers	1	32.29166666666667	SimBa
tweet-sno-1363	QO	vclaim-sno-sheepish-discovery	1	43.90243902439024	SimBa
tweet-sno-1363	QO	vclaim-sno-trump-donahue-atheist-1989	1	35.294117647058826	SimBa
tweet-sno-1363	QO	vclaim-sno-kaepernick-anthem-stand-if-signed	1	32.6530612244898	SimBa
tweet-sno-1363	QO	vclaim-sno-eskimo-diss	1	30.0	SimBa
tweet-sno-1363	QO	vclaim-sno-kamala-harris-jacob-blake-proud	1	29.62962962962963	SimBa
tweet-sno-1364	QO	vclaim-sno-long-live-timbits	1	96.0	SimBa
tweet-sno-1364	QO	vclaim-sno-joyce-meyer-dead-at-73	1	89.28571428571429	SimBa
tweet-sno-1364	QO	vclaim-sno-are-rosaries-taken-immigrants-border	1	88.13559322033898	SimBa
tweet-sno-1364	QO	vclaim-sno-renee-zellweger	1	87.27272727272727	SimBa
tweet-sno-1364	QO	vclaim-sno-president-obama-takes-a-knee-during-national-anthem	1	79.24528301886792	SimBa
tweet-sno-1365	QO	vclaim-sno-hillary-clinton-noose	1	84.84848484848484	SimBa
tweet-sno-1365	QO	vclaim-sno-war-stories	1	80.64516129032258	SimBa
tweet-sno-1365	QO	vclaim-sno-where-have-all-the-leaders-gone	1	75.40983606557377	SimBa
tweet-sno-1365	QO	vclaim-sno-jed-babbin-accordian-quote	1	73.52941176470588	SimBa
tweet-sno-1365	QO	vclaim-sno-eisenhower-security-prison	1	72.22222222222221	SimBa
tweet-sno-1366	QO	vclaim-sno-mcpizza	1	47.05882352941176	SimBa
tweet-sno-1366	QO	vclaim-sno-gwen-shamblin-death	1	44.0	SimBa
tweet-sno-1366	QO	vclaim-sno-heir-raising-experience	1	41.66666666666667	SimBa
tweet-sno-1366	QO	vclaim-sno-organ-donors-still-alive-not-anesthetized	1	40.816326530612244	SimBa
tweet-sno-1366	QO	vclaim-sno-andy-kaufman-hoax	1	40.816326530612244	SimBa
tweet-sno-1367	QO	vclaim-sno-where-have-all-the-leaders-gone	1	85.18518518518519	SimBa
tweet-sno-1367	QO	vclaim-sno-former-clinton-foundation-ceo-missing	1	75.86206896551724	SimBa
tweet-sno-1367	QO	vclaim-sno-pelosi-seniors-social-security	1	73.52941176470588	SimBa
tweet-sno-1367	QO	vclaim-sno-ruby-tuesday-closing	1	73.07692307692308	SimBa
tweet-sno-1367	QO	vclaim-sno-knife-to-a-gunfight	1	73.01587301587301	SimBa
tweet-sno-1368	QO	vclaim-sno-whataburger-closing-its-doors	1	45.833333333333336	SimBa
tweet-sno-1368	QO	vclaim-sno-subway-pizza-hut-closing	1	44.0	SimBa
tweet-sno-1368	QO	vclaim-sno-walgreens-closing-forever-2021	1	41.66666666666667	SimBa
tweet-sno-1368	QO	vclaim-sno-cheesecake-factory-closing-rumor	1	40.74074074074074	SimBa
tweet-sno-1368	QO	vclaim-sno-cnn-ratings-plunge	1	39.39393939393939	SimBa
tweet-sno-1369	QO	vclaim-sno-cheesecake-factory-closing-rumor	1	27.160493827160494	SimBa
tweet-sno-1369	QO	vclaim-sno-trump-quote-about-jesus	1	26.666666666666668	SimBa
tweet-sno-1369	QO	vclaim-sno-walgreens-closing-forever-2021	1	26.666666666666664	SimBa
tweet-sno-1369	QO	vclaim-sno-oval-office-trashed-capitol-riot	1	26.0	SimBa
tweet-sno-1369	QO	vclaim-sno-meat-your-maker	1	26.0	SimBa
tweet-sno-1370	QO	vclaim-sno-portland-sheriff-endorse-trump	1	41.46341463414634	SimBa
tweet-sno-1370	QO	vclaim-sno-denzel-washington-switches-trump	1	38.55421686746988	SimBa
tweet-sno-1370	QO	vclaim-sno-madonna-trump-2020	1	38.29787234042553	SimBa
tweet-sno-1370	QO	vclaim-sno-clint-eastwood-bloomberg	1	37.03703703703704	SimBa
tweet-sno-1370	QO	vclaim-sno-impeachment-rally-in-toronto	1	36.55913978494623	SimBa
tweet-sno-1371	QO	vclaim-sno-cheesecake-factory-closing-rumor	1	129.41176470588238	SimBa
tweet-sno-1371	QO	vclaim-sno-facebook-closure	1	113.51351351351352	SimBa
tweet-sno-1371	QO	vclaim-sno-pizza-is-good-for-you	1	60.0	SimBa
tweet-sno-1371	QO	vclaim-sno-michelle-obama-harvey-weinstein	1	52.0	SimBa
tweet-sno-1371	QO	vclaim-sno-walgreens-closing-forever-2021	1	51.282051282051285	SimBa
tweet-sno-1372	QO	vclaim-sno-cheesecake-factory-closing-rumor	1	88.0	SimBa
tweet-sno-1372	QO	vclaim-sno-facebook-closure	1	79.24528301886792	SimBa
tweet-sno-1372	QO	vclaim-sno-pizza-is-good-for-you	1	42.85714285714286	SimBa
tweet-sno-1372	QO	vclaim-sno-ocasio-cortez-i-have-a-very-good-brain-trump	1	42.42424242424242	SimBa
tweet-sno-1372	QO	vclaim-sno-michelle-obama-harvey-weinstein	1	39.39393939393939	SimBa
tweet-sno-1373	QO	vclaim-sno-walgreens-closing-forever-2021	1	58.064516129032256	SimBa
tweet-sno-1373	QO	vclaim-sno-cheesecake-factory-closing-rumor	1	54.05405405405405	SimBa
tweet-sno-1373	QO	vclaim-sno-subway-pizza-hut-closing	1	52.94117647058824	SimBa
tweet-sno-1373	QO	vclaim-sno-whataburger-closing-its-doors	1	48.484848484848484	SimBa
tweet-sno-1373	QO	vclaim-sno-dollar-tree-closing-stores	1	47.36842105263158	SimBa
tweet-sno-1374	QO	vclaim-sno-cheesecake-factory-closing-rumor	1	100.0	SimBa
tweet-sno-1374	QO	vclaim-sno-facebook-closure	1	84.0	SimBa
tweet-sno-1374	QO	vclaim-sno-is-manuka-honey-better-than-all-known-antibiotics	1	54.54545454545455	SimBa
tweet-sno-1374	QO	vclaim-sno-joe-exotic-coronavirus	1	54.23728813559322	SimBa
tweet-sno-1374	QO	vclaim-sno-rowan-atkinson-death-hoax	1	47.45762711864407	SimBa
tweet-sno-1375	QO	vclaim-sno-cheesecake-factory-closing-rumor	1	123.52941176470588	SimBa
tweet-sno-1375	QO	vclaim-sno-facebook-closure	1	116.66666666666666	SimBa
tweet-sno-1375	QO	vclaim-sno-pizza-is-good-for-you	1	55.0	SimBa
tweet-sno-1375	QO	vclaim-sno-michelle-obama-harvey-weinstein	1	48.0	SimBa
tweet-sno-1375	QO	vclaim-sno-ocasio-cortez-i-have-a-very-good-brain-trump	1	47.05882352941176	SimBa
tweet-sno-1376	QO	vclaim-sno-trump-tweets-invaders-deleted	1	32.83582089552239	SimBa
tweet-sno-1376	QO	vclaim-sno-fake-aoc-purge-tweet	1	31.57894736842105	SimBa
tweet-sno-1376	QO	vclaim-sno-abortion-ar15-florida	1	30.76923076923077	SimBa
tweet-sno-1376	QO	vclaim-sno-graham-buttigieg-repent	1	30.18867924528302	SimBa
tweet-sno-1376	QO	vclaim-sno-eclipse-racist	1	28.57142857142857	SimBa
tweet-sno-1377	QO	vclaim-sno-took-arrow-knee-marriage	1	62.90322580645161	SimBa
tweet-sno-1377	QO	vclaim-sno-babysitter-transported-to-hospital	1	61.9047619047619	SimBa
tweet-sno-1377	QO	vclaim-sno-monica-lewinsky-trump-tweet	1	59.57446808510638	SimBa
tweet-sno-1377	QO	vclaim-sno-donald-trump-queen-england	1	58.394160583941606	SimBa
tweet-sno-1377	QO	vclaim-sno-muslim-woman-demanded-men-leave-salon-so-she-could-get-her-hair-styled	1	56.75675675675676	SimBa
tweet-sno-1378	QO	vclaim-sno-isis-called-for-assassination-of-barron-trump	1	75.67567567567568	SimBa
tweet-sno-1378	QO	vclaim-sno-trump-biden-assassination-shot	1	69.56521739130434	SimBa
tweet-sno-1378	QO	vclaim-sno-trump-lincoln-dishonest	1	64.86486486486487	SimBa
tweet-sno-1378	QO	vclaim-sno-trump-pendejo-posters-puerto-rico	1	59.09090909090909	SimBa
tweet-sno-1378	QO	vclaim-sno-trump-italy-mozzarella-president	1	57.142857142857146	SimBa
tweet-sno-1379	QO	vclaim-sno-biden-admit-voter-fraud	1	40.0	SimBa
tweet-sno-1379	QO	vclaim-sno-wolf-moon-january	1	25.454545454545453	SimBa
tweet-sno-1379	QO	vclaim-sno-biden-antifa-courageous-americans	1	25.396825396825395	SimBa
tweet-sno-1379	QO	vclaim-sno-huckabee-letter-biden-fraud	1	23.333333333333336	SimBa
tweet-sno-1379	QO	vclaim-sno-simple-math-on-biden-votes	1	23.255813953488374	SimBa
tweet-sno-1380	QO	vclaim-sno-gm-gas-free-2035	1	48.27586206896552	SimBa
tweet-sno-1380	QO	vclaim-sno-princess-cruises	1	48.22695035460993	SimBa
tweet-sno-1380	QO	vclaim-sno-marlboro-cigarettes-production	1	47.36842105263158	SimBa
tweet-sno-1380	QO	vclaim-sno-warrants-issued-threats-trump	1	41.50943396226415	SimBa
tweet-sno-1380	QO	vclaim-sno-stop-killing-alligators-gatorade	1	39.53488372093023	SimBa
tweet-sno-1381	QO	vclaim-sno-emordnilap-palindrome	1	38.0	SimBa
tweet-sno-1381	QO	vclaim-sno-irregardless-merriam-webster	1	35.55555555555556	SimBa
tweet-sno-1381	QO	vclaim-sno-emordnilap	1	31.683168316831683	SimBa
tweet-sno-1381	QO	vclaim-sno-keanu-reeves-road-to-heaven-quote	1	30.158730158730158	SimBa
tweet-sno-1381	QO	vclaim-sno-whatsapp-privacy-settings	1	29.268292682926827	SimBa
tweet-sno-1382	QO	vclaim-sno-president-obama-bans-the-words-negro-and-oriental	1	71.84466019417476	SimBa
tweet-sno-1382	QO	vclaim-sno-george-soros-destroy-united-states	1	53.65853658536585	SimBa
tweet-sno-1382	QO	vclaim-sno-cosplay-illegal-five-states	1	52.42718446601942	SimBa
tweet-sno-1382	QO	vclaim-sno-russian-billboard-features-trump-and-putin	1	51.85185185185185	SimBa
tweet-sno-1382	QO	vclaim-sno-did-president-trump-say-canadians-smuggle-shoes	1	50.746268656716424	SimBa
tweet-sno-1383	QO	vclaim-sno-mitch-mcconnells-hands	1	50.70422535211267	SimBa
tweet-sno-1383	QO	vclaim-sno-hand-sanitizer-antifreeze-pets	1	49.27536231884058	SimBa
tweet-sno-1383	QO	vclaim-sno-fetuses-found-in-chinese-restaurant-freezers	1	49.18032786885246	SimBa
tweet-sno-1383	QO	vclaim-sno-born-basic-recall	1	48.71794871794872	SimBa
tweet-sno-1383	QO	vclaim-sno-monica-lewinsky-found-dead	1	47.45762711864407	SimBa
tweet-sno-1384	QO	vclaim-sno-nurse-gop-convention-shooting	1	39.603960396039604	SimBa
tweet-sno-1384	QO	vclaim-sno-evelyn-nesbit-wild-west	1	37.03703703703704	SimBa
tweet-sno-1384	QO	vclaim-sno-the-elephant-whisperer	1	36.170212765957444	SimBa
tweet-sno-1384	QO	vclaim-sno-blm-euthanize-44000-horses	1	31.57894736842105	SimBa
tweet-sno-1384	QO	vclaim-sno-cnn-justine-damond	1	31.57894736842105	SimBa
tweet-sno-1385	QO	vclaim-sno-jane-fonda-covid-gods-gift	1	83.87096774193547	SimBa
tweet-sno-1385	QO	vclaim-sno-stocking-stuffer	1	52.459016393442624	SimBa
tweet-sno-1385	QO	vclaim-sno-interschools-whatsapp-warning	1	51.515151515151516	SimBa
tweet-sno-1385	QO	vclaim-sno-the-babysitter-and-the-man-upstairs	1	48.35164835164836	SimBa
tweet-sno-1385	QO	vclaim-sno-biden-antifa-courageous-americans	1	47.88732394366197	SimBa
tweet-sno-1386	QO	vclaim-sno-sarah-palin-arabic-numerals	1	61.53846153846155	SimBa
tweet-sno-1386	QO	vclaim-sno-trump-recount-battleground-states	1	55.31914893617021	SimBa
tweet-sno-1386	QO	vclaim-sno-beardghazi	1	53.65853658536585	SimBa
tweet-sno-1386	QO	vclaim-sno-biden-ban-fracking	1	51.282051282051285	SimBa
tweet-sno-1386	QO	vclaim-sno-pope-francis-condemn-trump-travel-ban	1	51.162790697674424	SimBa
tweet-sno-1387	QO	vclaim-sno-eminem-coronavirus	1	37.5	SimBa
tweet-sno-1387	QO	vclaim-sno-arnold-schwarzeneggers-nyc-photo	1	34.09090909090909	SimBa
tweet-sno-1387	QO	vclaim-sno-trump-rename-new-mexico	1	32.183908045977006	SimBa
tweet-sno-1387	QO	vclaim-sno-sylvia-browne-coronavirus	1	30.769230769230774	SimBa
tweet-sno-1387	QO	vclaim-sno-snowy-owl-130-years	1	30.612244897959183	SimBa
tweet-sno-1388	QO	vclaim-sno-donald-trump-purge-slogan	1	49.27536231884058	SimBa
tweet-sno-1388	QO	vclaim-sno-donald-trump-remain-apprentice-inauguration	1	48.275862068965516	SimBa
tweet-sno-1388	QO	vclaim-sno-presidential-election-postponed	1	48.148148148148145	SimBa
tweet-sno-1388	QO	vclaim-sno-ecstasy-halloween-candy	1	47.76119402985075	SimBa
tweet-sno-1388	QO	vclaim-sno-samantha-bees-husband-school	1	44.44444444444444	SimBa
tweet-sno-1389	QO	vclaim-sno-texas-israel-oath-boycott	1	58.426966292134836	SimBa
tweet-sno-1389	QO	vclaim-sno-dangerous-cosmic-gamma-rays	1	58.0	SimBa
tweet-sno-1389	QO	vclaim-sno-trump-sign-hollywood-los-angeles	1	56.09756097560975	SimBa
tweet-sno-1389	QO	vclaim-sno-olive-garden-capitol-riot-hannity	1	54.11764705882353	SimBa
tweet-sno-1389	QO	vclaim-sno-unidentified-flying-object-seen-as-spacex-rocket-exploded	1	51.06382978723404	SimBa
tweet-sno-1390	QO	vclaim-sno-kamala-harris-protests	1	66.66666666666666	SimBa
tweet-sno-1390	QO	vclaim-sno-wild-abandon	1	49.48453608247422	SimBa
tweet-sno-1390	QO	vclaim-sno-adam-toledo-chicago-tribune	1	46.601941747572816	SimBa
tweet-sno-1390	QO	vclaim-sno-ayn-rand-quote	1	42.47787610619469	SimBa
tweet-sno-1390	QO	vclaim-sno-bono-trump-destroy-america	1	41.23711340206185	SimBa
tweet-sno-1391	QO	vclaim-sno-biden-trump-dregs-society	1	94.73684210526315	SimBa
tweet-sno-1391	QO	vclaim-sno-hillary-clintons-basement-dwellers	1	57.142857142857146	SimBa
tweet-sno-1391	QO	vclaim-sno-biden-trump-xenophobic	1	54.23728813559322	SimBa
tweet-sno-1391	QO	vclaim-sno-bruce-springsteen-attacks-donald-trump-on-twitter	1	47.61904761904761	SimBa
tweet-sno-1391	QO	vclaim-sno-isis-called-for-assassination-of-barron-trump	1	47.27272727272727	SimBa
tweet-sno-1392	QO	vclaim-sno-biden-pandemic-black-women-grocery	1	50.0	SimBa
tweet-sno-1392	QO	vclaim-sno-ann-coulter	1	46.42857142857143	SimBa
tweet-sno-1392	QO	vclaim-sno-ohio-black-abortion-exclude	1	27.397260273972602	SimBa
tweet-sno-1392	QO	vclaim-sno-black-panthers-wic-food-program	1	27.027027027027025	SimBa
tweet-sno-1392	QO	vclaim-sno-cannabis-poisoning-death	1	26.923076923076923	SimBa
tweet-sno-1393	QO	vclaim-sno-iran-trump-bounty	1	43.56435643564356	SimBa
tweet-sno-1393	QO	vclaim-sno-lowes-versus-home-depot-meme	1	41.32231404958678	SimBa
tweet-sno-1393	QO	vclaim-sno-trump-picks-el-chapo-to-run-dea	1	41.17647058823529	SimBa
tweet-sno-1393	QO	vclaim-sno-trump-challenge-coins	1	40.74074074074074	SimBa
tweet-sno-1393	QO	vclaim-sno-clinton-cabbage-odor	1	40.36697247706422	SimBa
tweet-sno-1394	QO	vclaim-sno-eritrea-multiple-wives	1	63.07692307692308	SimBa
tweet-sno-1394	QO	vclaim-sno-biden-indian-americans	1	62.77372262773723	SimBa
tweet-sno-1394	QO	vclaim-sno-renee-zellweger	1	57.65765765765766	SimBa
tweet-sno-1394	QO	vclaim-sno-booth-uncouth	1	49.2063492063492	SimBa
tweet-sno-1394	QO	vclaim-sno-immigrants-dna-tests-pay	1	49.101796407185624	SimBa
tweet-sno-1395	QO	vclaim-sno-gay-men-proud-boys-hashtag	1	44.09448818897638	SimBa
tweet-sno-1395	QO	vclaim-sno-lynched-oklahoma-media	1	39.02439024390244	SimBa
tweet-sno-1395	QO	vclaim-sno-textbook-bigotry	1	35.2	SimBa
tweet-sno-1395	QO	vclaim-sno-white-house-catering-list-leak	1	30.88235294117647	SimBa
tweet-sno-1395	QO	vclaim-sno-hamas-wedding-girls	1	26.5625	SimBa
tweet-sno-1396	QO	vclaim-sno-trump-writes-checks-nashville	1	46.57534246575342	SimBa
tweet-sno-1396	QO	vclaim-sno-18-million-illegal-immigrants-checks-shutdown	1	42.666666666666664	SimBa
tweet-sno-1396	QO	vclaim-sno-trumps-name-stimulus-checks	1	42.666666666666664	SimBa
tweet-sno-1396	QO	vclaim-sno-check-and-double-check	1	41.791044776119406	SimBa
tweet-sno-1396	QO	vclaim-sno-quick-guide-2017-total-solar-eclipse	1	40.54054054054054	SimBa
tweet-sno-1397	QO	vclaim-sno-hillary-clinton-noose	1	60.67415730337079	SimBa
tweet-sno-1397	QO	vclaim-sno-ruby-tuesday-closing	1	59.74025974025974	SimBa
tweet-sno-1397	QO	vclaim-sno-taco-bell-closing-2020	1	58.97435897435898	SimBa
tweet-sno-1397	QO	vclaim-sno-hollywood-strike-trump-resigns	1	58.139534883720934	SimBa
tweet-sno-1397	QO	vclaim-sno-cemetery-plot	1	56.79012345679012	SimBa
tweet-sno-1398	QO	vclaim-sno-amy-coney-barrett-rhodes-scholar	1	45.45454545454546	SimBa
tweet-sno-1398	QO	vclaim-sno-nbc-accidentally-posts-election-results-a-week-early	1	33.89830508474576	SimBa
tweet-sno-1398	QO	vclaim-sno-kindergarten-crock	1	31.25	SimBa
tweet-sno-1398	QO	vclaim-sno-did-hurricane-harvey-uncover-obamas-secret-stash	1	30.0	SimBa
tweet-sno-1398	QO	vclaim-sno-kamala-harris-planned-parenthood	1	28.985507246376812	SimBa
tweet-sno-1399	QO	vclaim-sno-biden-fail-condemn-antifa	1	43.24324324324324	SimBa
tweet-sno-1399	QO	vclaim-sno-american-airlines-trump-rioters-dc	1	40.625	SimBa
tweet-sno-1399	QO	vclaim-sno-rumor-alert-biden-michigan-votes	1	39.285714285714285	SimBa
tweet-sno-1399	QO	vclaim-sno-michael-vick-attacked-by-pitbull	1	38.29787234042553	SimBa
tweet-sno-1399	QO	vclaim-sno-donald-j-trump-state-park	1	37.28813559322034	SimBa
tweet-sno-1400	QO	vclaim-sno-trump-condemn-white-supremacists	1	42.5	SimBa
tweet-sno-1400	QO	vclaim-sno-cpac-stage-nazi-symbol	1	38.095238095238095	SimBa
tweet-sno-1400	QO	vclaim-sno-lin-wood-biden-dead-trump	1	30.08849557522124	SimBa
tweet-sno-1400	QO	vclaim-sno-buccaneers-refused-white-house	1	27.659574468085104	SimBa
tweet-sno-1400	QO	vclaim-sno-johns-hopkins-covid-deaths	1	27.659574468085104	SimBa
tweet-sno-1401	QO	vclaim-sno-megan-rapinoe-men-like-trump	1	48.51485148514851	SimBa
tweet-sno-1401	QO	vclaim-sno-trump-criticize-obama-shutdown	1	47.23618090452261	SimBa
tweet-sno-1401	QO	vclaim-sno-trump-tweet-stimulus-checks	1	46.153846153846146	SimBa
tweet-sno-1401	QO	vclaim-sno-pretty-woman-sequel-hoax	1	44.31818181818182	SimBa
tweet-sno-1401	QO	vclaim-sno-trump-back-to-africa	1	44.067796610169495	SimBa
