tweet-sno-1200	QO	vclaim-sno-lady-gaga-oreo	1	26.91733407701153	SimBa
tweet-sno-1200	QO	vclaim-sno-the-not-so-sweet-smell-of-success	1	25.517330316824143	SimBa
tweet-sno-1200	QO	vclaim-sno-lady-gaga	1	23.119483937038343	SimBa
tweet-sno-1200	QO	vclaim-sno-joel-osteen-lady-gaga-event	1	22.63060814235967	SimBa
tweet-sno-1200	QO	vclaim-sno-red-velvet-oreos	1	22.241286309149014	SimBa
tweet-sno-1201	QO	vclaim-sno-biden-executive-order-dictator	1	59.041243090602904	SimBa
tweet-sno-1201	QO	vclaim-sno-biden-signing-blank-papers	1	46.0744174017428	SimBa
tweet-sno-1201	QO	vclaim-sno-mcconnell-trump-attack-capitol	1	45.82627074010318	SimBa
tweet-sno-1201	QO	vclaim-sno-mitch-mcconnell-one-of-my-proudest-moments	1	43.39841840651048	SimBa
tweet-sno-1201	QO	vclaim-sno-biden-violate-mask-mandate	1	40.703518543839344	SimBa
tweet-sno-1202	QO	vclaim-sno-biden-executive-order-dictator	1	62.731813574367024	SimBa
tweet-sno-1202	QO	vclaim-sno-patrick-henry-constitution-quote	1	34.698973907063646	SimBa
tweet-sno-1202	QO	vclaim-sno-jimmy-carter-functioning-democracy	1	34.4786856711775	SimBa
tweet-sno-1202	QO	vclaim-sno-kamala-harris-guns-confiscation	1	33.65898714677871	SimBa
tweet-sno-1202	QO	vclaim-sno-obama-do-something-about-president	1	33.3044698603137	SimBa
tweet-sno-1203	QO	vclaim-sno-capture-the-flag	1	34.42082424375224	SimBa
tweet-sno-1203	QO	vclaim-sno-farmers-protest-india-flag	1	33.80563810051491	SimBa
tweet-sno-1203	QO	vclaim-sno-welcome-to-calexico	1	33.367256610897755	SimBa
tweet-sno-1203	QO	vclaim-sno-army-football-team-kneel-protest-national-anthem	1	33.17611759098581	SimBa
tweet-sno-1203	QO	vclaim-sno-lincoln-bust-vandalized-confederate	1	31.26624604541177	SimBa
tweet-sno-1204	QO	vclaim-sno-biden-bans-china-virus	1	68.978650640096	SimBa
tweet-sno-1204	QO	vclaim-sno-biden-abortion-exec-order	1	50.91040346614984	SimBa
tweet-sno-1204	QO	vclaim-sno-president-obama-assault-weapon-ban	1	48.77185199516387	SimBa
tweet-sno-1204	QO	vclaim-sno-in-wake-of-election-obama-passes-executive-order-banning-all-fake-news-outlets	1	48.383684745209344	SimBa
tweet-sno-1204	QO	vclaim-sno-obama-bans-confederate-flag	1	47.413065417238386	SimBa
tweet-sno-1205	QO	vclaim-sno-trump-office-former-president	1	63.38210013767327	SimBa
tweet-sno-1205	QO	vclaim-sno-oval-office-fumigated-after-trump	1	49.2890358027084	SimBa
tweet-sno-1205	QO	vclaim-sno-trump-juneteenth-famous	1	49.004208447065324	SimBa
tweet-sno-1205	QO	vclaim-sno-trump-diet-coke-button-oval	1	48.36160896657445	SimBa
tweet-sno-1205	QO	vclaim-sno-trump-covid-19-vaccination	1	46.304859957262465	SimBa
tweet-sno-1206	QO	vclaim-sno-trump-office-former-president	1	63.358245337672045	SimBa
tweet-sno-1206	QO	vclaim-sno-trump-reinstated-belief	1	51.60029763133838	SimBa
tweet-sno-1206	QO	vclaim-sno-obama-first-ex-president-criticize-successor	1	51.07296411978875	SimBa
tweet-sno-1206	QO	vclaim-sno-joe-you-know-i-won-letter-trump	1	49.581319067170504	SimBa
tweet-sno-1206	QO	vclaim-sno-trump-faith-based-initiative	1	48.93654690208987	SimBa
tweet-sno-1207	QO	vclaim-sno-cocaine-smuggled-in-bananas	1	40.723875092987285	SimBa
tweet-sno-1207	QO	vclaim-sno-cocaine-on-money	1	30.86111921580728	SimBa
tweet-sno-1207	QO	vclaim-sno-cia-crossing-border-cocaine	1	29.061886970698513	SimBa
tweet-sno-1207	QO	vclaim-sno-mexico-seizes-us-cocaine	1	29.04546069004762	SimBa
tweet-sno-1207	QO	vclaim-sno-medicinal-cocaine-canada	1	28.658391773045054	SimBa
tweet-sno-1208	QO	vclaim-sno-national-guard-parking-garage	1	36.57782768931565	SimBa
tweet-sno-1208	QO	vclaim-sno-barack-obama-in-afghanistan	1	31.346505562874846	SimBa
tweet-sno-1208	QO	vclaim-sno-president-biden-flags-removed-oval	1	31.21315152056869	SimBa
tweet-sno-1208	QO	vclaim-sno-military-band-hit-the-road-jack	1	30.519566196174203	SimBa
tweet-sno-1208	QO	vclaim-sno-marines-corps-rebuke-pelosi	1	30.278030829169534	SimBa
tweet-sno-1209	QO	vclaim-sno-sleepy-eyes-anti-semitic-slur	1	48.11318102915803	SimBa
tweet-sno-1209	QO	vclaim-sno-rachel-maddow-trump-tweet	1	44.199228173888955	SimBa
tweet-sno-1209	QO	vclaim-sno-trump-considering-resignation	1	44.137725446632615	SimBa
tweet-sno-1209	QO	vclaim-sno-trump-jr-impeached-deplorable	1	43.61722235873795	SimBa
tweet-sno-1209	QO	vclaim-sno-trump-biden-resident-meme	1	43.27359230846215	SimBa
tweet-sno-1210	QO	vclaim-sno-schumer-erection-senate-floor	1	44.277146756386784	SimBa
tweet-sno-1210	QO	vclaim-sno-elementary-my-dear-watson	1	39.471288897766705	SimBa
tweet-sno-1210	QO	vclaim-sno-donald-trump-wealthy-great-quote	1	37.10964230621511	SimBa
tweet-sno-1210	QO	vclaim-sno-john-mccain-democratic-party	1	36.92062825579862	SimBa
tweet-sno-1210	QO	vclaim-sno-trump-love-poorly-educated	1	36.69800240099635	SimBa
tweet-sno-1211	QO	vclaim-sno-schumer-erection-senate-floor	1	51.45853461697941	SimBa
tweet-sno-1211	QO	vclaim-sno-mcconnell-trump-attack-capitol	1	42.07670337129025	SimBa
tweet-sno-1211	QO	vclaim-sno-rick-wiles-trump-impeachment	1	40.56151717937679	SimBa
tweet-sno-1211	QO	vclaim-sno-mcconnell-support-trump-2024	1	37.26949154883057	SimBa
tweet-sno-1211	QO	vclaim-sno-president-trump-say-eventually-will-get-something-done	1	37.11815794346188	SimBa
tweet-sno-1212	QO	vclaim-sno-chuck-schumer-heidi-fleiss	1	39.07253612341876	SimBa
tweet-sno-1212	QO	vclaim-sno-bernie-sanders-trump-shirts	1	37.84808095295616	SimBa
tweet-sno-1212	QO	vclaim-sno-schumer-erection-senate-floor	1	37.6715684561765	SimBa
tweet-sno-1212	QO	vclaim-sno-sharpie-shock-challenge	1	36.13105170935846	SimBa
tweet-sno-1212	QO	vclaim-sno-republican-senators-up-shits-creek	1	35.148764673315554	SimBa
tweet-sno-1213	QO	vclaim-sno-schumer-erection-senate-floor	1	44.9858147163618	SimBa
tweet-sno-1213	QO	vclaim-sno-does-schumer-have-concealed-permit	1	32.73724860112519	SimBa
tweet-sno-1213	QO	vclaim-sno-chuck-schumer-kissing-a-girl	1	29.581190367867098	SimBa
tweet-sno-1213	QO	vclaim-sno-chuck-schumer-excessive-contributions	1	28.31323010669564	SimBa
tweet-sno-1213	QO	vclaim-sno-the-truman-faux	1	28.09674472052358	SimBa
tweet-sno-1214	QO	vclaim-sno-schumer-erection-senate-floor	1	56.30698301520056	SimBa
tweet-sno-1214	QO	vclaim-sno-bernie-sanders-loser-meme	1	33.77769896949503	SimBa
tweet-sno-1214	QO	vclaim-sno-huckabee-trump-biden-meme	1	32.966166808795485	SimBa
tweet-sno-1214	QO	vclaim-sno-i-of-newt	1	32.617671268900025	SimBa
tweet-sno-1214	QO	vclaim-sno-biden-hat-trump-maga	1	32.320161570131816	SimBa
tweet-sno-1215	QO	vclaim-sno-bernice-king-mlk-day-instagram	1	46.91374299886958	SimBa
tweet-sno-1215	QO	vclaim-sno-instagod	1	33.24062992812342	SimBa
tweet-sno-1215	QO	vclaim-sno-family-ties	1	32.26243666766859	SimBa
tweet-sno-1215	QO	vclaim-sno-no-he-cant	1	30.86635515573331	SimBa
tweet-sno-1215	QO	vclaim-sno-principal-all-lives-matter-bhm	1	29.65892494828662	SimBa
tweet-sno-1216	QO	vclaim-sno-mypillow-discount-codes-qanon	1	41.565633180688316	SimBa
tweet-sno-1216	QO	vclaim-sno-trump-fail-to-denounce-qanon	1	32.16454936447839	SimBa
tweet-sno-1216	QO	vclaim-sno-white-house-trump-accomplishments	1	31.995989366528416	SimBa
tweet-sno-1216	QO	vclaim-sno-mypillow-antifa-temptresses	1	31.994761727110237	SimBa
tweet-sno-1216	QO	vclaim-sno-trump-defeats-covid19-coin	1	28.889019892506433	SimBa
tweet-sno-1217	QO	vclaim-sno-tesla-hiring-complaints-elon-musk	1	35.741531228459266	SimBa
tweet-sno-1217	QO	vclaim-sno-elon-musk-illegal-immigrant	1	28.522118739644164	SimBa
tweet-sno-1217	QO	vclaim-sno-trump-threatening-robocalls	1	26.18961387149011	SimBa
tweet-sno-1217	QO	vclaim-sno-mccormick-director-taco-relations	1	23.696814752741645	SimBa
tweet-sno-1217	QO	vclaim-sno-elon-musk-billboard	1	22.096436036914415	SimBa
tweet-sno-1218	QO	vclaim-sno-do-scented-candles-cause-cancer	1	41.30227833079559	SimBa
tweet-sno-1218	QO	vclaim-sno-downy-unstopables-warmer-warning	1	33.0533733297712	SimBa
tweet-sno-1218	QO	vclaim-sno-crayon-candle	1	31.128744815445266	SimBa
tweet-sno-1218	QO	vclaim-sno-gwyneth-paltrow-vagina-candle	1	29.234051850586006	SimBa
tweet-sno-1218	QO	vclaim-sno-gwyneth-vagina-candle-explode	1	28.810031914566068	SimBa
tweet-sno-1219	QO	vclaim-sno-marjorie-taylor-greene-twitter	1	65.2874084314947	SimBa
tweet-sno-1219	QO	vclaim-sno-did-twitter-lock-trumps-account	1	51.82988805342805	SimBa
tweet-sno-1219	QO	vclaim-sno-twitter-marjorie-taylor-greene	1	51.81775686112634	SimBa
tweet-sno-1219	QO	vclaim-sno-trump-twitter-john-barron-1946	1	44.290286520811634	SimBa
tweet-sno-1219	QO	vclaim-sno-twitter-delete-trump-account-racism	1	43.07455913417426	SimBa
tweet-sno-1220	QO	vclaim-sno-burger-king-logo-new	1	47.214462876773325	SimBa
tweet-sno-1220	QO	vclaim-sno-burger-king-adult-meal	1	32.740973450383265	SimBa
tweet-sno-1220	QO	vclaim-sno-yumbo-drop	1	28.561661624922166	SimBa
tweet-sno-1220	QO	vclaim-sno-walter-wetzel-redskins-logo	1	28.13709815426995	SimBa
tweet-sno-1220	QO	vclaim-sno-donald-trump-swastika-logo	1	27.963960498747515	SimBa
tweet-sno-1221	QO	vclaim-sno-covid-vaccine-throw-away	1	40.60571087803074	SimBa
tweet-sno-1221	QO	vclaim-sno-new-york-covid-vaccine-preregister	1	39.490393723875016	SimBa
tweet-sno-1221	QO	vclaim-sno-doj-most-dangerous-vaccine	1	36.502940819336516	SimBa
tweet-sno-1221	QO	vclaim-sno-on-gardasil	1	33.410120544368866	SimBa
tweet-sno-1221	QO	vclaim-sno-ny-hospitals-unvaccinated-parents	1	32.88726156907017	SimBa
tweet-sno-1222	QO	vclaim-sno-trump-jr-impeached-deplorable	1	42.98818778595859	SimBa
tweet-sno-1222	QO	vclaim-sno-impeached-president-lose-benefits	1	31.405940322980648	SimBa
tweet-sno-1222	QO	vclaim-sno-failed-impeachment-nullify-term	1	30.565822036387956	SimBa
tweet-sno-1222	QO	vclaim-sno-harris-round-up-trump	1	30.353428740032477	SimBa
tweet-sno-1222	QO	vclaim-sno-trump-impeachment-dow-jones	1	30.190651798979804	SimBa
tweet-sno-1223	QO	vclaim-sno-armie-hammer-cannibal-lifestyle	1	48.139092848870284	SimBa
tweet-sno-1223	QO	vclaim-sno-keanu-reeves-blood-drinking	1	25.17244813790835	SimBa
tweet-sno-1223	QO	vclaim-sno-blood-rave-uses-real-blood	1	24.030148176664767	SimBa
tweet-sno-1223	QO	vclaim-sno-boyfriend-corpses-medical-condition	1	22.190897678122457	SimBa
tweet-sno-1223	QO	vclaim-sno-texas-two-misstep	1	22.173905994237167	SimBa
tweet-sno-1224	QO	vclaim-sno-raz-simone-guns	1	35.773587030360915	SimBa
tweet-sno-1224	QO	vclaim-sno-indian-flag-capitol-riots	1	33.292190029857125	SimBa
tweet-sno-1224	QO	vclaim-sno-capitol-window-wave-video	1	30.74270304766037	SimBa
tweet-sno-1224	QO	vclaim-sno-capitol-riot-no-fly-list	1	30.568754732711426	SimBa
tweet-sno-1224	QO	vclaim-sno-jayapal-maskless-congress	1	29.354593030773554	SimBa
tweet-sno-1225	QO	vclaim-sno-syringe-cakes	1	48.33776256129909	SimBa
tweet-sno-1225	QO	vclaim-sno-germanely-chocolate-cake	1	31.81483868459012	SimBa
tweet-sno-1225	QO	vclaim-sno-mcdonalds-birthday-cakes	1	26.839854972502224	SimBa
tweet-sno-1225	QO	vclaim-sno-germany-distributes-leaflets-discouraging-rape-cologne-incident	1	25.89814223596355	SimBa
tweet-sno-1225	QO	vclaim-sno-canine-vaccine-covid-19	1	25.750397550291904	SimBa
tweet-sno-1226	QO	vclaim-sno-trump-carved-manatees-back	1	46.46752359640708	SimBa
tweet-sno-1226	QO	vclaim-sno-dermophis-donaldtrumpi-amphibian-trump	1	33.8324264309719	SimBa
tweet-sno-1226	QO	vclaim-sno-florida-invasive-species	1	28.470657447014407	SimBa
tweet-sno-1226	QO	vclaim-sno-fox-news-profanity-laced-attack	1	27.641356875124742	SimBa
tweet-sno-1226	QO	vclaim-sno-peta-lobster-rescue-in-nebraska-kills-captive-creatures	1	27.139325295729495	SimBa
tweet-sno-1227	QO	vclaim-sno-mary-miller-hitler	1	39.37263928188921	SimBa
tweet-sno-1227	QO	vclaim-sno-trumps-rnc-speech-plagiarized-hitler	1	29.88845752164831	SimBa
tweet-sno-1227	QO	vclaim-sno-i-of-newt	1	29.625393467984654	SimBa
tweet-sno-1227	QO	vclaim-sno-trump-hitler-heritage-tweet	1	29.387285722697214	SimBa
tweet-sno-1227	QO	vclaim-sno-1922-new-york-times-hitler	1	29.188063605451763	SimBa
tweet-sno-1228	QO	vclaim-sno-mary-miller-hitler	1	48.78507860008999	SimBa
tweet-sno-1228	QO	vclaim-sno-to-conquer-a-nation	1	33.86785760404861	SimBa
tweet-sno-1228	QO	vclaim-sno-i-of-newt	1	33.264231940740096	SimBa
tweet-sno-1228	QO	vclaim-sno-1922-new-york-times-hitler	1	31.94716651356915	SimBa
tweet-sno-1228	QO	vclaim-sno-winston-churchill-on-muslims-and-minority-rights	1	31.666415411142477	SimBa
tweet-sno-1229	QO	vclaim-sno-capitol-riot-no-fly-list	1	44.63799166509453	SimBa
tweet-sno-1229	QO	vclaim-sno-zip-cuffs-capitol-riots	1	36.418530322023315	SimBa
tweet-sno-1229	QO	vclaim-sno-trump-mob-capitol	1	35.22411359242192	SimBa
tweet-sno-1229	QO	vclaim-sno-capitol-riot-deaths	1	33.42296773819712	SimBa
tweet-sno-1229	QO	vclaim-sno-rioters-capitol-flagpole	1	33.0791962329787	SimBa
tweet-sno-1230	QO	vclaim-sno-capitol-riot-taser-death	1	35.75048362037964	SimBa
tweet-sno-1230	QO	vclaim-sno-lethal-indirection	1	32.79550427943023	SimBa
tweet-sno-1230	QO	vclaim-sno-selfie-taken-dead-coworker	1	32.778431470417274	SimBa
tweet-sno-1230	QO	vclaim-sno-getting-the-hang-of-it	1	31.032178777425734	SimBa
tweet-sno-1230	QO	vclaim-sno-charlie-sheen-death-hoax	1	28.879241033983895	SimBa
tweet-sno-1231	QO	vclaim-sno-mobile-phone-sim-card-swap	1	39.181741131801715	SimBa
tweet-sno-1231	QO	vclaim-sno-can-you-hear-me-scam	1	38.24625199279831	SimBa
tweet-sno-1231	QO	vclaim-sno-irs-stimulus-check-1200	1	34.3006513731355	SimBa
tweet-sno-1231	QO	vclaim-sno-text-count-me-to-89800	1	34.23081545245667	SimBa
tweet-sno-1231	QO	vclaim-sno-trump-my-blood-is-the-vaccine	1	33.47183208650955	SimBa
tweet-sno-1232	QO	vclaim-sno-warnock-arrested-capitol-praying	1	51.92749866860663	SimBa
tweet-sno-1232	QO	vclaim-sno-newspaper-rioters-photo-antifa	1	35.91583843225587	SimBa
tweet-sno-1232	QO	vclaim-sno-aoc-capitol-attack	1	35.28087467555043	SimBa
tweet-sno-1232	QO	vclaim-sno-capitol-riot-mace-police	1	34.92382763122427	SimBa
tweet-sno-1232	QO	vclaim-sno-capitol-window-wave-video	1	33.94233767465069	SimBa
tweet-sno-1233	QO	vclaim-sno-tomi-lahren-biden-supporters-loot	1	49.50704151453705	SimBa
tweet-sno-1233	QO	vclaim-sno-biden-hat-trump-maga	1	37.22428033069755	SimBa
tweet-sno-1233	QO	vclaim-sno-trump-tell-supporters-storm	1	37.024527887278595	SimBa
tweet-sno-1233	QO	vclaim-sno-antifa-flyer-trump-supporters	1	36.057943675626454	SimBa
tweet-sno-1233	QO	vclaim-sno-strung-beads	1	35.330552139814536	SimBa
tweet-sno-1234	QO	vclaim-sno-two-women-save-electoral-votes	1	44.29654477597418	SimBa
tweet-sno-1234	QO	vclaim-sno-shots-fired-capitol	1	40.29388685799532	SimBa
tweet-sno-1234	QO	vclaim-sno-ballots-georgia-senate	1	37.60571077546707	SimBa
tweet-sno-1234	QO	vclaim-sno-city-blue-imaging-ballots	1	35.84954256538071	SimBa
tweet-sno-1234	QO	vclaim-sno-pence-escorted	1	35.62094991891416	SimBa
tweet-sno-1235	QO	vclaim-sno-two-women-save-electoral-votes	1	45.65421609602117	SimBa
tweet-sno-1235	QO	vclaim-sno-hillary-clinton-victims-of-war	1	30.27512650153546	SimBa
tweet-sno-1235	QO	vclaim-sno-electoral-votes-rejected-congress	1	27.210428985662173	SimBa
tweet-sno-1235	QO	vclaim-sno-violence-against-women-act-vote	1	26.166317259326323	SimBa
tweet-sno-1235	QO	vclaim-sno-william-golding-on-women	1	26.062501860937452	SimBa
tweet-sno-1236	QO	vclaim-sno-troop-loops	1	30.50978145382199	SimBa
tweet-sno-1236	QO	vclaim-sno-trump-riot-camp-auschwitz-shirt	1	29.63733695689057	SimBa
tweet-sno-1236	QO	vclaim-sno-george-soros-ss-nazi-germany	1	27.761148014847755	SimBa
tweet-sno-1236	QO	vclaim-sno-anonymous-masks-illegal	1	27.623673932714993	SimBa
tweet-sno-1236	QO	vclaim-sno-i-of-newt	1	27.426672377943756	SimBa
tweet-sno-1237	QO	vclaim-sno-muslim-woman-told-to-hang-herself-with-hijab-at-walmart	1	56.04942268777337	SimBa
tweet-sno-1237	QO	vclaim-sno-phyllis-schlafly-woman-president-over-my-dead-body	1	48.526196756495594	SimBa
tweet-sno-1237	QO	vclaim-sno-aoc-capitol-attack	1	47.84010964675997	SimBa
tweet-sno-1237	QO	vclaim-sno-anti-antifa-shirt-capitol-riot	1	42.46681302623243	SimBa
tweet-sno-1237	QO	vclaim-sno-ivanka-mob-patriots-tweet	1	42.42468707107032	SimBa
tweet-sno-1238	QO	vclaim-sno-elizabeth-knoxville-onion-towel	1	33.402028390324396	SimBa
tweet-sno-1238	QO	vclaim-sno-aoc-capitol-attack	1	26.788865011182715	SimBa
tweet-sno-1238	QO	vclaim-sno-all-of-this-for-a-damned-flag	1	24.00094980030882	SimBa
tweet-sno-1238	QO	vclaim-sno-newspaper-rioters-photo-antifa	1	23.90928029848797	SimBa
tweet-sno-1238	QO	vclaim-sno-warren-disarm-them-ourselves	1	23.362760300868437	SimBa
tweet-sno-1239	QO	vclaim-sno-giuliani-rally-speech	1	37.93947012120094	SimBa
tweet-sno-1239	QO	vclaim-sno-california-unlawful-ballots	1	29.208761848239334	SimBa
tweet-sno-1239	QO	vclaim-sno-quantum-blockchain-watermark-vote	1	27.55436754951208	SimBa
tweet-sno-1239	QO	vclaim-sno-democrats-file-treason-charges-against-trump	1	27.235330224152204	SimBa
tweet-sno-1239	QO	vclaim-sno-giuliani-fart-hearing	1	27.220917533926066	SimBa
tweet-sno-1240	QO	vclaim-sno-national-guard-trump-mob	1	78.05397054987186	SimBa
tweet-sno-1240	QO	vclaim-sno-attempted-robbery-target-field	1	57.02558021226157	SimBa
tweet-sno-1240	QO	vclaim-sno-lincoln-memorial-defaced-protesters	1	56.763528193287065	SimBa
tweet-sno-1240	QO	vclaim-sno-flag-protest-baltimore	1	49.2992326500875	SimBa
tweet-sno-1240	QO	vclaim-sno-troops-guarding-lincoln-memorial	1	42.74431064633802	SimBa
tweet-sno-1241	QO	vclaim-sno-trump-threaten-federal-buildings	1	61.556585456902	SimBa
tweet-sno-1241	QO	vclaim-sno-portland-ban-urinals-buildings	1	33.042145707907245	SimBa
tweet-sno-1241	QO	vclaim-sno-portland-protesters-burn-bibles	1	30.578937429207986	SimBa
tweet-sno-1241	QO	vclaim-sno-leftist-activists-statue-theodore-roosevelt	1	29.644758422738	SimBa
tweet-sno-1241	QO	vclaim-sno-confederate-soldiers-veterans	1	29.498401715465697	SimBa
tweet-sno-1242	QO	vclaim-sno-twitter-delete-trump-account-racism	1	34.07888453506194	SimBa
tweet-sno-1242	QO	vclaim-sno-twitter-shutting-down-in-2017	1	33.260929157740975	SimBa
tweet-sno-1242	QO	vclaim-sno-pence-trump-twitter-jan-6-riots	1	32.786264054334346	SimBa
tweet-sno-1242	QO	vclaim-sno-trump-lose-followers-first-time	1	30.242217605132424	SimBa
tweet-sno-1242	QO	vclaim-sno-trump-boycott-chinese-restaurants	1	29.58296264887501	SimBa
tweet-sno-1243	QO	vclaim-sno-confederate-flag-capitol-dc	1	64.53367854187553	SimBa
tweet-sno-1243	QO	vclaim-sno-trump-flag-american-flag-capitol	1	50.54786882212742	SimBa
tweet-sno-1243	QO	vclaim-sno-kevin-seefried-democrat-biden	1	46.2507181231637	SimBa
tweet-sno-1243	QO	vclaim-sno-russian-flag-texas-capitol	1	43.59144846378327	SimBa
tweet-sno-1243	QO	vclaim-sno-trump-flag-symbol-love	1	43.56165888526895	SimBa
tweet-sno-1244	QO	vclaim-sno-confederate-flag-capitol-dc	1	49.3192068102715	SimBa
tweet-sno-1244	QO	vclaim-sno-flag-flap-2	1	41.13141262323225	SimBa
tweet-sno-1244	QO	vclaim-sno-trump-flag-symbol-love	1	39.96827510090325	SimBa
tweet-sno-1244	QO	vclaim-sno-mike-pence-confederate-flag	1	38.61835777767652	SimBa
tweet-sno-1244	QO	vclaim-sno-dianne-feinstein-confederate-flag	1	36.576707390444845	SimBa
tweet-sno-1245	QO	vclaim-sno-trump-flag-american-flag-capitol	1	50.22901224288229	SimBa
tweet-sno-1245	QO	vclaim-sno-kevin-seefried-democrat-biden	1	49.88519671438143	SimBa
tweet-sno-1245	QO	vclaim-sno-confederate-flag-capitol-dc	1	45.17407143586202	SimBa
tweet-sno-1245	QO	vclaim-sno-mike-pence-confederate-flag	1	43.38504707232862	SimBa
tweet-sno-1245	QO	vclaim-sno-indian-flag-capitol-riots	1	42.36710406501903	SimBa
tweet-sno-1246	QO	vclaim-sno-cross-erected-capitol-building	1	54.002159775373954	SimBa
tweet-sno-1246	QO	vclaim-sno-police-flashbang-smoke-capitol	1	37.760301271381294	SimBa
tweet-sno-1246	QO	vclaim-sno-confederate-flag-capitol-dc	1	34.32209014462227	SimBa
tweet-sno-1246	QO	vclaim-sno-trump-flag-american-flag-capitol	1	27.911502400455205	SimBa
tweet-sno-1246	QO	vclaim-sno-cross-ayed	1	27.7949758109121	SimBa
tweet-sno-1247	QO	vclaim-sno-covid-5g-chip-diagram	1	34.2043443443015	SimBa
tweet-sno-1247	QO	vclaim-sno-chip-off-the-old-salk	1	33.56097961581906	SimBa
tweet-sno-1247	QO	vclaim-sno-canine-vaccine-covid-19	1	28.966781051739677	SimBa
tweet-sno-1247	QO	vclaim-sno-cuba-cancer-vaccine	1	28.08382893656264	SimBa
tweet-sno-1247	QO	vclaim-sno-diabetes-vaccine	1	26.555369106248666	SimBa
tweet-sno-1248	QO	vclaim-sno-snow-los-angeles	1	32.14472163156104	SimBa
tweet-sno-1248	QO	vclaim-sno-gods-painting	1	28.955664361865335	SimBa
tweet-sno-1248	QO	vclaim-sno-rainbow-mountains-real	1	27.993909287377594	SimBa
tweet-sno-1248	QO	vclaim-sno-sahara-desert-snowfall	1	27.52015212370913	SimBa
tweet-sno-1248	QO	vclaim-sno-snowfall-in-the-sahara	1	27.3638028860315	SimBa
tweet-sno-1249	QO	vclaim-sno-snow-los-angeles	1	31.751282766812498	SimBa
tweet-sno-1249	QO	vclaim-sno-snowfall-in-the-sahara	1	26.23120564105605	SimBa
tweet-sno-1249	QO	vclaim-sno-devastating-snowfall-predicted-nw-montana-early-2018	1	25.626787293409436	SimBa
tweet-sno-1249	QO	vclaim-sno-snow-walls	1	24.080501239177366	SimBa
tweet-sno-1249	QO	vclaim-sno-sahara-desert-snowfall	1	23.998933161378506	SimBa
tweet-sno-1250	QO	vclaim-sno-pennsylvania-205000-votes	1	68.10815457488543	SimBa
tweet-sno-1250	QO	vclaim-sno-300000-wisconsin-voters-turned-away-due-to-voter-id-laws	1	48.934128508628916	SimBa
tweet-sno-1250	QO	vclaim-sno-trump-wins-pennsylvania	1	46.66221919040854	SimBa
tweet-sno-1250	QO	vclaim-sno-did-nevada-gop-electors-vote-for-trump	1	44.76893595832247	SimBa
tweet-sno-1250	QO	vclaim-sno-erie-pennsylvania-trump-ballots	1	44.5944071607911	SimBa
tweet-sno-1251	QO	vclaim-sno-pennsylvania-205000-votes	1	45.609923673959585	SimBa
tweet-sno-1251	QO	vclaim-sno-georgia-ballots-likely-ineligible	1	44.997034467429316	SimBa
tweet-sno-1251	QO	vclaim-sno-ballots-lancaster-pa	1	41.20101287136255	SimBa
tweet-sno-1251	QO	vclaim-sno-floyd-county-georgia-votes	1	39.62240118497749	SimBa
tweet-sno-1251	QO	vclaim-sno-georgia-signature-audit	1	39.29676082520278	SimBa
tweet-sno-1252	QO	vclaim-sno-covid-vax-false-hiv	1	28.554644266268078	SimBa
tweet-sno-1252	QO	vclaim-sno-flu-vaccine-covid-buttar	1	28.22378298215304	SimBa
tweet-sno-1252	QO	vclaim-sno-covid-flu-tamiflu	1	27.90157155280072	SimBa
tweet-sno-1252	QO	vclaim-sno-covid-result-holiday-gatherings	1	27.820250078742927	SimBa
tweet-sno-1252	QO	vclaim-sno-coronavirus-test-donate-blood	1	27.350517894101095	SimBa
tweet-sno-1253	QO	vclaim-sno-scott-walker-pizza	1	24.469918445764854	SimBa
tweet-sno-1253	QO	vclaim-sno-trevor-lawrence-white-house-meal	1	24.3441113330393	SimBa
tweet-sno-1253	QO	vclaim-sno-trump-covid-19-deaths-hurt	1	22.319734908325824	SimBa
tweet-sno-1253	QO	vclaim-sno-dominos-pizza-saves-life	1	21.82109981797342	SimBa
tweet-sno-1253	QO	vclaim-sno-does-restaurant-tattoo-guarantee-food	1	21.415303196116696	SimBa
tweet-sno-1254	QO	vclaim-sno-swimming-pool-wonderful-life	1	34.29332576655466	SimBa
tweet-sno-1254	QO	vclaim-sno-student-suspended-pretending-transgender-locker-room	1	33.11048649039898	SimBa
tweet-sno-1254	QO	vclaim-sno-disney-matterhorn-basketball-court	1	29.56386333058721	SimBa
tweet-sno-1254	QO	vclaim-sno-room-service	1	28.567161626086644	SimBa
tweet-sno-1254	QO	vclaim-sno-high-school-confidential-2	1	27.243497799337145	SimBa
tweet-sno-1255	QO	vclaim-sno-swimming-pool-wonderful-life	1	59.46671115636221	SimBa
tweet-sno-1255	QO	vclaim-sno-world39s-largest-swimming-pool	1	34.580122683129744	SimBa
tweet-sno-1255	QO	vclaim-sno-risque-prom-dress	1	31.994716448954144	SimBa
tweet-sno-1255	QO	vclaim-sno-disney-matterhorn-basketball-court	1	27.922878794554563	SimBa
tweet-sno-1255	QO	vclaim-sno-san-francisco-lincoln-blm	1	27.544003655753965	SimBa
tweet-sno-1256	QO	vclaim-sno-kfc-gaming-console	1	33.34390078348829	SimBa
tweet-sno-1256	QO	vclaim-sno-kfc-colonel-sanders-movie	1	29.152628424419312	SimBa
tweet-sno-1256	QO	vclaim-sno-among-us-chicken-nugget-sale	1	28.899907513050405	SimBa
tweet-sno-1256	QO	vclaim-sno-chick-fil-a-tiktok-nuggets-recipe	1	28.56364983739286	SimBa
tweet-sno-1256	QO	vclaim-sno-mcdonalds-covid-sign	1	27.06204159108256	SimBa
tweet-sno-1257	QO	vclaim-sno-graham-buttigieg-repent	1	49.4112269473998	SimBa
tweet-sno-1257	QO	vclaim-sno-heterosexual-near-death-experience	1	35.841210715577645	SimBa
tweet-sno-1257	QO	vclaim-sno-rush-limbaugh-marriage-children	1	35.67513314610112	SimBa
tweet-sno-1257	QO	vclaim-sno-houston-hustle	1	31.88788435981599	SimBa
tweet-sno-1257	QO	vclaim-sno-bible-constitution-difference	1	30.292914857912898	SimBa
tweet-sno-1258	QO	vclaim-sno-tom-brady-ppp	1	42.58244369280706	SimBa
tweet-sno-1258	QO	vclaim-sno-osteen-coronavirus-loan	1	36.71000281797864	SimBa
tweet-sno-1258	QO	vclaim-sno-joel-osteen-donald-trump	1	33.07709705799597	SimBa
tweet-sno-1258	QO	vclaim-sno-boebert-ppp-loan	1	31.25252101227283	SimBa
tweet-sno-1258	QO	vclaim-sno-joel-osteen-offered-5000-exchange-revealing-gods-plan	1	31.065655685401858	SimBa
tweet-sno-1259	QO	vclaim-sno-vatican-nativity	1	49.96521906204228	SimBa
tweet-sno-1259	QO	vclaim-sno-belgian-town-removes-nativity-scene-appease-four-muslim-residents	1	31.438871017172637	SimBa
tweet-sno-1259	QO	vclaim-sno-no-nativity-scenes-white-house	1	30.18776126702812	SimBa
tweet-sno-1259	QO	vclaim-sno-nativity-seen	1	25.222651624312086	SimBa
tweet-sno-1259	QO	vclaim-sno-bombing-vatican-city	1	24.496127422593005	SimBa
tweet-sno-1260	QO	vclaim-sno-cyberpunk-2077-refunds	1	50.48330613224168	SimBa
tweet-sno-1260	QO	vclaim-sno-xbox-playstation-ps5-congrats	1	24.65915152635633	SimBa
tweet-sno-1260	QO	vclaim-sno-all-work-and-no-playstation	1	24.292125025717375	SimBa
tweet-sno-1260	QO	vclaim-sno-best-buy-gift-card-scam	1	24.082464988514815	SimBa
tweet-sno-1260	QO	vclaim-sno-irs-scam-season	1	22.98351866490171	SimBa
tweet-sno-1261	QO	vclaim-sno-cyberpunk-2077-refunds	1	60.99192150760766	SimBa
tweet-sno-1261	QO	vclaim-sno-xbox-playstation-ps5-congrats	1	26.797205873986414	SimBa
tweet-sno-1261	QO	vclaim-sno-costco-policy-change	1	23.153893368462587	SimBa
tweet-sno-1261	QO	vclaim-sno-tape-measure	1	22.60362296865246	SimBa
tweet-sno-1261	QO	vclaim-sno-star-wars-youtube-ads	1	21.286308643150733	SimBa
tweet-sno-1262	QO	vclaim-sno-extraterrestrial-material-asteroid	1	26.77899927096324	SimBa
tweet-sno-1262	QO	vclaim-sno-obama-reporter-press-conference	1	24.08595645066991	SimBa
tweet-sno-1262	QO	vclaim-sno-mars-real-audio	1	23.203143637802594	SimBa
tweet-sno-1262	QO	vclaim-sno-nobel-laureate-tasuku-honjo-covid	1	21.732477759497563	SimBa
tweet-sno-1262	QO	vclaim-sno-yellow-turtle-real	1	21.398552070584245	SimBa
tweet-sno-1263	QO	vclaim-sno-supreme-court-erupt-shouting-match	1	42.10948924944648	SimBa
tweet-sno-1263	QO	vclaim-sno-justice-roberts-impeachment-vote	1	33.7977239354841	SimBa
tweet-sno-1263	QO	vclaim-sno-george-h-w-bush-lynched-quote	1	32.594626908387966	SimBa
tweet-sno-1263	QO	vclaim-sno-scalia-death-penalty-quote	1	31.938219077056452	SimBa
tweet-sno-1263	QO	vclaim-sno-supreme-court-justices-stand	1	29.978309621844392	SimBa
tweet-sno-1264	QO	vclaim-sno-schitts-creek-motel-seattle	1	40.53930493752395	SimBa
tweet-sno-1264	QO	vclaim-sno-insane-cliff-house	1	24.344195275161493	SimBa
tweet-sno-1264	QO	vclaim-sno-eagle-scout-nuclear-reactor	1	19.71143999811136	SimBa
tweet-sno-1264	QO	vclaim-sno-houses-in-unusual-places	1	19.28064323308308	SimBa
tweet-sno-1264	QO	vclaim-sno-celebrity-moving-small-towns	1	18.77524967774628	SimBa
tweet-sno-1265	QO	vclaim-sno-schitts-creek-motel-seattle	1	53.28060604569032	SimBa
tweet-sno-1265	QO	vclaim-sno-moira-rose-home-alone	1	44.97910170572746	SimBa
tweet-sno-1265	QO	vclaim-sno-tarzan-and-tarzana	1	28.534777391549383	SimBa
tweet-sno-1265	QO	vclaim-sno-secret-room-new-york-apartment	1	25.68070451957555	SimBa
tweet-sno-1265	QO	vclaim-sno-angels-with-filthy-souls-real	1	25.179681259436254	SimBa
tweet-sno-1266	QO	vclaim-sno-popular-vote-totals-rigged	1	54.23986903785706	SimBa
tweet-sno-1266	QO	vclaim-sno-biden-break-obamas-vote-record	1	41.865528430151215	SimBa
tweet-sno-1266	QO	vclaim-sno-simple-math-on-biden-votes	1	41.15362559605178	SimBa
tweet-sno-1266	QO	vclaim-sno-more-votes-than-voters-in-detroit	1	41.12220898767853	SimBa
tweet-sno-1266	QO	vclaim-sno-romney-votes-switched-obama	1	40.07789090703656	SimBa
tweet-sno-1267	QO	vclaim-sno-the-north-face-refuse-jackets	1	61.83244234025368	SimBa
tweet-sno-1267	QO	vclaim-sno-big-oil	1	39.75625403709757	SimBa
tweet-sno-1267	QO	vclaim-sno-keystone-pipeline-leak	1	36.28380299552494	SimBa
tweet-sno-1267	QO	vclaim-sno-hurricane-gas-bumper-sticker	1	32.41941709962048	SimBa
tweet-sno-1267	QO	vclaim-sno-tom-selleck-cbd	1	32.21696280172337	SimBa
tweet-sno-1268	QO	vclaim-sno-alex-jones-biden-removed	1	79.14802830133257	SimBa
tweet-sno-1268	QO	vclaim-sno-biden-indian-americans	1	46.67719537543994	SimBa
tweet-sno-1268	QO	vclaim-sno-biden-trump-dregs-society	1	46.47190152749553	SimBa
tweet-sno-1268	QO	vclaim-sno-fake-aoc-purge-tweet	1	46.29064768779833	SimBa
tweet-sno-1268	QO	vclaim-sno-joe-biden-minnesota-tampa	1	45.798680078766694	SimBa
tweet-sno-1269	QO	vclaim-sno-allstate-island-real	1	54.26375618306609	SimBa
tweet-sno-1269	QO	vclaim-sno-penis-island	1	27.86838698700929	SimBa
tweet-sno-1269	QO	vclaim-sno-dog-island	1	25.16210419774717	SimBa
tweet-sno-1269	QO	vclaim-sno-violin-island-in-costa-rica	1	24.797296194078875	SimBa
tweet-sno-1269	QO	vclaim-sno-cat-sanctuary-island-hawaii	1	23.208280634167544	SimBa
tweet-sno-1270	QO	vclaim-sno-allstate-island-real	1	39.71297248234622	SimBa
tweet-sno-1270	QO	vclaim-sno-penis-island	1	23.26123366412116	SimBa
tweet-sno-1270	QO	vclaim-sno-epstein-alive-new-mexico	1	22.010916903720528	SimBa
tweet-sno-1270	QO	vclaim-sno-violin-island-in-costa-rica	1	21.80405802397395	SimBa
tweet-sno-1270	QO	vclaim-sno-purple-lobster-caught-in-maine	1	20.05491898273301	SimBa
tweet-sno-1271	QO	vclaim-sno-federal-holiday-christmas-eve	1	94.52053497552379	SimBa
tweet-sno-1271	QO	vclaim-sno-trump-order-popular-vote-winner	1	54.08964345327804	SimBa
tweet-sno-1271	QO	vclaim-sno-trump-hunting-bald-eagles	1	54.00667877407026	SimBa
tweet-sno-1271	QO	vclaim-sno-trump-checks-to-retirees	1	53.415702262351545	SimBa
tweet-sno-1271	QO	vclaim-sno-trump-eo-vaccine-ban	1	52.40703545320563	SimBa
tweet-sno-1272	QO	vclaim-sno-disney-sister-act-3	1	51.45028142696273	SimBa
tweet-sno-1272	QO	vclaim-sno-new-twilight-movie-jacob-renesmee	1	34.377747588581556	SimBa
tweet-sno-1272	QO	vclaim-sno-step-brothers-2-hoax	1	29.170694992695026	SimBa
tweet-sno-1272	QO	vclaim-sno-star-wars-youtube-ads	1	28.654247247685017	SimBa
tweet-sno-1272	QO	vclaim-sno-hocus-pocus-2	1	28.495624852783614	SimBa
tweet-sno-1273	QO	vclaim-sno-when-is-hocus-pocus-2-coming-out	1	53.18635789421545	SimBa
tweet-sno-1273	QO	vclaim-sno-hocus-pocus-2	1	51.15155405975723	SimBa
tweet-sno-1273	QO	vclaim-sno-beetlejuice-2-coming-soon	1	47.83247569897176	SimBa
tweet-sno-1273	QO	vclaim-sno-twilight-saga-moonlight-glow	1	35.668407370986486	SimBa
tweet-sno-1273	QO	vclaim-sno-disney-pixar-boo	1	34.6315155103804	SimBa
tweet-sno-1274	QO	vclaim-sno-chick-fil-a-long-lines-lawsuit	1	44.49512344272671	SimBa
tweet-sno-1274	QO	vclaim-sno-white-front	1	31.36562343791975	SimBa
tweet-sno-1274	QO	vclaim-sno-chick-fil-a-sunday-tradition	1	30.759797166470392	SimBa
tweet-sno-1274	QO	vclaim-sno-mcdonalds-supports-chick-fil-a	1	30.445447188483996	SimBa
tweet-sno-1274	QO	vclaim-sno-chick-fil-a-tiktok-nuggets-recipe	1	29.005687234302513	SimBa
tweet-sno-1275	QO	vclaim-sno-costco-rotisserie-chicken-cheap	1	116.77353525365044	SimBa
tweet-sno-1275	QO	vclaim-sno-boston-market-coupon	1	31.760206339494516	SimBa
tweet-sno-1275	QO	vclaim-sno-costco-lying-about-cage-free-eggs	1	30.32418643062	SimBa
tweet-sno-1275	QO	vclaim-sno-costco-coupon-scam	1	30.033034610864572	SimBa
tweet-sno-1275	QO	vclaim-sno-costco-founder-kill-hotdogs	1	26.873501642134546	SimBa
tweet-sno-1276	QO	vclaim-sno-ia-fl-oh-election-loss	1	66.60275170932158	SimBa
tweet-sno-1276	QO	vclaim-sno-won-both-ohio-florida-lost	1	52.23386587541721	SimBa
tweet-sno-1276	QO	vclaim-sno-hillary-clintons-popular-vote-win-came-entirely-from-california	1	42.22940274375088	SimBa
tweet-sno-1276	QO	vclaim-sno-november-6th	1	40.42960836344537	SimBa
tweet-sno-1276	QO	vclaim-sno-trump-wins-pennsylvania	1	38.0611567283255	SimBa
tweet-sno-1277	QO	vclaim-sno-apartment-radiator-pandemic-spread	1	58.93312311956481	SimBa
tweet-sno-1277	QO	vclaim-sno-handkerchiefs-kissing-covid	1	30.73085167444643	SimBa
tweet-sno-1277	QO	vclaim-sno-cat-spanish-flu-mask	1	27.892374780145246	SimBa
tweet-sno-1277	QO	vclaim-sno-1918-quarantine-ad-for-phone	1	26.65847439048249	SimBa
tweet-sno-1277	QO	vclaim-sno-ventilators-warehouse-new-york	1	26.241556095839616	SimBa
tweet-sno-1278	QO	vclaim-sno-mcdonalds-breakfast-frozen-eggs	1	41.92195101760224	SimBa
tweet-sno-1278	QO	vclaim-sno-man-sue-mcdonalds-depressed-eating-happy-meal	1	30.861573267095416	SimBa
tweet-sno-1278	QO	vclaim-sno-something-eggstra	1	27.193299488232917	SimBa
tweet-sno-1278	QO	vclaim-sno-noodles-freeze-cold-weather	1	26.95419192253202	SimBa
tweet-sno-1278	QO	vclaim-sno-fact-check-mcdonalds-creates-nutella-burger	1	26.715193225263015	SimBa
tweet-sno-1279	QO	vclaim-sno-gohmert-tooth-fall-out	1	80.19747236473962	SimBa
tweet-sno-1279	QO	vclaim-sno-obama-reporter-press-conference	1	38.98195789941138	SimBa
tweet-sno-1279	QO	vclaim-sno-ermey-press-conference	1	33.58662231523668	SimBa
tweet-sno-1279	QO	vclaim-sno-trump-white-nationalists-us-press-conference	1	33.257950556593485	SimBa
tweet-sno-1279	QO	vclaim-sno-boyfriend-pull-teeth	1	32.8590778142941	SimBa
tweet-sno-1280	QO	vclaim-sno-biden-harris-disease-disagreed	1	103.25256066055837	SimBa
tweet-sno-1280	QO	vclaim-sno-harris-biden-blog-post	1	50.76269722344682	SimBa
tweet-sno-1280	QO	vclaim-sno-biden-say-president-harris	1	47.74545442784907	SimBa
tweet-sno-1280	QO	vclaim-sno-biden-ron-burgundy	1	42.3005329339462	SimBa
tweet-sno-1280	QO	vclaim-sno-biden-trump-dregs-society	1	42.20211795142244	SimBa
tweet-sno-1281	QO	vclaim-sno-indiana-jones-saxophone	1	59.76575456853779	SimBa
tweet-sno-1281	QO	vclaim-sno-father-abandon-family-avalanche	1	31.987666765538922	SimBa
tweet-sno-1281	QO	vclaim-sno-police-saxophone-machine-gun	1	29.167494340973576	SimBa
tweet-sno-1281	QO	vclaim-sno-eeyore-indiana-jones-adventure	1	28.751117010636193	SimBa
tweet-sno-1281	QO	vclaim-sno-harrison-ford-trump-han-solo	1	28.112667996984648	SimBa
tweet-sno-1282	QO	vclaim-sno-indiana-jones-saxophone	1	69.07139313126757	SimBa
tweet-sno-1282	QO	vclaim-sno-harrison-ford-trump-han-solo	1	27.381650818323557	SimBa
tweet-sno-1282	QO	vclaim-sno-police-saxophone-machine-gun	1	26.526072636338977	SimBa
tweet-sno-1282	QO	vclaim-sno-eeyore-indiana-jones-adventure	1	25.24915437388252	SimBa
tweet-sno-1282	QO	vclaim-sno-alex-jones-mcallen	1	23.567648081593426	SimBa
tweet-sno-1283	QO	vclaim-sno-indiana-jones-saxophone	1	70.71649965380273	SimBa
tweet-sno-1283	QO	vclaim-sno-harrison-ford-trump-han-solo	1	30.231171643988738	SimBa
tweet-sno-1283	QO	vclaim-sno-police-saxophone-machine-gun	1	26.967477391716717	SimBa
tweet-sno-1283	QO	vclaim-sno-eeyore-indiana-jones-adventure	1	26.118682987656648	SimBa
tweet-sno-1283	QO	vclaim-sno-toy-story-3-hidden	1	24.661536784682838	SimBa
tweet-sno-1284	QO	vclaim-sno-indiana-jones-saxophone	1	54.84439626188839	SimBa
tweet-sno-1284	QO	vclaim-sno-harrison-ford-trump-han-solo	1	39.917173507933626	SimBa
tweet-sno-1284	QO	vclaim-sno-harrison-ford-holding-a-trump-sign	1	29.368940447566107	SimBa
tweet-sno-1284	QO	vclaim-sno-james-earl-jones-star-wars-london-segregation	1	26.41088490590737	SimBa
tweet-sno-1284	QO	vclaim-sno-justin-bieber-han-solo	1	23.40193947540262	SimBa
tweet-sno-1285	QO	vclaim-sno-seattle-police-confiscate-mans-guns-without-warrant	1	38.558799166755435	SimBa
tweet-sno-1285	QO	vclaim-sno-florida-rebekah-jones-raid	1	35.88477020007932	SimBa
tweet-sno-1285	QO	vclaim-sno-guns-drawn-house-chamber	1	28.76865809597866	SimBa
tweet-sno-1285	QO	vclaim-sno-phoney-guns	1	28.629626039673624	SimBa
tweet-sno-1285	QO	vclaim-sno-colorado-gun-confiscation	1	28.183676201283333	SimBa
tweet-sno-1286	QO	vclaim-sno-nasa-sally-ride-100-tampons	1	68.15218302480177	SimBa
tweet-sno-1286	QO	vclaim-sno-nasa-hillary-clinton-astronaut	1	38.687048946819196	SimBa
tweet-sno-1286	QO	vclaim-sno-spacesuit-envy	1	37.97387153284262	SimBa
tweet-sno-1286	QO	vclaim-sno-recalled-tampons-zombie-ants	1	32.51578100712902	SimBa
tweet-sno-1286	QO	vclaim-sno-the-write-stuff	1	31.10268309850619	SimBa
tweet-sno-1287	QO	vclaim-sno-my-pleasure-chick-fil-a	1	51.33878927554627	SimBa
tweet-sno-1287	QO	vclaim-sno-the-12-days-of-whataburger	1	30.37745650024595	SimBa
tweet-sno-1287	QO	vclaim-sno-hands-up-don39t-scoop	1	29.77092825293709	SimBa
tweet-sno-1287	QO	vclaim-sno-fda-packaging-change	1	28.94700739516307	SimBa
tweet-sno-1287	QO	vclaim-sno-mush-vroom-pizza	1	28.47480468299617	SimBa
tweet-sno-1288	QO	vclaim-sno-my-pleasure-chick-fil-a	1	61.46505216546117	SimBa
tweet-sno-1288	QO	vclaim-sno-free-cone-day	1	34.27244770565001	SimBa
tweet-sno-1288	QO	vclaim-sno-hands-up-don39t-scoop	1	33.631183649647255	SimBa
tweet-sno-1288	QO	vclaim-sno-chick-fil-a-promotions	1	33.57303536252652	SimBa
tweet-sno-1288	QO	vclaim-sno-chick-fil-a-meal-promo	1	32.67313139688693	SimBa
tweet-sno-1289	QO	vclaim-sno-my-pleasure-chick-fil-a	1	52.41565627782796	SimBa
tweet-sno-1289	QO	vclaim-sno-facebook-cold-stone-pregnancy-discount	1	31.412481438686253	SimBa
tweet-sno-1289	QO	vclaim-sno-chick-fil-a-promotions	1	30.423282067404028	SimBa
tweet-sno-1289	QO	vclaim-sno-chick-fil-a-meal-promo	1	30.07405016692113	SimBa
tweet-sno-1289	QO	vclaim-sno-chick-fil-a-food-stranded-storm	1	28.51294266353139	SimBa
tweet-sno-1290	QO	vclaim-sno-my-pleasure-chick-fil-a	1	55.42345592061921	SimBa
tweet-sno-1290	QO	vclaim-sno-chick-fil-a-promotions	1	27.382326961213398	SimBa
tweet-sno-1290	QO	vclaim-sno-chick-fil-a-meal-promo	1	27.003405295207507	SimBa
tweet-sno-1290	QO	vclaim-sno-hands-up-don39t-scoop	1	26.82085018589444	SimBa
tweet-sno-1290	QO	vclaim-sno-chick-fil-a-coupon-scam	1	25.2586399073317	SimBa
tweet-sno-1291	QO	vclaim-sno-biden-covid-vaccine	1	52.677357135981765	SimBa
tweet-sno-1291	QO	vclaim-sno-biden-vaccines-hurricane-protect	1	44.633650788864514	SimBa
tweet-sno-1291	QO	vclaim-sno-biden-covid-vaccine-2	1	42.289333858663	SimBa
tweet-sno-1291	QO	vclaim-sno-biden-tweet-pandemic	1	42.11781697643623	SimBa
tweet-sno-1291	QO	vclaim-sno-did-trump-praise-covid-19-vaccines	1	42.06953630944582	SimBa
tweet-sno-1292	QO	vclaim-sno-matt-putz	1	47.295250076086155	SimBa
tweet-sno-1292	QO	vclaim-sno-new-jersey-ballot-tax-returns	1	32.603800642864684	SimBa
tweet-sno-1292	QO	vclaim-sno-new-jersey-gun-confiscation	1	29.536581699157914	SimBa
tweet-sno-1292	QO	vclaim-sno-chris-christie-vetoes-equal-pay	1	28.608960997876125	SimBa
tweet-sno-1292	QO	vclaim-sno-bernie-sanders-jersey-ballot	1	26.988428575708536	SimBa
tweet-sno-1293	QO	vclaim-sno-christian-owned-airlines-change-wing-light-colors-to-celebrate-christmas	1	30.497721625549065	SimBa
tweet-sno-1293	QO	vclaim-sno-chick-fil-a-sunday-tradition	1	29.47394270970475	SimBa
tweet-sno-1293	QO	vclaim-sno-chick-fil-open-sundays	1	29.010396806114553	SimBa
tweet-sno-1293	QO	vclaim-sno-chick-fil-a-food-stranded-storm	1	27.707490668601032	SimBa
tweet-sno-1293	QO	vclaim-sno-my-pleasure-chick-fil-a	1	24.492824226788965	SimBa
tweet-sno-1294	QO	vclaim-sno-drake-scented-candles	1	57.58377235314098	SimBa
tweet-sno-1294	QO	vclaim-sno-gwyneth-paltrow-vagina-candle	1	40.407627729756015	SimBa
tweet-sno-1294	QO	vclaim-sno-kfc-really-create-chicken-scented-candle	1	38.40258260580852	SimBa
tweet-sno-1294	QO	vclaim-sno-mcdonalds-quarter-pounder-candles	1	24.901386632803433	SimBa
tweet-sno-1294	QO	vclaim-sno-air-jordans-price-drop	1	22.98129815246036	SimBa
tweet-sno-1295	QO	vclaim-sno-flash-player-no-longer-supported	1	48.21530208043902	SimBa
tweet-sno-1295	QO	vclaim-sno-nasa-blackout-warning	1	24.85205352995741	SimBa
tweet-sno-1295	QO	vclaim-sno-ruby-tuesday-closing	1	23.91352592162673	SimBa
tweet-sno-1295	QO	vclaim-sno-antarctica-covid-cases	1	23.008460083719772	SimBa
tweet-sno-1295	QO	vclaim-sno-taco-bell-closing-2020	1	22.559052547730353	SimBa
tweet-sno-1296	QO	vclaim-sno-flash-player-no-longer-supported	1	56.04096614250517	SimBa
tweet-sno-1296	QO	vclaim-sno-boob-youtube	1	22.40854136623657	SimBa
tweet-sno-1296	QO	vclaim-sno-obamaphones-to-be-cut-off	1	21.66418181627445	SimBa
tweet-sno-1296	QO	vclaim-sno-nasa-blackout-warning	1	20.996635613075103	SimBa
tweet-sno-1296	QO	vclaim-sno-dust-in-the-solar-wind	1	20.310704064229633	SimBa
tweet-sno-1297	QO	vclaim-sno-flash-player-no-longer-supported	1	54.70674322751263	SimBa
tweet-sno-1297	QO	vclaim-sno-boob-youtube	1	29.855807122135616	SimBa
tweet-sno-1297	QO	vclaim-sno-delete-google-chrome-trends	1	25.87015919978639	SimBa
tweet-sno-1297	QO	vclaim-sno-facebook-ban-livestreamed-music	1	24.40914033275306	SimBa
tweet-sno-1297	QO	vclaim-sno-is-minecraft-shutting-down	1	24.123050513228254	SimBa
tweet-sno-1298	QO	vclaim-sno-santa-covid-exemption-ireland	1	39.78466346503774	SimBa
tweet-sno-1298	QO	vclaim-sno-santas-canadian-postal-code	1	28.824054101709937	SimBa
tweet-sno-1298	QO	vclaim-sno-code-for-pedophiles-on-toys	1	28.57427078524755	SimBa
tweet-sno-1298	QO	vclaim-sno-trick-or-treat-age-limit	1	27.19617436176481	SimBa
tweet-sno-1298	QO	vclaim-sno-track-meet	1	27.15210657251162	SimBa
tweet-sno-1299	QO	vclaim-sno-monolith-california	1	33.19678423754814	SimBa
tweet-sno-1299	QO	vclaim-sno-monolith-found-utah	1	28.882678802563284	SimBa
tweet-sno-1299	QO	vclaim-sno-rainbow-mountains-real	1	24.44650488234011	SimBa
tweet-sno-1299	QO	vclaim-sno-ancient-giant-trees	1	23.435225656168413	SimBa
tweet-sno-1299	QO	vclaim-sno-disney-matterhorn-basketball-court	1	23.167247351177437	SimBa
tweet-sno-1300	QO	vclaim-sno-king-louis-xiv-fetish-birth	1	48.17252175561743	SimBa
tweet-sno-1300	QO	vclaim-sno-the-not-so-sweet-smell-of-success	1	28.652580463166988	SimBa
tweet-sno-1300	QO	vclaim-sno-mike-pence-allowing-rape-victims-to-have-abortions-will-lead-to-women-trying-to-get-raped	1	27.32094425501048	SimBa
tweet-sno-1300	QO	vclaim-sno-lords-name-in-bed	1	26.113691688815067	SimBa
tweet-sno-1300	QO	vclaim-sno-pat-robertson-feminist-agenda	1	25.72989934394218	SimBa
tweet-sno-1301	QO	vclaim-sno-loser-lawn-trump-golf-course	1	35.20275408553162	SimBa
tweet-sno-1301	QO	vclaim-sno-tom-brady-election-white-house	1	22.813304236491064	SimBa
tweet-sno-1301	QO	vclaim-sno-golfing-trump-election-results	1	22.37833795901107	SimBa
tweet-sno-1301	QO	vclaim-sno-large-alligator-on-golf-course	1	22.141060596680234	SimBa
tweet-sno-1301	QO	vclaim-sno-trump-presidential-seal	1	22.046294832210613	SimBa
tweet-sno-1302	QO	vclaim-sno-johns-hopkins-covid-deaths	1	76.80891536885774	SimBa
tweet-sno-1302	QO	vclaim-sno-covid19-two-deaths	1	37.429585175722174	SimBa
tweet-sno-1302	QO	vclaim-sno-coronavirus-cure-bryant	1	35.98440177937814	SimBa
tweet-sno-1302	QO	vclaim-sno-cdc-mortality-statistics	1	33.805195732138536	SimBa
tweet-sno-1302	QO	vclaim-sno-us-covid-deaths-vietnam-war	1	33.53724173498277	SimBa
tweet-sno-1303	QO	vclaim-sno-take-off-your-clothes	1	32.73640462637967	SimBa
tweet-sno-1303	QO	vclaim-sno-friends-movie-trailer-real	1	30.87801658639088	SimBa
tweet-sno-1303	QO	vclaim-sno-72-hour-challenge	1	30.580900205702317	SimBa
tweet-sno-1303	QO	vclaim-sno-tom-selleck-rumors	1	30.342083141930523	SimBa
tweet-sno-1303	QO	vclaim-sno-monsters-inc-sex-drawing	1	30.199549224669667	SimBa
tweet-sno-1304	QO	vclaim-sno-leonardo-dicaprio-disney-channel	1	38.589504508202296	SimBa
tweet-sno-1304	QO	vclaim-sno-moira-rose-home-alone	1	25.542057253597953	SimBa
tweet-sno-1304	QO	vclaim-sno-betty-white-in-her-20s-photo	1	24.090969748514414	SimBa
tweet-sno-1304	QO	vclaim-sno-scarface-remake-leonardo-dicaprio	1	24.02235043680775	SimBa
tweet-sno-1304	QO	vclaim-sno-minkus-became-chanel-west-coast	1	23.88931807013437	SimBa
tweet-sno-1305	QO	vclaim-sno-leonardo-dicaprio-disney-channel	1	30.889048130998017	SimBa
tweet-sno-1305	QO	vclaim-sno-leonardo-dicaprio-woodstock-illinois	1	25.95890793382984	SimBa
tweet-sno-1305	QO	vclaim-sno-scarface-remake-leonardo-dicaprio	1	25.008399399657133	SimBa
tweet-sno-1305	QO	vclaim-sno-72-hour-challenge	1	24.663034923220827	SimBa
tweet-sno-1305	QO	vclaim-sno-leonardo-dicaprio-cast-mlk-new-film-will-wear-blackface	1	22.984286694072853	SimBa
tweet-sno-1306	QO	vclaim-sno-georgia-signature-audit	1	35.54716909861841	SimBa
tweet-sno-1306	QO	vclaim-sno-georgia-runoff-residency	1	32.75703811118044	SimBa
tweet-sno-1306	QO	vclaim-sno-the-white-guy	1	32.26475571229534	SimBa
tweet-sno-1306	QO	vclaim-sno-georgia-on-my-mind	1	32.2588297043625	SimBa
tweet-sno-1306	QO	vclaim-sno-georgia-raffensperger-brother	1	30.07908732924653	SimBa
tweet-sno-1307	QO	vclaim-sno-more-votes-than-voters-in-detroit	1	45.93220828307378	SimBa
tweet-sno-1307	QO	vclaim-sno-trump-detroit-voters-2020	1	44.73990440352973	SimBa
tweet-sno-1307	QO	vclaim-sno-rumor-alert-biden-michigan-votes	1	33.41974808786432	SimBa
tweet-sno-1307	QO	vclaim-sno-300000-wisconsin-voters-turned-away-due-to-voter-id-laws	1	31.456584194378877	SimBa
tweet-sno-1307	QO	vclaim-sno-simple-math-on-biden-votes	1	30.84483551176823	SimBa
tweet-sno-1308	QO	vclaim-sno-trump-pardon-turkey-election	1	69.19298385106342	SimBa
tweet-sno-1308	QO	vclaim-sno-trump-condemn-white-supremacists	1	42.82021663970072	SimBa
tweet-sno-1308	QO	vclaim-sno-trump-recount-battleground-states	1	41.22052112160973	SimBa
tweet-sno-1308	QO	vclaim-sno-tom-brady-election-white-house	1	39.81741234261886	SimBa
tweet-sno-1308	QO	vclaim-sno-feliz-navidad-white-house	1	38.04465623476783	SimBa
tweet-sno-1309	QO	vclaim-sno-alaska-town-60-days-without-sun	1	46.16886813386921	SimBa
tweet-sno-1309	QO	vclaim-sno-sun-lockdown	1	34.735810009721284	SimBa
tweet-sno-1309	QO	vclaim-sno-saturn-close-to-earth-meme	1	34.55897466607163	SimBa
tweet-sno-1309	QO	vclaim-sno-wolf-moon-january	1	32.0782778658581	SimBa
tweet-sno-1309	QO	vclaim-sno-asteroid-golden-gate-bridge	1	29.926647998790692	SimBa
tweet-sno-1310	QO	vclaim-sno-florida-air-force-robotic-dogs	1	60.40735185055233	SimBa
tweet-sno-1310	QO	vclaim-sno-army-working-dogs-satire	1	42.69614841462509	SimBa
tweet-sno-1310	QO	vclaim-sno-a-new-breed-of-gunner	1	39.04532693801272	SimBa
tweet-sno-1310	QO	vclaim-sno-air-force-one	1	32.19401936523742	SimBa
tweet-sno-1310	QO	vclaim-sno-marine-corps-dog-adoptions	1	30.87954099854364	SimBa
tweet-sno-1311	QO	vclaim-sno-20000-dead-voters-in-pennsylvania	1	62.349549898336655	SimBa
tweet-sno-1311	QO	vclaim-sno-more-votes-than-voters-in-detroit	1	49.84226504496881	SimBa
tweet-sno-1311	QO	vclaim-sno-biden-admit-voter-fraud	1	48.30939313761489	SimBa
tweet-sno-1311	QO	vclaim-sno-pa-mailin-votes-ballots	1	43.14395557452393	SimBa
tweet-sno-1311	QO	vclaim-sno-simple-math-on-biden-votes	1	43.10916529512684	SimBa
tweet-sno-1312	QO	vclaim-sno-christmas-tree-owl	1	43.90932556229804	SimBa
tweet-sno-1312	QO	vclaim-sno-owl-having-an-orgasm	1	32.965278946790534	SimBa
tweet-sno-1312	QO	vclaim-sno-catapulted-cat	1	31.911666359187173	SimBa
tweet-sno-1312	QO	vclaim-sno-snowy-owl-130-years	1	29.9900752433186	SimBa
tweet-sno-1312	QO	vclaim-sno-rainbow-owl	1	27.8850898605995	SimBa
tweet-sno-1313	QO	vclaim-sno-wisconsin-vote-dump	1	56.15525599537493	SimBa
tweet-sno-1313	QO	vclaim-sno-simple-math-on-biden-votes	1	44.206705632545635	SimBa
tweet-sno-1313	QO	vclaim-sno-biden-break-obamas-vote-record	1	44.106508587740564	SimBa
tweet-sno-1313	QO	vclaim-sno-300000-wisconsin-voters-turned-away-due-to-voter-id-laws	1	43.44294849683216	SimBa
tweet-sno-1313	QO	vclaim-sno-trump-biden-vote-dumps	1	41.94624530673575	SimBa
tweet-sno-1314	QO	vclaim-sno-dominion-servers-germany-seized	1	49.565230910621196	SimBa
tweet-sno-1314	QO	vclaim-sno-facebook-analytics-electoral-map-shows-trump-sweep	1	34.65111150665271	SimBa
tweet-sno-1314	QO	vclaim-sno-could-trump-defy-popular-vote	1	34.32472947050998	SimBa
tweet-sno-1314	QO	vclaim-sno-12th-amendment-path-to-victory	1	31.826451515204628	SimBa
tweet-sno-1314	QO	vclaim-sno-trump-wins-pennsylvania	1	31.518512316990652	SimBa
tweet-sno-1315	QO	vclaim-sno-dominion-servers-germany-seized	1	51.99811499665226	SimBa
tweet-sno-1315	QO	vclaim-sno-facebook-analytics-electoral-map-shows-trump-sweep	1	35.21118511212361	SimBa
tweet-sno-1315	QO	vclaim-sno-trump-server-tied-to-russian-bank	1	33.867683788491675	SimBa
tweet-sno-1315	QO	vclaim-sno-george-soros-trump-will-win-popular-vote-by-a-landslide-but-clinton-victory-a-done-deal	1	29.923470924680764	SimBa
tweet-sno-1315	QO	vclaim-sno-80-trump-ballots-burned	1	29.27235257195412	SimBa
tweet-sno-1316	QO	vclaim-sno-cuomo-vaccine-bad-news-trump	1	51.672135684434735	SimBa
tweet-sno-1316	QO	vclaim-sno-vaccine-biden-trump	1	37.11285517077057	SimBa
tweet-sno-1316	QO	vclaim-sno-did-pfizers-vp-blow-whistle-gardasil	1	36.73228466492487	SimBa
tweet-sno-1316	QO	vclaim-sno-trump-governors-covid-19	1	35.814373722685986	SimBa
tweet-sno-1316	QO	vclaim-sno-did-trump-praise-covid-19-vaccines	1	35.57488127790013	SimBa
tweet-sno-1317	QO	vclaim-sno-cornyn-votes-puerto-rico	1	71.73792046695989	SimBa
tweet-sno-1317	QO	vclaim-sno-florida-moves-for-full-recount-of-state-votes-over-massive-voter-fraud	1	32.630249690038596	SimBa
tweet-sno-1317	QO	vclaim-sno-alabama-doug-jones-ballots	1	32.170402023700305	SimBa
tweet-sno-1317	QO	vclaim-sno-more-votes-than-voters-in-detroit	1	30.57328392487674	SimBa
tweet-sno-1317	QO	vclaim-sno-floyd-county-georgia-votes	1	30.41359240651684	SimBa
tweet-sno-1318	QO	vclaim-sno-floyd-county-georgia-votes	1	48.93546974874617	SimBa
tweet-sno-1318	QO	vclaim-sno-broward-county-fraud-voters-votes	1	43.98719897947426	SimBa
tweet-sno-1318	QO	vclaim-sno-georgia-ballots-likely-ineligible	1	40.79372291748133	SimBa
tweet-sno-1318	QO	vclaim-sno-pa-mailin-votes-ballots	1	40.53131470070959	SimBa
tweet-sno-1318	QO	vclaim-sno-more-votes-than-voters-in-detroit	1	37.43542268995768	SimBa
tweet-sno-1319	QO	vclaim-sno-floyd-county-georgia-votes	1	70.65226882076041	SimBa
tweet-sno-1319	QO	vclaim-sno-georgia-dekalb-reject-mail-ballots	1	48.77786163252573	SimBa
tweet-sno-1319	QO	vclaim-sno-biden-306-electoral-votes	1	47.740577082613065	SimBa
tweet-sno-1319	QO	vclaim-sno-erie-pennsylvania-trump-ballots	1	46.498183980927706	SimBa
tweet-sno-1319	QO	vclaim-sno-georgia-ballots-likely-ineligible	1	46.23021662891298	SimBa
tweet-sno-1320	QO	vclaim-sno-biden-trump-inauguration-crowd	1	42.52475341222592	SimBa
tweet-sno-1320	QO	vclaim-sno-maga-trump-million-march	1	39.75045994056494	SimBa
tweet-sno-1320	QO	vclaim-sno-pennsylvania-trump-rally	1	38.44283368205675	SimBa
tweet-sno-1320	QO	vclaim-sno-trump-rally-crowd-66000	1	37.55007447309087	SimBa
tweet-sno-1320	QO	vclaim-sno-militia-bidens-inauguration	1	35.716873927462835	SimBa
tweet-sno-1321	QO	vclaim-sno-newsmax-biden-pence	1	61.169512190960816	SimBa
tweet-sno-1321	QO	vclaim-sno-mike-pence-to-resign	1	45.34569857632549	SimBa
tweet-sno-1321	QO	vclaim-sno-mike-pence-blames-media-for-trump-controversies	1	42.913067648790054	SimBa
tweet-sno-1321	QO	vclaim-sno-gowdy-pence-2020	1	42.316707172021616	SimBa
tweet-sno-1321	QO	vclaim-sno-trump-stimulus-package-election	1	42.09758252951812	SimBa
tweet-sno-1322	QO	vclaim-sno-newsmax-biden-pence	1	60.60892494288964	SimBa
tweet-sno-1322	QO	vclaim-sno-mike-pence-to-resign	1	37.529978461525616	SimBa
tweet-sno-1322	QO	vclaim-sno-trump-nobody-likes-me	1	36.39188698121001	SimBa
tweet-sno-1322	QO	vclaim-sno-boring-mike-pence	1	35.74984561551004	SimBa
tweet-sno-1322	QO	vclaim-sno-mike-pence-blames-media-for-trump-controversies	1	35.53033961151901	SimBa
tweet-sno-1323	QO	vclaim-sno-newsmax-biden-pence	1	71.15980045893559	SimBa
tweet-sno-1323	QO	vclaim-sno-boring-mike-pence	1	46.652304233936775	SimBa
tweet-sno-1323	QO	vclaim-sno-obama-trump-transition-letter	1	44.18392142540898	SimBa
tweet-sno-1323	QO	vclaim-sno-did-trump-say-low-class-pets	1	43.95094999677106	SimBa
tweet-sno-1323	QO	vclaim-sno-trump-death-hoax	1	43.8774379601317	SimBa
tweet-sno-1324	QO	vclaim-sno-fake-aoc-purge-tweet	1	49.00735894650923	SimBa
tweet-sno-1324	QO	vclaim-sno-rnc-chairwoman-deleted-tweet	1	48.72752465818933	SimBa
tweet-sno-1324	QO	vclaim-sno-bidens-win-lie-of-the-year	1	48.24240741344433	SimBa
tweet-sno-1324	QO	vclaim-sno-white-house-oval-pawffice-texas	1	47.27649073426102	SimBa
tweet-sno-1324	QO	vclaim-sno-biden-endorses-romney-for-president	1	47.252570883313346	SimBa
tweet-sno-1325	QO	vclaim-sno-raising-canes-chicken-bankruptcy	1	71.81192810366207	SimBa
tweet-sno-1325	QO	vclaim-sno-dunkin-donuts-bankruptcy-prank	1	42.05142365469024	SimBa
tweet-sno-1325	QO	vclaim-sno-nordstrom-chapter-11-baio-boycott	1	35.98477114799713	SimBa
tweet-sno-1325	QO	vclaim-sno-did-nfl-team-declare-bankruptcy-protests	1	31.728599450515688	SimBa
tweet-sno-1325	QO	vclaim-sno-643000-bankruptcies-in-the-u-s-every-year-due-to-medical-bills	1	28.191104200506395	SimBa
tweet-sno-1326	QO	vclaim-sno-raising-canes-chicken-bankruptcy	1	38.026686148417255	SimBa
tweet-sno-1326	QO	vclaim-sno-7up-discontinued	1	26.08960964885497	SimBa
tweet-sno-1326	QO	vclaim-sno-taco-bell-closing-2020	1	24.45858330533413	SimBa
tweet-sno-1326	QO	vclaim-sno-bloomberg-buy-trump-debt	1	23.080506222498713	SimBa
tweet-sno-1326	QO	vclaim-sno-trump-terminate-social-security	1	22.878231552527655	SimBa
tweet-sno-1327	QO	vclaim-sno-charlie-sheen-death-hoax	1	35.762115975206775	SimBa
tweet-sno-1327	QO	vclaim-sno-lethal-indirection	1	34.79343489878053	SimBa
tweet-sno-1327	QO	vclaim-sno-chevy-chase-death-hoax	1	33.98393736632207	SimBa
tweet-sno-1327	QO	vclaim-sno-clint-eastwood-death-hoax	1	32.974956217851954	SimBa
tweet-sno-1327	QO	vclaim-sno-debby-ryan-heart-attack	1	32.3445897994638	SimBa
tweet-sno-1328	QO	vclaim-sno-xbox-playstation-ps5-congrats	1	47.88631805654052	SimBa
tweet-sno-1328	QO	vclaim-sno-we-love-you-mdash-call-collect	1	31.87488443444263	SimBa
tweet-sno-1328	QO	vclaim-sno-tag-acronym-touch-and-go	1	27.207719033562302	SimBa
tweet-sno-1328	QO	vclaim-sno-all-work-and-no-playstation	1	26.61505179236699	SimBa
tweet-sno-1328	QO	vclaim-sno-mario-execution-day-nintendo	1	25.27171913980402	SimBa
tweet-sno-1329	QO	vclaim-sno-xbox-playstation-ps5-congrats	1	39.97246046521681	SimBa
tweet-sno-1329	QO	vclaim-sno-microsoft-own-patent-666	1	24.227692654125157	SimBa
tweet-sno-1329	QO	vclaim-sno-would-you-have-invested	1	20.578873032229758	SimBa
tweet-sno-1329	QO	vclaim-sno-cyberpunk-2077-refunds	1	20.49063825197934	SimBa
tweet-sno-1329	QO	vclaim-sno-oprah-shout-your-abortion	1	19.10238159520276	SimBa
tweet-sno-1330	QO	vclaim-sno-ice-twitter-account-disappear	1	36.71352095264503	SimBa
tweet-sno-1330	QO	vclaim-sno-twitter-shutting-down-in-2017	1	25.462304739174137	SimBa
tweet-sno-1330	QO	vclaim-sno-nps-twitter-account-shut-down	1	25.229606839855975	SimBa
tweet-sno-1330	QO	vclaim-sno-twitter-delete-trump-account-racism	1	23.37287266732559	SimBa
tweet-sno-1330	QO	vclaim-sno-loser-com-trump-wikipedia-page	1	22.540874903712286	SimBa
tweet-sno-1331	QO	vclaim-sno-ice-twitter-account-disappear	1	73.37856334462069	SimBa
tweet-sno-1331	QO	vclaim-sno-new-york-ice-agent-suicide-note	1	47.7742794376402	SimBa
tweet-sno-1331	QO	vclaim-sno-ice-detain-michigan-doctor-40-years-u-s	1	44.191440736538425	SimBa
tweet-sno-1331	QO	vclaim-sno-ice-citizens-academy-civilians	1	40.22782284367629	SimBa
tweet-sno-1331	QO	vclaim-sno-ice-hurl-pregnant-woman-border-wall	1	35.52989749382826	SimBa
tweet-sno-1332	QO	vclaim-sno-veterans-national-parks-lifetime	1	66.31606031797219	SimBa
tweet-sno-1332	QO	vclaim-sno-free-meals-for-veterans	1	43.893918832027396	SimBa
tweet-sno-1332	QO	vclaim-sno-trump-veterans-free-health-care	1	33.988211319571285	SimBa
tweet-sno-1332	QO	vclaim-sno-jessica-biel-military-veteran	1	32.475752501671124	SimBa
tweet-sno-1332	QO	vclaim-sno-trump-veterans-day-new-york-first	1	31.132567260848358	SimBa
tweet-sno-1333	QO	vclaim-sno-covid-vaccine-funded-by-trump	1	54.93774607749206	SimBa
tweet-sno-1333	QO	vclaim-sno-cuomo-vaccine-bad-news-trump	1	40.06863956947546	SimBa
tweet-sno-1333	QO	vclaim-sno-did-trump-praise-covid-19-vaccines	1	38.65187672268874	SimBa
tweet-sno-1333	QO	vclaim-sno-did-pfizers-vp-blow-whistle-gardasil	1	37.062044301914334	SimBa
tweet-sno-1333	QO	vclaim-sno-diabetes-vaccine	1	36.40983535123813	SimBa
tweet-sno-1334	QO	vclaim-sno-covid-vaccine-funded-by-trump	1	55.041968648834015	SimBa
tweet-sno-1334	QO	vclaim-sno-covid-good-news-list-accurate	1	34.92559329133199	SimBa
tweet-sno-1334	QO	vclaim-sno-did-trump-praise-covid-19-vaccines	1	33.86078907782861	SimBa
tweet-sno-1334	QO	vclaim-sno-cuomo-vaccine-bad-news-trump	1	32.63292093747785	SimBa
tweet-sno-1334	QO	vclaim-sno-measles-deaths-vaccine	1	30.32818115329694	SimBa
tweet-sno-1335	QO	vclaim-sno-biden-hat-trump-maga	1	48.31757208907794	SimBa
tweet-sno-1335	QO	vclaim-sno-biden-401k-tax	1	41.4756215289446	SimBa
tweet-sno-1335	QO	vclaim-sno-biden-antifa-courageous-americans	1	41.422114823199905	SimBa
tweet-sno-1335	QO	vclaim-sno-biden-endorses-romney-for-president	1	41.01753634362332	SimBa
tweet-sno-1335	QO	vclaim-sno-joe-biden-stutter	1	40.500628337588026	SimBa
tweet-sno-1336	QO	vclaim-sno-biden-major-dog-rescue-white-house	1	83.99081164189376	SimBa
tweet-sno-1336	QO	vclaim-sno-biden-dog-major-indoguration	1	58.70483822539485	SimBa
tweet-sno-1336	QO	vclaim-sno-biden-dogs-kicked-out-white-house	1	57.55192665377616	SimBa
tweet-sno-1336	QO	vclaim-sno-biden-team-statement-dog	1	56.69125514676045	SimBa
tweet-sno-1336	QO	vclaim-sno-biden-dogs-trump-chew-toy	1	42.17483029648848	SimBa
tweet-sno-1337	QO	vclaim-sno-golfing-trump-election-results	1	48.171944207659344	SimBa
tweet-sno-1337	QO	vclaim-sno-trump-golf-rallies-coronavirus	1	46.11801502028513	SimBa
tweet-sno-1337	QO	vclaim-sno-pence-trump-coronavirus-test	1	45.831190750291135	SimBa
tweet-sno-1337	QO	vclaim-sno-trump-tulsa-rally-covid19-test	1	43.952363533454616	SimBa
tweet-sno-1337	QO	vclaim-sno-donald-trump-golf-course	1	43.389101568333174	SimBa
tweet-sno-1338	QO	vclaim-sno-bannon-fauci-wray-head-pikes	1	66.37997856594698	SimBa
tweet-sno-1338	QO	vclaim-sno-steve-bannon-predicts-obama	1	43.618346140532616	SimBa
tweet-sno-1338	QO	vclaim-sno-bannon-leninist-destroy-state	1	39.31330824880972	SimBa
tweet-sno-1338	QO	vclaim-sno-trump-threaten-federal-buildings	1	38.14563372451997	SimBa
tweet-sno-1338	QO	vclaim-sno-bannon-hell-capitol-attack	1	38.02949817206945	SimBa
tweet-sno-1339	QO	vclaim-sno-gray-wolves-endangered-trump	1	41.89894255444505	SimBa
tweet-sno-1339	QO	vclaim-sno-trump-whales-sea-turtles	1	36.46123052226089	SimBa
tweet-sno-1339	QO	vclaim-sno-trump-animal-cruelty	1	32.04861645061784	SimBa
tweet-sno-1339	QO	vclaim-sno-altered-states	1	29.89081467664357	SimBa
tweet-sno-1339	QO	vclaim-sno-trump-cecil-lion-wildlife-conservation-council	1	29.84796242399777	SimBa
tweet-sno-1340	QO	vclaim-sno-pa-worker-filling-ballots	1	62.4629038115625	SimBa
tweet-sno-1340	QO	vclaim-sno-broward-county-blank-ballots	1	45.939989997741634	SimBa
tweet-sno-1340	QO	vclaim-sno-erie-pennsylvania-trump-ballots	1	42.53715152457173	SimBa
tweet-sno-1340	QO	vclaim-sno-ballots-video-voter-fraud-trump	1	40.20033270013228	SimBa
tweet-sno-1340	QO	vclaim-sno-ballots-lancaster-pa	1	40.00562674716366	SimBa
tweet-sno-1341	QO	vclaim-sno-stop-the-count-chant	1	69.27097694102784	SimBa
tweet-sno-1341	QO	vclaim-sno-trump-rally-chant	1	43.112957303183805	SimBa
tweet-sno-1341	QO	vclaim-sno-make-america-white-again-trump	1	42.66101016465542	SimBa
tweet-sno-1341	QO	vclaim-sno-teamkraken-georgia-injunction	1	41.187862673923874	SimBa
tweet-sno-1341	QO	vclaim-sno-stalin-vote-count-quote	1	39.70058335052421	SimBa
tweet-sno-1342	QO	vclaim-sno-trump-recount-battleground-states	1	74.95398139578042	SimBa
tweet-sno-1342	QO	vclaim-sno-poll-watchers-2020-election	1	39.283682086500114	SimBa
tweet-sno-1342	QO	vclaim-sno-bloc-the-vote	1	36.06518030838923	SimBa
tweet-sno-1342	QO	vclaim-sno-trump-biden-vote-dumps	1	35.43735744827832	SimBa
tweet-sno-1342	QO	vclaim-sno-why-ohio	1	35.07950864145444	SimBa
tweet-sno-1343	QO	vclaim-sno-sharpie-trump-ballots-arizona	1	49.818600025280176	SimBa
tweet-sno-1343	QO	vclaim-sno-millions-mail-in-ballots	1	35.107414577233676	SimBa
tweet-sno-1343	QO	vclaim-sno-strawman-poll	1	34.95280396944317	SimBa
tweet-sno-1343	QO	vclaim-sno-postal-worker-caught-destroying-absentee-trump-ballots-in-major-swing-state	1	34.47226838694503	SimBa
tweet-sno-1343	QO	vclaim-sno-vote-for-trump-or-else	1	34.433146774410595	SimBa
tweet-sno-1344	QO	vclaim-sno-sharpie-trump-ballots-arizona	1	72.12809591244283	SimBa
tweet-sno-1344	QO	vclaim-sno-donald-trump-primary-ballots	1	40.692481388886634	SimBa
tweet-sno-1344	QO	vclaim-sno-georgia-signature-audit	1	37.0022009334965	SimBa
tweet-sno-1344	QO	vclaim-sno-postal-worker-caught-destroying-absentee-trump-ballots-in-major-swing-state	1	35.819247724054485	SimBa
tweet-sno-1344	QO	vclaim-sno-millions-mail-in-ballots	1	35.68003704788893	SimBa
tweet-sno-1345	QO	vclaim-sno-sharpie-trump-ballots-arizona	1	55.467160342844416	SimBa
tweet-sno-1345	QO	vclaim-sno-wisconsin-vote-dump	1	43.707402971984074	SimBa
tweet-sno-1345	QO	vclaim-sno-trump-tell-supporters-storm	1	41.28626992805464	SimBa
tweet-sno-1345	QO	vclaim-sno-rumor-alert-biden-michigan-votes	1	41.003524794751854	SimBa
tweet-sno-1345	QO	vclaim-sno-biden-fraud-ballots-count	1	39.01800873748158	SimBa
tweet-sno-1346	QO	vclaim-sno-killer-whale	1	30.951449522419086	SimBa
tweet-sno-1346	QO	vclaim-sno-humpback-whale-eat-kayaker	1	30.100084151769824	SimBa
tweet-sno-1346	QO	vclaim-sno-saved-whale-says-thanks	1	30.01821717094917	SimBa
tweet-sno-1346	QO	vclaim-sno-fisherman-survived-inside-whale-for-three-days	1	29.894251658189862	SimBa
tweet-sno-1346	QO	vclaim-sno-flesh-eating-bacteria-in-myrtle-beach	1	26.973523141668966	SimBa
tweet-sno-1347	QO	vclaim-sno-humpback-whale-eat-kayaker	1	43.846913221663016	SimBa
tweet-sno-1347	QO	vclaim-sno-big-gulp	1	42.11347439892313	SimBa
tweet-sno-1347	QO	vclaim-sno-killer-whale	1	40.52560511360872	SimBa
tweet-sno-1347	QO	vclaim-sno-photograph-kayak-orcas	1	36.921831465255806	SimBa
tweet-sno-1347	QO	vclaim-sno-blue-whale-under-rowboat	1	34.77985314337853	SimBa
tweet-sno-1348	QO	vclaim-sno-biden-black-athletes-green-mile	1	43.44538498830315	SimBa
tweet-sno-1348	QO	vclaim-sno-jackie-robinson-anthem	1	32.58189255441191	SimBa
tweet-sno-1348	QO	vclaim-sno-black-americans-super-predators	1	32.15981271015103	SimBa
tweet-sno-1348	QO	vclaim-sno-biden-kenosha-black-looting	1	30.441751016915436	SimBa
tweet-sno-1348	QO	vclaim-sno-harriet-tubman-quote	1	29.46010320553154	SimBa
tweet-sno-1349	QO	vclaim-sno-kamala-harris-pearls-election-day	1	33.18282445991024	SimBa
tweet-sno-1349	QO	vclaim-sno-can-you-vote-online-with-a-hashtag	1	22.91358274137965	SimBa
tweet-sno-1349	QO	vclaim-sno-hillary-clinton-and-draftourdaughters	1	21.5439737627893	SimBa
tweet-sno-1349	QO	vclaim-sno-hillary-clinton-embraces-the-woman-card	1	21.219684561912082	SimBa
tweet-sno-1349	QO	vclaim-sno-dead-person-voting-pennsylvania	1	20.174227310912475	SimBa
tweet-sno-1350	QO	vclaim-sno-amish-trump-presidential-victory	1	42.98878214520134	SimBa
tweet-sno-1350	QO	vclaim-sno-amish-buggies-trump	1	37.27148128276569	SimBa
tweet-sno-1350	QO	vclaim-sno-donald-trump-nazi-salute	1	28.77152402379819	SimBa
tweet-sno-1350	QO	vclaim-sno-photograph-shows-100000-bikers-at-trump-rally	1	28.744103867302158	SimBa
tweet-sno-1350	QO	vclaim-sno-pennsylvania-trump-rally	1	28.687642704219307	SimBa
tweet-sno-1351	QO	vclaim-sno-omar-minnesota-register-vote	1	33.791029736991945	SimBa
tweet-sno-1351	QO	vclaim-sno-uber-lyft-free-rides-polls	1	32.58996323580095	SimBa
tweet-sno-1351	QO	vclaim-sno-asking-for-provisional-ballots	1	30.87045349641283	SimBa
tweet-sno-1351	QO	vclaim-sno-pence-op-ed-hr1-immigrants	1	26.145638072406662	SimBa
tweet-sno-1351	QO	vclaim-sno-us-more-registered-voters-than-adults	1	25.287526362060667	SimBa
tweet-sno-1352	QO	vclaim-sno-hunter-biden-flipped-fbi	1	47.19930655753747	SimBa
tweet-sno-1352	QO	vclaim-sno-bar-owner-biden-ad	1	39.87758251962097	SimBa
tweet-sno-1352	QO	vclaim-sno-black-americans-super-predators	1	38.568556563721145	SimBa
tweet-sno-1352	QO	vclaim-sno-bidens-win-lie-of-the-year	1	38.004198857506466	SimBa
tweet-sno-1352	QO	vclaim-sno-joe-biden-minnesota-tampa	1	37.67780555662745	SimBa
tweet-sno-1353	QO	vclaim-sno-hunter-biden-flipped-fbi	1	59.94772886703453	SimBa
tweet-sno-1353	QO	vclaim-sno-hunter-biden-discharge	1	37.17874172574769	SimBa
tweet-sno-1353	QO	vclaim-sno-hunter-biden-dead-overdose-hoax	1	34.516100966079996	SimBa
tweet-sno-1353	QO	vclaim-sno-c-span-video-joe-biden-ukraine	1	34.27976759174476	SimBa
tweet-sno-1353	QO	vclaim-sno-biden-admit-voter-fraud	1	32.985322078817134	SimBa
tweet-sno-1354	QO	vclaim-sno-hunter-biden-flipped-fbi	1	53.775038822006174	SimBa
tweet-sno-1354	QO	vclaim-sno-hunter-biden-dead-overdose-hoax	1	49.229470418914296	SimBa
tweet-sno-1354	QO	vclaim-sno-hunter-biden-discharge	1	40.020001938936886	SimBa
tweet-sno-1354	QO	vclaim-sno-ivanka-trump-hunter-biden	1	39.96697560205842	SimBa
tweet-sno-1354	QO	vclaim-sno-joe-biden-ask-reporter-junkie	1	37.49601759925467	SimBa
tweet-sno-1355	QO	vclaim-sno-hunter-biden-flipped-fbi	1	30.374901622406483	SimBa
tweet-sno-1355	QO	vclaim-sno-facebook-bernie-blackout	1	20.639112892498364	SimBa
tweet-sno-1355	QO	vclaim-sno-bernie-sanders-leaves-the-democratic-party	1	20.088919147686106	SimBa
tweet-sno-1355	QO	vclaim-sno-bruce-springsteen-attacks-donald-trump-on-twitter	1	18.47290716431925	SimBa
tweet-sno-1355	QO	vclaim-sno-joe-biden-endorsement	1	18.230084853539967	SimBa
tweet-sno-1356	QO	vclaim-sno-hunter-biden-flipped-fbi	1	47.185880510748	SimBa
tweet-sno-1356	QO	vclaim-sno-fake-biden-arrest-warrant	1	38.63082013375001	SimBa
tweet-sno-1356	QO	vclaim-sno-biden-admit-voter-fraud	1	37.46634678826433	SimBa
tweet-sno-1356	QO	vclaim-sno-biden-18-wheeler-truck	1	36.91598611380316	SimBa
tweet-sno-1356	QO	vclaim-sno-hunter-biden-dead-overdose-hoax	1	35.4945589095691	SimBa
tweet-sno-1357	QO	vclaim-sno-armed-trump-fans-biden-bus	1	51.37436822013079	SimBa
tweet-sno-1357	QO	vclaim-sno-fbi-trump-biden-bus	1	43.84051422882791	SimBa
tweet-sno-1357	QO	vclaim-sno-trump-nj-rally-trash	1	39.15458290502771	SimBa
tweet-sno-1357	QO	vclaim-sno-biden-trump-dregs-society	1	37.34397284986379	SimBa
tweet-sno-1357	QO	vclaim-sno-trump-rally-chant	1	36.63238447368221	SimBa
tweet-sno-1358	QO	vclaim-sno-fbi-trump-biden-bus	1	54.7522890595716	SimBa
tweet-sno-1358	QO	vclaim-sno-armed-trump-fans-biden-bus	1	42.18643705858406	SimBa
tweet-sno-1358	QO	vclaim-sno-anti-trump-protesters-bused-into-austin	1	39.84357958442896	SimBa
tweet-sno-1358	QO	vclaim-sno-san-antonio-border-wall	1	34.78692926354971	SimBa
tweet-sno-1358	QO	vclaim-sno-trump-2020-flags-china	1	34.13551313351824	SimBa
tweet-sno-1359	QO	vclaim-sno-fbi-trump-biden-bus	1	50.31167827781391	SimBa
tweet-sno-1359	QO	vclaim-sno-armed-trump-fans-biden-bus	1	49.83483888296983	SimBa
tweet-sno-1359	QO	vclaim-sno-trump-mob-capitol	1	41.97699517406163	SimBa
tweet-sno-1359	QO	vclaim-sno-trump-nj-rally-trash	1	37.617089162736875	SimBa
tweet-sno-1359	QO	vclaim-sno-run-over-trump-protesters	1	37.123359369398315	SimBa
tweet-sno-1360	QO	vclaim-sno-fbi-trump-biden-bus	1	53.87945037359694	SimBa
tweet-sno-1360	QO	vclaim-sno-armed-trump-fans-biden-bus	1	42.18736859494239	SimBa
tweet-sno-1360	QO	vclaim-sno-cbs-latinos-trump-biden	1	41.64544741091184	SimBa
tweet-sno-1360	QO	vclaim-sno-biden-trump-dregs-society	1	39.10789499282702	SimBa
tweet-sno-1360	QO	vclaim-sno-bus-crash-super-tuesday	1	38.54707395370265	SimBa
tweet-sno-1361	QO	vclaim-sno-democratic-congressmen-busted-planning-assassinate-trump	1	36.71805489682167	SimBa
tweet-sno-1361	QO	vclaim-sno-biden-official-arrested-texas	1	34.07735096762274	SimBa
tweet-sno-1361	QO	vclaim-sno-biden-abolish-second-amendment	1	33.57138481816621	SimBa
tweet-sno-1361	QO	vclaim-sno-fake-biden-arrest-warrant	1	33.51929307795679	SimBa
tweet-sno-1361	QO	vclaim-sno-black-protesters-targeted-whites-in-milwaukee	1	33.2267265611661	SimBa
tweet-sno-1362	QO	vclaim-sno-sean-connery-trump-golf-course	1	44.4262360838059	SimBa
tweet-sno-1362	QO	vclaim-sno-sean-connery-net-worth	1	29.154584529702568	SimBa
tweet-sno-1362	QO	vclaim-sno-trump-tiger-woods-speedy-recovery	1	27.354412414164848	SimBa
tweet-sno-1362	QO	vclaim-sno-sean-penn-vincent-donofrio	1	27.23820266588837	SimBa
tweet-sno-1362	QO	vclaim-sno-keanu-reeves-trump-successful-man	1	26.850029463325633	SimBa
tweet-sno-1363	QO	vclaim-sno-taco-bell-mexican-pizza	1	39.25492683683351	SimBa
tweet-sno-1363	QO	vclaim-sno-taco-bell-closing	1	34.68822474919518	SimBa
tweet-sno-1363	QO	vclaim-sno-pizza-vending-machine	1	30.554195129333237	SimBa
tweet-sno-1363	QO	vclaim-sno-empty-chipotle-employees	1	28.394608311952055	SimBa
tweet-sno-1363	QO	vclaim-sno-pizza-is-good-for-you	1	26.561193704401465	SimBa
tweet-sno-1364	QO	vclaim-sno-taco-bell-mexican-pizza	1	41.4557089636144	SimBa
tweet-sno-1364	QO	vclaim-sno-pizza-vending-machine	1	29.204228780903783	SimBa
tweet-sno-1364	QO	vclaim-sno-pizza-is-good-for-you	1	27.488217944122546	SimBa
tweet-sno-1364	QO	vclaim-sno-pizza-hut-papa-johns-gm-strike	1	26.430433101797345	SimBa
tweet-sno-1364	QO	vclaim-sno-empty-chipotle-employees	1	26.2741842186256	SimBa
tweet-sno-1365	QO	vclaim-sno-taco-bell-mexican-pizza	1	38.05651027048721	SimBa
tweet-sno-1365	QO	vclaim-sno-pizza-is-good-for-you	1	28.95365355924732	SimBa
tweet-sno-1365	QO	vclaim-sno-pizza-vending-machine	1	26.76011692221368	SimBa
tweet-sno-1365	QO	vclaim-sno-empty-chipotle-employees	1	26.520135422092668	SimBa
tweet-sno-1365	QO	vclaim-sno-mcpizza	1	26.325895350295	SimBa
tweet-sno-1366	QO	vclaim-sno-taco-bell-mexican-pizza	1	53.8047925650029	SimBa
tweet-sno-1366	QO	vclaim-sno-taco-bell-closing-2020	1	44.146665178905806	SimBa
tweet-sno-1366	QO	vclaim-sno-taco-bell-menu-change	1	39.47676825525988	SimBa
tweet-sno-1366	QO	vclaim-sno-taco-bell-cinammon-twists-pasta	1	39.450525755630245	SimBa
tweet-sno-1366	QO	vclaim-sno-taco-bell-closing	1	39.23736617684413	SimBa
tweet-sno-1367	QO	vclaim-sno-taco-bell-mexican-pizza	1	43.40223739004276	SimBa
tweet-sno-1367	QO	vclaim-sno-pizza-vending-machine	1	31.980466868165685	SimBa
tweet-sno-1367	QO	vclaim-sno-empty-chipotle-employees	1	29.13167059749687	SimBa
tweet-sno-1367	QO	vclaim-sno-pizza-is-good-for-you	1	28.68773111803198	SimBa
tweet-sno-1367	QO	vclaim-sno-taco-bell-menu-change	1	27.892011084739238	SimBa
tweet-sno-1368	QO	vclaim-sno-cheesecake-factory-closing-rumor	1	55.03723994809572	SimBa
tweet-sno-1368	QO	vclaim-sno-subway-pizza-hut-closing	1	42.289905791336786	SimBa
tweet-sno-1368	QO	vclaim-sno-whataburger-closing-its-doors	1	41.90520870497032	SimBa
tweet-sno-1368	QO	vclaim-sno-taco-bell-mexican-pizza	1	37.01487522199855	SimBa
tweet-sno-1368	QO	vclaim-sno-taco-bell-closing	1	34.70877369225933	SimBa
tweet-sno-1369	QO	vclaim-sno-cheesecake-factory-closing-rumor	1	54.58798600973747	SimBa
tweet-sno-1369	QO	vclaim-sno-subway-pizza-hut-closing	1	39.540418574657885	SimBa
tweet-sno-1369	QO	vclaim-sno-olive-garden-closing	1	36.84684459663194	SimBa
tweet-sno-1369	QO	vclaim-sno-taco-bell-closing-2020	1	35.83976839566863	SimBa
tweet-sno-1369	QO	vclaim-sno-ruby-tuesday-closing	1	33.67031894325067	SimBa
tweet-sno-1370	QO	vclaim-sno-cheesecake-factory-closing-rumor	1	47.0852721880008	SimBa
tweet-sno-1370	QO	vclaim-sno-walmart-closing-every-store	1	34.6298773507814	SimBa
tweet-sno-1370	QO	vclaim-sno-red-lobster-closing	1	33.12576842480394	SimBa
tweet-sno-1370	QO	vclaim-sno-meat-your-maker	1	31.84651562201232	SimBa
tweet-sno-1370	QO	vclaim-sno-olive-garden-closing	1	31.490609980815414	SimBa
tweet-sno-1371	QO	vclaim-sno-cheesecake-factory-closing-rumor	1	127.24596089244955	SimBa
tweet-sno-1371	QO	vclaim-sno-facebook-closure	1	54.99686070766215	SimBa
tweet-sno-1371	QO	vclaim-sno-whataburger-closing-its-doors	1	48.87680752713968	SimBa
tweet-sno-1371	QO	vclaim-sno-taco-bell-closing	1	48.66796204786519	SimBa
tweet-sno-1371	QO	vclaim-sno-red-lobster-closing	1	46.67249929961906	SimBa
tweet-sno-1372	QO	vclaim-sno-cheesecake-factory-closing-rumor	1	111.23568867846575	SimBa
tweet-sno-1372	QO	vclaim-sno-facebook-closure	1	50.812478197843205	SimBa
tweet-sno-1372	QO	vclaim-sno-taco-bell-closing	1	44.85042885096374	SimBa
tweet-sno-1372	QO	vclaim-sno-whataburger-closing-its-doors	1	43.72693645235918	SimBa
tweet-sno-1372	QO	vclaim-sno-red-lobster-closing	1	43.59493676430007	SimBa
tweet-sno-1373	QO	vclaim-sno-cheesecake-factory-closing-rumor	1	68.3549611556372	SimBa
tweet-sno-1373	QO	vclaim-sno-whataburger-closing-its-doors	1	32.72135618670414	SimBa
tweet-sno-1373	QO	vclaim-sno-taco-bell-closing	1	31.655660079338837	SimBa
tweet-sno-1373	QO	vclaim-sno-walmart-closing-every-store	1	30.200155996654125	SimBa
tweet-sno-1373	QO	vclaim-sno-cheesecake-factory-gift-card	1	29.4197727983695	SimBa
tweet-sno-1374	QO	vclaim-sno-cheesecake-factory-closing-rumor	1	103.73953214298005	SimBa
tweet-sno-1374	QO	vclaim-sno-taco-bell-closing	1	44.606755240131264	SimBa
tweet-sno-1374	QO	vclaim-sno-whataburger-closing-its-doors	1	42.68835357942712	SimBa
tweet-sno-1374	QO	vclaim-sno-red-lobster-closing	1	42.46166242651968	SimBa
tweet-sno-1374	QO	vclaim-sno-facebook-closure	1	41.104666043344345	SimBa
tweet-sno-1375	QO	vclaim-sno-cheesecake-factory-closing-rumor	1	86.16366703974329	SimBa
tweet-sno-1375	QO	vclaim-sno-cheesecake-factory-gift-card	1	31.868159925622038	SimBa
tweet-sno-1375	QO	vclaim-sno-facebook-closure	1	29.827099578360226	SimBa
tweet-sno-1375	QO	vclaim-sno-whataburger-closing-its-doors	1	28.488717417036092	SimBa
tweet-sno-1375	QO	vclaim-sno-cheesecake-factory-receipt	1	27.923740005500804	SimBa
tweet-sno-1376	QO	vclaim-sno-barrett-nword-opinion	1	37.34488295025045	SimBa
tweet-sno-1376	QO	vclaim-sno-betsy-devos-america-tweet	1	37.00600347581991	SimBa
tweet-sno-1376	QO	vclaim-sno-bruce-springsteen-attacks-donald-trump-on-twitter	1	36.58327059808889	SimBa
tweet-sno-1376	QO	vclaim-sno-girl-scouts-congratulate-barrett	1	34.499113616141656	SimBa
tweet-sno-1376	QO	vclaim-sno-melania-trump-relationship-tweet	1	34.44059583715308	SimBa
tweet-sno-1377	QO	vclaim-sno-aoc-gop-sad-stupid-vanity-fair	1	36.170163045952215	SimBa
tweet-sno-1377	QO	vclaim-sno-mcconnell-greene-cancer-republican	1	29.0685726994653	SimBa
tweet-sno-1377	QO	vclaim-sno-press-secretary-covid-19-orwellian	1	27.520878551360887	SimBa
tweet-sno-1377	QO	vclaim-sno-ken-buck-kill-em-all-shirt	1	27.4846987598793	SimBa
tweet-sno-1377	QO	vclaim-sno-keep-america-american	1	27.20852561901014	SimBa
tweet-sno-1378	QO	vclaim-sno-isis-called-for-assassination-of-barron-trump	1	59.77438091974377	SimBa
tweet-sno-1378	QO	vclaim-sno-trump-biden-assassination-shot	1	52.60040329051554	SimBa
tweet-sno-1378	QO	vclaim-sno-trump-pedophiles-death-penalty	1	49.482964895562205	SimBa
tweet-sno-1378	QO	vclaim-sno-donald-trump-twitter-plant-clinton	1	48.178400554766846	SimBa
tweet-sno-1378	QO	vclaim-sno-trump-lincoln-dishonest	1	47.362235008828094	SimBa
tweet-sno-1379	QO	vclaim-sno-biden-admit-voter-fraud	1	55.86669591510672	SimBa
tweet-sno-1379	QO	vclaim-sno-biden-immigrants-already-citizens	1	49.431236518978146	SimBa
tweet-sno-1379	QO	vclaim-sno-huckabee-letter-biden-fraud	1	46.072270868493305	SimBa
tweet-sno-1379	QO	vclaim-sno-dallas-jones-voter-fraud	1	41.183118305139075	SimBa
tweet-sno-1379	QO	vclaim-sno-trump-biden-vote-dumps	1	41.09045987739463	SimBa
tweet-sno-1380	QO	vclaim-sno-2009-trump-tweet-pandemic	1	43.01536812795433	SimBa
tweet-sno-1380	QO	vclaim-sno-trump-tweet-obama-8-years	1	42.58721275789044	SimBa
tweet-sno-1380	QO	vclaim-sno-obama-wait-swine-flu-n1h1	1	41.4250985345966	SimBa
tweet-sno-1380	QO	vclaim-sno-trump-covid-19-deadlier-than-flu	1	40.18342898408618	SimBa
tweet-sno-1380	QO	vclaim-sno-trump-deflect-to-h1n1	1	39.418442233846065	SimBa
tweet-sno-1381	QO	vclaim-sno-merriam-webster-barrett-sexual	1	45.6125902241516	SimBa
tweet-sno-1381	QO	vclaim-sno-irregardless-merriam-webster	1	39.60046603540334	SimBa
tweet-sno-1381	QO	vclaim-sno-fascism-corporations-corporatism-dictionary	1	35.29655195238865	SimBa
tweet-sno-1381	QO	vclaim-sno-merriam-webster-definition-racism	1	29.8336415418906	SimBa
tweet-sno-1381	QO	vclaim-sno-only-fans-reverses-ban-sexually-explicit	1	28.981265670186833	SimBa
tweet-sno-1382	QO	vclaim-sno-black-americans-super-predators	1	36.234209346698	SimBa
tweet-sno-1382	QO	vclaim-sno-denzel-washington-obama-criminal-in-chief	1	35.22756690127802	SimBa
tweet-sno-1382	QO	vclaim-sno-biden-trump-xenophobic	1	34.583985106150166	SimBa
tweet-sno-1382	QO	vclaim-sno-fake-aoc-purge-tweet	1	34.45557412831527	SimBa
tweet-sno-1382	QO	vclaim-sno-biden-indian-americans	1	34.31439724958739	SimBa
tweet-sno-1383	QO	vclaim-sno-mitch-mcconnells-hands	1	52.274819184817545	SimBa
tweet-sno-1383	QO	vclaim-sno-mitch-mcconnell-polio-government-healthcare	1	35.601328816959935	SimBa
tweet-sno-1383	QO	vclaim-sno-mcconnell-voting-photobomb	1	33.12107120732662	SimBa
tweet-sno-1383	QO	vclaim-sno-daniel-cameron-mcconnell	1	33.086216073894875	SimBa
tweet-sno-1383	QO	vclaim-sno-supreme-court-flip-flop	1	31.822389610119586	SimBa
tweet-sno-1384	QO	vclaim-sno-nurse-gop-convention-shooting	1	42.47665665862835	SimBa
tweet-sno-1384	QO	vclaim-sno-police-arrest-jesus-campos	1	36.72940297771507	SimBa
tweet-sno-1384	QO	vclaim-sno-grace-under-fire	1	32.10350786158559	SimBa
tweet-sno-1384	QO	vclaim-sno-morgue-employee-arrested-pimping	1	31.442141891324532	SimBa
tweet-sno-1384	QO	vclaim-sno-nancy-pelosi-arrested-coup-attempt	1	31.420909311361893	SimBa
tweet-sno-1385	QO	vclaim-sno-jane-fonda-covid-gods-gift	1	82.8096473742711	SimBa
tweet-sno-1385	QO	vclaim-sno-biden-second-amendment-obsolete	1	47.43221408749009	SimBa
tweet-sno-1385	QO	vclaim-sno-harris-biden-blog-post	1	46.90166720815486	SimBa
tweet-sno-1385	QO	vclaim-sno-greene-biden-mark-of-the-beast	1	45.371696198948264	SimBa
tweet-sno-1385	QO	vclaim-sno-bidens-win-lie-of-the-year	1	45.02126760541575	SimBa
tweet-sno-1386	QO	vclaim-sno-biden-ban-fracking	1	66.4077888087129	SimBa
tweet-sno-1386	QO	vclaim-sno-harris-biden-blog-post	1	60.368433587625674	SimBa
tweet-sno-1386	QO	vclaim-sno-kamala-harris-call-biden-racist	1	54.02567658489372	SimBa
tweet-sno-1386	QO	vclaim-sno-biden-say-president-harris	1	51.45886694459445	SimBa
tweet-sno-1386	QO	vclaim-sno-biden-harris-burning-flag	1	46.73672371603571	SimBa
tweet-sno-1387	QO	vclaim-sno-kennedy-nixon-virtual-debate-1960	1	42.744227456195524	SimBa
tweet-sno-1387	QO	vclaim-sno-jfk-plot-in-this-country-to-enslave	1	31.467468944857917	SimBa
tweet-sno-1387	QO	vclaim-sno-kanye-west-elon-musk	1	30.275168129188145	SimBa
tweet-sno-1387	QO	vclaim-sno-home-alone-world-trade-center	1	29.579162890448764	SimBa
tweet-sno-1387	QO	vclaim-sno-nancy-pelosi-with-jfk	1	29.466744294518406	SimBa
tweet-sno-1388	QO	vclaim-sno-karen-pence-mask-debate	1	44.97791147194316	SimBa
tweet-sno-1388	QO	vclaim-sno-mike-pence-supported-gay-conversion-therapy	1	39.39168465713012	SimBa
tweet-sno-1388	QO	vclaim-sno-boring-mike-pence	1	39.31646369032333	SimBa
tweet-sno-1388	QO	vclaim-sno-karen-pence-school-lgbt	1	37.5840557732218	SimBa
tweet-sno-1388	QO	vclaim-sno-mike-pence-calls-michelle-obama-vulgar	1	37.06060956024645	SimBa
tweet-sno-1389	QO	vclaim-sno-trump-sign-hollywood-los-angeles	1	50.04604578926626	SimBa
tweet-sno-1389	QO	vclaim-sno-41999-and-change	1	35.32817820513082	SimBa
tweet-sno-1389	QO	vclaim-sno-trump-christ-billboard-st-louis	1	35.098995763275056	SimBa
tweet-sno-1389	QO	vclaim-sno-trump-made-america-the-best-sign	1	33.973036187974245	SimBa
tweet-sno-1389	QO	vclaim-sno-pedophile-poster-oregon	1	31.282870213301962	SimBa
tweet-sno-1390	QO	vclaim-sno-kamala-harris-protests	1	66.51354950822534	SimBa
tweet-sno-1390	QO	vclaim-sno-fake-aoc-purge-tweet	1	38.296098558401795	SimBa
tweet-sno-1390	QO	vclaim-sno-virginia-gun-rally-staged	1	37.427450067622715	SimBa
tweet-sno-1390	QO	vclaim-sno-left-wing-mob-violence	1	37.23545297536212	SimBa
tweet-sno-1390	QO	vclaim-sno-tomi-lahren-biden-supporters-loot	1	37.13227377145402	SimBa
tweet-sno-1391	QO	vclaim-sno-biden-trump-dregs-society	1	92.82391293726428	SimBa
tweet-sno-1391	QO	vclaim-sno-biden-trump-xenophobic	1	67.75461657848305	SimBa
tweet-sno-1391	QO	vclaim-sno-biden-second-amendment-obsolete	1	57.33309137311923	SimBa
tweet-sno-1391	QO	vclaim-sno-biden-doocy-stupid-bitch	1	56.8288963806698	SimBa
tweet-sno-1391	QO	vclaim-sno-harris-biden-blog-post	1	56.50798856457445	SimBa
tweet-sno-1392	QO	vclaim-sno-biden-pandemic-black-women-grocery	1	56.49218027525946	SimBa
tweet-sno-1392	QO	vclaim-sno-biden-kenosha-black-looting	1	29.625879525050813	SimBa
tweet-sno-1392	QO	vclaim-sno-joe-biden-ancestors-own-slaves	1	28.630330469107165	SimBa
tweet-sno-1392	QO	vclaim-sno-biden-pardon-blm-protesters	1	26.661144367613375	SimBa
tweet-sno-1392	QO	vclaim-sno-ann-coulter	1	25.975788873993118	SimBa
tweet-sno-1393	QO	vclaim-sno-clinton-mccabe-donation	1	65.61480649149533	SimBa
tweet-sno-1393	QO	vclaim-sno-spooked-clinton-campaign-manager-deleted-tweets	1	39.795215139188926	SimBa
tweet-sno-1393	QO	vclaim-sno-comey-clinton-foundation	1	37.283211674232646	SimBa
tweet-sno-1393	QO	vclaim-sno-hillary-clinton-arrested-fbi-hoax	1	37.13927450032205	SimBa
tweet-sno-1393	QO	vclaim-sno-hillary-clinton-smash-phone-hammer	1	37.135662508840625	SimBa
tweet-sno-1394	QO	vclaim-sno-gay-men-proud-boys-hashtag	1	38.979646071028185	SimBa
tweet-sno-1394	QO	vclaim-sno-condom-snorting-challenge	1	26.914779094370928	SimBa
tweet-sno-1394	QO	vclaim-sno-wisconsin-transgender-students-force-to-wear-green-bracelets	1	25.733319679314192	SimBa
tweet-sno-1394	QO	vclaim-sno-gay-lions-mating	1	25.72012473103876	SimBa
tweet-sno-1394	QO	vclaim-sno-drag-queens-facebook-ban	1	25.393750178271763	SimBa
tweet-sno-1395	QO	vclaim-sno-gay-men-proud-boys-hashtag	1	58.576074446791495	SimBa
tweet-sno-1395	QO	vclaim-sno-can-you-vote-online-with-a-hashtag	1	34.13125733670566	SimBa
tweet-sno-1395	QO	vclaim-sno-blm-gasoline-fire	1	28.2638285126911	SimBa
tweet-sno-1395	QO	vclaim-sno-social-media-sites-will-begin-banning-users-post-photos-confederate-flags	1	27.7254081928768	SimBa
tweet-sno-1395	QO	vclaim-sno-biden-antifa-courageous-americans	1	27.590861467445336	SimBa
tweet-sno-1396	QO	vclaim-sno-bikers-trump-praying-walter-reed	1	47.082114613626864	SimBa
tweet-sno-1396	QO	vclaim-sno-photograph-shows-100000-bikers-at-trump-rally	1	40.7830815368474	SimBa
tweet-sno-1396	QO	vclaim-sno-motorcycle-group-trump-inauguration	1	38.30709931343394	SimBa
tweet-sno-1396	QO	vclaim-sno-bikers-kavanaugh-support-video	1	34.01514915539487	SimBa
tweet-sno-1396	QO	vclaim-sno-trump-rally-crowd-66000	1	33.59156444793537	SimBa
tweet-sno-1397	QO	vclaim-sno-trump-covid-fundraising	1	39.2884105274699	SimBa
tweet-sno-1397	QO	vclaim-sno-cancer-baby	1	31.917885297026167	SimBa
tweet-sno-1397	QO	vclaim-sno-hillary-clinton-embraces-the-woman-card	1	31.717885853688934	SimBa
tweet-sno-1397	QO	vclaim-sno-venmo-scam	1	30.108768930900382	SimBa
tweet-sno-1397	QO	vclaim-sno-thomas-edisons-mom-lied-about-a-letter-expelling-her-son-from-school	1	29.111248444820628	SimBa
tweet-sno-1398	QO	vclaim-sno-amy-coney-barrett-rhodes-scholar	1	73.71101129852461	SimBa
tweet-sno-1398	QO	vclaim-sno-rob-donaldson-amy-coney-barrett	1	33.4235177879459	SimBa
tweet-sno-1398	QO	vclaim-sno-barrett-nword-opinion	1	32.77537007702287	SimBa
tweet-sno-1398	QO	vclaim-sno-amy-coney-barrett-breastfeeding	1	32.73830068972994	SimBa
tweet-sno-1398	QO	vclaim-sno-trump-barrett-looks-nominated	1	31.967928061478105	SimBa
tweet-sno-1399	QO	vclaim-sno-biden-fail-condemn-antifa	1	45.1508185438815	SimBa
tweet-sno-1399	QO	vclaim-sno-biden-antifa-courageous-americans	1	40.52193896014009	SimBa
tweet-sno-1399	QO	vclaim-sno-paul-ryan-endorsed-antifa	1	37.40411979373776	SimBa
tweet-sno-1399	QO	vclaim-sno-karl-rove-biden-inauguration	1	35.06995196725149	SimBa
tweet-sno-1399	QO	vclaim-sno-trump-mob-capitol	1	34.64099125695887	SimBa
tweet-sno-1400	QO	vclaim-sno-trump-condemn-white-supremacists	1	42.41371134068409	SimBa
tweet-sno-1400	QO	vclaim-sno-iowa-congressman-retweet-white-supremacist	1	31.091301366608576	SimBa
tweet-sno-1400	QO	vclaim-sno-trump-white-nationalists-us-press-conference	1	31.075087137011096	SimBa
tweet-sno-1400	QO	vclaim-sno-trump-terror-watch-program	1	29.225666885633228	SimBa
tweet-sno-1400	QO	vclaim-sno-america-first-ku-klux-klan-slogan	1	28.56230088412845	SimBa
tweet-sno-1401	QO	vclaim-sno-did-joe-frazier-vote-pa	1	34.20204957336513	SimBa
tweet-sno-1401	QO	vclaim-sno-bloomberg-pay-florida-felons-vote	1	31.70990954826245	SimBa
tweet-sno-1401	QO	vclaim-sno-bloomberg-campaign-prisoners	1	30.80561442070889	SimBa
tweet-sno-1401	QO	vclaim-sno-michael-bloomberg-donald-trump	1	30.252381358585524	SimBa
tweet-sno-1401	QO	vclaim-sno-biden-admit-voter-fraud	1	30.056496601581735	SimBa
