tweet-sno-1200	QO	vclaim-sno-lady-gaga-oreo	1	63.59844971654992	SimBa
tweet-sno-1200	QO	vclaim-sno-red-velvet-oreos	1	51.83415755024035	SimBa
tweet-sno-1200	QO	vclaim-sno-black-raspberry-chocolate-chip-oreos	1	49.11087754114106	SimBa
tweet-sno-1200	QO	vclaim-sno-fried-chicken-oreos	1	42.21826546876796	SimBa
tweet-sno-1200	QO	vclaim-sno-oreos-fake-tweet	1	41.82401205602811	SimBa
tweet-sno-1201	QO	vclaim-sno-biden-executive-order-dictator	1	72.67834488846992	SimBa
tweet-sno-1201	QO	vclaim-sno-biden-violate-mask-mandate	1	62.06612931476417	SimBa
tweet-sno-1201	QO	vclaim-sno-biden-signing-blank-papers	1	60.36368846268253	SimBa
tweet-sno-1201	QO	vclaim-sno-biden-insulin-epipen	1	55.71039501102622	SimBa
tweet-sno-1201	QO	vclaim-sno-false-executive-orders	1	55.69466945330918	SimBa
tweet-sno-1202	QO	vclaim-sno-biden-executive-order-dictator	1	70.01102776459045	SimBa
tweet-sno-1202	QO	vclaim-sno-jimmy-carter-functioning-democracy	1	54.25758760978282	SimBa
tweet-sno-1202	QO	vclaim-sno-biden-pandemic-statement	1	51.75941917975277	SimBa
tweet-sno-1202	QO	vclaim-sno-biden-second-amendment-phony	1	51.64679891758368	SimBa
tweet-sno-1202	QO	vclaim-sno-trump-tell-supporters-storm	1	51.16573261162955	SimBa
tweet-sno-1203	QO	vclaim-sno-farmers-protest-india-flag	1	72.6705762897034	SimBa
tweet-sno-1203	QO	vclaim-sno-indian-flag-capitol-riots	1	56.57480248916373	SimBa
tweet-sno-1203	QO	vclaim-sno-capture-the-flag	1	54.70022830866756	SimBa
tweet-sno-1203	QO	vclaim-sno-trump-flag-american-flag-capitol	1	49.32181357853639	SimBa
tweet-sno-1203	QO	vclaim-sno-911-wwii-memorial-vandalized	1	49.27606991009242	SimBa
tweet-sno-1204	QO	vclaim-sno-biden-bans-china-virus	1	86.36930788768677	SimBa
tweet-sno-1204	QO	vclaim-sno-trump-ban-travel-china-pandemic	1	58.8201338679538	SimBa
tweet-sno-1204	QO	vclaim-sno-biden-signing-blank-papers	1	57.41624673698982	SimBa
tweet-sno-1204	QO	vclaim-sno-power-grid-executive-order	1	55.627570726949926	SimBa
tweet-sno-1204	QO	vclaim-sno-biden-violate-mask-mandate	1	54.891413106432836	SimBa
tweet-sno-1205	QO	vclaim-sno-trump-office-former-president	1	64.38719424036519	SimBa
tweet-sno-1205	QO	vclaim-sno-trump-twitter-john-barron-1946	1	53.645649468416906	SimBa
tweet-sno-1205	QO	vclaim-sno-sag-letter-president-trump	1	52.68744813613094	SimBa
tweet-sno-1205	QO	vclaim-sno-trump-national-guard-troops-hotel	1	52.63391758724933	SimBa
tweet-sno-1205	QO	vclaim-sno-white-house-trump-accomplishments	1	51.30111697770681	SimBa
tweet-sno-1206	QO	vclaim-sno-trump-office-former-president	1	77.59640046907697	SimBa
tweet-sno-1206	QO	vclaim-sno-trump-twitter-john-barron-1946	1	53.22003804321551	SimBa
tweet-sno-1206	QO	vclaim-sno-sag-letter-president-trump	1	52.97198163154375	SimBa
tweet-sno-1206	QO	vclaim-sno-trump-reinstated-belief	1	51.764373284955894	SimBa
tweet-sno-1206	QO	vclaim-sno-trump-national-guard-troops-hotel	1	51.156969802894096	SimBa
tweet-sno-1207	QO	vclaim-sno-cocaine-smuggled-in-bananas	1	68.77595557515822	SimBa
tweet-sno-1207	QO	vclaim-sno-mule-dear	1	53.25304635280036	SimBa
tweet-sno-1207	QO	vclaim-sno-seattle-crochet-cocaine	1	52.72201104898965	SimBa
tweet-sno-1207	QO	vclaim-sno-cocaine-on-money	1	52.49238217462535	SimBa
tweet-sno-1207	QO	vclaim-sno-cia-crossing-border-cocaine	1	51.84580187213613	SimBa
tweet-sno-1208	QO	vclaim-sno-national-guard-parking-garage	1	53.83662392718957	SimBa
tweet-sno-1208	QO	vclaim-sno-biden-troops-stupid-bastards	1	49.574826493026166	SimBa
tweet-sno-1208	QO	vclaim-sno-delta-force-biden-ukraine	1	46.28764433755319	SimBa
tweet-sno-1208	QO	vclaim-sno-barack-obama-in-afghanistan	1	45.41689473606532	SimBa
tweet-sno-1208	QO	vclaim-sno-cue-balls	1	45.01960056376606	SimBa
tweet-sno-1209	QO	vclaim-sno-schumer-erection-senate-floor	1	61.399495261407594	SimBa
tweet-sno-1209	QO	vclaim-sno-schumer-tweet-china-travel	1	55.15134566671119	SimBa
tweet-sno-1209	QO	vclaim-sno-trump-letter-schumer	1	54.212026362301856	SimBa
tweet-sno-1209	QO	vclaim-sno-mcconnell-trump-attack-capitol	1	51.90209322248937	SimBa
tweet-sno-1209	QO	vclaim-sno-trump-tweets-photo-genitals	1	51.010054069377745	SimBa
tweet-sno-1210	QO	vclaim-sno-schumer-erection-senate-floor	1	63.27910929571999	SimBa
tweet-sno-1210	QO	vclaim-sno-trump-tweets-photo-genitals	1	48.39137961442504	SimBa
tweet-sno-1210	QO	vclaim-sno-chuck-schumer-resigns-disgrace	1	46.02177625289671	SimBa
tweet-sno-1210	QO	vclaim-sno-schumer-daughter-cheerleader	1	44.79524637850692	SimBa
tweet-sno-1210	QO	vclaim-sno-chuck-schumer-kissing-a-girl	1	42.95470793463085	SimBa
tweet-sno-1211	QO	vclaim-sno-schumer-erection-senate-floor	1	69.05126452135801	SimBa
tweet-sno-1211	QO	vclaim-sno-mcconnell-trump-attack-capitol	1	60.98454242866153	SimBa
tweet-sno-1211	QO	vclaim-sno-republican-senators-up-shits-creek	1	54.99227531066245	SimBa
tweet-sno-1211	QO	vclaim-sno-trump-tell-supporters-storm	1	50.630569389535836	SimBa
tweet-sno-1211	QO	vclaim-sno-insurrection-act-trump	1	50.47469782289997	SimBa
tweet-sno-1212	QO	vclaim-sno-schumer-erection-senate-floor	1	69.33897739527036	SimBa
tweet-sno-1212	QO	vclaim-sno-msnbc-pecker-chyron	1	47.75969239188663	SimBa
tweet-sno-1212	QO	vclaim-sno-trey-gowdy-nancy-pelosi	1	46.17146104344033	SimBa
tweet-sno-1212	QO	vclaim-sno-schumer-daughter-cheerleader	1	45.80732915395789	SimBa
tweet-sno-1212	QO	vclaim-sno-did-c-span-insult-mitch-mcconnell	1	44.791866427134146	SimBa
tweet-sno-1213	QO	vclaim-sno-schumer-erection-senate-floor	1	62.204480416171684	SimBa
tweet-sno-1213	QO	vclaim-sno-does-schumer-have-concealed-permit	1	42.18498892155572	SimBa
tweet-sno-1213	QO	vclaim-sno-chuck-norris-capitol-riot	1	42.04491225137045	SimBa
tweet-sno-1213	QO	vclaim-sno-chuck-schumer-resigns-disgrace	1	39.39838386045462	SimBa
tweet-sno-1213	QO	vclaim-sno-trump-tweets-photo-genitals	1	39.31902863033144	SimBa
tweet-sno-1214	QO	vclaim-sno-schumer-erection-senate-floor	1	64.99928475594655	SimBa
tweet-sno-1214	QO	vclaim-sno-biden-pandemic-statement	1	50.27294256587619	SimBa
tweet-sno-1214	QO	vclaim-sno-hillary-laughs-as-under-god-removed-from-pledge	1	46.37015647711385	SimBa
tweet-sno-1214	QO	vclaim-sno-german-news-trump-nato	1	45.63323048950305	SimBa
tweet-sno-1214	QO	vclaim-sno-trump-covid19-statements	1	45.50129958908384	SimBa
tweet-sno-1215	QO	vclaim-sno-bernice-king-mlk-day-instagram	1	68.98216819617036	SimBa
tweet-sno-1215	QO	vclaim-sno-i-have-a-what	1	48.19948061534872	SimBa
tweet-sno-1215	QO	vclaim-sno-death-penalty	1	47.144030260678434	SimBa
tweet-sno-1215	QO	vclaim-sno-joy-behar-trump-tower-fire	1	46.74715200363448	SimBa
tweet-sno-1215	QO	vclaim-sno-twitter-marjorie-taylor-greene	1	46.4787492132249	SimBa
tweet-sno-1216	QO	vclaim-sno-mypillow-discount-codes-qanon	1	64.50932012689374	SimBa
tweet-sno-1216	QO	vclaim-sno-kohls-facebook-coupon-scam	1	42.17304117074597	SimBa
tweet-sno-1216	QO	vclaim-sno-mypillow-antifa-temptresses	1	40.50821676627102	SimBa
tweet-sno-1216	QO	vclaim-sno-bellsletstalk-fundraising	1	39.849482977463936	SimBa
tweet-sno-1216	QO	vclaim-sno-trump-defeats-covid19-coin	1	39.66663647505102	SimBa
tweet-sno-1217	QO	vclaim-sno-tesla-hiring-complaints-elon-musk	1	72.23152584029523	SimBa
tweet-sno-1217	QO	vclaim-sno-elon-musk-billboard	1	50.21928132693414	SimBa
tweet-sno-1217	QO	vclaim-sno-kanye-west-elon-musk	1	44.48312341733169	SimBa
tweet-sno-1217	QO	vclaim-sno-harris-twitter-trump	1	43.12967077588687	SimBa
tweet-sno-1217	QO	vclaim-sno-elon-musk-buy-facebook	1	42.286690708849974	SimBa
tweet-sno-1218	QO	vclaim-sno-gwyneth-vagina-candle-explode	1	61.27490108056605	SimBa
tweet-sno-1218	QO	vclaim-sno-do-scented-candles-cause-cancer	1	57.26262114344833	SimBa
tweet-sno-1218	QO	vclaim-sno-gwyneth-paltrow-vagina-candle	1	55.95153188675461	SimBa
tweet-sno-1218	QO	vclaim-sno-crayon-candle	1	53.11868873622413	SimBa
tweet-sno-1218	QO	vclaim-sno-downy-unstopables-warmer-warning	1	50.6796984432103	SimBa
tweet-sno-1219	QO	vclaim-sno-marjorie-taylor-greene-twitter	1	84.42912501263487	SimBa
tweet-sno-1219	QO	vclaim-sno-twitter-marjorie-taylor-greene	1	78.94886589589206	SimBa
tweet-sno-1219	QO	vclaim-sno-did-twitter-lock-trumps-account	1	59.747939529503114	SimBa
tweet-sno-1219	QO	vclaim-sno-snl-writer-suspended-tweet-barron	1	55.83258786835775	SimBa
tweet-sno-1219	QO	vclaim-sno-onion-marjorie-taylor-greene	1	55.31668751020278	SimBa
tweet-sno-1220	QO	vclaim-sno-burger-king-logo-new	1	70.7231548005543	SimBa
tweet-sno-1220	QO	vclaim-sno-yumbo-drop	1	48.1936339912851	SimBa
tweet-sno-1220	QO	vclaim-sno-subservient-chicken	1	44.91892780778703	SimBa
tweet-sno-1220	QO	vclaim-sno-whataburger-changing-colors	1	42.83512917710072	SimBa
tweet-sno-1220	QO	vclaim-sno-kfc-black-history	1	41.64815300489729	SimBa
tweet-sno-1221	QO	vclaim-sno-covid-vaccine-throw-away	1	59.980311823183015	SimBa
tweet-sno-1221	QO	vclaim-sno-cuomo-vaccine-bad-news-trump	1	54.63971415521217	SimBa
tweet-sno-1221	QO	vclaim-sno-conspiracy-video	1	53.112972056106926	SimBa
tweet-sno-1221	QO	vclaim-sno-joni-ernst-covid-hoax-mask-doctors	1	52.27441276468693	SimBa
tweet-sno-1221	QO	vclaim-sno-cdc-halts-us-jj-covid-shots	1	52.17215368991203	SimBa
tweet-sno-1222	QO	vclaim-sno-trump-jr-impeached-deplorable	1	74.3011241243881	SimBa
tweet-sno-1222	QO	vclaim-sno-trump-impeachment-votes	1	53.29339648461658	SimBa
tweet-sno-1222	QO	vclaim-sno-clinton-trump-deplorables-america	1	52.320459694809216	SimBa
tweet-sno-1222	QO	vclaim-sno-trump-impeachment-dow-jones	1	52.121524345760164	SimBa
tweet-sno-1222	QO	vclaim-sno-newsweek-report-trump-impeachment	1	51.45100398325263	SimBa
tweet-sno-1223	QO	vclaim-sno-armie-hammer-cannibal-lifestyle	1	55.315199850086614	SimBa
tweet-sno-1223	QO	vclaim-sno-blood-rave-uses-real-blood	1	38.90519224141295	SimBa
tweet-sno-1223	QO	vclaim-sno-covid19-vaccination-cannibalism	1	38.13636811047429	SimBa
tweet-sno-1223	QO	vclaim-sno-jamie-allman-david-hogg-poker	1	37.489828300899134	SimBa
tweet-sno-1223	QO	vclaim-sno-hiv-infected-needle-attacks	1	36.117433448258005	SimBa
tweet-sno-1224	QO	vclaim-sno-indian-flag-capitol-riots	1	52.753625328852436	SimBa
tweet-sno-1224	QO	vclaim-sno-capitol-window-wave-video	1	48.15520579302748	SimBa
tweet-sno-1224	QO	vclaim-sno-jayapal-maskless-congress	1	44.27748181927774	SimBa
tweet-sno-1224	QO	vclaim-sno-farmers-protest-india-flag	1	44.26968486449529	SimBa
tweet-sno-1224	QO	vclaim-sno-raz-simone-guns	1	43.55954016240661	SimBa
tweet-sno-1225	QO	vclaim-sno-syringe-cakes	1	78.45755151851712	SimBa
tweet-sno-1225	QO	vclaim-sno-germanely-chocolate-cake	1	50.60827690245375	SimBa
tweet-sno-1225	QO	vclaim-sno-parade-grounds	1	45.13096883730901	SimBa
tweet-sno-1225	QO	vclaim-sno-turkish-snack-bar-paralysis-tablet	1	42.53529881783474	SimBa
tweet-sno-1225	QO	vclaim-sno-uh-oh-swastik-os	1	42.45276301211619	SimBa
tweet-sno-1226	QO	vclaim-sno-trump-carved-manatees-back	1	78.81918420227422	SimBa
tweet-sno-1226	QO	vclaim-sno-dermophis-donaldtrumpi-amphibian-trump	1	54.38048728236515	SimBa
tweet-sno-1226	QO	vclaim-sno-monstrous-paws-alabama	1	45.80131973660683	SimBa
tweet-sno-1226	QO	vclaim-sno-alligators-white-house-pets	1	44.89899290604651	SimBa
tweet-sno-1226	QO	vclaim-sno-florida-manatee-bicycle-tire	1	44.83076070136687	SimBa
tweet-sno-1227	QO	vclaim-sno-mary-miller-hitler	1	65.69788473213254	SimBa
tweet-sno-1227	QO	vclaim-sno-boebert-tweet-pelosi-location	1	46.24198857027196	SimBa
tweet-sno-1227	QO	vclaim-sno-trump-hitler-heritage-tweet	1	45.95493886946974	SimBa
tweet-sno-1227	QO	vclaim-sno-jill-biden-nazi-flag	1	45.54065669307674	SimBa
tweet-sno-1227	QO	vclaim-sno-jane-fonda-covid-gods-gift	1	45.30800415572372	SimBa
tweet-sno-1228	QO	vclaim-sno-mary-miller-hitler	1	63.676384474503855	SimBa
tweet-sno-1228	QO	vclaim-sno-trump-hitler-heritage-tweet	1	48.253297852064954	SimBa
tweet-sno-1228	QO	vclaim-sno-rashida-tlaib-holocaust-warm-feeling	1	47.74425124829493	SimBa
tweet-sno-1228	QO	vclaim-sno-eleanor-roosevelt-quote-liberal	1	46.38305217796233	SimBa
tweet-sno-1228	QO	vclaim-sno-liselotte-hubner-donald-trump	1	45.25630519039335	SimBa
tweet-sno-1229	QO	vclaim-sno-capitol-riot-no-fly-list	1	65.6933809669828	SimBa
tweet-sno-1229	QO	vclaim-sno-reconnaissance-tours	1	55.14576344931494	SimBa
tweet-sno-1229	QO	vclaim-sno-capitol-police-opened-gates	1	51.90213665034989	SimBa
tweet-sno-1229	QO	vclaim-sno-trump-mob-capitol	1	51.48238997463108	SimBa
tweet-sno-1229	QO	vclaim-sno-adam-schiff-lax	1	51.322179134478034	SimBa
tweet-sno-1230	QO	vclaim-sno-capitol-riot-taser-death	1	61.04016905172418	SimBa
tweet-sno-1230	QO	vclaim-sno-chicago-code-blue-fb-meme	1	52.15177782954764	SimBa
tweet-sno-1230	QO	vclaim-sno-getting-the-hang-of-it	1	50.012854831529864	SimBa
tweet-sno-1230	QO	vclaim-sno-the-last-laughs-on-him	1	44.87343561638586	SimBa
tweet-sno-1230	QO	vclaim-sno-halloween-hanging	1	44.41232072498921	SimBa
tweet-sno-1231	QO	vclaim-sno-parcel-delivery-service	1	56.12220201286188	SimBa
tweet-sno-1231	QO	vclaim-sno-irs-stimulus-check-1200	1	55.82848733905112	SimBa
tweet-sno-1231	QO	vclaim-sno-9-0-phone-scam	1	53.93404363215369	SimBa
tweet-sno-1231	QO	vclaim-sno-cell-phone-numbers-given-telemarketers	1	51.287122004266905	SimBa
tweet-sno-1231	QO	vclaim-sno-can-you-hear-me-scam	1	51.21774949221778	SimBa
tweet-sno-1232	QO	vclaim-sno-warnock-arrested-capitol-praying	1	66.95580673156064	SimBa
tweet-sno-1232	QO	vclaim-sno-capitol-riot-podium	1	56.63300819641785	SimBa
tweet-sno-1232	QO	vclaim-sno-npr-riot-article-before-riot	1	54.28877481315707	SimBa
tweet-sno-1232	QO	vclaim-sno-rioters-capitol-flagpole	1	52.34991403649241	SimBa
tweet-sno-1232	QO	vclaim-sno-aoc-capitol-attack	1	51.36622519626111	SimBa
tweet-sno-1233	QO	vclaim-sno-tomi-lahren-biden-supporters-loot	1	70.71776919611821	SimBa
tweet-sno-1233	QO	vclaim-sno-trump-tell-supporters-storm	1	54.86246868528214	SimBa
tweet-sno-1233	QO	vclaim-sno-fake-aoc-purge-tweet	1	53.22199970166439	SimBa
tweet-sno-1233	QO	vclaim-sno-truckers-strike-thanksgiving	1	52.882452418491965	SimBa
tweet-sno-1233	QO	vclaim-sno-harris-round-up-trump	1	51.044734803869446	SimBa
tweet-sno-1234	QO	vclaim-sno-two-women-save-electoral-votes	1	63.420875451135	SimBa
tweet-sno-1234	QO	vclaim-sno-shots-fired-capitol	1	49.039366394115824	SimBa
tweet-sno-1234	QO	vclaim-sno-poll-watchers-2020-election	1	48.86015622620933	SimBa
tweet-sno-1234	QO	vclaim-sno-ballots-georgia-senate	1	48.781446895320684	SimBa
tweet-sno-1234	QO	vclaim-sno-georgia-suitcases	1	46.548013479855925	SimBa
tweet-sno-1235	QO	vclaim-sno-two-women-save-electoral-votes	1	70.56153615033932	SimBa
tweet-sno-1235	QO	vclaim-sno-georgia-suitcases	1	42.0441465772506	SimBa
tweet-sno-1235	QO	vclaim-sno-ginni-thomas-buses	1	40.38345965376884	SimBa
tweet-sno-1235	QO	vclaim-sno-barbara-boxer-gave-bernie-sanders-supporters-the-finger	1	40.21374275011853	SimBa
tweet-sno-1235	QO	vclaim-sno-jill-biden-lunging-protect-joe	1	40.012807860692995	SimBa
tweet-sno-1236	QO	vclaim-sno-trump-riot-camp-auschwitz-shirt	1	53.968405402552776	SimBa
tweet-sno-1236	QO	vclaim-sno-trump-armbands	1	52.65428284799471	SimBa
tweet-sno-1236	QO	vclaim-sno-troop-loops	1	49.65131705125609	SimBa
tweet-sno-1236	QO	vclaim-sno-antifa-nazi-flags	1	46.342790557746206	SimBa
tweet-sno-1236	QO	vclaim-sno-draketown-swastika-nazis	1	46.21755948474273	SimBa
tweet-sno-1237	QO	vclaim-sno-capitol-riot-podium	1	59.23165310779454	SimBa
tweet-sno-1237	QO	vclaim-sno-aoc-capitol-attack	1	55.46769691205462	SimBa
tweet-sno-1237	QO	vclaim-sno-police-hold-hand-trump-riot	1	55.40257318993983	SimBa
tweet-sno-1237	QO	vclaim-sno-shots-fired-capitol	1	54.93443479955439	SimBa
tweet-sno-1237	QO	vclaim-sno-mary-miller-hitler	1	54.114640413033705	SimBa
tweet-sno-1238	QO	vclaim-sno-elizabeth-knoxville-onion-towel	1	50.39465928308351	SimBa
tweet-sno-1238	QO	vclaim-sno-nurse-gop-convention-shooting	1	44.476448685423904	SimBa
tweet-sno-1238	QO	vclaim-sno-hillary-clinton-threw-a-tantrum-with-matt-lauer	1	42.63840916223988	SimBa
tweet-sno-1238	QO	vclaim-sno-aoc-capitol-attack	1	42.5703619904028	SimBa
tweet-sno-1238	QO	vclaim-sno-hillary-barnwell-body-double	1	42.3599280432179	SimBa
tweet-sno-1239	QO	vclaim-sno-giuliani-rally-speech	1	52.062050401069015	SimBa
tweet-sno-1239	QO	vclaim-sno-my-cousin-vinny-giuliani	1	48.61516463922847	SimBa
tweet-sno-1239	QO	vclaim-sno-atlanta-georgia-voter-fraud-video	1	47.67691106165229	SimBa
tweet-sno-1239	QO	vclaim-sno-quantum-blockchain-watermark-vote	1	47.482929092095624	SimBa
tweet-sno-1239	QO	vclaim-sno-qanon-shaman-jake-angeli-testify	1	45.29818390271524	SimBa
tweet-sno-1240	QO	vclaim-sno-national-guard-trump-mob	1	78.81743992363381	SimBa
tweet-sno-1240	QO	vclaim-sno-troops-guarding-lincoln-memorial	1	64.36551090055475	SimBa
tweet-sno-1240	QO	vclaim-sno-lincoln-memorial-defaced-protesters	1	60.686223182707565	SimBa
tweet-sno-1240	QO	vclaim-sno-armed-black-militia-georgia-park	1	60.01773672683092	SimBa
tweet-sno-1240	QO	vclaim-sno-million-maga-nazi-banner	1	55.77304272156328	SimBa
tweet-sno-1241	QO	vclaim-sno-trump-threaten-federal-buildings	1	73.43171468699624	SimBa
tweet-sno-1241	QO	vclaim-sno-law-charges-protesters-with-terrorism	1	60.52345669491932	SimBa
tweet-sno-1241	QO	vclaim-sno-mike-pence-tweet	1	53.05777356705866	SimBa
tweet-sno-1241	QO	vclaim-sno-lawmakers-criminalize-peaceful-protest	1	49.00862532191321	SimBa
tweet-sno-1241	QO	vclaim-sno-rioters-capitol-flagpole	1	48.87314118271769	SimBa
tweet-sno-1242	QO	vclaim-sno-pence-trump-twitter-jan-6-riots	1	70.85982570491495	SimBa
tweet-sno-1242	QO	vclaim-sno-trump-lose-followers-first-time	1	62.05104575487015	SimBa
tweet-sno-1242	QO	vclaim-sno-onlyfans-trump-ban-capitol	1	60.36923561291949	SimBa
tweet-sno-1242	QO	vclaim-sno-mike-pence-to-resign	1	59.41246655271203	SimBa
tweet-sno-1242	QO	vclaim-sno-twitter-delete-trump-account-racism	1	58.037037803322946	SimBa
tweet-sno-1243	QO	vclaim-sno-confederate-flag-capitol-dc	1	64.94649476948257	SimBa
tweet-sno-1243	QO	vclaim-sno-aoc-confederate-flag-richmond	1	64.32339888679654	SimBa
tweet-sno-1243	QO	vclaim-sno-trump-flag-american-flag-capitol	1	61.897439629993364	SimBa
tweet-sno-1243	QO	vclaim-sno-noose-hung-outside-capitol	1	60.61953764517445	SimBa
tweet-sno-1243	QO	vclaim-sno-indian-flag-capitol-riots	1	59.15897165310082	SimBa
tweet-sno-1244	QO	vclaim-sno-trump-flag-american-flag-capitol	1	60.50625127418659	SimBa
tweet-sno-1244	QO	vclaim-sno-biden-russian-flag	1	59.95916953431698	SimBa
tweet-sno-1244	QO	vclaim-sno-russian-flag-texas-capitol	1	59.09084924120383	SimBa
tweet-sno-1244	QO	vclaim-sno-confederate-flag-capitol-dc	1	58.396354785317065	SimBa
tweet-sno-1244	QO	vclaim-sno-million-maga-nazi-banner	1	54.994997548684154	SimBa
tweet-sno-1245	QO	vclaim-sno-confederate-flag-capitol-dc	1	70.37055613876203	SimBa
tweet-sno-1245	QO	vclaim-sno-kevin-seefried-democrat-biden	1	67.92652229242105	SimBa
tweet-sno-1245	QO	vclaim-sno-aoc-confederate-flag-richmond	1	63.731589273534894	SimBa
tweet-sno-1245	QO	vclaim-sno-trump-flag-american-flag-capitol	1	62.59565022024218	SimBa
tweet-sno-1245	QO	vclaim-sno-mike-pence-confederate-flag	1	58.12408968810676	SimBa
tweet-sno-1246	QO	vclaim-sno-cross-erected-capitol-building	1	78.41915018741962	SimBa
tweet-sno-1246	QO	vclaim-sno-trump-flag-american-flag-capitol	1	54.356993626861446	SimBa
tweet-sno-1246	QO	vclaim-sno-noose-hung-outside-capitol	1	50.9889714361653	SimBa
tweet-sno-1246	QO	vclaim-sno-westboro-hero	1	49.36663595101315	SimBa
tweet-sno-1246	QO	vclaim-sno-russian-flag-texas-capitol	1	48.73971560626907	SimBa
tweet-sno-1247	QO	vclaim-sno-covid-5g-chip-diagram	1	53.615408754460276	SimBa
tweet-sno-1247	QO	vclaim-sno-chip-off-the-old-salk	1	52.10304895470972	SimBa
tweet-sno-1247	QO	vclaim-sno-ipads-covid-virtual-visits	1	49.16101618874336	SimBa
tweet-sno-1247	QO	vclaim-sno-covid-detecting-microchip	1	48.432048837244736	SimBa
tweet-sno-1247	QO	vclaim-sno-bill-gates-id2020	1	47.98112192951005	SimBa
tweet-sno-1248	QO	vclaim-sno-snow-los-angeles	1	63.71223871997635	SimBa
tweet-sno-1248	QO	vclaim-sno-gods-painting	1	49.78640831608895	SimBa
tweet-sno-1248	QO	vclaim-sno-does-photo-show-skull-face	1	48.74777979630602	SimBa
tweet-sno-1248	QO	vclaim-sno-clouds-over-california-wildfires	1	47.93250908013388	SimBa
tweet-sno-1248	QO	vclaim-sno-rainbow-mountains-real	1	47.597496959179196	SimBa
tweet-sno-1249	QO	vclaim-sno-snow-los-angeles	1	62.11719631642766	SimBa
tweet-sno-1249	QO	vclaim-sno-record-snowfall-in-oswego	1	51.616402008949336	SimBa
tweet-sno-1249	QO	vclaim-sno-keyser-snowze	1	47.76817504295575	SimBa
tweet-sno-1249	QO	vclaim-sno-devastating-snowfall-predicted-nw-montana-early-2018	1	47.04892193649599	SimBa
tweet-sno-1249	QO	vclaim-sno-snowfall-in-saudi-arabia-desert	1	45.9374505703682	SimBa
tweet-sno-1250	QO	vclaim-sno-pennsylvania-205000-votes	1	80.0834545735132	SimBa
tweet-sno-1250	QO	vclaim-sno-trump-wins-pennsylvania	1	69.83941290893937	SimBa
tweet-sno-1250	QO	vclaim-sno-erie-pennsylvania-trump-ballots	1	65.74924112080438	SimBa
tweet-sno-1250	QO	vclaim-sno-ballots-lancaster-pa	1	64.85967658439534	SimBa
tweet-sno-1250	QO	vclaim-sno-pa-mailin-votes-ballots	1	62.57996741299611	SimBa
tweet-sno-1251	QO	vclaim-sno-georgia-signature-audit	1	63.46427220758966	SimBa
tweet-sno-1251	QO	vclaim-sno-floyd-county-georgia-votes	1	58.038307024109926	SimBa
tweet-sno-1251	QO	vclaim-sno-ga-senator-counting-pa	1	56.336440625663556	SimBa
tweet-sno-1251	QO	vclaim-sno-ballots-lancaster-pa	1	55.048971947884596	SimBa
tweet-sno-1251	QO	vclaim-sno-georgia-dekalb-reject-mail-ballots	1	53.83969858573909	SimBa
tweet-sno-1252	QO	vclaim-sno-ticketmaster-negative-covid-test	1	56.2717924030391	SimBa
tweet-sno-1252	QO	vclaim-sno-covid-flu-tamiflu	1	54.66705670031016	SimBa
tweet-sno-1252	QO	vclaim-sno-covid-vax-false-hiv	1	50.646706134386335	SimBa
tweet-sno-1252	QO	vclaim-sno-covid-result-holiday-gatherings	1	49.79097860353511	SimBa
tweet-sno-1252	QO	vclaim-sno-alcohol-effectiveness-vaccine	1	48.47791119098568	SimBa
tweet-sno-1253	QO	vclaim-sno-scott-walker-pizza	1	52.699124012632126	SimBa
tweet-sno-1253	QO	vclaim-sno-elon-musk-buca-di-beppo	1	42.6960629105764	SimBa
tweet-sno-1253	QO	vclaim-sno-alex-acosta-family-photograph	1	38.33430967038117	SimBa
tweet-sno-1253	QO	vclaim-sno-newsom-french-laundry	1	38.19840431824939	SimBa
tweet-sno-1253	QO	vclaim-sno-goya-ceo-praise-trump	1	38.17367451992981	SimBa
tweet-sno-1254	QO	vclaim-sno-swimming-pool-wonderful-life	1	44.19260530581664	SimBa
tweet-sno-1254	QO	vclaim-sno-world39s-largest-swimming-pool	1	35.78047044545562	SimBa
tweet-sno-1254	QO	vclaim-sno-student-suspended-pretending-transgender-locker-room	1	35.46870885171937	SimBa
tweet-sno-1254	QO	vclaim-sno-secret-room-new-york-apartment	1	35.298223358198854	SimBa
tweet-sno-1254	QO	vclaim-sno-girls-impregnated-swimming-in-pool	1	35.17209428651276	SimBa
tweet-sno-1255	QO	vclaim-sno-swimming-pool-wonderful-life	1	55.67736675028723	SimBa
tweet-sno-1255	QO	vclaim-sno-world39s-largest-swimming-pool	1	36.642190933281285	SimBa
tweet-sno-1255	QO	vclaim-sno-bowl-o-bama	1	32.39005136588113	SimBa
tweet-sno-1255	QO	vclaim-sno-2020-revision	1	31.94910469668566	SimBa
tweet-sno-1255	QO	vclaim-sno-family-matters-house	1	29.959093193285955	SimBa
tweet-sno-1256	QO	vclaim-sno-kfc-gaming-console	1	55.10538957627063	SimBa
tweet-sno-1256	QO	vclaim-sno-chick-fil-a-tiktok-nuggets-recipe	1	37.87034317814587	SimBa
tweet-sno-1256	QO	vclaim-sno-subservient-chicken	1	37.13885208142638	SimBa
tweet-sno-1256	QO	vclaim-sno-mcdonalds-covid-sign	1	36.832191423251054	SimBa
tweet-sno-1256	QO	vclaim-sno-krispy-kreme-lube	1	36.2941181964992	SimBa
tweet-sno-1257	QO	vclaim-sno-graham-buttigieg-repent	1	70.19561707924753	SimBa
tweet-sno-1257	QO	vclaim-sno-billy-graham-say-homosexuals-castrated	1	60.44975719871143	SimBa
tweet-sno-1257	QO	vclaim-sno-biden-christians-lgbtq-rights	1	53.64237954233228	SimBa
tweet-sno-1257	QO	vclaim-sno-cruz-no-gays-america	1	52.05855472755673	SimBa
tweet-sno-1257	QO	vclaim-sno-mike-pence-able-bodied	1	51.86461672190795	SimBa
tweet-sno-1258	QO	vclaim-sno-tom-brady-ppp	1	55.58981755315973	SimBa
tweet-sno-1258	QO	vclaim-sno-samuel-l-jackson-rappers-tweet	1	49.13687011192849	SimBa
tweet-sno-1258	QO	vclaim-sno-joe-biden-college-debt	1	44.51932459133705	SimBa
tweet-sno-1258	QO	vclaim-sno-a-shady-giveaway	1	43.91283898364103	SimBa
tweet-sno-1258	QO	vclaim-sno-celebrity-death-hoax-trump	1	43.458138394587024	SimBa
tweet-sno-1259	QO	vclaim-sno-vatican-nativity	1	55.15182899369316	SimBa
tweet-sno-1259	QO	vclaim-sno-facebook-santa-jesus-image	1	48.132512716278214	SimBa
tweet-sno-1259	QO	vclaim-sno-belgian-town-removes-nativity-scene-appease-four-muslim-residents	1	46.462759813402954	SimBa
tweet-sno-1259	QO	vclaim-sno-lancasters-centerville-elementary-school-cancels-offensive-christmas-play	1	43.01647662709695	SimBa
tweet-sno-1259	QO	vclaim-sno-no-nativity-scenes-white-house	1	42.88244311179206	SimBa
tweet-sno-1260	QO	vclaim-sno-cyberpunk-2077-refunds	1	79.8028901369	SimBa
tweet-sno-1260	QO	vclaim-sno-all-work-and-no-playstation	1	42.50608528710466	SimBa
tweet-sno-1260	QO	vclaim-sno-many-unhappy-returns	1	40.696132965170484	SimBa
tweet-sno-1260	QO	vclaim-sno-xbox-playstation-ps5-congrats	1	38.675852241861435	SimBa
tweet-sno-1260	QO	vclaim-sno-amazon-issues-credits-in-e-book-settlement	1	38.55616495497405	SimBa
tweet-sno-1261	QO	vclaim-sno-cyberpunk-2077-refunds	1	79.91122999957537	SimBa
tweet-sno-1261	QO	vclaim-sno-xbox-playstation-ps5-congrats	1	40.36915452152924	SimBa
tweet-sno-1261	QO	vclaim-sno-costco-policy-change	1	39.454699948721355	SimBa
tweet-sno-1261	QO	vclaim-sno-many-unhappy-returns	1	37.68319900430171	SimBa
tweet-sno-1261	QO	vclaim-sno-amazon-issues-credits-in-e-book-settlement	1	35.844105293130646	SimBa
tweet-sno-1262	QO	vclaim-sno-extraterrestrial-material-asteroid	1	52.42049987852234	SimBa
tweet-sno-1262	QO	vclaim-sno-nobel-laureate-tasuku-honjo-covid	1	37.991246191370124	SimBa
tweet-sno-1262	QO	vclaim-sno-giants-in-japan	1	36.46403839546257	SimBa
tweet-sno-1262	QO	vclaim-sno-obama-fauci-gates-wuhan-lab	1	34.67886188413492	SimBa
tweet-sno-1262	QO	vclaim-sno-80-million-year-old-shark	1	33.290738052027294	SimBa
tweet-sno-1263	QO	vclaim-sno-supreme-court-erupt-shouting-match	1	59.363787774241615	SimBa
tweet-sno-1263	QO	vclaim-sno-brett-kavanaugh-raped-immigrant-abortion	1	46.072540073008014	SimBa
tweet-sno-1263	QO	vclaim-sno-justice-roberts-impeachment-vote	1	45.688947616994895	SimBa
tweet-sno-1263	QO	vclaim-sno-republican-senators-up-shits-creek	1	45.68196561950883	SimBa
tweet-sno-1263	QO	vclaim-sno-democrats-supreme-court-influenced-constitution	1	45.16168771464896	SimBa
tweet-sno-1264	QO	vclaim-sno-schitts-creek-motel-seattle	1	59.89293906360762	SimBa
tweet-sno-1264	QO	vclaim-sno-redneck-mansion	1	40.34263384495769	SimBa
tweet-sno-1264	QO	vclaim-sno-conditions-in-los-angeles	1	35.661026785521635	SimBa
tweet-sno-1264	QO	vclaim-sno-houses-in-unusual-places	1	35.20904218104706	SimBa
tweet-sno-1264	QO	vclaim-sno-french-bulldog-kentucky-mayor	1	34.59931774288457	SimBa
tweet-sno-1265	QO	vclaim-sno-schitts-creek-motel-seattle	1	76.62434984098414	SimBa
tweet-sno-1265	QO	vclaim-sno-moira-rose-home-alone	1	43.67507844760483	SimBa
tweet-sno-1265	QO	vclaim-sno-redneck-mansion	1	36.474510021165514	SimBa
tweet-sno-1265	QO	vclaim-sno-glove-thy-neighbor	1	34.87717858075783	SimBa
tweet-sno-1265	QO	vclaim-sno-insane-cliff-house	1	33.77106741290974	SimBa
tweet-sno-1266	QO	vclaim-sno-popular-vote-totals-rigged	1	65.86805801624931	SimBa
tweet-sno-1266	QO	vclaim-sno-simple-math-on-biden-votes	1	58.56116447340385	SimBa
tweet-sno-1266	QO	vclaim-sno-everylegalvote-2020-election	1	56.07486023999746	SimBa
tweet-sno-1266	QO	vclaim-sno-bidens-win-lie-of-the-year	1	54.45632526211456	SimBa
tweet-sno-1266	QO	vclaim-sno-cnn-and-msnbc-ratings	1	54.39410809886458	SimBa
tweet-sno-1267	QO	vclaim-sno-the-north-face-refuse-jackets	1	77.01288568988967	SimBa
tweet-sno-1267	QO	vclaim-sno-ace-hardware-stands-against-standing-rock	1	50.84981651947936	SimBa
tweet-sno-1267	QO	vclaim-sno-gas-station-shuns-serviceman	1	49.34668776747715	SimBa
tweet-sno-1267	QO	vclaim-sno-big-oil	1	47.9314754598035	SimBa
tweet-sno-1267	QO	vclaim-sno-biden-department-of-energy-block-texas-power	1	42.96750922889353	SimBa
tweet-sno-1268	QO	vclaim-sno-alex-jones-biden-removed	1	68.4418922262396	SimBa
tweet-sno-1268	QO	vclaim-sno-trump-biden-assassination-shot	1	57.78426110660934	SimBa
tweet-sno-1268	QO	vclaim-sno-tomi-lahren-biden-supporters-loot	1	57.59575402485002	SimBa
tweet-sno-1268	QO	vclaim-sno-trump-tell-supporters-storm	1	57.059814545792904	SimBa
tweet-sno-1268	QO	vclaim-sno-biden-trump-xenophobic	1	55.61746139945873	SimBa
tweet-sno-1269	QO	vclaim-sno-allstate-island-real	1	66.86760745308379	SimBa
tweet-sno-1269	QO	vclaim-sno-spongebob-epstein-island-address	1	43.528225472119544	SimBa
tweet-sno-1269	QO	vclaim-sno-penis-island	1	39.12137870230546	SimBa
tweet-sno-1269	QO	vclaim-sno-jacobs-well-dangerous-california	1	39.01889858765656	SimBa
tweet-sno-1269	QO	vclaim-sno-bora-bora-getaway-facebook	1	38.32691491783517	SimBa
tweet-sno-1270	QO	vclaim-sno-allstate-island-real	1	67.68683835100568	SimBa
tweet-sno-1270	QO	vclaim-sno-penis-island	1	40.32523683974739	SimBa
tweet-sno-1270	QO	vclaim-sno-violin-island-in-costa-rica	1	36.36155094640394	SimBa
tweet-sno-1270	QO	vclaim-sno-spongebob-epstein-island-address	1	35.38621256899695	SimBa
tweet-sno-1270	QO	vclaim-sno-home-alone-mccallister-house	1	35.358491887676436	SimBa
tweet-sno-1271	QO	vclaim-sno-federal-holiday-christmas-eve	1	90.94359014051253	SimBa
tweet-sno-1271	QO	vclaim-sno-war-on-christmas-monument	1	55.59519678832285	SimBa
tweet-sno-1271	QO	vclaim-sno-playing-christmas-music-federal-crime	1	53.092259768211306	SimBa
tweet-sno-1271	QO	vclaim-sno-santa-covid-exemption-ireland	1	52.53126017301082	SimBa
tweet-sno-1271	QO	vclaim-sno-martial-law-after-christmas	1	49.556137959875365	SimBa
tweet-sno-1272	QO	vclaim-sno-disney-sister-act-3	1	79.46070174960583	SimBa
tweet-sno-1272	QO	vclaim-sno-step-brothers-2-hoax	1	54.64972232439699	SimBa
tweet-sno-1272	QO	vclaim-sno-disney-live-action-hercules	1	51.64071779703279	SimBa
tweet-sno-1272	QO	vclaim-sno-new-twilight-movie-jacob-renesmee	1	50.78128763417506	SimBa
tweet-sno-1272	QO	vclaim-sno-when-is-hocus-pocus-2-coming-out	1	48.853277555125786	SimBa
tweet-sno-1273	QO	vclaim-sno-when-is-hocus-pocus-2-coming-out	1	76.29867593899715	SimBa
tweet-sno-1273	QO	vclaim-sno-hocus-pocus-2	1	72.17900566871795	SimBa
tweet-sno-1273	QO	vclaim-sno-disney-pixar-boo	1	58.06573816712483	SimBa
tweet-sno-1273	QO	vclaim-sno-harry-potter-2020-movie-trailer	1	52.94367091414462	SimBa
tweet-sno-1273	QO	vclaim-sno-disney-live-action-hercules	1	51.63929454316376	SimBa
tweet-sno-1274	QO	vclaim-sno-chick-fil-a-long-lines-lawsuit	1	68.16693409608163	SimBa
tweet-sno-1274	QO	vclaim-sno-fear-of-a-black-thursday	1	46.71999243276467	SimBa
tweet-sno-1274	QO	vclaim-sno-man-kicked-buffet-sues	1	45.989822322720386	SimBa
tweet-sno-1274	QO	vclaim-sno-southern-baptist-convention-buys-chick-fil	1	43.16707268296456	SimBa
tweet-sno-1274	QO	vclaim-sno-chick-fil-a-crime-legislation	1	42.934322846416215	SimBa
tweet-sno-1275	QO	vclaim-sno-costco-rotisserie-chicken-cheap	1	92.04026594976624	SimBa
tweet-sno-1275	QO	vclaim-sno-boston-market-coupon	1	43.56970215760538	SimBa
tweet-sno-1275	QO	vclaim-sno-costco-lying-about-cage-free-eggs	1	43.128492616503635	SimBa
tweet-sno-1275	QO	vclaim-sno-costco-policy-change	1	43.08130924676893	SimBa
tweet-sno-1275	QO	vclaim-sno-costco-founder-kill-hotdogs	1	42.831314597526514	SimBa
tweet-sno-1276	QO	vclaim-sno-ia-fl-oh-election-loss	1	65.77835280680279	SimBa
tweet-sno-1276	QO	vclaim-sno-trump-clinton-counties-won	1	63.01192284261823	SimBa
tweet-sno-1276	QO	vclaim-sno-won-both-ohio-florida-lost	1	61.258851424019	SimBa
tweet-sno-1276	QO	vclaim-sno-trump-wins-pennsylvania	1	61.04203675520321	SimBa
tweet-sno-1276	QO	vclaim-sno-november-6th	1	59.29557419857467	SimBa
tweet-sno-1277	QO	vclaim-sno-apartment-radiator-pandemic-spread	1	80.38138706508178	SimBa
tweet-sno-1277	QO	vclaim-sno-empire-state-building-coronavirus	1	50.164032331979854	SimBa
tweet-sno-1277	QO	vclaim-sno-dutch-restaurants-pods-covid	1	46.69015253403447	SimBa
tweet-sno-1277	QO	vclaim-sno-1918-quarantine-ad-for-phone	1	46.2729485564294	SimBa
tweet-sno-1277	QO	vclaim-sno-cat-spanish-flu-mask	1	43.644734374563555	SimBa
tweet-sno-1278	QO	vclaim-sno-mcdonalds-breakfast-frozen-eggs	1	54.575617155086185	SimBa
tweet-sno-1278	QO	vclaim-sno-something-eggstra	1	46.71190507446341	SimBa
tweet-sno-1278	QO	vclaim-sno-not-lovin39-it	1	44.07510523080326	SimBa
tweet-sno-1278	QO	vclaim-sno-long-live-timbits	1	42.793771895166834	SimBa
tweet-sno-1278	QO	vclaim-sno-mcdonalds-mitten-cups	1	41.91793229328451	SimBa
tweet-sno-1279	QO	vclaim-sno-gohmert-tooth-fall-out	1	83.12698656056082	SimBa
tweet-sno-1279	QO	vclaim-sno-will-smith-teeth-knocked-out	1	49.61934263024217	SimBa
tweet-sno-1279	QO	vclaim-sno-steve-bannon-bloody-lip	1	48.85399362622507	SimBa
tweet-sno-1279	QO	vclaim-sno-trey-gowdy-nancy-pelosi	1	47.41722755648807	SimBa
tweet-sno-1279	QO	vclaim-sno-trump-wig-jet-engine	1	44.31996960838262	SimBa
tweet-sno-1280	QO	vclaim-sno-biden-harris-disease-disagreed	1	90.71134698194501	SimBa
tweet-sno-1280	QO	vclaim-sno-harris-biden-blog-post	1	60.03695696051152	SimBa
tweet-sno-1280	QO	vclaim-sno-democrats-nuclear-weapons	1	59.46640714147529	SimBa
tweet-sno-1280	QO	vclaim-sno-kamala-harris-call-biden-racist	1	59.321256056549515	SimBa
tweet-sno-1280	QO	vclaim-sno-joe-biden-civil-rights-quote	1	59.3156497707661	SimBa
tweet-sno-1281	QO	vclaim-sno-indiana-jones-saxophone	1	62.94744494915112	SimBa
tweet-sno-1281	QO	vclaim-sno-delayed-grantification	1	36.472683647685436	SimBa
tweet-sno-1281	QO	vclaim-sno-andrew-lincoln-andes-flight	1	36.0807027451111	SimBa
tweet-sno-1281	QO	vclaim-sno-foo-fighters-west-wing	1	35.41739471513515	SimBa
tweet-sno-1281	QO	vclaim-sno-dj-khaled-break-horses-back	1	35.2447470368627	SimBa
tweet-sno-1282	QO	vclaim-sno-indiana-jones-saxophone	1	78.57698777175835	SimBa
tweet-sno-1282	QO	vclaim-sno-imperial-march-uk-trump	1	36.88840037217752	SimBa
tweet-sno-1282	QO	vclaim-sno-morgan-freeman-jimi-hendrix	1	36.66329803594125	SimBa
tweet-sno-1282	QO	vclaim-sno-guitar-man	1	35.47451200169735	SimBa
tweet-sno-1282	QO	vclaim-sno-eric-clapton-quote-about-prince	1	35.065543147390116	SimBa
tweet-sno-1283	QO	vclaim-sno-indiana-jones-saxophone	1	77.30526977767073	SimBa
tweet-sno-1283	QO	vclaim-sno-imperial-march-uk-trump	1	36.241399195396966	SimBa
tweet-sno-1283	QO	vclaim-sno-harrison-ford-trump-han-solo	1	35.00844324630571	SimBa
tweet-sno-1283	QO	vclaim-sno-banjo-boy	1	33.82598374417791	SimBa
tweet-sno-1283	QO	vclaim-sno-foo-fighters-west-wing	1	33.70591996805143	SimBa
tweet-sno-1284	QO	vclaim-sno-indiana-jones-saxophone	1	56.91008850836408	SimBa
tweet-sno-1284	QO	vclaim-sno-lennon-guitar-spock-elvis	1	46.344443789911494	SimBa
tweet-sno-1284	QO	vclaim-sno-justin-bieber-han-solo	1	45.73048347576997	SimBa
tweet-sno-1284	QO	vclaim-sno-james-earl-jones-star-wars-london-segregation	1	44.76692094835514	SimBa
tweet-sno-1284	QO	vclaim-sno-harrison-ford-trump-han-solo	1	43.20216275439882	SimBa
tweet-sno-1285	QO	vclaim-sno-florida-rebekah-jones-raid	1	59.51872328932144	SimBa
tweet-sno-1285	QO	vclaim-sno-feds-nancy-pelosi-raid	1	45.471701306136595	SimBa
tweet-sno-1285	QO	vclaim-sno-department-of-justice-request-disruptj20	1	45.134803757472994	SimBa
tweet-sno-1285	QO	vclaim-sno-fbi-wasserman-schultz-home	1	44.887485446767975	SimBa
tweet-sno-1285	QO	vclaim-sno-fbi-raids-cdc-vaccine-data	1	44.857716962657406	SimBa
tweet-sno-1286	QO	vclaim-sno-nasa-sally-ride-100-tampons	1	84.22022152005113	SimBa
tweet-sno-1286	QO	vclaim-sno-spacesuit-envy	1	55.02961140580946	SimBa
tweet-sno-1286	QO	vclaim-sno-nasa-hillary-clinton-astronaut	1	43.19819452320329	SimBa
tweet-sno-1286	QO	vclaim-sno-recalled-tampons-zombie-ants	1	42.61567526392628	SimBa
tweet-sno-1286	QO	vclaim-sno-sanitary-pad-warning	1	41.37741119748874	SimBa
tweet-sno-1287	QO	vclaim-sno-my-pleasure-chick-fil-a	1	65.15118259772106	SimBa
tweet-sno-1287	QO	vclaim-sno-burger-king-customers-manager	1	42.92573949842887	SimBa
tweet-sno-1287	QO	vclaim-sno-chick-fil-a-promotions	1	42.73744192072027	SimBa
tweet-sno-1287	QO	vclaim-sno-taco-bell-two-dollar	1	42.47207340912572	SimBa
tweet-sno-1287	QO	vclaim-sno-patrick-mahomes-buys-dinner	1	40.11024689866589	SimBa
tweet-sno-1288	QO	vclaim-sno-my-pleasure-chick-fil-a	1	79.66648035680076	SimBa
tweet-sno-1288	QO	vclaim-sno-chick-fil-a-promotions	1	61.376284839135906	SimBa
tweet-sno-1288	QO	vclaim-sno-chick-fil-a-coupon-scam	1	57.071574545907026	SimBa
tweet-sno-1288	QO	vclaim-sno-chick-fil-a-meal-promo	1	55.913785583336605	SimBa
tweet-sno-1288	QO	vclaim-sno-chick-fil-a-gift-basket	1	55.78121933335618	SimBa
tweet-sno-1289	QO	vclaim-sno-my-pleasure-chick-fil-a	1	60.67867705202575	SimBa
tweet-sno-1289	QO	vclaim-sno-chick-fil-a-promotions	1	42.56781661022583	SimBa
tweet-sno-1289	QO	vclaim-sno-burger-king-customers-manager	1	40.53709514234923	SimBa
tweet-sno-1289	QO	vclaim-sno-kraft-cream-cheese-shortage	1	39.93193950917542	SimBa
tweet-sno-1289	QO	vclaim-sno-was-biden-refused-service-in-2012	1	39.78335533880001	SimBa
tweet-sno-1290	QO	vclaim-sno-my-pleasure-chick-fil-a	1	68.40380769673587	SimBa
tweet-sno-1290	QO	vclaim-sno-chick-fil-a-promotions	1	44.66048349377037	SimBa
tweet-sno-1290	QO	vclaim-sno-chick-fil-a-coupon-scam	1	42.942832287565686	SimBa
tweet-sno-1290	QO	vclaim-sno-georgia-lawmaker-go-back-claim	1	42.64990573095341	SimBa
tweet-sno-1290	QO	vclaim-sno-chick-fil-a-gift-basket	1	42.43254872874507	SimBa
tweet-sno-1291	QO	vclaim-sno-biden-covid-vaccine	1	80.52202465970657	SimBa
tweet-sno-1291	QO	vclaim-sno-trump-promise-vaccine-election-day	1	66.49155862090205	SimBa
tweet-sno-1291	QO	vclaim-sno-biden-vaccines-hurricane-protect	1	65.15596704402807	SimBa
tweet-sno-1291	QO	vclaim-sno-biden-covid-vaccine-2	1	63.21540216196469	SimBa
tweet-sno-1291	QO	vclaim-sno-trump-covid-19-vaccination	1	62.71865446151854	SimBa
tweet-sno-1292	QO	vclaim-sno-matt-putz	1	65.87506082817458	SimBa
tweet-sno-1292	QO	vclaim-sno-new-jersey-ballot-tax-returns	1	52.46332942247727	SimBa
tweet-sno-1292	QO	vclaim-sno-furious-christie-refuses-to-pick-up-trumps-dry-cleaning	1	47.199581716739715	SimBa
tweet-sno-1292	QO	vclaim-sno-chris-christie-vetoes-equal-pay	1	43.64427212692151	SimBa
tweet-sno-1292	QO	vclaim-sno-halloween-quarantine	1	43.25438170811952	SimBa
tweet-sno-1293	QO	vclaim-sno-christian-owned-airlines-change-wing-light-colors-to-celebrate-christmas	1	46.63475830422623	SimBa
tweet-sno-1293	QO	vclaim-sno-chick-fil-a-food-stranded-storm	1	42.57942405165022	SimBa
tweet-sno-1293	QO	vclaim-sno-aldi-free-food-homeless-christmas	1	40.40322271174942	SimBa
tweet-sno-1293	QO	vclaim-sno-chick-fil-a-sunday-tradition	1	37.639228470156525	SimBa
tweet-sno-1293	QO	vclaim-sno-chick-fil-a-gift-basket	1	37.51513192929856	SimBa
tweet-sno-1294	QO	vclaim-sno-drake-scented-candles	1	65.83909466699832	SimBa
tweet-sno-1294	QO	vclaim-sno-gwyneth-paltrow-vagina-candle	1	47.48810650242814	SimBa
tweet-sno-1294	QO	vclaim-sno-kfc-really-create-chicken-scented-candle	1	39.271376901634255	SimBa
tweet-sno-1294	QO	vclaim-sno-mcdonalds-quarter-pounder-candles	1	36.07855002215579	SimBa
tweet-sno-1294	QO	vclaim-sno-gwyneth-vagina-candle-explode	1	35.522878289971594	SimBa
tweet-sno-1295	QO	vclaim-sno-flash-player-no-longer-supported	1	56.60272820636614	SimBa
tweet-sno-1295	QO	vclaim-sno-is-minecraft-shutting-down	1	35.034830533210936	SimBa
tweet-sno-1295	QO	vclaim-sno-google-maps-show-republicans	1	31.06417709670631	SimBa
tweet-sno-1295	QO	vclaim-sno-phone-outage-covid19-tracking-apps	1	30.65740035497092	SimBa
tweet-sno-1295	QO	vclaim-sno-disneyland-reopening-holidays	1	29.53003770868685	SimBa
tweet-sno-1296	QO	vclaim-sno-flash-player-no-longer-supported	1	61.96962388375509	SimBa
tweet-sno-1296	QO	vclaim-sno-is-minecraft-shutting-down	1	40.95936258656255	SimBa
tweet-sno-1296	QO	vclaim-sno-india-banning-twitter	1	36.90299292839818	SimBa
tweet-sno-1296	QO	vclaim-sno-nasa-blackout-warning	1	34.54415727873661	SimBa
tweet-sno-1296	QO	vclaim-sno-ruby-tuesday-closing	1	33.90620626299034	SimBa
tweet-sno-1297	QO	vclaim-sno-flash-player-no-longer-supported	1	72.09155810107254	SimBa
tweet-sno-1297	QO	vclaim-sno-boob-youtube	1	47.4646469483923	SimBa
tweet-sno-1297	QO	vclaim-sno-facebook-ban-livestreamed-music	1	43.797263154919975	SimBa
tweet-sno-1297	QO	vclaim-sno-facebook-search-porn	1	43.64063125057687	SimBa
tweet-sno-1297	QO	vclaim-sno-is-minecraft-shutting-down	1	41.02507954743714	SimBa
tweet-sno-1298	QO	vclaim-sno-santa-covid-exemption-ireland	1	71.5940434550053	SimBa
tweet-sno-1298	QO	vclaim-sno-santas-canadian-postal-code	1	45.92909094927344	SimBa
tweet-sno-1298	QO	vclaim-sno-federal-holiday-christmas-eve	1	41.55710437122109	SimBa
tweet-sno-1298	QO	vclaim-sno-track-meet	1	41.34129372940808	SimBa
tweet-sno-1298	QO	vclaim-sno-covid-result-holiday-gatherings	1	40.448353157169436	SimBa
tweet-sno-1299	QO	vclaim-sno-monolith-california	1	60.98664489315897	SimBa
tweet-sno-1299	QO	vclaim-sno-monolith-found-utah	1	49.412033143036865	SimBa
tweet-sno-1299	QO	vclaim-sno-super-moon	1	43.6477154640459	SimBa
tweet-sno-1299	QO	vclaim-sno-firefall-fire-waterfall	1	43.25196282633635	SimBa
tweet-sno-1299	QO	vclaim-sno-the-biggest-christmas-tree	1	39.09292321343091	SimBa
tweet-sno-1300	QO	vclaim-sno-king-louis-xiv-fetish-birth	1	67.57369757335441	SimBa
tweet-sno-1300	QO	vclaim-sno-pat-robertson-oral-sex-coronavirus	1	44.86039095944591	SimBa
tweet-sno-1300	QO	vclaim-sno-inflatable-sex-doll	1	44.76124812843398	SimBa
tweet-sno-1300	QO	vclaim-sno-shania-jones-cross-eyed-arrest	1	44.64683582868808	SimBa
tweet-sno-1300	QO	vclaim-sno-pregnant-from-3d-film	1	43.54552550186624	SimBa
tweet-sno-1301	QO	vclaim-sno-loser-lawn-trump-golf-course	1	45.81079802461492	SimBa
tweet-sno-1301	QO	vclaim-sno-trump-rant-mar-a-lago	1	43.64565050049919	SimBa
tweet-sno-1301	QO	vclaim-sno-tom-brady-election-white-house	1	43.62250690343292	SimBa
tweet-sno-1301	QO	vclaim-sno-golfing-trump-election-results	1	42.57466810591165	SimBa
tweet-sno-1301	QO	vclaim-sno-bells-in-paris-biden	1	40.09657979082027	SimBa
tweet-sno-1302	QO	vclaim-sno-johns-hopkins-covid-deaths	1	83.51037658013712	SimBa
tweet-sno-1302	QO	vclaim-sno-covid19-two-deaths	1	55.05985776176064	SimBa
tweet-sno-1302	QO	vclaim-sno-coronavirus-cure-bryant	1	53.56033271318489	SimBa
tweet-sno-1302	QO	vclaim-sno-cdc-mortality-statistics	1	51.74194069262748	SimBa
tweet-sno-1302	QO	vclaim-sno-china-cellphones-coronavirus	1	50.88541469210837	SimBa
tweet-sno-1303	QO	vclaim-sno-leonardo-dicaprio-disney-channel	1	51.486439687241855	SimBa
tweet-sno-1303	QO	vclaim-sno-threes-a-shroud	1	37.64518262357976	SimBa
tweet-sno-1303	QO	vclaim-sno-sonny-tufts	1	35.8927890173621	SimBa
tweet-sno-1303	QO	vclaim-sno-minkus-became-chanel-west-coast	1	34.98102009870742	SimBa
tweet-sno-1303	QO	vclaim-sno-little-leaguer-porn-star	1	33.72862230309198	SimBa
tweet-sno-1304	QO	vclaim-sno-leonardo-dicaprio-disney-channel	1	51.111869580915204	SimBa
tweet-sno-1304	QO	vclaim-sno-threes-a-shroud	1	42.19861350164598	SimBa
tweet-sno-1304	QO	vclaim-sno-minkus-became-chanel-west-coast	1	41.75975591057683	SimBa
tweet-sno-1304	QO	vclaim-sno-marilyn-monroe-size	1	40.7373982623226	SimBa
tweet-sno-1304	QO	vclaim-sno-playgirl-trump-contest	1	40.403455452432304	SimBa
tweet-sno-1305	QO	vclaim-sno-leonardo-dicaprio-disney-channel	1	46.94956792145122	SimBa
tweet-sno-1305	QO	vclaim-sno-mike-tyson-time-traveler	1	37.82082667010756	SimBa
tweet-sno-1305	QO	vclaim-sno-scarface-remake-leonardo-dicaprio	1	35.862237231834094	SimBa
tweet-sno-1305	QO	vclaim-sno-chicago-purge-murders	1	34.7161136019767	SimBa
tweet-sno-1305	QO	vclaim-sno-sinbad-movie-shazaam	1	34.6199681739252	SimBa
tweet-sno-1306	QO	vclaim-sno-georgia-signature-audit	1	60.99086061333361	SimBa
tweet-sno-1306	QO	vclaim-sno-trump-georgia-runoff	1	51.25438278149069	SimBa
tweet-sno-1306	QO	vclaim-sno-biden-ossoff-warnock-checks-2000	1	50.47792943242847	SimBa
tweet-sno-1306	QO	vclaim-sno-teamkraken-georgia-injunction	1	48.42264030742923	SimBa
tweet-sno-1306	QO	vclaim-sno-could-trump-defy-popular-vote	1	47.8043012014217	SimBa
tweet-sno-1307	QO	vclaim-sno-trump-detroit-voters-2020	1	70.08449641765745	SimBa
tweet-sno-1307	QO	vclaim-sno-more-votes-than-voters-in-detroit	1	64.31954277642222	SimBa
tweet-sno-1307	QO	vclaim-sno-simple-math-on-biden-votes	1	57.78670431336204	SimBa
tweet-sno-1307	QO	vclaim-sno-pennsylvania-205000-votes	1	57.18876392601439	SimBa
tweet-sno-1307	QO	vclaim-sno-rumor-alert-biden-michigan-votes	1	54.33812120140457	SimBa
tweet-sno-1308	QO	vclaim-sno-trump-pardon-turkey-election	1	74.00247988114977	SimBa
tweet-sno-1308	QO	vclaim-sno-did-trump-call-mccain-a-loser	1	52.20099714755443	SimBa
tweet-sno-1308	QO	vclaim-sno-trump-recount-battleground-states	1	52.152664221782445	SimBa
tweet-sno-1308	QO	vclaim-sno-trump-described-the-electoral-college-as-a-disaster	1	52.092148843931085	SimBa
tweet-sno-1308	QO	vclaim-sno-could-trump-defy-popular-vote	1	50.74344224180834	SimBa
tweet-sno-1309	QO	vclaim-sno-alaska-town-60-days-without-sun	1	70.19625033108528	SimBa
tweet-sno-1309	QO	vclaim-sno-sun-lockdown	1	50.32330682677836	SimBa
tweet-sno-1309	QO	vclaim-sno-will-tonight-be-the-darkest-night-in-500-years	1	49.18144480419075	SimBa
tweet-sno-1309	QO	vclaim-sno-wolf-moon-january	1	48.839535472468896	SimBa
tweet-sno-1309	QO	vclaim-sno-15-days-darkness-november	1	45.35788638150758	SimBa
tweet-sno-1310	QO	vclaim-sno-florida-air-force-robotic-dogs	1	76.37148979300277	SimBa
tweet-sno-1310	QO	vclaim-sno-army-working-dogs-satire	1	56.628136444683804	SimBa
tweet-sno-1310	QO	vclaim-sno-nypd-robot-dogs-police	1	46.09554063082821	SimBa
tweet-sno-1310	QO	vclaim-sno-marine-corps-dog-adoptions	1	44.103227594359836	SimBa
tweet-sno-1310	QO	vclaim-sno-biden-dog-major-indoguration	1	43.38908042233555	SimBa
tweet-sno-1311	QO	vclaim-sno-20000-dead-voters-in-pennsylvania	1	74.74751468809755	SimBa
tweet-sno-1311	QO	vclaim-sno-wisconsin-vote-dump	1	74.22525620371044	SimBa
tweet-sno-1311	QO	vclaim-sno-trump-biden-vote-dumps	1	71.91546456664182	SimBa
tweet-sno-1311	QO	vclaim-sno-biden-admit-voter-fraud	1	68.98618921309352	SimBa
tweet-sno-1311	QO	vclaim-sno-25-million-fraud-votes-for-clinton	1	68.29918178756908	SimBa
tweet-sno-1312	QO	vclaim-sno-christmas-tree-owl	1	67.61816052975583	SimBa
tweet-sno-1312	QO	vclaim-sno-snowy-owl-130-years	1	49.77800177182785	SimBa
tweet-sno-1312	QO	vclaim-sno-stuffed-owlets	1	46.49340480081605	SimBa
tweet-sno-1312	QO	vclaim-sno-owl-having-an-orgasm	1	43.40921746761276	SimBa
tweet-sno-1312	QO	vclaim-sno-rainbow-owl	1	42.98917039697947	SimBa
tweet-sno-1313	QO	vclaim-sno-wisconsin-vote-dump	1	79.19668875703971	SimBa
tweet-sno-1313	QO	vclaim-sno-trump-biden-vote-dumps	1	68.49424119361663	SimBa
tweet-sno-1313	QO	vclaim-sno-gallup-poll-electoral-fraud	1	63.38444505177037	SimBa
tweet-sno-1313	QO	vclaim-sno-300000-wisconsin-voters-turned-away-due-to-voter-id-laws	1	59.15633602289672	SimBa
tweet-sno-1313	QO	vclaim-sno-simple-math-on-biden-votes	1	57.637987611921275	SimBa
tweet-sno-1314	QO	vclaim-sno-dominion-servers-germany-seized	1	71.45078939099125	SimBa
tweet-sno-1314	QO	vclaim-sno-floyd-county-georgia-votes	1	58.900352391294604	SimBa
tweet-sno-1314	QO	vclaim-sno-facebook-analytics-electoral-map-shows-trump-sweep	1	58.03938721402797	SimBa
tweet-sno-1314	QO	vclaim-sno-dominion-deleted-trump-votes	1	56.272845803670194	SimBa
tweet-sno-1314	QO	vclaim-sno-atlanta-georgia-voter-fraud-video	1	55.36445297699923	SimBa
tweet-sno-1315	QO	vclaim-sno-dominion-servers-germany-seized	1	68.52371721705758	SimBa
tweet-sno-1315	QO	vclaim-sno-facebook-analytics-electoral-map-shows-trump-sweep	1	57.28462069112858	SimBa
tweet-sno-1315	QO	vclaim-sno-pennsylvania-205000-votes	1	52.2728655155015	SimBa
tweet-sno-1315	QO	vclaim-sno-hammer-scorecard-vote-counts	1	49.208955712637064	SimBa
tweet-sno-1315	QO	vclaim-sno-dominion-deleted-trump-votes	1	47.59664111808567	SimBa
tweet-sno-1316	QO	vclaim-sno-cuomo-vaccine-bad-news-trump	1	83.88072144989599	SimBa
tweet-sno-1316	QO	vclaim-sno-cdc-halts-us-jj-covid-shots	1	62.67194318211251	SimBa
tweet-sno-1316	QO	vclaim-sno-trump-promise-vaccine-election-day	1	59.69400914948649	SimBa
tweet-sno-1316	QO	vclaim-sno-trump-covid-19-vaccination	1	58.54875817078905	SimBa
tweet-sno-1316	QO	vclaim-sno-biden-covid-vaccine-2	1	57.603809495125056	SimBa
tweet-sno-1317	QO	vclaim-sno-cornyn-votes-puerto-rico	1	80.79110285240854	SimBa
tweet-sno-1317	QO	vclaim-sno-uncounted-california-ballots	1	59.64440378386569	SimBa
tweet-sno-1317	QO	vclaim-sno-dhs-12m-trump-votes	1	54.15656196442569	SimBa
tweet-sno-1317	QO	vclaim-sno-millions-mail-in-ballots	1	53.81594708579198	SimBa
tweet-sno-1317	QO	vclaim-sno-could-trump-defy-popular-vote	1	53.015341537956516	SimBa
tweet-sno-1318	QO	vclaim-sno-ballots-georgia-senate	1	63.347967850819	SimBa
tweet-sno-1318	QO	vclaim-sno-georgia-signature-audit	1	63.27493530105427	SimBa
tweet-sno-1318	QO	vclaim-sno-floyd-county-georgia-votes	1	61.17343137562483	SimBa
tweet-sno-1318	QO	vclaim-sno-ballots-lancaster-pa	1	57.233492174436854	SimBa
tweet-sno-1318	QO	vclaim-sno-millions-mail-in-ballots	1	56.398590552854685	SimBa
tweet-sno-1319	QO	vclaim-sno-floyd-county-georgia-votes	1	83.67821383090103	SimBa
tweet-sno-1319	QO	vclaim-sno-georgia-signature-audit	1	67.71869187669097	SimBa
tweet-sno-1319	QO	vclaim-sno-georgia-dekalb-reject-mail-ballots	1	66.74118317961728	SimBa
tweet-sno-1319	QO	vclaim-sno-ballots-georgia-senate	1	65.12613222870928	SimBa
tweet-sno-1319	QO	vclaim-sno-ballots-lancaster-pa	1	62.58456626229812	SimBa
tweet-sno-1320	QO	vclaim-sno-maga-trump-million-march	1	66.58421252807895	SimBa
tweet-sno-1320	QO	vclaim-sno-biden-trump-inauguration-crowd	1	62.11483676066268	SimBa
tweet-sno-1320	QO	vclaim-sno-trump-rally-crowd-66000	1	58.95604751655978	SimBa
tweet-sno-1320	QO	vclaim-sno-pennsylvania-trump-rally	1	58.67729224458246	SimBa
tweet-sno-1320	QO	vclaim-sno-photograph-shows-100000-bikers-at-trump-rally	1	57.23657100854434	SimBa
tweet-sno-1321	QO	vclaim-sno-newsmax-biden-pence	1	72.05658949409633	SimBa
tweet-sno-1321	QO	vclaim-sno-gowdy-pence-2020	1	64.18186614519942	SimBa
tweet-sno-1321	QO	vclaim-sno-mike-pence-to-resign	1	57.99318588246389	SimBa
tweet-sno-1321	QO	vclaim-sno-did-trump-concede	1	56.677784913131916	SimBa
tweet-sno-1321	QO	vclaim-sno-smooth-transition-trump	1	55.9615075392809	SimBa
tweet-sno-1322	QO	vclaim-sno-newsmax-biden-pence	1	80.92415636622812	SimBa
tweet-sno-1322	QO	vclaim-sno-trump-considering-resignation	1	61.15756949285726	SimBa
tweet-sno-1322	QO	vclaim-sno-mike-pence-to-resign	1	52.63438637275435	SimBa
tweet-sno-1322	QO	vclaim-sno-mike-pence-blames-media-for-trump-controversies	1	52.02657020562755	SimBa
tweet-sno-1322	QO	vclaim-sno-rachel-maddow-trump-tweet	1	51.90068332817043	SimBa
tweet-sno-1323	QO	vclaim-sno-newsmax-biden-pence	1	76.60397235252685	SimBa
tweet-sno-1323	QO	vclaim-sno-smooth-transition-trump	1	54.119133344179886	SimBa
tweet-sno-1323	QO	vclaim-sno-mike-pence-blames-media-for-trump-controversies	1	53.75678094119947	SimBa
tweet-sno-1323	QO	vclaim-sno-gowdy-pence-2020	1	53.39917514575038	SimBa
tweet-sno-1323	QO	vclaim-sno-did-trump-concede	1	51.766445003748046	SimBa
tweet-sno-1324	QO	vclaim-sno-rnc-chairwoman-deleted-tweet	1	70.42634090023866	SimBa
tweet-sno-1324	QO	vclaim-sno-tomi-lahren-biden-supporters-loot	1	61.01666234897371	SimBa
tweet-sno-1324	QO	vclaim-sno-joe-biden-beat-biden	1	58.356017776653324	SimBa
tweet-sno-1324	QO	vclaim-sno-bidens-win-lie-of-the-year	1	56.82351304989905	SimBa
tweet-sno-1324	QO	vclaim-sno-fake-aoc-purge-tweet	1	56.37019743384687	SimBa
tweet-sno-1325	QO	vclaim-sno-raising-canes-chicken-bankruptcy	1	61.44775264288887	SimBa
tweet-sno-1325	QO	vclaim-sno-wendys-heartbreaking-announcement	1	42.7721795718666	SimBa
tweet-sno-1325	QO	vclaim-sno-taco-bell-closing-2020	1	40.07102215479635	SimBa
tweet-sno-1325	QO	vclaim-sno-obama-foundation-floyd-death	1	39.974330675585804	SimBa
tweet-sno-1325	QO	vclaim-sno-forever-21	1	38.670236999517485	SimBa
tweet-sno-1326	QO	vclaim-sno-raising-canes-chicken-bankruptcy	1	49.20192806805424	SimBa
tweet-sno-1326	QO	vclaim-sno-wendys-heartbreaking-announcement	1	43.43778178487085	SimBa
tweet-sno-1326	QO	vclaim-sno-taco-bell-closing-2020	1	40.56157034382645	SimBa
tweet-sno-1326	QO	vclaim-sno-knotts-berry-farm-fleeing	1	36.80718741947115	SimBa
tweet-sno-1326	QO	vclaim-sno-forever-21	1	36.582654873387476	SimBa
tweet-sno-1327	QO	vclaim-sno-tweet-predict-kobe-death	1	43.456657799956176	SimBa
tweet-sno-1327	QO	vclaim-sno-drake-is-not-dead	1	40.726530744172294	SimBa
tweet-sno-1327	QO	vclaim-sno-dmx-death-hoax	1	40.56994307148127	SimBa
tweet-sno-1327	QO	vclaim-sno-obama-foundation-floyd-death	1	39.24188173610947	SimBa
tweet-sno-1327	QO	vclaim-sno-vanessa-bryant-suicide	1	39.1874663386195	SimBa
tweet-sno-1328	QO	vclaim-sno-xbox-playstation-ps5-congrats	1	73.13455091829218	SimBa
tweet-sno-1328	QO	vclaim-sno-ninja-turtles-shredders-revenge	1	38.1735459072206	SimBa
tweet-sno-1328	QO	vclaim-sno-cyberpunk-2077-refunds	1	34.676075220225314	SimBa
tweet-sno-1328	QO	vclaim-sno-veterans-national-parks-lifetime	1	31.795887069532483	SimBa
tweet-sno-1328	QO	vclaim-sno-target-holiday-stores	1	31.22823482261164	SimBa
tweet-sno-1329	QO	vclaim-sno-xbox-playstation-ps5-congrats	1	73.02947399789642	SimBa
tweet-sno-1329	QO	vclaim-sno-cyberpunk-2077-refunds	1	35.97930207461959	SimBa
tweet-sno-1329	QO	vclaim-sno-amazon-holiday-shopping	1	34.377386925261355	SimBa
tweet-sno-1329	QO	vclaim-sno-sony	1	33.9500743165563	SimBa
tweet-sno-1329	QO	vclaim-sno-hillary-clintons-premature-celebration	1	33.12415698266877	SimBa
tweet-sno-1330	QO	vclaim-sno-ice-twitter-account-disappear	1	64.33573620226697	SimBa
tweet-sno-1330	QO	vclaim-sno-nps-twitter-account-shut-down	1	47.395352353033985	SimBa
tweet-sno-1330	QO	vclaim-sno-stockpile-website-change-kushner	1	41.29230429509157	SimBa
tweet-sno-1330	QO	vclaim-sno-loser-com-trump-wikipedia-page	1	39.85867917766005	SimBa
tweet-sno-1330	QO	vclaim-sno-fbi-prince-andrew-twitter	1	39.65523295112902	SimBa
tweet-sno-1331	QO	vclaim-sno-ice-twitter-account-disappear	1	78.72448474172025	SimBa
tweet-sno-1331	QO	vclaim-sno-nps-twitter-account-shut-down	1	53.69753988012903	SimBa
tweet-sno-1331	QO	vclaim-sno-trump-twitter-john-barron-1946	1	48.17233796095604	SimBa
tweet-sno-1331	QO	vclaim-sno-onlyfans-trump-ban-capitol	1	45.736968666473445	SimBa
tweet-sno-1331	QO	vclaim-sno-did-twitter-lock-trumps-account	1	44.71629559222323	SimBa
tweet-sno-1332	QO	vclaim-sno-veterans-national-parks-lifetime	1	84.47141491482013	SimBa
tweet-sno-1332	QO	vclaim-sno-free-meals-for-veterans	1	54.508880176009285	SimBa
tweet-sno-1332	QO	vclaim-sno-trump-veterans-free-health-care	1	52.303750510693405	SimBa
tweet-sno-1332	QO	vclaim-sno-trump-salary-military-cemeteries	1	43.98289034943248	SimBa
tweet-sno-1332	QO	vclaim-sno-paws-act-veterans-ptsd-service-dogs	1	43.074931689640415	SimBa
tweet-sno-1333	QO	vclaim-sno-covid-vaccine-funded-by-trump	1	75.84262086114319	SimBa
tweet-sno-1333	QO	vclaim-sno-did-trump-praise-covid-19-vaccines	1	69.17818183671395	SimBa
tweet-sno-1333	QO	vclaim-sno-cuomo-vaccine-bad-news-trump	1	66.54610648930402	SimBa
tweet-sno-1333	QO	vclaim-sno-trump-promise-vaccine-election-day	1	63.00452906664348	SimBa
tweet-sno-1333	QO	vclaim-sno-trump-beautiful-covid-19-vaccine	1	61.641343159803085	SimBa
tweet-sno-1334	QO	vclaim-sno-covid-vaccine-funded-by-trump	1	74.65073608156958	SimBa
tweet-sno-1334	QO	vclaim-sno-did-trump-praise-covid-19-vaccines	1	62.280423301194425	SimBa
tweet-sno-1334	QO	vclaim-sno-cuomo-vaccine-bad-news-trump	1	62.01224552063436	SimBa
tweet-sno-1334	QO	vclaim-sno-trump-promise-vaccine-election-day	1	60.66685498301322	SimBa
tweet-sno-1334	QO	vclaim-sno-trump-beautiful-covid-19-vaccine	1	56.3622409263802	SimBa
tweet-sno-1335	QO	vclaim-sno-biden-hat-trump-maga	1	69.33717616275491	SimBa
tweet-sno-1335	QO	vclaim-sno-trump-biden-resident-meme	1	56.60886085322317	SimBa
tweet-sno-1335	QO	vclaim-sno-listen-to-scientists	1	55.05068944693392	SimBa
tweet-sno-1335	QO	vclaim-sno-trump-tell-supporters-storm	1	52.39097000276877	SimBa
tweet-sno-1335	QO	vclaim-sno-biden-trump-dregs-society	1	51.76205552129955	SimBa
tweet-sno-1336	QO	vclaim-sno-biden-major-dog-rescue-white-house	1	89.8747174233113	SimBa
tweet-sno-1336	QO	vclaim-sno-biden-dog-major-indoguration	1	71.73341964638243	SimBa
tweet-sno-1336	QO	vclaim-sno-biden-team-statement-dog	1	68.92614442195172	SimBa
tweet-sno-1336	QO	vclaim-sno-biden-dogs-kicked-out-white-house	1	65.08503924968845	SimBa
tweet-sno-1336	QO	vclaim-sno-biden-dogs-trump-chew-toy	1	63.25385568296961	SimBa
tweet-sno-1337	QO	vclaim-sno-trump-golf-rallies-coronavirus	1	69.98228878039399	SimBa
tweet-sno-1337	QO	vclaim-sno-golfing-trump-election-results	1	66.62897320776368	SimBa
tweet-sno-1337	QO	vclaim-sno-donald-trump-golf-course	1	59.98885110874359	SimBa
tweet-sno-1337	QO	vclaim-sno-trump-obama-golf	1	57.365954958493234	SimBa
tweet-sno-1337	QO	vclaim-sno-picfat-trump-golfing-real	1	54.07673924924811	SimBa
tweet-sno-1338	QO	vclaim-sno-bannon-fauci-wray-head-pikes	1	71.5110796005789	SimBa
tweet-sno-1338	QO	vclaim-sno-jesse-watters-faucis-assassination	1	57.927283520566306	SimBa
tweet-sno-1338	QO	vclaim-sno-steve-bannon-predicts-obama	1	57.40938835998583	SimBa
tweet-sno-1338	QO	vclaim-sno-isis-called-for-assassination-of-barron-trump	1	56.07629805320637	SimBa
tweet-sno-1338	QO	vclaim-sno-clyburn-articles-impeachment	1	55.619410411625246	SimBa
tweet-sno-1339	QO	vclaim-sno-gray-wolves-endangered-trump	1	70.94615350285602	SimBa
tweet-sno-1339	QO	vclaim-sno-trump-whales-sea-turtles	1	60.0336255299388	SimBa
tweet-sno-1339	QO	vclaim-sno-obama-gives-kill-order-for-bald-eagles	1	54.10396778227543	SimBa
tweet-sno-1339	QO	vclaim-sno-trump-hunting-bald-eagles	1	53.89153856680902	SimBa
tweet-sno-1339	QO	vclaim-sno-trump-animal-cruelty	1	53.52507920595442	SimBa
tweet-sno-1340	QO	vclaim-sno-pa-worker-filling-ballots	1	69.293159269595	SimBa
tweet-sno-1340	QO	vclaim-sno-mail-in-voting-ballots	1	57.1595086235319	SimBa
tweet-sno-1340	QO	vclaim-sno-erie-pennsylvania-trump-ballots	1	56.17383734973626	SimBa
tweet-sno-1340	QO	vclaim-sno-can-you-vote-online-with-a-hashtag	1	55.061486272726725	SimBa
tweet-sno-1340	QO	vclaim-sno-pa-mailin-votes-ballots	1	54.008244451390354	SimBa
tweet-sno-1341	QO	vclaim-sno-stop-the-count-chant	1	72.60314748556482	SimBa
tweet-sno-1341	QO	vclaim-sno-atlanta-georgia-voter-fraud-video	1	57.64034404791265	SimBa
tweet-sno-1341	QO	vclaim-sno-erie-pennsylvania-trump-ballots	1	56.5229392772149	SimBa
tweet-sno-1341	QO	vclaim-sno-floyd-county-georgia-votes	1	54.88731731443708	SimBa
tweet-sno-1341	QO	vclaim-sno-trump-vote-twice-north-carolina	1	54.867877194724485	SimBa
tweet-sno-1342	QO	vclaim-sno-trump-recount-battleground-states	1	86.41298274274163	SimBa
tweet-sno-1342	QO	vclaim-sno-12th-amendment-path-to-victory	1	54.981592398988454	SimBa
tweet-sno-1342	QO	vclaim-sno-trump-described-the-electoral-college-as-a-disaster	1	53.75685924966055	SimBa
tweet-sno-1342	QO	vclaim-sno-romney-votes-switched-obama	1	52.57490546948995	SimBa
tweet-sno-1342	QO	vclaim-sno-trump-vote-twice-north-carolina	1	52.54817801382265	SimBa
tweet-sno-1343	QO	vclaim-sno-sharpie-trump-ballots-arizona	1	65.41152390859881	SimBa
tweet-sno-1343	QO	vclaim-sno-millions-mail-in-ballots	1	63.10509609969962	SimBa
tweet-sno-1343	QO	vclaim-sno-california-unlawful-ballots	1	62.009741681578035	SimBa
tweet-sno-1343	QO	vclaim-sno-ballot-envelopes-reveal-party	1	59.76295068238764	SimBa
tweet-sno-1343	QO	vclaim-sno-wisconsin-vote-dump	1	58.731854055880596	SimBa
tweet-sno-1344	QO	vclaim-sno-sharpie-trump-ballots-arizona	1	78.3120084028479	SimBa
tweet-sno-1344	QO	vclaim-sno-california-unlawful-ballots	1	63.14223700326362	SimBa
tweet-sno-1344	QO	vclaim-sno-millions-mail-in-ballots	1	60.32593378491168	SimBa
tweet-sno-1344	QO	vclaim-sno-pennsylvania-205000-votes	1	59.65528894651911	SimBa
tweet-sno-1344	QO	vclaim-sno-ballots-lancaster-pa	1	59.52529642488135	SimBa
tweet-sno-1345	QO	vclaim-sno-sharpie-trump-ballots-arizona	1	67.39307446879185	SimBa
tweet-sno-1345	QO	vclaim-sno-wisconsin-vote-dump	1	65.44817109632537	SimBa
tweet-sno-1345	QO	vclaim-sno-california-unlawful-ballots	1	64.64760743622	SimBa
tweet-sno-1345	QO	vclaim-sno-millions-mail-in-ballots	1	63.519800423763456	SimBa
tweet-sno-1345	QO	vclaim-sno-ballots-video-voter-fraud-trump	1	61.72068576843561	SimBa
tweet-sno-1346	QO	vclaim-sno-saved-whale-says-thanks	1	50.9280873834536	SimBa
tweet-sno-1346	QO	vclaim-sno-fisherman-survived-inside-whale-for-three-days	1	46.78397649790731	SimBa
tweet-sno-1346	QO	vclaim-sno-killer-whale	1	46.32450639074034	SimBa
tweet-sno-1346	QO	vclaim-sno-big-gulp	1	46.06164083737442	SimBa
tweet-sno-1346	QO	vclaim-sno-humpback-whale-eat-kayaker	1	43.14863160655867	SimBa
tweet-sno-1347	QO	vclaim-sno-humpback-whale-eat-kayaker	1	67.53859105895737	SimBa
tweet-sno-1347	QO	vclaim-sno-big-gulp	1	66.93643931961101	SimBa
tweet-sno-1347	QO	vclaim-sno-killer-whale	1	63.403583478687324	SimBa
tweet-sno-1347	QO	vclaim-sno-photograph-kayak-orcas	1	59.484268400506835	SimBa
tweet-sno-1347	QO	vclaim-sno-blue-whale-under-rowboat	1	58.32366005226706	SimBa
tweet-sno-1348	QO	vclaim-sno-biden-black-athletes-green-mile	1	54.59913968755335	SimBa
tweet-sno-1348	QO	vclaim-sno-biden-racial-jungle-quote	1	43.64785090404717	SimBa
tweet-sno-1348	QO	vclaim-sno-joe-biden-ancestors-own-slaves	1	43.54400297606817	SimBa
tweet-sno-1348	QO	vclaim-sno-biden-poor-kids-white-kids	1	42.688933159000555	SimBa
tweet-sno-1348	QO	vclaim-sno-jackie-robinson-anthem	1	41.535442081665245	SimBa
tweet-sno-1349	QO	vclaim-sno-kamala-harris-pearls-election-day	1	60.76974266199913	SimBa
tweet-sno-1349	QO	vclaim-sno-hillary-clinton-embraces-the-woman-card	1	49.46266188636882	SimBa
tweet-sno-1349	QO	vclaim-sno-hillary-clintons-premature-celebration	1	45.93664001866282	SimBa
tweet-sno-1349	QO	vclaim-sno-bells-in-paris-biden	1	43.684724794003515	SimBa
tweet-sno-1349	QO	vclaim-sno-joe-biden-beat-biden	1	42.72743792338257	SimBa
tweet-sno-1350	QO	vclaim-sno-amish-trump-presidential-victory	1	63.654593563676386	SimBa
tweet-sno-1350	QO	vclaim-sno-amish-buggies-trump	1	60.6814946563499	SimBa
tweet-sno-1350	QO	vclaim-sno-tomi-lahren-biden-supporters-loot	1	47.26499777548446	SimBa
tweet-sno-1350	QO	vclaim-sno-trump-stimulus-package-election	1	46.90401736513287	SimBa
tweet-sno-1350	QO	vclaim-sno-did-kkk-taliban-endorse-trump	1	46.09387171875039	SimBa
tweet-sno-1351	QO	vclaim-sno-omar-minnesota-register-vote	1	70.68423005136421	SimBa
tweet-sno-1351	QO	vclaim-sno-pence-op-ed-hr1-immigrants	1	49.822166196346785	SimBa
tweet-sno-1351	QO	vclaim-sno-uber-lyft-free-rides-polls	1	49.04141803458135	SimBa
tweet-sno-1351	QO	vclaim-sno-strawman-poll	1	48.686973756888975	SimBa
tweet-sno-1351	QO	vclaim-sno-can-you-vote-online-with-a-hashtag	1	48.3516211035872	SimBa
tweet-sno-1352	QO	vclaim-sno-hunter-biden-flipped-fbi	1	56.72006324109181	SimBa
tweet-sno-1352	QO	vclaim-sno-joe-biden-war-hero-story	1	55.79959232204526	SimBa
tweet-sno-1352	QO	vclaim-sno-bar-owner-biden-ad	1	54.467273710996395	SimBa
tweet-sno-1352	QO	vclaim-sno-c-span-video-joe-biden-ukraine	1	53.759758436746466	SimBa
tweet-sno-1352	QO	vclaim-sno-biden-admit-voter-fraud	1	53.549330180654124	SimBa
tweet-sno-1353	QO	vclaim-sno-hunter-biden-flipped-fbi	1	70.19351948992369	SimBa
tweet-sno-1353	QO	vclaim-sno-biden-admit-voter-fraud	1	54.69508453065048	SimBa
tweet-sno-1353	QO	vclaim-sno-c-span-video-joe-biden-ukraine	1	54.573280229354175	SimBa
tweet-sno-1353	QO	vclaim-sno-hunter-biden-dead-overdose-hoax	1	54.355940651379896	SimBa
tweet-sno-1353	QO	vclaim-sno-hunter-biden-discharge	1	48.568188197029684	SimBa
tweet-sno-1354	QO	vclaim-sno-hunter-biden-flipped-fbi	1	59.60886616799143	SimBa
tweet-sno-1354	QO	vclaim-sno-trump-biden-resident-meme	1	53.960325052679565	SimBa
tweet-sno-1354	QO	vclaim-sno-biden-faux-campaign-website	1	52.875732329805466	SimBa
tweet-sno-1354	QO	vclaim-sno-joe-biden-endorsement	1	52.018125413839584	SimBa
tweet-sno-1354	QO	vclaim-sno-biden-admit-voter-fraud	1	51.752426770839556	SimBa
tweet-sno-1355	QO	vclaim-sno-hunter-biden-flipped-fbi	1	47.413795696622515	SimBa
tweet-sno-1355	QO	vclaim-sno-tomi-lahren-biden-supporters-loot	1	42.37144724594251	SimBa
tweet-sno-1355	QO	vclaim-sno-trump-biden-resident-meme	1	42.04420103858963	SimBa
tweet-sno-1355	QO	vclaim-sno-harlan-hill-eat-shoe-biden-won	1	40.902128712336435	SimBa
tweet-sno-1355	QO	vclaim-sno-biden-boot-wrong-foot-forgot	1	39.861113640734274	SimBa
tweet-sno-1356	QO	vclaim-sno-hunter-biden-flipped-fbi	1	58.88813135710693	SimBa
tweet-sno-1356	QO	vclaim-sno-biden-admit-voter-fraud	1	57.35229596217538	SimBa
tweet-sno-1356	QO	vclaim-sno-c-span-video-joe-biden-ukraine	1	53.901844649053594	SimBa
tweet-sno-1356	QO	vclaim-sno-hunter-biden-dead-overdose-hoax	1	48.49038012465276	SimBa
tweet-sno-1356	QO	vclaim-sno-joe-biden-endorsement	1	48.05546165579851	SimBa
tweet-sno-1357	QO	vclaim-sno-armed-trump-fans-biden-bus	1	73.08055796180491	SimBa
tweet-sno-1357	QO	vclaim-sno-fbi-trump-biden-bus	1	62.18962505448471	SimBa
tweet-sno-1357	QO	vclaim-sno-truckers-strike-thanksgiving	1	58.5314655504874	SimBa
tweet-sno-1357	QO	vclaim-sno-trump-tell-supporters-storm	1	56.705362802251436	SimBa
tweet-sno-1357	QO	vclaim-sno-trump-biden-assassination-shot	1	55.050080107800916	SimBa
tweet-sno-1358	QO	vclaim-sno-fbi-trump-biden-bus	1	72.90685047320112	SimBa
tweet-sno-1358	QO	vclaim-sno-anti-trump-protesters-bused-into-austin	1	63.10756999735648	SimBa
tweet-sno-1358	QO	vclaim-sno-armed-trump-fans-biden-bus	1	59.3843974132381	SimBa
tweet-sno-1358	QO	vclaim-sno-decalcification	1	56.523759881949665	SimBa
tweet-sno-1358	QO	vclaim-sno-trucked-voters-in-pa	1	55.26129857070653	SimBa
tweet-sno-1359	QO	vclaim-sno-fbi-trump-biden-bus	1	71.01692513059868	SimBa
tweet-sno-1359	QO	vclaim-sno-armed-trump-fans-biden-bus	1	70.3293315752085	SimBa
tweet-sno-1359	QO	vclaim-sno-run-over-trump-protesters	1	60.74691784574192	SimBa
tweet-sno-1359	QO	vclaim-sno-virginia-gun-rally-staged	1	60.53617902527052	SimBa
tweet-sno-1359	QO	vclaim-sno-charlottesville-killer-radical-leftist	1	55.72777523890741	SimBa
tweet-sno-1360	QO	vclaim-sno-fbi-trump-biden-bus	1	68.51452061697526	SimBa
tweet-sno-1360	QO	vclaim-sno-anti-trump-protesters-bused-into-austin	1	58.69983622175424	SimBa
tweet-sno-1360	QO	vclaim-sno-armed-trump-fans-biden-bus	1	55.95579027437819	SimBa
tweet-sno-1360	QO	vclaim-sno-bus-crash-super-tuesday	1	53.350052197488864	SimBa
tweet-sno-1360	QO	vclaim-sno-moving-truck-cspan	1	51.635800906304375	SimBa
tweet-sno-1361	QO	vclaim-sno-virginia-gun-rally-staged	1	56.47677776334692	SimBa
tweet-sno-1361	QO	vclaim-sno-fbi-trump-biden-bus	1	55.72399476060754	SimBa
tweet-sno-1361	QO	vclaim-sno-left-wing-mob-violence	1	55.72087955809471	SimBa
tweet-sno-1361	QO	vclaim-sno-mike-pence-tweet	1	55.02794982273238	SimBa
tweet-sno-1361	QO	vclaim-sno-tomi-lahren-biden-supporters-loot	1	54.809505460563365	SimBa
tweet-sno-1362	QO	vclaim-sno-sean-connery-trump-golf-course	1	71.23118550086616	SimBa
tweet-sno-1362	QO	vclaim-sno-sean-connery-net-worth	1	49.564712331108595	SimBa
tweet-sno-1362	QO	vclaim-sno-keanu-reeves-trump-successful-man	1	45.469728338849784	SimBa
tweet-sno-1362	QO	vclaim-sno-bill-murray-death-notice	1	45.181459697661964	SimBa
tweet-sno-1362	QO	vclaim-sno-hackman-trump-president	1	44.08475184975767	SimBa
tweet-sno-1363	QO	vclaim-sno-taco-bell-mexican-pizza	1	57.27760785162706	SimBa
tweet-sno-1363	QO	vclaim-sno-taco-bell-menu-change	1	57.24522480845711	SimBa
tweet-sno-1363	QO	vclaim-sno-taco-bell-closing-2020	1	56.953857515373144	SimBa
tweet-sno-1363	QO	vclaim-sno-taco-bell-closing	1	51.578936955188325	SimBa
tweet-sno-1363	QO	vclaim-sno-meat-your-maker	1	50.20788593998067	SimBa
tweet-sno-1364	QO	vclaim-sno-taco-bell-mexican-pizza	1	59.01801730434532	SimBa
tweet-sno-1364	QO	vclaim-sno-taco-bell-menu-change	1	56.70267066368179	SimBa
tweet-sno-1364	QO	vclaim-sno-taco-bell-closing-2020	1	52.80868596155679	SimBa
tweet-sno-1364	QO	vclaim-sno-taco-cabana-sign-donald-trump-prank	1	51.37183913916407	SimBa
tweet-sno-1364	QO	vclaim-sno-taco-bell-major-changes	1	50.757173574246195	SimBa
tweet-sno-1365	QO	vclaim-sno-taco-bell-mexican-pizza	1	52.443024797054136	SimBa
tweet-sno-1365	QO	vclaim-sno-taco-bell-closing-2020	1	51.67575114132782	SimBa
tweet-sno-1365	QO	vclaim-sno-taco-bell-menu-change	1	51.646724454055445	SimBa
tweet-sno-1365	QO	vclaim-sno-meat-your-maker	1	48.49467525390096	SimBa
tweet-sno-1365	QO	vclaim-sno-taco-cabana-sign-donald-trump-prank	1	46.91253391719803	SimBa
tweet-sno-1366	QO	vclaim-sno-taco-bell-closing-2020	1	55.51802605839485	SimBa
tweet-sno-1366	QO	vclaim-sno-mcpizza	1	54.52393785431564	SimBa
tweet-sno-1366	QO	vclaim-sno-taco-bell-menu-change	1	54.271776165502175	SimBa
tweet-sno-1366	QO	vclaim-sno-taco-bell-mexican-pizza	1	51.86277890087635	SimBa
tweet-sno-1366	QO	vclaim-sno-pizza-vending-machine	1	46.75412560066859	SimBa
tweet-sno-1367	QO	vclaim-sno-taco-bell-closing-2020	1	61.73179901217754	SimBa
tweet-sno-1367	QO	vclaim-sno-taco-bell-menu-change	1	61.585776090693734	SimBa
tweet-sno-1367	QO	vclaim-sno-taco-bell-mexican-pizza	1	59.83584527732634	SimBa
tweet-sno-1367	QO	vclaim-sno-meat-your-maker	1	53.08409167576259	SimBa
tweet-sno-1367	QO	vclaim-sno-taco-bell-closing	1	52.509502557270544	SimBa
tweet-sno-1368	QO	vclaim-sno-taco-bell-closing-2020	1	56.90279297126007	SimBa
tweet-sno-1368	QO	vclaim-sno-subway-pizza-hut-closing	1	53.64528410301337	SimBa
tweet-sno-1368	QO	vclaim-sno-wendys-heartbreaking-announcement	1	53.27208073734752	SimBa
tweet-sno-1368	QO	vclaim-sno-not-lovin39-it	1	51.92056436592673	SimBa
tweet-sno-1368	QO	vclaim-sno-cheesecake-factory-closing-rumor	1	48.513819187083456	SimBa
tweet-sno-1369	QO	vclaim-sno-wendys-heartbreaking-announcement	1	60.46228009675635	SimBa
tweet-sno-1369	QO	vclaim-sno-cheesecake-factory-closing-rumor	1	57.216249034823804	SimBa
tweet-sno-1369	QO	vclaim-sno-taco-bell-closing-2020	1	55.383927955240814	SimBa
tweet-sno-1369	QO	vclaim-sno-ruby-tuesday-closing	1	54.014431666740066	SimBa
tweet-sno-1369	QO	vclaim-sno-subway-pizza-hut-closing	1	53.96354467988708	SimBa
tweet-sno-1370	QO	vclaim-sno-cheesecake-factory-closing-rumor	1	57.473044513192114	SimBa
tweet-sno-1370	QO	vclaim-sno-subway-pizza-hut-closing	1	52.12882896877299	SimBa
tweet-sno-1370	QO	vclaim-sno-car-czar	1	50.87537175437147	SimBa
tweet-sno-1370	QO	vclaim-sno-taco-bell-closing-2020	1	49.314511431271654	SimBa
tweet-sno-1370	QO	vclaim-sno-trump-food-assistance-700000	1	49.07606686089798	SimBa
tweet-sno-1371	QO	vclaim-sno-cheesecake-factory-closing-rumor	1	69.22862105215833	SimBa
tweet-sno-1371	QO	vclaim-sno-wendys-heartbreaking-announcement	1	56.58008260780318	SimBa
tweet-sno-1371	QO	vclaim-sno-subway-pizza-hut-closing	1	56.515197522754775	SimBa
tweet-sno-1371	QO	vclaim-sno-taco-bell-closing-2020	1	55.475231727633826	SimBa
tweet-sno-1371	QO	vclaim-sno-ruby-tuesday-closing	1	53.79338353862197	SimBa
tweet-sno-1372	QO	vclaim-sno-cheesecake-factory-closing-rumor	1	71.79757092513462	SimBa
tweet-sno-1372	QO	vclaim-sno-wendys-heartbreaking-announcement	1	57.60213979011516	SimBa
tweet-sno-1372	QO	vclaim-sno-subway-pizza-hut-closing	1	56.71536226279054	SimBa
tweet-sno-1372	QO	vclaim-sno-taco-bell-closing-2020	1	56.06255078760796	SimBa
tweet-sno-1372	QO	vclaim-sno-taco-bell-closing	1	55.45598856064713	SimBa
tweet-sno-1373	QO	vclaim-sno-cheesecake-factory-closing-rumor	1	58.016554485783516	SimBa
tweet-sno-1373	QO	vclaim-sno-wendys-heartbreaking-announcement	1	55.58487459636767	SimBa
tweet-sno-1373	QO	vclaim-sno-taco-bell-closing-2020	1	51.95313612583868	SimBa
tweet-sno-1373	QO	vclaim-sno-knotts-berry-farm-fleeing	1	49.26502933209125	SimBa
tweet-sno-1373	QO	vclaim-sno-ruby-tuesday-closing	1	47.59273508690839	SimBa
tweet-sno-1374	QO	vclaim-sno-cheesecake-factory-closing-rumor	1	81.4200083678177	SimBa
tweet-sno-1374	QO	vclaim-sno-taco-bell-closing	1	65.27460399901842	SimBa
tweet-sno-1374	QO	vclaim-sno-subway-pizza-hut-closing	1	63.43648419173684	SimBa
tweet-sno-1374	QO	vclaim-sno-red-lobster-closing	1	61.36769459002325	SimBa
tweet-sno-1374	QO	vclaim-sno-taco-bell-closing-2020	1	60.41048149416896	SimBa
tweet-sno-1375	QO	vclaim-sno-cheesecake-factory-closing-rumor	1	50.08593225911504	SimBa
tweet-sno-1375	QO	vclaim-sno-taco-bell-closing-2020	1	46.45228919014011	SimBa
tweet-sno-1375	QO	vclaim-sno-wendys-heartbreaking-announcement	1	44.701101979600544	SimBa
tweet-sno-1375	QO	vclaim-sno-mcpizza	1	41.133574364458184	SimBa
tweet-sno-1375	QO	vclaim-sno-not-lovin39-it	1	41.05065041377267	SimBa
tweet-sno-1376	QO	vclaim-sno-girl-scouts-congratulate-barrett	1	55.18609455585887	SimBa
tweet-sno-1376	QO	vclaim-sno-twitter-marjorie-taylor-greene	1	49.756734532708165	SimBa
tweet-sno-1376	QO	vclaim-sno-obama-warren-unfollow-hillary-clinton	1	48.78377630526217	SimBa
tweet-sno-1376	QO	vclaim-sno-spooked-clinton-campaign-manager-deleted-tweets	1	48.63550205990897	SimBa
tweet-sno-1376	QO	vclaim-sno-marjorie-taylor-greene-twitter	1	48.62618274805637	SimBa
tweet-sno-1377	QO	vclaim-sno-aoc-gop-sad-stupid-vanity-fair	1	63.05248295017589	SimBa
tweet-sno-1377	QO	vclaim-sno-melania-trump-wore-pussy-bow	1	49.7491245697569	SimBa
tweet-sno-1377	QO	vclaim-sno-bernie-sanders-trump-shirts	1	48.39519409587631	SimBa
tweet-sno-1377	QO	vclaim-sno-pelosi-dress-trump-impeachments	1	47.596525567043514	SimBa
tweet-sno-1377	QO	vclaim-sno-good-grief	1	46.4505591524561	SimBa
tweet-sno-1378	QO	vclaim-sno-trump-biden-assassination-shot	1	75.33120444488169	SimBa
tweet-sno-1378	QO	vclaim-sno-isis-called-for-assassination-of-barron-trump	1	60.742806618279786	SimBa
tweet-sno-1378	QO	vclaim-sno-trump-lincoln-dishonest	1	59.343283669626075	SimBa
tweet-sno-1378	QO	vclaim-sno-bannon-hell-capitol-attack	1	56.455414188856395	SimBa
tweet-sno-1378	QO	vclaim-sno-eric-trump-tweet-iran-strike	1	56.255643834784394	SimBa
tweet-sno-1379	QO	vclaim-sno-biden-admit-voter-fraud	1	67.22957755045195	SimBa
tweet-sno-1379	QO	vclaim-sno-trump-biden-vote-dumps	1	66.90424086851087	SimBa
tweet-sno-1379	QO	vclaim-sno-wisconsin-vote-dump	1	63.9438172729167	SimBa
tweet-sno-1379	QO	vclaim-sno-bidens-win-lie-of-the-year	1	60.62112941807338	SimBa
tweet-sno-1379	QO	vclaim-sno-simple-math-on-biden-votes	1	60.313285512606484	SimBa
tweet-sno-1380	QO	vclaim-sno-biden-tweet-pandemic	1	73.21916619182862	SimBa
tweet-sno-1380	QO	vclaim-sno-experts-officials-pandemic-2018	1	69.84500397688001	SimBa
tweet-sno-1380	QO	vclaim-sno-2009-trump-tweet-pandemic	1	68.67524099357486	SimBa
tweet-sno-1380	QO	vclaim-sno-trump-tweet-obama-8-years	1	67.01266624100832	SimBa
tweet-sno-1380	QO	vclaim-sno-trump-deflect-to-h1n1	1	60.52342892989202	SimBa
tweet-sno-1381	QO	vclaim-sno-merriam-webster-barrett-sexual	1	72.84654663740308	SimBa
tweet-sno-1381	QO	vclaim-sno-fascism-corporations-corporatism-dictionary	1	46.07032159737717	SimBa
tweet-sno-1381	QO	vclaim-sno-merriam-webster-definition-racism	1	45.04988303044183	SimBa
tweet-sno-1381	QO	vclaim-sno-only-fans-reverses-ban-sexually-explicit	1	43.26023790800057	SimBa
tweet-sno-1381	QO	vclaim-sno-cnn-article-bill-maher	1	43.16789354063458	SimBa
tweet-sno-1382	QO	vclaim-sno-joe-biden-n-word-recorded-speech	1	59.05354652604248	SimBa
tweet-sno-1382	QO	vclaim-sno-karl-rove-biden-inauguration	1	57.07583842372027	SimBa
tweet-sno-1382	QO	vclaim-sno-kamala-harris-call-biden-racist	1	55.84383636681904	SimBa
tweet-sno-1382	QO	vclaim-sno-biden-trump-dregs-society	1	55.605841062795534	SimBa
tweet-sno-1382	QO	vclaim-sno-biden-trump-xenophobic	1	54.37096337426633	SimBa
tweet-sno-1383	QO	vclaim-sno-mitch-mcconnells-hands	1	68.76442202722178	SimBa
tweet-sno-1383	QO	vclaim-sno-trump-photoshopped-hands	1	46.37319342154477	SimBa
tweet-sno-1383	QO	vclaim-sno-mcconnell-voting-photobomb	1	44.71376627363399	SimBa
tweet-sno-1383	QO	vclaim-sno-team-mitch-aoc	1	42.98901746705704	SimBa
tweet-sno-1383	QO	vclaim-sno-did-c-span-insult-mitch-mcconnell	1	42.130855427534435	SimBa
tweet-sno-1384	QO	vclaim-sno-nurse-gop-convention-shooting	1	60.46365385683356	SimBa
tweet-sno-1384	QO	vclaim-sno-las-vegas-police-officer-shot	1	47.14809369259822	SimBa
tweet-sno-1384	QO	vclaim-sno-alabama-nurse-covid	1	45.806433117356036	SimBa
tweet-sno-1384	QO	vclaim-sno-officer-nakia-jones-fired-after-viral-police-brutality-video	1	45.51109682050753	SimBa
tweet-sno-1384	QO	vclaim-sno-violent-aftermath-of-coronavirus	1	44.94211219110757	SimBa
tweet-sno-1385	QO	vclaim-sno-jane-fonda-covid-gods-gift	1	79.22537879813746	SimBa
tweet-sno-1385	QO	vclaim-sno-greene-biden-mark-of-the-beast	1	57.43477249140952	SimBa
tweet-sno-1385	QO	vclaim-sno-biden-pandemic-statement	1	55.95107390547349	SimBa
tweet-sno-1385	QO	vclaim-sno-biden-tweet-pandemic	1	52.05693016250821	SimBa
tweet-sno-1385	QO	vclaim-sno-ted-cruz-covid-guarantee	1	50.5614444890793	SimBa
tweet-sno-1386	QO	vclaim-sno-biden-ban-fracking	1	72.45829358974132	SimBa
tweet-sno-1386	QO	vclaim-sno-does-biden-support-green-new-deal	1	55.087950975024654	SimBa
tweet-sno-1386	QO	vclaim-sno-bernie-sanders-truck-ban	1	51.74330302711509	SimBa
tweet-sno-1386	QO	vclaim-sno-biden-trump-xenophobic	1	49.66405089206077	SimBa
tweet-sno-1386	QO	vclaim-sno-trump-executive-order-biden	1	49.10887277437439	SimBa
tweet-sno-1387	QO	vclaim-sno-kennedy-nixon-virtual-debate-1960	1	61.52881807051136	SimBa
tweet-sno-1387	QO	vclaim-sno-diamond-silk-gop-convention	1	49.71472763256917	SimBa
tweet-sno-1387	QO	vclaim-sno-the-wire	1	45.150556662228915	SimBa
tweet-sno-1387	QO	vclaim-sno-early-returns	1	44.23037349537166	SimBa
tweet-sno-1387	QO	vclaim-sno-election-results-before-election	1	43.67678190506579	SimBa
tweet-sno-1388	QO	vclaim-sno-karen-pence-mask-debate	1	51.23244752003606	SimBa
tweet-sno-1388	QO	vclaim-sno-biden-violate-mask-mandate	1	43.95568535129516	SimBa
tweet-sno-1388	QO	vclaim-sno-jayapal-maskless-congress	1	42.33634410631444	SimBa
tweet-sno-1388	QO	vclaim-sno-jill-biden-lunging-protect-joe	1	41.6046949288492	SimBa
tweet-sno-1388	QO	vclaim-sno-pence-escorted	1	41.35024876748342	SimBa
tweet-sno-1389	QO	vclaim-sno-trump-sign-hollywood-los-angeles	1	72.96988516218647	SimBa
tweet-sno-1389	QO	vclaim-sno-trump-made-america-the-best-sign	1	50.36992436683934	SimBa
tweet-sno-1389	QO	vclaim-sno-trump-tower-kurd-banner	1	50.30520186207853	SimBa
tweet-sno-1389	QO	vclaim-sno-trump-christ-billboard-st-louis	1	49.38035907811632	SimBa
tweet-sno-1389	QO	vclaim-sno-mount-rushmore-defaced-graffiti	1	49.281739721767536	SimBa
tweet-sno-1390	QO	vclaim-sno-kamala-harris-protests	1	66.9373117785179	SimBa
tweet-sno-1390	QO	vclaim-sno-tomi-lahren-biden-supporters-loot	1	64.5536365551264	SimBa
tweet-sno-1390	QO	vclaim-sno-clinton-trump-deplorables-america	1	57.31624449991571	SimBa
tweet-sno-1390	QO	vclaim-sno-left-wing-mob-violence	1	56.3706558645466	SimBa
tweet-sno-1390	QO	vclaim-sno-antifa-flyer-trump-supporters	1	54.89028637345146	SimBa
tweet-sno-1391	QO	vclaim-sno-biden-trump-dregs-society	1	83.61723202303148	SimBa
tweet-sno-1391	QO	vclaim-sno-biden-trump-xenophobic	1	66.34778161447497	SimBa
tweet-sno-1391	QO	vclaim-sno-biden-troops-stupid-bastards	1	65.47144635944711	SimBa
tweet-sno-1391	QO	vclaim-sno-listen-to-scientists	1	63.34215005432179	SimBa
tweet-sno-1391	QO	vclaim-sno-trump-biden-resident-meme	1	60.99216877004225	SimBa
tweet-sno-1392	QO	vclaim-sno-biden-pandemic-black-women-grocery	1	68.23286899828184	SimBa
tweet-sno-1392	QO	vclaim-sno-melania-make-peace-with-the-blacks	1	47.325808120897854	SimBa
tweet-sno-1392	QO	vclaim-sno-biden-kenosha-black-looting	1	45.01508460162617	SimBa
tweet-sno-1392	QO	vclaim-sno-joe-biden-put-yall-back-in-chains	1	44.918332811519676	SimBa
tweet-sno-1392	QO	vclaim-sno-palins-privilege	1	42.9321887236958	SimBa
tweet-sno-1393	QO	vclaim-sno-clinton-mccabe-donation	1	60.75109113648977	SimBa
tweet-sno-1393	QO	vclaim-sno-impeachment-consulting-fees	1	52.54529207782793	SimBa
tweet-sno-1393	QO	vclaim-sno-russia-paid-donald-trump-millions-of-dollars	1	50.86268711039558	SimBa
tweet-sno-1393	QO	vclaim-sno-adam-schiff-witnesses-testify	1	49.409027486439854	SimBa
tweet-sno-1393	QO	vclaim-sno-james-comey-seth-rich	1	49.00701279863006	SimBa
tweet-sno-1394	QO	vclaim-sno-gay-men-proud-boys-hashtag	1	60.95048057381564	SimBa
tweet-sno-1394	QO	vclaim-sno-gay-jesus-film	1	44.5018824221561	SimBa
tweet-sno-1394	QO	vclaim-sno-condom-snorting-challenge	1	43.3822793912216	SimBa
tweet-sno-1394	QO	vclaim-sno-fake-tweet-parkland-survivor-david-hogg	1	41.432042039095435	SimBa
tweet-sno-1394	QO	vclaim-sno-target-donating-100000-lgbt	1	40.65791409227384	SimBa
tweet-sno-1395	QO	vclaim-sno-gay-men-proud-boys-hashtag	1	71.47481333235476	SimBa
tweet-sno-1395	QO	vclaim-sno-stop-the-steal-gay-communists	1	47.46631434784472	SimBa
tweet-sno-1395	QO	vclaim-sno-jerry-falwell-jr-president-looks	1	46.383104579341165	SimBa
tweet-sno-1395	QO	vclaim-sno-republican-dean-browning-gay	1	46.2062444580461	SimBa
tweet-sno-1395	QO	vclaim-sno-proud-boys-mock-trump	1	44.383902396801226	SimBa
tweet-sno-1396	QO	vclaim-sno-bikers-trump-praying-walter-reed	1	73.9642002910874	SimBa
tweet-sno-1396	QO	vclaim-sno-photograph-shows-100000-bikers-at-trump-rally	1	64.6043246324347	SimBa
tweet-sno-1396	QO	vclaim-sno-motorcycle-group-trump-inauguration	1	61.62398454452143	SimBa
tweet-sno-1396	QO	vclaim-sno-bikers-kavanaugh-support-video	1	58.37237321750062	SimBa
tweet-sno-1396	QO	vclaim-sno-amish-buggies-trump	1	54.84245185823181	SimBa
tweet-sno-1397	QO	vclaim-sno-trump-covid-fundraising	1	63.58245637509826	SimBa
tweet-sno-1397	QO	vclaim-sno-trump-campaign-september-31	1	55.371632219455435	SimBa
tweet-sno-1397	QO	vclaim-sno-trump-army-fundraising-email	1	53.267986107551536	SimBa
tweet-sno-1397	QO	vclaim-sno-feds-tracking-support-audit-donald-trump	1	53.104098205284345	SimBa
tweet-sno-1397	QO	vclaim-sno-fake-trump-groping-plot	1	51.90629854946363	SimBa
tweet-sno-1398	QO	vclaim-sno-amy-coney-barrett-rhodes-scholar	1	62.70852860478851	SimBa
tweet-sno-1398	QO	vclaim-sno-michelle-obamas-fake-degrees	1	51.56126044840208	SimBa
tweet-sno-1398	QO	vclaim-sno-kamala-harris-berkeley-busing	1	49.32520203603987	SimBa
tweet-sno-1398	QO	vclaim-sno-coach-admissions-obama-tennis	1	46.994471747550975	SimBa
tweet-sno-1398	QO	vclaim-sno-bait-of-the-union	1	46.96014527729318	SimBa
tweet-sno-1399	QO	vclaim-sno-biden-fail-condemn-antifa	1	56.96304214473592	SimBa
tweet-sno-1399	QO	vclaim-sno-biden-antifa-courageous-americans	1	54.47573654000429	SimBa
tweet-sno-1399	QO	vclaim-sno-trump-condemn-white-supremacists	1	49.97478066417522	SimBa
tweet-sno-1399	QO	vclaim-sno-paul-ryan-endorsed-antifa	1	49.02357349385241	SimBa
tweet-sno-1399	QO	vclaim-sno-antifa-flyer-trump-supporters	1	48.9808703448155	SimBa
tweet-sno-1400	QO	vclaim-sno-trump-condemn-white-supremacists	1	65.57293392396518	SimBa
tweet-sno-1400	QO	vclaim-sno-iowa-congressman-retweet-white-supremacist	1	51.5727209952499	SimBa
tweet-sno-1400	QO	vclaim-sno-trump-beto-crowds-el-paso-victims	1	50.32301022147345	SimBa
tweet-sno-1400	QO	vclaim-sno-trump-white-nationalists-us-press-conference	1	49.68837035844881	SimBa
tweet-sno-1400	QO	vclaim-sno-trump-fail-to-denounce-qanon	1	48.235651422692925	SimBa
tweet-sno-1401	QO	vclaim-sno-michael-bloomberg-donald-trump	1	55.356251677969226	SimBa
tweet-sno-1401	QO	vclaim-sno-skinny-joey-merlino-biden	1	54.95752868990307	SimBa
tweet-sno-1401	QO	vclaim-sno-bloomberg-pay-florida-felons-vote	1	54.87134075177924	SimBa
tweet-sno-1401	QO	vclaim-sno-bloomberg-campaign-prisoners	1	54.77902582816658	SimBa
tweet-sno-1401	QO	vclaim-sno-biden-admit-voter-fraud	1	54.56756430585686	SimBa
