tweet-sno-1200	QO	vclaim-sno-lady-gaga-oreo	1	44.51979588103396	SimBa
tweet-sno-1200	QO	vclaim-sno-amazon-holiday-shopping	1	41.54230513040204	SimBa
tweet-sno-1200	QO	vclaim-sno-red-velvet-oreos	1	40.1213730957521	SimBa
tweet-sno-1200	QO	vclaim-sno-black-raspberry-chocolate-chip-oreos	1	39.75390734606916	SimBa
tweet-sno-1200	QO	vclaim-sno-xbox-playstation-ps5-congrats	1	38.83887593747828	SimBa
tweet-sno-1201	QO	vclaim-sno-biden-executive-order-dictator	1	72.02044809868988	SimBa
tweet-sno-1201	QO	vclaim-sno-biden-violate-mask-mandate	1	64.56412489279441	SimBa
tweet-sno-1201	QO	vclaim-sno-trump-executive-order-biden	1	58.48189346669784	SimBa
tweet-sno-1201	QO	vclaim-sno-mitch-mcconnell-one-of-my-proudest-moments	1	57.8169369981312	SimBa
tweet-sno-1201	QO	vclaim-sno-mcconnell-democrats-no-victories	1	57.7256378224583	SimBa
tweet-sno-1202	QO	vclaim-sno-biden-executive-order-dictator	1	67.06081749059035	SimBa
tweet-sno-1202	QO	vclaim-sno-bloc-the-vote	1	52.61229324106493	SimBa
tweet-sno-1202	QO	vclaim-sno-jimmy-carter-functioning-democracy	1	52.2385950612056	SimBa
tweet-sno-1202	QO	vclaim-sno-biden-second-amendment-phony	1	52.12909154002667	SimBa
tweet-sno-1202	QO	vclaim-sno-biden-president-elect-office	1	51.9203126581905	SimBa
tweet-sno-1203	QO	vclaim-sno-farmers-protest-india-flag	1	59.44868254052142	SimBa
tweet-sno-1203	QO	vclaim-sno-capture-the-flag	1	57.355937839982005	SimBa
tweet-sno-1203	QO	vclaim-sno-911-wwii-memorial-vandalized	1	53.95182170200571	SimBa
tweet-sno-1203	QO	vclaim-sno-swastika-flag-trump-pence-michigan	1	53.37078663097516	SimBa
tweet-sno-1203	QO	vclaim-sno-hennepin-county-flag	1	53.03373126234176	SimBa
tweet-sno-1204	QO	vclaim-sno-biden-bans-china-virus	1	85.33849451398413	SimBa
tweet-sno-1204	QO	vclaim-sno-trump-ban-travel-china-pandemic	1	61.27267059168685	SimBa
tweet-sno-1204	QO	vclaim-sno-biden-violate-mask-mandate	1	60.537200329038356	SimBa
tweet-sno-1204	QO	vclaim-sno-power-grid-executive-order	1	60.07687874888509	SimBa
tweet-sno-1204	QO	vclaim-sno-in-wake-of-election-obama-passes-executive-order-banning-all-fake-news-outlets	1	59.07890931719184	SimBa
tweet-sno-1205	QO	vclaim-sno-trump-office-former-president	1	74.13363514322043	SimBa
tweet-sno-1205	QO	vclaim-sno-obama-trump-transition-letter	1	60.52728836129313	SimBa
tweet-sno-1205	QO	vclaim-sno-oval-office-fumigated-after-trump	1	58.07107653404127	SimBa
tweet-sno-1205	QO	vclaim-sno-trump-diet-coke-button-oval	1	57.58402126588057	SimBa
tweet-sno-1205	QO	vclaim-sno-trump-obama-emoluments	1	56.64598581165836	SimBa
tweet-sno-1206	QO	vclaim-sno-trump-office-former-president	1	76.76431787142855	SimBa
tweet-sno-1206	QO	vclaim-sno-trump-social-media-order	1	61.34723955457851	SimBa
tweet-sno-1206	QO	vclaim-sno-trump-revoke-executive-order	1	58.20274571283724	SimBa
tweet-sno-1206	QO	vclaim-sno-obama-trump-transition-letter	1	57.07391575875738	SimBa
tweet-sno-1206	QO	vclaim-sno-donald-trump-remain-apprentice-inauguration	1	56.22431191020554	SimBa
tweet-sno-1207	QO	vclaim-sno-cocaine-smuggled-in-bananas	1	61.443261215395296	SimBa
tweet-sno-1207	QO	vclaim-sno-mule-dear	1	52.946482167477036	SimBa
tweet-sno-1207	QO	vclaim-sno-mexico-seizes-us-cocaine	1	51.280913822435984	SimBa
tweet-sno-1207	QO	vclaim-sno-cia-crossing-border-cocaine	1	51.19728605906194	SimBa
tweet-sno-1207	QO	vclaim-sno-cocaine-on-money	1	50.29813868573932	SimBa
tweet-sno-1208	QO	vclaim-sno-national-guard-parking-garage	1	59.32466147307025	SimBa
tweet-sno-1208	QO	vclaim-sno-president-biden-flags-removed-oval	1	48.96265651681152	SimBa
tweet-sno-1208	QO	vclaim-sno-biden-troops-stupid-bastards	1	48.53553018104762	SimBa
tweet-sno-1208	QO	vclaim-sno-biden-dogs-kicked-out-white-house	1	47.94454365039371	SimBa
tweet-sno-1208	QO	vclaim-sno-barack-obama-in-afghanistan	1	47.82051662948762	SimBa
tweet-sno-1209	QO	vclaim-sno-trump-letter-schumer	1	61.83594165423936	SimBa
tweet-sno-1209	QO	vclaim-sno-schumer-tweet-china-travel	1	61.186625508841324	SimBa
tweet-sno-1209	QO	vclaim-sno-mcconnell-trump-attack-capitol	1	59.07018580284645	SimBa
tweet-sno-1209	QO	vclaim-sno-amy-schumer-arrested	1	57.482124835895405	SimBa
tweet-sno-1209	QO	vclaim-sno-schumer-erection-senate-floor	1	57.044602834627156	SimBa
tweet-sno-1210	QO	vclaim-sno-schumer-erection-senate-floor	1	57.52087074492523	SimBa
tweet-sno-1210	QO	vclaim-sno-does-schumer-have-concealed-permit	1	44.756973271474564	SimBa
tweet-sno-1210	QO	vclaim-sno-chuck-schumer-resigns-disgrace	1	44.51721538819403	SimBa
tweet-sno-1210	QO	vclaim-sno-chuck-schumer-kissing-a-girl	1	43.53186231862885	SimBa
tweet-sno-1210	QO	vclaim-sno-trump-tweets-photo-genitals	1	43.38485113055222	SimBa
tweet-sno-1211	QO	vclaim-sno-schumer-erection-senate-floor	1	65.28724025935009	SimBa
tweet-sno-1211	QO	vclaim-sno-mcconnell-trump-attack-capitol	1	62.27553988708843	SimBa
tweet-sno-1211	QO	vclaim-sno-republican-senators-up-shits-creek	1	58.47658260845553	SimBa
tweet-sno-1211	QO	vclaim-sno-trump-letter-schumer	1	55.92322497434085	SimBa
tweet-sno-1211	QO	vclaim-sno-chuck-schumer-resigns-disgrace	1	55.18437053534925	SimBa
tweet-sno-1212	QO	vclaim-sno-schumer-erection-senate-floor	1	58.06799937109929	SimBa
tweet-sno-1212	QO	vclaim-sno-schumer-daughter-cheerleader	1	43.10487727100963	SimBa
tweet-sno-1212	QO	vclaim-sno-jeff-foxworthy-democrats-trump	1	43.06278493359707	SimBa
tweet-sno-1212	QO	vclaim-sno-did-c-span-insult-mitch-mcconnell	1	42.24815658491078	SimBa
tweet-sno-1212	QO	vclaim-sno-bernie-sanders-trump-shirts	1	41.57333513177757	SimBa
tweet-sno-1213	QO	vclaim-sno-schumer-erection-senate-floor	1	53.038299121966034	SimBa
tweet-sno-1213	QO	vclaim-sno-obama-white-house-statue	1	46.45852512512811	SimBa
tweet-sno-1213	QO	vclaim-sno-does-schumer-have-concealed-permit	1	44.934601153442436	SimBa
tweet-sno-1213	QO	vclaim-sno-mencken-white-house-quote	1	43.68756181004382	SimBa
tweet-sno-1213	QO	vclaim-sno-leftist-activists-statue-theodore-roosevelt	1	42.780847443715246	SimBa
tweet-sno-1214	QO	vclaim-sno-schumer-erection-senate-floor	1	58.553504545222864	SimBa
tweet-sno-1214	QO	vclaim-sno-hillary-laughs-as-under-god-removed-from-pledge	1	47.19969556414726	SimBa
tweet-sno-1214	QO	vclaim-sno-barney-frank-bernie-sanders	1	47.18641275237027	SimBa
tweet-sno-1214	QO	vclaim-sno-bernie-sanders-loser-meme	1	46.85627847427665	SimBa
tweet-sno-1214	QO	vclaim-sno-trump-biden-resident-meme	1	46.717935372620865	SimBa
tweet-sno-1215	QO	vclaim-sno-bernice-king-mlk-day-instagram	1	71.88056369511821	SimBa
tweet-sno-1215	QO	vclaim-sno-i-have-a-what	1	52.52822916843314	SimBa
tweet-sno-1215	QO	vclaim-sno-melania-michelle-mlk-message	1	52.511543117779134	SimBa
tweet-sno-1215	QO	vclaim-sno-kamala-harris-plagiarize-mlk	1	49.60702079098353	SimBa
tweet-sno-1215	QO	vclaim-sno-first-fangirl	1	48.22886930380292	SimBa
tweet-sno-1216	QO	vclaim-sno-mypillow-discount-codes-qanon	1	54.677716235175794	SimBa
tweet-sno-1216	QO	vclaim-sno-donald-trump-watches-gorilla-channel	1	46.53672937498748	SimBa
tweet-sno-1216	QO	vclaim-sno-trump-hotel-anti-cnn-petitions	1	46.15951615944975	SimBa
tweet-sno-1216	QO	vclaim-sno-trump-profit-covid-19	1	46.02149628116856	SimBa
tweet-sno-1216	QO	vclaim-sno-trump-defeats-covid19-coin	1	45.67480643450946	SimBa
tweet-sno-1217	QO	vclaim-sno-tesla-hiring-complaints-elon-musk	1	66.88889321199167	SimBa
tweet-sno-1217	QO	vclaim-sno-elon-musk-illegal-immigrant	1	47.96247551820949	SimBa
tweet-sno-1217	QO	vclaim-sno-elon-musk-billboard	1	46.82190861641459	SimBa
tweet-sno-1217	QO	vclaim-sno-elon-musk-buy-facebook	1	46.32362859110566	SimBa
tweet-sno-1217	QO	vclaim-sno-protestjobs-hiring-service	1	41.28426267498992	SimBa
tweet-sno-1218	QO	vclaim-sno-downy-unstopables-warmer-warning	1	55.03056881925686	SimBa
tweet-sno-1218	QO	vclaim-sno-do-scented-candles-cause-cancer	1	54.754582324894244	SimBa
tweet-sno-1218	QO	vclaim-sno-crayon-candle	1	53.55182136142169	SimBa
tweet-sno-1218	QO	vclaim-sno-gwyneth-vagina-candle-explode	1	50.25081721341661	SimBa
tweet-sno-1218	QO	vclaim-sno-cfl-bulb-fire-risk	1	49.99082937380603	SimBa
tweet-sno-1219	QO	vclaim-sno-marjorie-taylor-greene-twitter	1	78.14048326867277	SimBa
tweet-sno-1219	QO	vclaim-sno-twitter-marjorie-taylor-greene	1	73.47974580739657	SimBa
tweet-sno-1219	QO	vclaim-sno-did-twitter-lock-trumps-account	1	62.0831684442081	SimBa
tweet-sno-1219	QO	vclaim-sno-twitter-delete-trump-account-racism	1	59.440654655501405	SimBa
tweet-sno-1219	QO	vclaim-sno-twitter-warning-trumps-tweet	1	57.89483529036328	SimBa
tweet-sno-1220	QO	vclaim-sno-burger-king-logo-new	1	63.621751315245035	SimBa
tweet-sno-1220	QO	vclaim-sno-yumbo-drop	1	50.56206008789122	SimBa
tweet-sno-1220	QO	vclaim-sno-subservient-chicken	1	47.25039343359566	SimBa
tweet-sno-1220	QO	vclaim-sno-walter-wetzel-redskins-logo	1	43.78427941267519	SimBa
tweet-sno-1220	QO	vclaim-sno-donald-trump-swastika-logo	1	43.62163504714096	SimBa
tweet-sno-1221	QO	vclaim-sno-covid-vaccine-throw-away	1	60.70171310201385	SimBa
tweet-sno-1221	QO	vclaim-sno-ny-hospitals-unvaccinated-parents	1	55.0146876355996	SimBa
tweet-sno-1221	QO	vclaim-sno-doj-most-dangerous-vaccine	1	52.88461429507877	SimBa
tweet-sno-1221	QO	vclaim-sno-new-york-covid-vaccine-preregister	1	52.59142285181636	SimBa
tweet-sno-1221	QO	vclaim-sno-flu-shot-avoidance	1	50.58260332654329	SimBa
tweet-sno-1222	QO	vclaim-sno-trump-jr-impeached-deplorable	1	57.982308649894165	SimBa
tweet-sno-1222	QO	vclaim-sno-bill-clinton-allegations-disqualify	1	53.41968084993631	SimBa
tweet-sno-1222	QO	vclaim-sno-trump-impeachment-votes	1	52.19955071621327	SimBa
tweet-sno-1222	QO	vclaim-sno-clinton-federal-racketeering-charges	1	51.686594072077966	SimBa
tweet-sno-1222	QO	vclaim-sno-newsweek-report-trump-impeachment	1	51.454799128908775	SimBa
tweet-sno-1223	QO	vclaim-sno-armie-hammer-cannibal-lifestyle	1	55.60974017487462	SimBa
tweet-sno-1223	QO	vclaim-sno-drunk-man-has-sex-with-snowman	1	45.42300303252209	SimBa
tweet-sno-1223	QO	vclaim-sno-ynw-melly-stabbed-death-prison	1	44.80153753998826	SimBa
tweet-sno-1223	QO	vclaim-sno-bath-salts-genitals-microwave	1	44.21781956425153	SimBa
tweet-sno-1223	QO	vclaim-sno-pedophile-prison-death	1	43.59811323507944	SimBa
tweet-sno-1224	QO	vclaim-sno-capitol-riot-no-fly-list	1	47.00677513927647	SimBa
tweet-sno-1224	QO	vclaim-sno-little-timmy-facebook-flag	1	46.245533152604985	SimBa
tweet-sno-1224	QO	vclaim-sno-indian-flag-capitol-riots	1	45.54901160628518	SimBa
tweet-sno-1224	QO	vclaim-sno-jayapal-maskless-congress	1	44.88711442783966	SimBa
tweet-sno-1224	QO	vclaim-sno-raz-simone-guns	1	44.36842068372957	SimBa
tweet-sno-1225	QO	vclaim-sno-syringe-cakes	1	75.20345997408171	SimBa
tweet-sno-1225	QO	vclaim-sno-germanely-chocolate-cake	1	48.98682986417208	SimBa
tweet-sno-1225	QO	vclaim-sno-hammy-hanukkah	1	43.4550218383259	SimBa
tweet-sno-1225	QO	vclaim-sno-lolli-pox	1	43.25450773582696	SimBa
tweet-sno-1225	QO	vclaim-sno-parade-grounds	1	43.08221725804256	SimBa
tweet-sno-1226	QO	vclaim-sno-trump-carved-manatees-back	1	67.81405324779485	SimBa
tweet-sno-1226	QO	vclaim-sno-florida-invasive-species	1	54.13353650373499	SimBa
tweet-sno-1226	QO	vclaim-sno-dermophis-donaldtrumpi-amphibian-trump	1	53.0296678246188	SimBa
tweet-sno-1226	QO	vclaim-sno-call-police-new-guinea-flatworm	1	47.96206063083861	SimBa
tweet-sno-1226	QO	vclaim-sno-first-chicago-alligator	1	47.91940109377115	SimBa
tweet-sno-1227	QO	vclaim-sno-mary-miller-hitler	1	58.33338509336565	SimBa
tweet-sno-1227	QO	vclaim-sno-trumps-rnc-speech-plagiarized-hitler	1	50.15645928953626	SimBa
tweet-sno-1227	QO	vclaim-sno-liselotte-hubner-donald-trump	1	48.61904509004137	SimBa
tweet-sno-1227	QO	vclaim-sno-trump-hitler-heritage-tweet	1	48.394559411380314	SimBa
tweet-sno-1227	QO	vclaim-sno-did-michele-bachmann-say-kanye-is-right	1	47.686390787133476	SimBa
tweet-sno-1228	QO	vclaim-sno-mary-miller-hitler	1	64.98566224808417	SimBa
tweet-sno-1228	QO	vclaim-sno-liselotte-hubner-donald-trump	1	49.58135813268325	SimBa
tweet-sno-1228	QO	vclaim-sno-make-germany-great-again	1	49.52586219774689	SimBa
tweet-sno-1228	QO	vclaim-sno-trump-hitler-heritage-tweet	1	48.33806402304771	SimBa
tweet-sno-1228	QO	vclaim-sno-to-conquer-a-nation	1	48.23717076137639	SimBa
tweet-sno-1229	QO	vclaim-sno-capitol-riot-no-fly-list	1	60.42435206339958	SimBa
tweet-sno-1229	QO	vclaim-sno-trump-mob-capitol	1	49.49627689692717	SimBa
tweet-sno-1229	QO	vclaim-sno-adam-schiff-lax	1	48.93412397556353	SimBa
tweet-sno-1229	QO	vclaim-sno-reconnaissance-tours	1	48.18279639180354	SimBa
tweet-sno-1229	QO	vclaim-sno-zip-cuffs-capitol-riots	1	48.166083979067686	SimBa
tweet-sno-1230	QO	vclaim-sno-capitol-riot-taser-death	1	57.03987173428842	SimBa
tweet-sno-1230	QO	vclaim-sno-getting-the-hang-of-it	1	56.283806706525695	SimBa
tweet-sno-1230	QO	vclaim-sno-lethal-indirection	1	55.41764163984536	SimBa
tweet-sno-1230	QO	vclaim-sno-selfie-taken-dead-coworker	1	49.06168693939419	SimBa
tweet-sno-1230	QO	vclaim-sno-lottery-winner-dies-gold-plating	1	48.08290838473973	SimBa
tweet-sno-1231	QO	vclaim-sno-can-you-hear-me-scam	1	59.29128289842823	SimBa
tweet-sno-1231	QO	vclaim-sno-mobile-phone-sim-card-swap	1	57.89876874424954	SimBa
tweet-sno-1231	QO	vclaim-sno-9-0-phone-scam	1	57.475075430760455	SimBa
tweet-sno-1231	QO	vclaim-sno-irs-stimulus-check-1200	1	57.08912148724866	SimBa
tweet-sno-1231	QO	vclaim-sno-parcel-delivery-service	1	55.229676047154655	SimBa
tweet-sno-1232	QO	vclaim-sno-warnock-arrested-capitol-praying	1	65.2752436872083	SimBa
tweet-sno-1232	QO	vclaim-sno-npr-riot-article-before-riot	1	55.9830265009611	SimBa
tweet-sno-1232	QO	vclaim-sno-rioters-capitol-flagpole	1	54.63265271612036	SimBa
tweet-sno-1232	QO	vclaim-sno-aoc-capitol-attack	1	54.57786715706905	SimBa
tweet-sno-1232	QO	vclaim-sno-capitol-riot-mace-police	1	53.59500356111039	SimBa
tweet-sno-1233	QO	vclaim-sno-tomi-lahren-biden-supporters-loot	1	59.760331792793885	SimBa
tweet-sno-1233	QO	vclaim-sno-truckers-strike-thanksgiving	1	55.8228126723387	SimBa
tweet-sno-1233	QO	vclaim-sno-fake-aoc-purge-tweet	1	54.158934241988185	SimBa
tweet-sno-1233	QO	vclaim-sno-trump-tell-supporters-storm	1	54.034864430859166	SimBa
tweet-sno-1233	QO	vclaim-sno-antifa-flyer-trump-supporters	1	51.96999245199106	SimBa
tweet-sno-1234	QO	vclaim-sno-two-women-save-electoral-votes	1	58.09887893821868	SimBa
tweet-sno-1234	QO	vclaim-sno-poll-watchers-2020-election	1	52.219714696838395	SimBa
tweet-sno-1234	QO	vclaim-sno-ballots-georgia-senate	1	51.5541469966289	SimBa
tweet-sno-1234	QO	vclaim-sno-zip-cuffs-capitol-riots	1	51.50915888337174	SimBa
tweet-sno-1234	QO	vclaim-sno-georgia-suitcases	1	50.86570179496621	SimBa
tweet-sno-1235	QO	vclaim-sno-two-women-save-electoral-votes	1	63.40942124572021	SimBa
tweet-sno-1235	QO	vclaim-sno-georgia-suitcases	1	42.13909443229796	SimBa
tweet-sno-1235	QO	vclaim-sno-all-female-senate-snowstorm	1	41.78951525742275	SimBa
tweet-sno-1235	QO	vclaim-sno-george-orwell-people-accomplices	1	41.23544289371799	SimBa
tweet-sno-1235	QO	vclaim-sno-concealed-carry-department-store-shooter	1	40.8804887264674	SimBa
tweet-sno-1236	QO	vclaim-sno-trump-riot-camp-auschwitz-shirt	1	49.46382141835166	SimBa
tweet-sno-1236	QO	vclaim-sno-troop-loops	1	46.5913462422272	SimBa
tweet-sno-1236	QO	vclaim-sno-high-school-prom-nazi-salute	1	46.48328619969716	SimBa
tweet-sno-1236	QO	vclaim-sno-antifa-nazi-flags	1	46.196490117404856	SimBa
tweet-sno-1236	QO	vclaim-sno-trump-armbands	1	45.272601987739044	SimBa
tweet-sno-1237	QO	vclaim-sno-aoc-capitol-attack	1	58.47813760617161	SimBa
tweet-sno-1237	QO	vclaim-sno-police-hold-hand-trump-riot	1	52.64105572850046	SimBa
tweet-sno-1237	QO	vclaim-sno-capitol-riot-podium	1	51.683295207250296	SimBa
tweet-sno-1237	QO	vclaim-sno-trump-mob-capitol	1	50.30447133362028	SimBa
tweet-sno-1237	QO	vclaim-sno-ivanka-mob-patriots-tweet	1	49.591514277557046	SimBa
tweet-sno-1238	QO	vclaim-sno-elizabeth-knoxville-onion-towel	1	52.31187031697647	SimBa
tweet-sno-1238	QO	vclaim-sno-aoc-capitol-attack	1	45.63373347895645	SimBa
tweet-sno-1238	QO	vclaim-sno-queen-yellow-facemask	1	42.21171369785986	SimBa
tweet-sno-1238	QO	vclaim-sno-hillary-barnwell-body-double	1	41.74920096096321	SimBa
tweet-sno-1238	QO	vclaim-sno-nurse-gop-convention-shooting	1	41.03225841234113	SimBa
tweet-sno-1239	QO	vclaim-sno-quantum-blockchain-watermark-vote	1	49.0375713781398	SimBa
tweet-sno-1239	QO	vclaim-sno-giuliani-rally-speech	1	48.082231612664884	SimBa
tweet-sno-1239	QO	vclaim-sno-california-unlawful-ballots	1	47.24646818505562	SimBa
tweet-sno-1239	QO	vclaim-sno-georgia-signature-audit	1	46.06323075945842	SimBa
tweet-sno-1239	QO	vclaim-sno-straight-ticket	1	44.75738071423841	SimBa
tweet-sno-1240	QO	vclaim-sno-national-guard-trump-mob	1	79.5041696770565	SimBa
tweet-sno-1240	QO	vclaim-sno-troops-guarding-lincoln-memorial	1	67.08955374155005	SimBa
tweet-sno-1240	QO	vclaim-sno-lincoln-memorial-defaced-protesters	1	65.73977779665915	SimBa
tweet-sno-1240	QO	vclaim-sno-flag-protest-baltimore	1	61.19913699106067	SimBa
tweet-sno-1240	QO	vclaim-sno-armed-black-militia-georgia-park	1	59.78732757957782	SimBa
tweet-sno-1241	QO	vclaim-sno-trump-threaten-federal-buildings	1	66.11007821425355	SimBa
tweet-sno-1241	QO	vclaim-sno-law-charges-protesters-with-terrorism	1	56.46897135528147	SimBa
tweet-sno-1241	QO	vclaim-sno-lawmakers-criminalize-peaceful-protest	1	55.21387315192685	SimBa
tweet-sno-1241	QO	vclaim-sno-mike-pence-tweet	1	50.37782150763704	SimBa
tweet-sno-1241	QO	vclaim-sno-defaced-abolitionist-statue	1	49.24328789258419	SimBa
tweet-sno-1242	QO	vclaim-sno-twitter-delete-trump-account-racism	1	59.94163204134627	SimBa
tweet-sno-1242	QO	vclaim-sno-pence-trump-twitter-jan-6-riots	1	54.778321857533584	SimBa
tweet-sno-1242	QO	vclaim-sno-trump-lose-followers-first-time	1	52.98218665174445	SimBa
tweet-sno-1242	QO	vclaim-sno-twitter-disable-engagement-trump	1	51.92470298489876	SimBa
tweet-sno-1242	QO	vclaim-sno-nps-twitter-account-shut-down	1	51.67129371797205	SimBa
tweet-sno-1243	QO	vclaim-sno-confederate-flag-capitol-dc	1	71.29029684962035	SimBa
tweet-sno-1243	QO	vclaim-sno-aoc-confederate-flag-richmond	1	63.36774893864228	SimBa
tweet-sno-1243	QO	vclaim-sno-troops-guarding-lincoln-memorial	1	59.8515922850774	SimBa
tweet-sno-1243	QO	vclaim-sno-trump-flag-american-flag-capitol	1	59.061011969146605	SimBa
tweet-sno-1243	QO	vclaim-sno-russian-flag-texas-capitol	1	58.99533725129128	SimBa
tweet-sno-1244	QO	vclaim-sno-confederate-flag-capitol-dc	1	62.54955887637886	SimBa
tweet-sno-1244	QO	vclaim-sno-russian-flag-texas-capitol	1	55.7083577446503	SimBa
tweet-sno-1244	QO	vclaim-sno-trump-flag-american-flag-capitol	1	55.40354496321544	SimBa
tweet-sno-1244	QO	vclaim-sno-kevin-seefried-democrat-biden	1	54.56087678344841	SimBa
tweet-sno-1244	QO	vclaim-sno-mike-pence-confederate-flag	1	54.0014677683712	SimBa
tweet-sno-1245	QO	vclaim-sno-kevin-seefried-democrat-biden	1	68.83375312886318	SimBa
tweet-sno-1245	QO	vclaim-sno-confederate-flag-capitol-dc	1	67.51136974791703	SimBa
tweet-sno-1245	QO	vclaim-sno-trump-flag-american-flag-capitol	1	66.0590722201436	SimBa
tweet-sno-1245	QO	vclaim-sno-capitol-police-selfie	1	63.45645353286252	SimBa
tweet-sno-1245	QO	vclaim-sno-russian-flag-texas-capitol	1	61.24102270148693	SimBa
tweet-sno-1246	QO	vclaim-sno-cross-erected-capitol-building	1	63.6423844776945	SimBa
tweet-sno-1246	QO	vclaim-sno-cross-ayed	1	45.61608594543853	SimBa
tweet-sno-1246	QO	vclaim-sno-confederate-flag-capitol-dc	1	45.208257464773894	SimBa
tweet-sno-1246	QO	vclaim-sno-pride-flag-us-embassy-vatican	1	45.04443844247255	SimBa
tweet-sno-1246	QO	vclaim-sno-westboro-hero	1	44.95577663675921	SimBa
tweet-sno-1247	QO	vclaim-sno-chip-off-the-old-salk	1	50.19647438089064	SimBa
tweet-sno-1247	QO	vclaim-sno-covid-5g-chip-diagram	1	47.66855040064553	SimBa
tweet-sno-1247	QO	vclaim-sno-canine-vaccine-covid-19	1	47.49635943563899	SimBa
tweet-sno-1247	QO	vclaim-sno-did-trump-praise-covid-19-vaccines	1	46.31881308724718	SimBa
tweet-sno-1247	QO	vclaim-sno-bill-gates-id2020	1	44.152355113569506	SimBa
tweet-sno-1248	QO	vclaim-sno-snow-los-angeles	1	54.428834150614776	SimBa
tweet-sno-1248	QO	vclaim-sno-gods-painting	1	52.77044962726787	SimBa
tweet-sno-1248	QO	vclaim-sno-rainbow-mountains-real	1	52.61762149996649	SimBa
tweet-sno-1248	QO	vclaim-sno-does-photo-show-skull-face	1	50.9104816573182	SimBa
tweet-sno-1248	QO	vclaim-sno-clouds-over-california-wildfires	1	50.711954443354884	SimBa
tweet-sno-1249	QO	vclaim-sno-record-snowfall-in-oswego	1	51.2126393133823	SimBa
tweet-sno-1249	QO	vclaim-sno-snow-los-angeles	1	48.716830494004874	SimBa
tweet-sno-1249	QO	vclaim-sno-snowfall-in-the-sahara	1	48.26481286036723	SimBa
tweet-sno-1249	QO	vclaim-sno-nepal-avalanche	1	46.71996540053645	SimBa
tweet-sno-1249	QO	vclaim-sno-devastating-snowfall-predicted-nw-montana-early-2018	1	42.85145009524194	SimBa
tweet-sno-1250	QO	vclaim-sno-pennsylvania-205000-votes	1	79.85717132511228	SimBa
tweet-sno-1250	QO	vclaim-sno-erie-pennsylvania-trump-ballots	1	65.89090591936306	SimBa
tweet-sno-1250	QO	vclaim-sno-pa-mailin-votes-ballots	1	64.89971766961992	SimBa
tweet-sno-1250	QO	vclaim-sno-trump-wins-pennsylvania	1	64.15380346546169	SimBa
tweet-sno-1250	QO	vclaim-sno-ballots-lancaster-pa	1	64.13675841088856	SimBa
tweet-sno-1251	QO	vclaim-sno-georgia-signature-audit	1	62.766911490802954	SimBa
tweet-sno-1251	QO	vclaim-sno-ballots-lancaster-pa	1	60.556526052514705	SimBa
tweet-sno-1251	QO	vclaim-sno-pennsylvania-205000-votes	1	60.06940861813949	SimBa
tweet-sno-1251	QO	vclaim-sno-georgia-ballots-likely-ineligible	1	58.17398551504538	SimBa
tweet-sno-1251	QO	vclaim-sno-pa-mailin-votes-ballots	1	57.00143013994911	SimBa
tweet-sno-1252	QO	vclaim-sno-flu-vaccine-covid-buttar	1	53.77099302609039	SimBa
tweet-sno-1252	QO	vclaim-sno-covid-vax-false-hiv	1	50.66627799228521	SimBa
tweet-sno-1252	QO	vclaim-sno-covid-flu-tamiflu	1	50.642756898233	SimBa
tweet-sno-1252	QO	vclaim-sno-coronavirus-test-donate-blood	1	49.681738572344564	SimBa
tweet-sno-1252	QO	vclaim-sno-california-separate-children-covid	1	48.20927243043581	SimBa
tweet-sno-1253	QO	vclaim-sno-scott-walker-pizza	1	45.98634232455593	SimBa
tweet-sno-1253	QO	vclaim-sno-dominos-pizza-saves-life	1	41.515630828155096	SimBa
tweet-sno-1253	QO	vclaim-sno-goya-ceo-praise-trump	1	39.72317078664687	SimBa
tweet-sno-1253	QO	vclaim-sno-alex-acosta-family-photograph	1	39.469313856225355	SimBa
tweet-sno-1253	QO	vclaim-sno-fda-homeless-shelter-donations	1	38.45814852983359	SimBa
tweet-sno-1254	QO	vclaim-sno-student-suspended-pretending-transgender-locker-room	1	42.485549538204566	SimBa
tweet-sno-1254	QO	vclaim-sno-swimming-pool-wonderful-life	1	42.43219591041981	SimBa
tweet-sno-1254	QO	vclaim-sno-7d-hologram-whale-video	1	38.13158776002568	SimBa
tweet-sno-1254	QO	vclaim-sno-girls-impregnated-swimming-in-pool	1	37.40366019761669	SimBa
tweet-sno-1254	QO	vclaim-sno-disney-matterhorn-basketball-court	1	37.01754979608379	SimBa
tweet-sno-1255	QO	vclaim-sno-swimming-pool-wonderful-life	1	58.11546329904807	SimBa
tweet-sno-1255	QO	vclaim-sno-disney-matterhorn-basketball-court	1	37.14604149231408	SimBa
tweet-sno-1255	QO	vclaim-sno-world39s-largest-swimming-pool	1	36.5802482765614	SimBa
tweet-sno-1255	QO	vclaim-sno-bowl-o-bama	1	34.49853762527096	SimBa
tweet-sno-1255	QO	vclaim-sno-high-school-confidential-2	1	33.94262037219857	SimBa
tweet-sno-1256	QO	vclaim-sno-kfc-gaming-console	1	52.20313716141687	SimBa
tweet-sno-1256	QO	vclaim-sno-viral-molten-copper-big-mac	1	38.550732145728276	SimBa
tweet-sno-1256	QO	vclaim-sno-kfc-really-create-chicken-scented-candle	1	37.928521743236246	SimBa
tweet-sno-1256	QO	vclaim-sno-chick-fil-a-tiktok-nuggets-recipe	1	36.36873234863246	SimBa
tweet-sno-1256	QO	vclaim-sno-subservient-chicken	1	35.114511715893975	SimBa
tweet-sno-1257	QO	vclaim-sno-graham-buttigieg-repent	1	60.057447160413766	SimBa
tweet-sno-1257	QO	vclaim-sno-billy-graham-say-homosexuals-castrated	1	52.707988521477915	SimBa
tweet-sno-1257	QO	vclaim-sno-biden-christians-lgbtq-rights	1	52.45399591856316	SimBa
tweet-sno-1257	QO	vclaim-sno-evangelical-trump-gay	1	50.600118485766004	SimBa
tweet-sno-1257	QO	vclaim-sno-mike-pence-able-bodied	1	50.53761443409738	SimBa
tweet-sno-1258	QO	vclaim-sno-tom-brady-ppp	1	50.49796272685633	SimBa
tweet-sno-1258	QO	vclaim-sno-a-shady-giveaway	1	49.38764375449129	SimBa
tweet-sno-1258	QO	vclaim-sno-osteen-coronavirus-loan	1	48.123537347337745	SimBa
tweet-sno-1258	QO	vclaim-sno-samuel-l-jackson-rappers-tweet	1	47.7985797723599	SimBa
tweet-sno-1258	QO	vclaim-sno-obama-kanye-chicago-bush	1	45.20585362991257	SimBa
tweet-sno-1259	QO	vclaim-sno-vatican-nativity	1	60.841865795198125	SimBa
tweet-sno-1259	QO	vclaim-sno-facebook-santa-jesus-image	1	48.250653680438226	SimBa
tweet-sno-1259	QO	vclaim-sno-belgian-town-removes-nativity-scene-appease-four-muslim-residents	1	44.64309328343529	SimBa
tweet-sno-1259	QO	vclaim-sno-pope-francis-abuse-great-accuser	1	43.90111845010811	SimBa
tweet-sno-1259	QO	vclaim-sno-pope-francis-kiss-ring	1	42.34966656652884	SimBa
tweet-sno-1260	QO	vclaim-sno-cyberpunk-2077-refunds	1	72.2645251827966	SimBa
tweet-sno-1260	QO	vclaim-sno-best-buy-gift-card-scam	1	44.71121264483391	SimBa
tweet-sno-1260	QO	vclaim-sno-all-work-and-no-playstation	1	43.88903776344176	SimBa
tweet-sno-1260	QO	vclaim-sno-amazon-issues-credits-in-e-book-settlement	1	43.87577448099245	SimBa
tweet-sno-1260	QO	vclaim-sno-target-free-credit-monitoring	1	43.70828422466256	SimBa
tweet-sno-1261	QO	vclaim-sno-cyberpunk-2077-refunds	1	75.11549915138728	SimBa
tweet-sno-1261	QO	vclaim-sno-xbox-playstation-ps5-congrats	1	41.78352866463186	SimBa
tweet-sno-1261	QO	vclaim-sno-all-work-and-no-playstation	1	39.73546766513933	SimBa
tweet-sno-1261	QO	vclaim-sno-best-buy-gift-card-scam	1	39.62508250860327	SimBa
tweet-sno-1261	QO	vclaim-sno-amazon-issues-credits-in-e-book-settlement	1	39.14714034793839	SimBa
tweet-sno-1262	QO	vclaim-sno-extraterrestrial-material-asteroid	1	44.158351970860856	SimBa
tweet-sno-1262	QO	vclaim-sno-nobel-laureate-tasuku-honjo-covid	1	42.7220240693826	SimBa
tweet-sno-1262	QO	vclaim-sno-li-meng-yan-covid-19-lab	1	41.51552353366724	SimBa
tweet-sno-1262	QO	vclaim-sno-mars-real-audio	1	41.41147678024807	SimBa
tweet-sno-1262	QO	vclaim-sno-obama-fauci-gates-wuhan-lab	1	39.581272434597736	SimBa
tweet-sno-1263	QO	vclaim-sno-supreme-court-erupt-shouting-match	1	59.301560364234334	SimBa
tweet-sno-1263	QO	vclaim-sno-justice-roberts-impeachment-vote	1	52.282113522877474	SimBa
tweet-sno-1263	QO	vclaim-sno-republican-senators-up-shits-creek	1	51.006892396115504	SimBa
tweet-sno-1263	QO	vclaim-sno-supreme-court-justices-stand	1	49.73496701602939	SimBa
tweet-sno-1263	QO	vclaim-sno-obamacare-decision	1	48.54314475787021	SimBa
tweet-sno-1264	QO	vclaim-sno-schitts-creek-motel-seattle	1	58.654812220679375	SimBa
tweet-sno-1264	QO	vclaim-sno-redneck-mansion	1	38.51358568719278	SimBa
tweet-sno-1264	QO	vclaim-sno-sex-doll-funeral-home	1	37.897671552933595	SimBa
tweet-sno-1264	QO	vclaim-sno-sanders-vermont-mansion	1	37.3851926015896	SimBa
tweet-sno-1264	QO	vclaim-sno-celebrity-moving-small-towns	1	37.298916474625194	SimBa
tweet-sno-1265	QO	vclaim-sno-schitts-creek-motel-seattle	1	69.84566034320974	SimBa
tweet-sno-1265	QO	vclaim-sno-moira-rose-home-alone	1	49.021929728782354	SimBa
tweet-sno-1265	QO	vclaim-sno-tarzan-and-tarzana	1	42.15725556728812	SimBa
tweet-sno-1265	QO	vclaim-sno-secret-room-new-york-apartment	1	42.05454716277701	SimBa
tweet-sno-1265	QO	vclaim-sno-glove-thy-neighbor	1	41.825989394642825	SimBa
tweet-sno-1266	QO	vclaim-sno-popular-vote-totals-rigged	1	66.90509714221456	SimBa
tweet-sno-1266	QO	vclaim-sno-cnn-and-msnbc-ratings	1	60.91334381603929	SimBa
tweet-sno-1266	QO	vclaim-sno-crook-county	1	60.54860426445207	SimBa
tweet-sno-1266	QO	vclaim-sno-texas-vote-switching	1	58.768726524541904	SimBa
tweet-sno-1266	QO	vclaim-sno-pennsylvania-205000-votes	1	58.32546819852371	SimBa
tweet-sno-1267	QO	vclaim-sno-the-north-face-refuse-jackets	1	72.63091386574439	SimBa
tweet-sno-1267	QO	vclaim-sno-ace-hardware-stands-against-standing-rock	1	50.34834081222083	SimBa
tweet-sno-1267	QO	vclaim-sno-gas-station-shuns-serviceman	1	44.90739447341293	SimBa
tweet-sno-1267	QO	vclaim-sno-big-oil	1	43.923321578843115	SimBa
tweet-sno-1267	QO	vclaim-sno-chevron-and-the-national-guard	1	43.80449667901331	SimBa
tweet-sno-1268	QO	vclaim-sno-alex-jones-biden-removed	1	77.25059236700572	SimBa
tweet-sno-1268	QO	vclaim-sno-biden-trump-dregs-society	1	62.51535383532804	SimBa
tweet-sno-1268	QO	vclaim-sno-biden-trump-xenophobic	1	62.36982245125891	SimBa
tweet-sno-1268	QO	vclaim-sno-putin-destroy-the-new-world-order	1	61.935101823924995	SimBa
tweet-sno-1268	QO	vclaim-sno-trump-biden-assassination-shot	1	61.36590202968131	SimBa
tweet-sno-1269	QO	vclaim-sno-allstate-island-real	1	62.115456019400256	SimBa
tweet-sno-1269	QO	vclaim-sno-penis-island	1	43.441254236091396	SimBa
tweet-sno-1269	QO	vclaim-sno-dog-island	1	41.3439632814366	SimBa
tweet-sno-1269	QO	vclaim-sno-spongebob-epstein-island-address	1	40.99842995441636	SimBa
tweet-sno-1269	QO	vclaim-sno-violin-island-in-costa-rica	1	40.700354678124725	SimBa
tweet-sno-1270	QO	vclaim-sno-allstate-island-real	1	54.22697176400335	SimBa
tweet-sno-1270	QO	vclaim-sno-penis-island	1	40.29224047077345	SimBa
tweet-sno-1270	QO	vclaim-sno-violin-island-in-costa-rica	1	39.85521461476232	SimBa
tweet-sno-1270	QO	vclaim-sno-epstein-alive-new-mexico	1	39.321945378336956	SimBa
tweet-sno-1270	QO	vclaim-sno-spongebob-epstein-island-address	1	37.08965983566179	SimBa
tweet-sno-1271	QO	vclaim-sno-federal-holiday-christmas-eve	1	88.80988138154007	SimBa
tweet-sno-1271	QO	vclaim-sno-playing-christmas-music-federal-crime	1	60.669017098257385	SimBa
tweet-sno-1271	QO	vclaim-sno-war-on-christmas-monument	1	60.495749732875254	SimBa
tweet-sno-1271	QO	vclaim-sno-fake-trump-tweet	1	59.851392500950084	SimBa
tweet-sno-1271	QO	vclaim-sno-trump-stimulus-package-election	1	58.5973033028139	SimBa
tweet-sno-1272	QO	vclaim-sno-disney-sister-act-3	1	74.77730280495459	SimBa
tweet-sno-1272	QO	vclaim-sno-step-brothers-2-hoax	1	54.57145860402394	SimBa
tweet-sno-1272	QO	vclaim-sno-did-disney-announce-bedknobs-broomsticks	1	52.74294066886735	SimBa
tweet-sno-1272	QO	vclaim-sno-new-twilight-movie-jacob-renesmee	1	50.915607485551035	SimBa
tweet-sno-1272	QO	vclaim-sno-when-is-hocus-pocus-2-coming-out	1	49.87401259317707	SimBa
tweet-sno-1273	QO	vclaim-sno-when-is-hocus-pocus-2-coming-out	1	67.60279314210528	SimBa
tweet-sno-1273	QO	vclaim-sno-hocus-pocus-2	1	66.37590394777837	SimBa
tweet-sno-1273	QO	vclaim-sno-beetlejuice-2-coming-soon	1	60.55033481988387	SimBa
tweet-sno-1273	QO	vclaim-sno-disney-pixar-boo	1	52.44416925596329	SimBa
tweet-sno-1273	QO	vclaim-sno-twilight-saga-moonlight-glow	1	51.92519685561956	SimBa
tweet-sno-1274	QO	vclaim-sno-chick-fil-a-long-lines-lawsuit	1	70.28548940824525	SimBa
tweet-sno-1274	QO	vclaim-sno-fear-of-a-black-thursday	1	49.601979397583776	SimBa
tweet-sno-1274	QO	vclaim-sno-man-kicked-buffet-sues	1	49.56178231785427	SimBa
tweet-sno-1274	QO	vclaim-sno-cant-be-yelped	1	48.1520864358492	SimBa
tweet-sno-1274	QO	vclaim-sno-southern-baptist-convention-buys-chick-fil	1	48.13433466399413	SimBa
tweet-sno-1275	QO	vclaim-sno-costco-rotisserie-chicken-cheap	1	95.26099691916224	SimBa
tweet-sno-1275	QO	vclaim-sno-costco-lying-about-cage-free-eggs	1	49.301397720145495	SimBa
tweet-sno-1275	QO	vclaim-sno-costco-founder-kill-hotdogs	1	47.69119578138034	SimBa
tweet-sno-1275	QO	vclaim-sno-boston-market-coupon	1	46.64860310895837	SimBa
tweet-sno-1275	QO	vclaim-sno-costco-coupon-scam	1	46.277616441703245	SimBa
tweet-sno-1276	QO	vclaim-sno-ia-fl-oh-election-loss	1	62.22680637841955	SimBa
tweet-sno-1276	QO	vclaim-sno-november-6th	1	61.703843277781836	SimBa
tweet-sno-1276	QO	vclaim-sno-hillary-clintons-popular-vote-win-came-entirely-from-california	1	56.61869388093315	SimBa
tweet-sno-1276	QO	vclaim-sno-won-both-ohio-florida-lost	1	56.46055597499125	SimBa
tweet-sno-1276	QO	vclaim-sno-biden-306-electoral-votes	1	56.07439516956265	SimBa
tweet-sno-1277	QO	vclaim-sno-apartment-radiator-pandemic-spread	1	78.98219920190262	SimBa
tweet-sno-1277	QO	vclaim-sno-handkerchiefs-kissing-covid	1	51.266142645693655	SimBa
tweet-sno-1277	QO	vclaim-sno-1918-quarantine-ad-for-phone	1	49.16664986572292	SimBa
tweet-sno-1277	QO	vclaim-sno-empire-state-building-coronavirus	1	48.306516544446325	SimBa
tweet-sno-1277	QO	vclaim-sno-ventilators-warehouse-new-york	1	47.24621466174135	SimBa
tweet-sno-1278	QO	vclaim-sno-mcdonalds-breakfast-frozen-eggs	1	65.74678580070508	SimBa
tweet-sno-1278	QO	vclaim-sno-not-lovin39-it	1	51.5444338543911	SimBa
tweet-sno-1278	QO	vclaim-sno-something-eggstra	1	50.78910586831941	SimBa
tweet-sno-1278	QO	vclaim-sno-swap-meat	1	47.87470325953524	SimBa
tweet-sno-1278	QO	vclaim-sno-man-sue-mcdonalds-depressed-eating-happy-meal	1	47.610741477125	SimBa
tweet-sno-1279	QO	vclaim-sno-gohmert-tooth-fall-out	1	85.76987082132194	SimBa
tweet-sno-1279	QO	vclaim-sno-will-smith-teeth-knocked-out	1	48.21787995318942	SimBa
tweet-sno-1279	QO	vclaim-sno-trey-gowdy-nancy-pelosi	1	45.09504152457949	SimBa
tweet-sno-1279	QO	vclaim-sno-trump-nobody-likes-me	1	44.20282649222156	SimBa
tweet-sno-1279	QO	vclaim-sno-trump-mouth-musical-instrument	1	44.10990357644883	SimBa
tweet-sno-1280	QO	vclaim-sno-biden-harris-disease-disagreed	1	91.57711190495078	SimBa
tweet-sno-1280	QO	vclaim-sno-harris-biden-blog-post	1	62.90283572531344	SimBa
tweet-sno-1280	QO	vclaim-sno-joe-biden-civil-rights-quote	1	62.09689627672526	SimBa
tweet-sno-1280	QO	vclaim-sno-kamala-harris-call-biden-racist	1	60.900396999145656	SimBa
tweet-sno-1280	QO	vclaim-sno-biden-say-president-harris	1	59.95363596841463	SimBa
tweet-sno-1281	QO	vclaim-sno-indiana-jones-saxophone	1	67.74224758441443	SimBa
tweet-sno-1281	QO	vclaim-sno-andrew-lincoln-andes-flight	1	40.703789678035555	SimBa
tweet-sno-1281	QO	vclaim-sno-delayed-grantification	1	40.19065315463773	SimBa
tweet-sno-1281	QO	vclaim-sno-war-of-the-worlds	1	39.23121753474807	SimBa
tweet-sno-1281	QO	vclaim-sno-doomsday-planes-trump-covid	1	38.24748618386976	SimBa
tweet-sno-1282	QO	vclaim-sno-indiana-jones-saxophone	1	78.96182337675238	SimBa
tweet-sno-1282	QO	vclaim-sno-imperial-march-uk-trump	1	38.60393541472858	SimBa
tweet-sno-1282	QO	vclaim-sno-delayed-grantification	1	37.471389543736834	SimBa
tweet-sno-1282	QO	vclaim-sno-shine-my-shoes	1	36.94978498329148	SimBa
tweet-sno-1282	QO	vclaim-sno-police-saxophone-machine-gun	1	36.4878816977194	SimBa
tweet-sno-1283	QO	vclaim-sno-indiana-jones-saxophone	1	78.87640531766479	SimBa
tweet-sno-1283	QO	vclaim-sno-james-earl-jones-star-wars-london-segregation	1	38.73350176150297	SimBa
tweet-sno-1283	QO	vclaim-sno-harrison-ford-trump-han-solo	1	38.67680591645657	SimBa
tweet-sno-1283	QO	vclaim-sno-police-saxophone-machine-gun	1	36.888166391404454	SimBa
tweet-sno-1283	QO	vclaim-sno-al-powell-nakatomi-plaza	1	36.622517319859355	SimBa
tweet-sno-1284	QO	vclaim-sno-indiana-jones-saxophone	1	60.07797526313916	SimBa
tweet-sno-1284	QO	vclaim-sno-harrison-ford-trump-han-solo	1	46.4950754038724	SimBa
tweet-sno-1284	QO	vclaim-sno-lennon-guitar-spock-elvis	1	44.28981845982837	SimBa
tweet-sno-1284	QO	vclaim-sno-justin-bieber-han-solo	1	44.05659662834635	SimBa
tweet-sno-1284	QO	vclaim-sno-harrison-ford-holding-a-trump-sign	1	42.50311770100352	SimBa
tweet-sno-1285	QO	vclaim-sno-florida-rebekah-jones-raid	1	51.47552588439295	SimBa
tweet-sno-1285	QO	vclaim-sno-seattle-police-confiscate-mans-guns-without-warrant	1	50.73474951824404	SimBa
tweet-sno-1285	QO	vclaim-sno-fbi-wasserman-schultz-home	1	47.090476880147804	SimBa
tweet-sno-1285	QO	vclaim-sno-connecticut-gun-confiscation	1	45.2304452917725	SimBa
tweet-sno-1285	QO	vclaim-sno-snopes-staff-members-arrested-law-enforcement-raid	1	43.66655463975897	SimBa
tweet-sno-1286	QO	vclaim-sno-nasa-sally-ride-100-tampons	1	78.90609917158125	SimBa
tweet-sno-1286	QO	vclaim-sno-spacesuit-envy	1	59.68757921294223	SimBa
tweet-sno-1286	QO	vclaim-sno-nasa-hillary-clinton-astronaut	1	49.814338337055226	SimBa
tweet-sno-1286	QO	vclaim-sno-recalled-tampons-zombie-ants	1	47.103949193112285	SimBa
tweet-sno-1286	QO	vclaim-sno-spider-in-tampon	1	44.85262312602472	SimBa
tweet-sno-1287	QO	vclaim-sno-my-pleasure-chick-fil-a	1	67.54817372768147	SimBa
tweet-sno-1287	QO	vclaim-sno-critter-fritter	1	48.88891387079866	SimBa
tweet-sno-1287	QO	vclaim-sno-taco-bell-two-dollar	1	48.52357125502717	SimBa
tweet-sno-1287	QO	vclaim-sno-fake-wendys-chili-rumor	1	45.87963021375818	SimBa
tweet-sno-1287	QO	vclaim-sno-chick-fil-a-long-lines-lawsuit	1	44.11214504483043	SimBa
tweet-sno-1288	QO	vclaim-sno-my-pleasure-chick-fil-a	1	81.4245842570956	SimBa
tweet-sno-1288	QO	vclaim-sno-chick-fil-a-gift-basket	1	61.52574610688286	SimBa
tweet-sno-1288	QO	vclaim-sno-chick-fil-a-meal-promo	1	61.127604272141035	SimBa
tweet-sno-1288	QO	vclaim-sno-chick-fil-a-promotions	1	60.856081461465905	SimBa
tweet-sno-1288	QO	vclaim-sno-chick-fil-a-coupon-scam	1	56.26734380849874	SimBa
tweet-sno-1289	QO	vclaim-sno-my-pleasure-chick-fil-a	1	65.81866448917833	SimBa
tweet-sno-1289	QO	vclaim-sno-chick-fil-a-long-lines-lawsuit	1	44.784708669522324	SimBa
tweet-sno-1289	QO	vclaim-sno-chick-fil-a-meal-promo	1	43.74330209519675	SimBa
tweet-sno-1289	QO	vclaim-sno-chick-fil-a-gift-basket	1	43.41879110236699	SimBa
tweet-sno-1289	QO	vclaim-sno-critter-fritter	1	43.085189700337295	SimBa
tweet-sno-1290	QO	vclaim-sno-my-pleasure-chick-fil-a	1	70.36603500428299	SimBa
tweet-sno-1290	QO	vclaim-sno-chick-fil-a-gift-basket	1	45.807728474311574	SimBa
tweet-sno-1290	QO	vclaim-sno-putty-strife	1	45.713693385563346	SimBa
tweet-sno-1290	QO	vclaim-sno-chick-fil-a-meal-promo	1	44.99802313132474	SimBa
tweet-sno-1290	QO	vclaim-sno-chick-fil-a-promotions	1	43.7765480216643	SimBa
tweet-sno-1291	QO	vclaim-sno-biden-covid-vaccine	1	77.03289567580357	SimBa
tweet-sno-1291	QO	vclaim-sno-biden-vaccines-hurricane-protect	1	69.81837318075782	SimBa
tweet-sno-1291	QO	vclaim-sno-trump-promise-vaccine-election-day	1	61.55361989629357	SimBa
tweet-sno-1291	QO	vclaim-sno-did-trump-praise-covid-19-vaccines	1	60.962174279520696	SimBa
tweet-sno-1291	QO	vclaim-sno-trump-beautiful-covid-19-vaccine	1	60.11981344517426	SimBa
tweet-sno-1292	QO	vclaim-sno-matt-putz	1	61.00992679896253	SimBa
tweet-sno-1292	QO	vclaim-sno-new-jersey-ballot-tax-returns	1	44.91983459650605	SimBa
tweet-sno-1292	QO	vclaim-sno-chris-christie-vetoes-equal-pay	1	43.5823799059917	SimBa
tweet-sno-1292	QO	vclaim-sno-furious-christie-refuses-to-pick-up-trumps-dry-cleaning	1	43.23493188099094	SimBa
tweet-sno-1292	QO	vclaim-sno-arnim-zola-congress-trump	1	41.09106734434394	SimBa
tweet-sno-1293	QO	vclaim-sno-chick-fil-open-sundays	1	53.57092381396456	SimBa
tweet-sno-1293	QO	vclaim-sno-chick-fil-a-sunday-tradition	1	53.47521073988916	SimBa
tweet-sno-1293	QO	vclaim-sno-christian-owned-airlines-change-wing-light-colors-to-celebrate-christmas	1	50.51759895557116	SimBa
tweet-sno-1293	QO	vclaim-sno-chick-fil-a-food-stranded-storm	1	50.06227478170072	SimBa
tweet-sno-1293	QO	vclaim-sno-my-pleasure-chick-fil-a	1	47.37648421109331	SimBa
tweet-sno-1294	QO	vclaim-sno-drake-scented-candles	1	65.76154175562046	SimBa
tweet-sno-1294	QO	vclaim-sno-gwyneth-paltrow-vagina-candle	1	45.875607850013864	SimBa
tweet-sno-1294	QO	vclaim-sno-kfc-really-create-chicken-scented-candle	1	42.8403361081737	SimBa
tweet-sno-1294	QO	vclaim-sno-mcdonalds-quarter-pounder-candles	1	36.239366086958015	SimBa
tweet-sno-1294	QO	vclaim-sno-aint-no-prophet	1	35.286208823111	SimBa
tweet-sno-1295	QO	vclaim-sno-flash-player-no-longer-supported	1	59.511103881304834	SimBa
tweet-sno-1295	QO	vclaim-sno-facebook-search-porn	1	38.533162456674745	SimBa
tweet-sno-1295	QO	vclaim-sno-is-minecraft-shutting-down	1	37.407998573881905	SimBa
tweet-sno-1295	QO	vclaim-sno-nasa-blackout-warning	1	36.05896727653908	SimBa
tweet-sno-1295	QO	vclaim-sno-facebook-ban-livestreamed-music	1	35.90723116488907	SimBa
tweet-sno-1296	QO	vclaim-sno-flash-player-no-longer-supported	1	63.63589382187994	SimBa
tweet-sno-1296	QO	vclaim-sno-snapchat-shutting-end-2017-prank	1	36.82040359778648	SimBa
tweet-sno-1296	QO	vclaim-sno-obamaphones-to-be-cut-off	1	36.60983467477802	SimBa
tweet-sno-1296	QO	vclaim-sno-is-minecraft-shutting-down	1	35.74338777097939	SimBa
tweet-sno-1296	QO	vclaim-sno-netflix-friends	1	35.74042223578907	SimBa
tweet-sno-1297	QO	vclaim-sno-flash-player-no-longer-supported	1	71.23804837355084	SimBa
tweet-sno-1297	QO	vclaim-sno-facebook-search-porn	1	49.83042084142047	SimBa
tweet-sno-1297	QO	vclaim-sno-facebook-ban-livestreamed-music	1	49.66941531373387	SimBa
tweet-sno-1297	QO	vclaim-sno-boob-youtube	1	49.45870865481389	SimBa
tweet-sno-1297	QO	vclaim-sno-is-minecraft-shutting-down	1	46.415292572967765	SimBa
tweet-sno-1298	QO	vclaim-sno-santa-covid-exemption-ireland	1	66.23973521599646	SimBa
tweet-sno-1298	QO	vclaim-sno-track-meet	1	47.21137894716401	SimBa
tweet-sno-1298	QO	vclaim-sno-santas-canadian-postal-code	1	45.77484796150752	SimBa
tweet-sno-1298	QO	vclaim-sno-code-for-pedophiles-on-toys	1	44.17960210319235	SimBa
tweet-sno-1298	QO	vclaim-sno-trick-or-treat-age-limit	1	44.092105708782555	SimBa
tweet-sno-1299	QO	vclaim-sno-monolith-california	1	55.78246921681499	SimBa
tweet-sno-1299	QO	vclaim-sno-monolith-found-utah	1	50.85257399274852	SimBa
tweet-sno-1299	QO	vclaim-sno-firefall-fire-waterfall	1	44.78721430630016	SimBa
tweet-sno-1299	QO	vclaim-sno-super-moon	1	44.20726906376373	SimBa
tweet-sno-1299	QO	vclaim-sno-rainbow-mountains-real	1	43.16867967259498	SimBa
tweet-sno-1300	QO	vclaim-sno-king-louis-xiv-fetish-birth	1	62.09342077567358	SimBa
tweet-sno-1300	QO	vclaim-sno-pat-robertson-oral-sex-coronavirus	1	47.89745043288663	SimBa
tweet-sno-1300	QO	vclaim-sno-pregnant-from-3d-film	1	46.76954640181508	SimBa
tweet-sno-1300	QO	vclaim-sno-shania-jones-cross-eyed-arrest	1	46.068425305029116	SimBa
tweet-sno-1300	QO	vclaim-sno-funny-names	1	46.06622268669125	SimBa
tweet-sno-1301	QO	vclaim-sno-loser-lawn-trump-golf-course	1	44.990347385730786	SimBa
tweet-sno-1301	QO	vclaim-sno-tom-brady-election-white-house	1	39.87019481733189	SimBa
tweet-sno-1301	QO	vclaim-sno-bad-lie-golf-joke	1	38.5995485252406	SimBa
tweet-sno-1301	QO	vclaim-sno-could-trump-defy-popular-vote	1	38.07858783408693	SimBa
tweet-sno-1301	QO	vclaim-sno-donald-trump-golf-course	1	37.45937435943591	SimBa
tweet-sno-1302	QO	vclaim-sno-johns-hopkins-covid-deaths	1	71.69430614263251	SimBa
tweet-sno-1302	QO	vclaim-sno-covid19-two-deaths	1	53.378258331688386	SimBa
tweet-sno-1302	QO	vclaim-sno-china-cellphones-coronavirus	1	50.11240905703414	SimBa
tweet-sno-1302	QO	vclaim-sno-hugh-mann-alien-life-mars	1	48.61184899782343	SimBa
tweet-sno-1302	QO	vclaim-sno-coronavirus-cure-bryant	1	48.25901978206211	SimBa
tweet-sno-1303	QO	vclaim-sno-leonardo-dicaprio-disney-channel	1	51.888574038870786	SimBa
tweet-sno-1303	QO	vclaim-sno-scarface-remake-leonardo-dicaprio	1	37.899559107089715	SimBa
tweet-sno-1303	QO	vclaim-sno-chicago-purge-murders	1	37.29628405353182	SimBa
tweet-sno-1303	QO	vclaim-sno-no-lackin-challenge	1	34.26533709074334	SimBa
tweet-sno-1303	QO	vclaim-sno-words-of-wisdom	1	34.01709204449658	SimBa
tweet-sno-1304	QO	vclaim-sno-leonardo-dicaprio-disney-channel	1	51.88869841427766	SimBa
tweet-sno-1304	QO	vclaim-sno-minkus-became-chanel-west-coast	1	47.071560213127114	SimBa
tweet-sno-1304	QO	vclaim-sno-marisa-tomei-awarded-oscar-mistake	1	44.685932840156	SimBa
tweet-sno-1304	QO	vclaim-sno-catch-me-outside-girl-arrested	1	44.34973086296917	SimBa
tweet-sno-1304	QO	vclaim-sno-moira-rose-home-alone	1	44.31882401500598	SimBa
tweet-sno-1305	QO	vclaim-sno-leonardo-dicaprio-disney-channel	1	49.42846729970106	SimBa
tweet-sno-1305	QO	vclaim-sno-scarface-remake-leonardo-dicaprio	1	40.32227442539797	SimBa
tweet-sno-1305	QO	vclaim-sno-no-lackin-challenge	1	39.476752430399955	SimBa
tweet-sno-1305	QO	vclaim-sno-chicago-purge-murders	1	39.42455006310992	SimBa
tweet-sno-1305	QO	vclaim-sno-playgirl-trump-contest	1	39.185736705646434	SimBa
tweet-sno-1306	QO	vclaim-sno-georgia-signature-audit	1	57.19388016653005	SimBa
tweet-sno-1306	QO	vclaim-sno-georgia-runoff-residency	1	49.74750778226253	SimBa
tweet-sno-1306	QO	vclaim-sno-biden-ossoff-warnock-checks-2000	1	47.39304184476271	SimBa
tweet-sno-1306	QO	vclaim-sno-legislatures-override-electors	1	47.37466046858688	SimBa
tweet-sno-1306	QO	vclaim-sno-florida-moves-for-full-recount-of-state-votes-over-massive-voter-fraud	1	47.01306065313321	SimBa
tweet-sno-1307	QO	vclaim-sno-trump-detroit-voters-2020	1	63.65241115356442	SimBa
tweet-sno-1307	QO	vclaim-sno-more-votes-than-voters-in-detroit	1	60.485609361591926	SimBa
tweet-sno-1307	QO	vclaim-sno-simple-math-on-biden-votes	1	48.07758713183098	SimBa
tweet-sno-1307	QO	vclaim-sno-20000-dead-voters-in-pennsylvania	1	47.8874836328053	SimBa
tweet-sno-1307	QO	vclaim-sno-ghost-voters-in-29-states	1	47.85934314103952	SimBa
tweet-sno-1308	QO	vclaim-sno-trump-pardon-turkey-election	1	78.01962214546538	SimBa
tweet-sno-1308	QO	vclaim-sno-could-trump-defy-popular-vote	1	55.686733224353006	SimBa
tweet-sno-1308	QO	vclaim-sno-obama-signs-executive-order-declaring-investigation-into-election-results	1	54.473414032261175	SimBa
tweet-sno-1308	QO	vclaim-sno-trump-described-the-electoral-college-as-a-disaster	1	53.75549390005848	SimBa
tweet-sno-1308	QO	vclaim-sno-won-both-ohio-florida-lost	1	52.95027013916841	SimBa
tweet-sno-1309	QO	vclaim-sno-alaska-town-60-days-without-sun	1	60.89606667155894	SimBa
tweet-sno-1309	QO	vclaim-sno-sun-lockdown	1	52.66681558775723	SimBa
tweet-sno-1309	QO	vclaim-sno-will-tonight-be-the-darkest-night-in-500-years	1	49.83292073481677	SimBa
tweet-sno-1309	QO	vclaim-sno-wolf-moon-january	1	49.70016856152125	SimBa
tweet-sno-1309	QO	vclaim-sno-green-moon	1	46.60627291016748	SimBa
tweet-sno-1310	QO	vclaim-sno-florida-air-force-robotic-dogs	1	72.67469825327608	SimBa
tweet-sno-1310	QO	vclaim-sno-army-working-dogs-satire	1	59.86952592686814	SimBa
tweet-sno-1310	QO	vclaim-sno-marine-corps-dog-adoptions	1	48.43870332267346	SimBa
tweet-sno-1310	QO	vclaim-sno-nypd-robot-dogs-police	1	46.03629568322353	SimBa
tweet-sno-1310	QO	vclaim-sno-a-new-breed-of-gunner	1	45.23689503588123	SimBa
tweet-sno-1311	QO	vclaim-sno-20000-dead-voters-in-pennsylvania	1	76.37662527722387	SimBa
tweet-sno-1311	QO	vclaim-sno-wisconsin-vote-dump	1	70.7653707440879	SimBa
tweet-sno-1311	QO	vclaim-sno-more-votes-than-voters-in-detroit	1	69.05302732351703	SimBa
tweet-sno-1311	QO	vclaim-sno-trump-biden-vote-dumps	1	69.01876274397677	SimBa
tweet-sno-1311	QO	vclaim-sno-ghost-voters-in-29-states	1	67.98624464509793	SimBa
tweet-sno-1312	QO	vclaim-sno-christmas-tree-owl	1	59.42594612219442	SimBa
tweet-sno-1312	QO	vclaim-sno-snowy-owl-130-years	1	47.993929786071966	SimBa
tweet-sno-1312	QO	vclaim-sno-owl-having-an-orgasm	1	45.66374808674364	SimBa
tweet-sno-1312	QO	vclaim-sno-catapulted-cat	1	43.09173256780987	SimBa
tweet-sno-1312	QO	vclaim-sno-koala-rescued-from-aussie-fire	1	42.883452193897384	SimBa
tweet-sno-1313	QO	vclaim-sno-wisconsin-vote-dump	1	77.68005754661766	SimBa
tweet-sno-1313	QO	vclaim-sno-trump-biden-vote-dumps	1	65.52731244455354	SimBa
tweet-sno-1313	QO	vclaim-sno-gallup-poll-electoral-fraud	1	63.79475731976686	SimBa
tweet-sno-1313	QO	vclaim-sno-300000-wisconsin-voters-turned-away-due-to-voter-id-laws	1	62.116341528962536	SimBa
tweet-sno-1313	QO	vclaim-sno-real-clear-politics-biden	1	59.66358460442975	SimBa
tweet-sno-1314	QO	vclaim-sno-dominion-servers-germany-seized	1	71.03731558588359	SimBa
tweet-sno-1314	QO	vclaim-sno-facebook-analytics-electoral-map-shows-trump-sweep	1	61.934793535832476	SimBa
tweet-sno-1314	QO	vclaim-sno-trump-clinton-counties-won	1	59.31010040718397	SimBa
tweet-sno-1314	QO	vclaim-sno-12th-amendment-path-to-victory	1	57.85602543328298	SimBa
tweet-sno-1314	QO	vclaim-sno-everylegalvote-2020-election	1	57.29599440090303	SimBa
tweet-sno-1315	QO	vclaim-sno-dominion-servers-germany-seized	1	68.15441978419946	SimBa
tweet-sno-1315	QO	vclaim-sno-facebook-analytics-electoral-map-shows-trump-sweep	1	57.1112268758753	SimBa
tweet-sno-1315	QO	vclaim-sno-trump-server-tied-to-russian-bank	1	52.59140733629205	SimBa
tweet-sno-1315	QO	vclaim-sno-trump-clinton-counties-won	1	51.585316821779784	SimBa
tweet-sno-1315	QO	vclaim-sno-everylegalvote-2020-election	1	49.00167383977639	SimBa
tweet-sno-1316	QO	vclaim-sno-cuomo-vaccine-bad-news-trump	1	76.4557570027973	SimBa
tweet-sno-1316	QO	vclaim-sno-fauci-warn-surprise-outbreak	1	59.79675063118641	SimBa
tweet-sno-1316	QO	vclaim-sno-trump-governors-covid-19	1	58.545972568074696	SimBa
tweet-sno-1316	QO	vclaim-sno-trump-public-officials-pay	1	57.33142476513865	SimBa
tweet-sno-1316	QO	vclaim-sno-did-pfizers-vp-blow-whistle-gardasil	1	57.031609948000714	SimBa
tweet-sno-1317	QO	vclaim-sno-cornyn-votes-puerto-rico	1	73.87295680071222	SimBa
tweet-sno-1317	QO	vclaim-sno-uncounted-california-ballots	1	57.8358319350458	SimBa
tweet-sno-1317	QO	vclaim-sno-florida-moves-for-full-recount-of-state-votes-over-massive-voter-fraud	1	55.66437411567692	SimBa
tweet-sno-1317	QO	vclaim-sno-alabama-doug-jones-ballots	1	52.79696846418875	SimBa
tweet-sno-1317	QO	vclaim-sno-military-absentee-ballots-clinton	1	51.814575904587656	SimBa
tweet-sno-1318	QO	vclaim-sno-floyd-county-georgia-votes	1	61.767375229445406	SimBa
tweet-sno-1318	QO	vclaim-sno-pa-mailin-votes-ballots	1	59.09891789621986	SimBa
tweet-sno-1318	QO	vclaim-sno-georgia-ballots-likely-ineligible	1	58.4593137582759	SimBa
tweet-sno-1318	QO	vclaim-sno-georgia-signature-audit	1	58.05204836097828	SimBa
tweet-sno-1318	QO	vclaim-sno-broward-county-fraud-voters-votes	1	57.569276819472954	SimBa
tweet-sno-1319	QO	vclaim-sno-floyd-county-georgia-votes	1	82.51344310307658	SimBa
tweet-sno-1319	QO	vclaim-sno-georgia-signature-audit	1	65.00581595834618	SimBa
tweet-sno-1319	QO	vclaim-sno-fairfax-gave-biden-extra-votes	1	63.35412733394735	SimBa
tweet-sno-1319	QO	vclaim-sno-wisconsin-vote-dump	1	63.31073498590182	SimBa
tweet-sno-1319	QO	vclaim-sno-georgia-dekalb-reject-mail-ballots	1	63.06515191495115	SimBa
tweet-sno-1320	QO	vclaim-sno-maga-trump-million-march	1	64.50746654996229	SimBa
tweet-sno-1320	QO	vclaim-sno-biden-trump-inauguration-crowd	1	62.43372216742236	SimBa
tweet-sno-1320	QO	vclaim-sno-simple-math-on-biden-votes	1	58.42947621827553	SimBa
tweet-sno-1320	QO	vclaim-sno-pennsylvania-trump-rally	1	57.94306295960755	SimBa
tweet-sno-1320	QO	vclaim-sno-trump-rally-crowd-66000	1	57.74633355696987	SimBa
tweet-sno-1321	QO	vclaim-sno-newsmax-biden-pence	1	78.95025633357858	SimBa
tweet-sno-1321	QO	vclaim-sno-gowdy-pence-2020	1	69.11548134110451	SimBa
tweet-sno-1321	QO	vclaim-sno-mike-pence-to-resign	1	68.19494355970605	SimBa
tweet-sno-1321	QO	vclaim-sno-vp-pelosi	1	64.14970796106641	SimBa
tweet-sno-1321	QO	vclaim-sno-pence-escorted	1	62.218365529525684	SimBa
tweet-sno-1322	QO	vclaim-sno-newsmax-biden-pence	1	77.28134430626764	SimBa
tweet-sno-1322	QO	vclaim-sno-mike-pence-blames-media-for-trump-controversies	1	63.438146332918066	SimBa
tweet-sno-1322	QO	vclaim-sno-trump-considering-resignation	1	61.598057564221335	SimBa
tweet-sno-1322	QO	vclaim-sno-trump-polls-drop-out	1	56.95154821637499	SimBa
tweet-sno-1322	QO	vclaim-sno-rachel-maddow-trump-tweet	1	56.75964419494166	SimBa
tweet-sno-1323	QO	vclaim-sno-newsmax-biden-pence	1	74.86547938787885	SimBa
tweet-sno-1323	QO	vclaim-sno-mike-pence-blames-media-for-trump-controversies	1	61.98690464520089	SimBa
tweet-sno-1323	QO	vclaim-sno-mike-pence-to-resign	1	58.90244313547079	SimBa
tweet-sno-1323	QO	vclaim-sno-newsweek-report-trump-impeachment	1	57.27401222333836	SimBa
tweet-sno-1323	QO	vclaim-sno-pence-escorted	1	56.515104525649484	SimBa
tweet-sno-1324	QO	vclaim-sno-rnc-chairwoman-deleted-tweet	1	73.85075430610605	SimBa
tweet-sno-1324	QO	vclaim-sno-tomi-lahren-biden-supporters-loot	1	64.02370458967658	SimBa
tweet-sno-1324	QO	vclaim-sno-fake-aoc-purge-tweet	1	60.724802929926035	SimBa
tweet-sno-1324	QO	vclaim-sno-trump-biden-resident-meme	1	60.39404936089878	SimBa
tweet-sno-1324	QO	vclaim-sno-joe-biden-beat-biden	1	59.831886637465146	SimBa
tweet-sno-1325	QO	vclaim-sno-raising-canes-chicken-bankruptcy	1	76.8686509574284	SimBa
tweet-sno-1325	QO	vclaim-sno-dunkin-donuts-bankruptcy-prank	1	48.65813015669268	SimBa
tweet-sno-1325	QO	vclaim-sno-nordstrom-chapter-11-baio-boycott	1	46.5998895612188	SimBa
tweet-sno-1325	QO	vclaim-sno-drink-and-a-nod	1	45.444023647436524	SimBa
tweet-sno-1325	QO	vclaim-sno-643000-bankruptcies-in-the-u-s-every-year-due-to-medical-bills	1	44.078083227978325	SimBa
tweet-sno-1326	QO	vclaim-sno-raising-canes-chicken-bankruptcy	1	55.879201653645424	SimBa
tweet-sno-1326	QO	vclaim-sno-wendys-heartbreaking-announcement	1	41.01086025567633	SimBa
tweet-sno-1326	QO	vclaim-sno-dunkin-donuts-bankruptcy-prank	1	40.789853870198165	SimBa
tweet-sno-1326	QO	vclaim-sno-taco-bell-closing-2020	1	40.474702152073405	SimBa
tweet-sno-1326	QO	vclaim-sno-usps-closing-due-to-covid-19	1	40.269471951509644	SimBa
tweet-sno-1327	QO	vclaim-sno-debby-ryan-heart-attack	1	46.006001706799715	SimBa
tweet-sno-1327	QO	vclaim-sno-drake-is-not-dead	1	45.96589315019111	SimBa
tweet-sno-1327	QO	vclaim-sno-lethal-indirection	1	44.118366785964255	SimBa
tweet-sno-1327	QO	vclaim-sno-chevy-chase-death-hoax	1	44.08063132392113	SimBa
tweet-sno-1327	QO	vclaim-sno-reginald-veljohnson-death-hoax	1	43.958617965350854	SimBa
tweet-sno-1328	QO	vclaim-sno-xbox-playstation-ps5-congrats	1	57.50173256510801	SimBa
tweet-sno-1328	QO	vclaim-sno-all-work-and-no-playstation	1	41.18647987036322	SimBa
tweet-sno-1328	QO	vclaim-sno-cyberpunk-2077-refunds	1	35.86923921155354	SimBa
tweet-sno-1328	QO	vclaim-sno-ninja-turtles-shredders-revenge	1	35.32440329385667	SimBa
tweet-sno-1328	QO	vclaim-sno-did-netflix-announce-god-of-war-series	1	33.18359701017607	SimBa
tweet-sno-1329	QO	vclaim-sno-xbox-playstation-ps5-congrats	1	59.748696950541756	SimBa
tweet-sno-1329	QO	vclaim-sno-cyberpunk-2077-refunds	1	35.76613228573237	SimBa
tweet-sno-1329	QO	vclaim-sno-microsoft-own-patent-666	1	35.63088296001925	SimBa
tweet-sno-1329	QO	vclaim-sno-pokemon-go-developer-niantic-to-develop-harry-potter-go	1	34.75556027385172	SimBa
tweet-sno-1329	QO	vclaim-sno-amazon-holiday-shopping	1	34.74104355197683	SimBa
tweet-sno-1330	QO	vclaim-sno-ice-twitter-account-disappear	1	60.124640338258395	SimBa
tweet-sno-1330	QO	vclaim-sno-nps-twitter-account-shut-down	1	47.29512601850998	SimBa
tweet-sno-1330	QO	vclaim-sno-twitter-delete-trump-account-racism	1	42.23108865508508	SimBa
tweet-sno-1330	QO	vclaim-sno-trump-twitter-john-barron-1946	1	40.91940798245591	SimBa
tweet-sno-1330	QO	vclaim-sno-did-twitter-lock-trumps-account	1	40.058644017747824	SimBa
tweet-sno-1331	QO	vclaim-sno-ice-twitter-account-disappear	1	77.38043395099552	SimBa
tweet-sno-1331	QO	vclaim-sno-nps-twitter-account-shut-down	1	55.014092232865764	SimBa
tweet-sno-1331	QO	vclaim-sno-did-twitter-lock-trumps-account	1	49.26465711986134	SimBa
tweet-sno-1331	QO	vclaim-sno-new-york-ice-agent-suicide-note	1	49.13590390927047	SimBa
tweet-sno-1331	QO	vclaim-sno-pelosi-tweet-chinatown-tourism	1	49.074704722078465	SimBa
tweet-sno-1332	QO	vclaim-sno-veterans-national-parks-lifetime	1	77.27790311570564	SimBa
tweet-sno-1332	QO	vclaim-sno-free-meals-for-veterans	1	59.461774122978284	SimBa
tweet-sno-1332	QO	vclaim-sno-trump-veterans-free-health-care	1	55.007379255332324	SimBa
tweet-sno-1332	QO	vclaim-sno-trump-salary-military-cemeteries	1	50.83690561884801	SimBa
tweet-sno-1332	QO	vclaim-sno-holiday-mail-heroes	1	49.95267708002923	SimBa
tweet-sno-1333	QO	vclaim-sno-covid-vaccine-funded-by-trump	1	67.80625190997392	SimBa
tweet-sno-1333	QO	vclaim-sno-did-trump-praise-covid-19-vaccines	1	60.450859693517444	SimBa
tweet-sno-1333	QO	vclaim-sno-cuba-cancer-vaccine	1	55.62245666222248	SimBa
tweet-sno-1333	QO	vclaim-sno-white-front-2	1	54.594316377840144	SimBa
tweet-sno-1333	QO	vclaim-sno-diabetes-vaccine	1	54.033863026910964	SimBa
tweet-sno-1334	QO	vclaim-sno-covid-vaccine-funded-by-trump	1	69.1545558790072	SimBa
tweet-sno-1334	QO	vclaim-sno-did-trump-praise-covid-19-vaccines	1	57.924353033809794	SimBa
tweet-sno-1334	QO	vclaim-sno-covid-good-news-list-accurate	1	52.814600985654344	SimBa
tweet-sno-1334	QO	vclaim-sno-trump-promise-vaccine-election-day	1	51.76709217785648	SimBa
tweet-sno-1334	QO	vclaim-sno-cuomo-vaccine-bad-news-trump	1	51.12637702010106	SimBa
tweet-sno-1335	QO	vclaim-sno-biden-hat-trump-maga	1	69.9839903072266	SimBa
tweet-sno-1335	QO	vclaim-sno-biden-trump-dregs-society	1	58.68122325233208	SimBa
tweet-sno-1335	QO	vclaim-sno-listen-to-scientists	1	58.62880361379988	SimBa
tweet-sno-1335	QO	vclaim-sno-biden-trump-xenophobic	1	58.2747564560566	SimBa
tweet-sno-1335	QO	vclaim-sno-trump-biden-resident-meme	1	57.53111953440063	SimBa
tweet-sno-1336	QO	vclaim-sno-biden-major-dog-rescue-white-house	1	87.71605814851316	SimBa
tweet-sno-1336	QO	vclaim-sno-biden-dog-major-indoguration	1	69.35134069209953	SimBa
tweet-sno-1336	QO	vclaim-sno-biden-team-statement-dog	1	68.43725217044958	SimBa
tweet-sno-1336	QO	vclaim-sno-biden-dogs-kicked-out-white-house	1	64.87213074228988	SimBa
tweet-sno-1336	QO	vclaim-sno-paws-act-veterans-ptsd-service-dogs	1	61.875014584833565	SimBa
tweet-sno-1337	QO	vclaim-sno-trump-golf-rallies-coronavirus	1	66.95171402408698	SimBa
tweet-sno-1337	QO	vclaim-sno-golfing-trump-election-results	1	64.56180385422856	SimBa
tweet-sno-1337	QO	vclaim-sno-trump-more-testing-look-bad	1	59.409690248869666	SimBa
tweet-sno-1337	QO	vclaim-sno-trump-governors-covid-19	1	58.0618199817889	SimBa
tweet-sno-1337	QO	vclaim-sno-trump-tulsa-rally-covid19-test	1	57.18030312991559	SimBa
tweet-sno-1338	QO	vclaim-sno-bannon-fauci-wray-head-pikes	1	78.43440708493208	SimBa
tweet-sno-1338	QO	vclaim-sno-steve-bannon-predicts-obama	1	63.1792669957897	SimBa
tweet-sno-1338	QO	vclaim-sno-bannon-hell-capitol-attack	1	58.57387572467606	SimBa
tweet-sno-1338	QO	vclaim-sno-trump-threaten-federal-buildings	1	57.65421820987936	SimBa
tweet-sno-1338	QO	vclaim-sno-clyburn-articles-impeachment	1	57.13583820310115	SimBa
tweet-sno-1339	QO	vclaim-sno-gray-wolves-endangered-trump	1	61.93728158392149	SimBa
tweet-sno-1339	QO	vclaim-sno-trump-whales-sea-turtles	1	55.285604298000266	SimBa
tweet-sno-1339	QO	vclaim-sno-obama-gives-kill-order-for-bald-eagles	1	51.62002611226226	SimBa
tweet-sno-1339	QO	vclaim-sno-trump-hunting-bald-eagles	1	50.462997697781745	SimBa
tweet-sno-1339	QO	vclaim-sno-trump-animal-cruelty	1	50.17428348459809	SimBa
tweet-sno-1340	QO	vclaim-sno-pa-worker-filling-ballots	1	75.21843483335756	SimBa
tweet-sno-1340	QO	vclaim-sno-broward-county-blank-ballots	1	56.05732148380818	SimBa
tweet-sno-1340	QO	vclaim-sno-strawman-poll	1	53.7280673062609	SimBa
tweet-sno-1340	QO	vclaim-sno-ballots-video-voter-fraud-trump	1	52.0761693643793	SimBa
tweet-sno-1340	QO	vclaim-sno-erie-pennsylvania-trump-ballots	1	51.782018438817055	SimBa
tweet-sno-1341	QO	vclaim-sno-stop-the-count-chant	1	72.92578371791285	SimBa
tweet-sno-1341	QO	vclaim-sno-trump-vote-twice-north-carolina	1	64.45324859057321	SimBa
tweet-sno-1341	QO	vclaim-sno-trump-rally-chant	1	58.78271961378725	SimBa
tweet-sno-1341	QO	vclaim-sno-machine-voting-pens-switching-votes	1	58.76529746357264	SimBa
tweet-sno-1341	QO	vclaim-sno-erie-pennsylvania-trump-ballots	1	57.943116006309886	SimBa
tweet-sno-1342	QO	vclaim-sno-trump-recount-battleground-states	1	72.58520601307458	SimBa
tweet-sno-1342	QO	vclaim-sno-florida-moves-for-full-recount-of-state-votes-over-massive-voter-fraud	1	55.272633284444666	SimBa
tweet-sno-1342	QO	vclaim-sno-georgia-signature-audit	1	54.06930507140082	SimBa
tweet-sno-1342	QO	vclaim-sno-straight-ticket	1	53.81544228939134	SimBa
tweet-sno-1342	QO	vclaim-sno-why-ohio	1	53.27775600301136	SimBa
tweet-sno-1343	QO	vclaim-sno-sharpie-trump-ballots-arizona	1	68.56729493670136	SimBa
tweet-sno-1343	QO	vclaim-sno-ballot-envelopes-reveal-party	1	65.48214926950078	SimBa
tweet-sno-1343	QO	vclaim-sno-millions-mail-in-ballots	1	63.51645674251088	SimBa
tweet-sno-1343	QO	vclaim-sno-virginia-vote-switch	1	63.36649644216871	SimBa
tweet-sno-1343	QO	vclaim-sno-texas-vote-switching	1	62.43713394899252	SimBa
tweet-sno-1344	QO	vclaim-sno-sharpie-trump-ballots-arizona	1	80.8250822560685	SimBa
tweet-sno-1344	QO	vclaim-sno-california-unlawful-ballots	1	61.30010034186178	SimBa
tweet-sno-1344	QO	vclaim-sno-millions-mail-in-ballots	1	60.10384138975293	SimBa
tweet-sno-1344	QO	vclaim-sno-georgia-signature-audit	1	59.16211871436214	SimBa
tweet-sno-1344	QO	vclaim-sno-more-votes-than-voters-in-detroit	1	58.81082596869213	SimBa
tweet-sno-1345	QO	vclaim-sno-sharpie-trump-ballots-arizona	1	68.5472120552493	SimBa
tweet-sno-1345	QO	vclaim-sno-wisconsin-vote-dump	1	65.30761616808581	SimBa
tweet-sno-1345	QO	vclaim-sno-millions-mail-in-ballots	1	62.0710335619945	SimBa
tweet-sno-1345	QO	vclaim-sno-trump-biden-vote-dumps	1	61.94329489402044	SimBa
tweet-sno-1345	QO	vclaim-sno-virginia-vote-switch	1	61.24137159237527	SimBa
tweet-sno-1346	QO	vclaim-sno-saved-whale-says-thanks	1	51.488672960845115	SimBa
tweet-sno-1346	QO	vclaim-sno-fisherman-survived-inside-whale-for-three-days	1	46.41252995357157	SimBa
tweet-sno-1346	QO	vclaim-sno-killer-whale	1	46.34832943910316	SimBa
tweet-sno-1346	QO	vclaim-sno-big-gulp	1	46.044195863451876	SimBa
tweet-sno-1346	QO	vclaim-sno-humpback-whale-eat-kayaker	1	44.76664558695197	SimBa
tweet-sno-1347	QO	vclaim-sno-humpback-whale-eat-kayaker	1	71.0163632160845	SimBa
tweet-sno-1347	QO	vclaim-sno-big-gulp	1	69.14956247260585	SimBa
tweet-sno-1347	QO	vclaim-sno-killer-whale	1	64.95916020671315	SimBa
tweet-sno-1347	QO	vclaim-sno-photograph-kayak-orcas	1	63.645493696654576	SimBa
tweet-sno-1347	QO	vclaim-sno-blue-whale-under-rowboat	1	59.4071965204169	SimBa
tweet-sno-1348	QO	vclaim-sno-biden-black-athletes-green-mile	1	49.56598134002232	SimBa
tweet-sno-1348	QO	vclaim-sno-biden-racial-jungle-quote	1	41.89729980523825	SimBa
tweet-sno-1348	QO	vclaim-sno-quayle-quotes	1	41.854949593122825	SimBa
tweet-sno-1348	QO	vclaim-sno-jackie-robinson-anthem	1	40.19627285885667	SimBa
tweet-sno-1348	QO	vclaim-sno-chauvin-floyd-club-employment	1	39.81345312280421	SimBa
tweet-sno-1349	QO	vclaim-sno-kamala-harris-pearls-election-day	1	58.12656725942668	SimBa
tweet-sno-1349	QO	vclaim-sno-hillary-clinton-embraces-the-woman-card	1	46.669148422314194	SimBa
tweet-sno-1349	QO	vclaim-sno-monica-lewinsky-voting-for-hillary-clinton	1	42.197755892949374	SimBa
tweet-sno-1349	QO	vclaim-sno-kamala-harris-protests	1	41.11131687675275	SimBa
tweet-sno-1349	QO	vclaim-sno-hillary-clintons-premature-celebration	1	39.92263628368289	SimBa
tweet-sno-1350	QO	vclaim-sno-amish-trump-presidential-victory	1	61.987024197268795	SimBa
tweet-sno-1350	QO	vclaim-sno-amish-buggies-trump	1	59.0307771984194	SimBa
tweet-sno-1350	QO	vclaim-sno-televangelist-threatens-civil-war	1	48.39027669792644	SimBa
tweet-sno-1350	QO	vclaim-sno-12th-amendment-path-to-victory	1	47.268150939881714	SimBa
tweet-sno-1350	QO	vclaim-sno-noam-chomsky-predicted-trumps-presidency	1	44.493427954016184	SimBa
tweet-sno-1351	QO	vclaim-sno-omar-minnesota-register-vote	1	59.031713474644675	SimBa
tweet-sno-1351	QO	vclaim-sno-strawman-poll	1	48.96018675635172	SimBa
tweet-sno-1351	QO	vclaim-sno-pence-op-ed-hr1-immigrants	1	46.738030782878326	SimBa
tweet-sno-1351	QO	vclaim-sno-uber-lyft-free-rides-polls	1	46.61389749550834	SimBa
tweet-sno-1351	QO	vclaim-sno-phoney-voting	1	45.50197979669829	SimBa
tweet-sno-1352	QO	vclaim-sno-c-span-video-joe-biden-ukraine	1	60.82058883723495	SimBa
tweet-sno-1352	QO	vclaim-sno-joe-biden-war-hero-story	1	59.47368470610303	SimBa
tweet-sno-1352	QO	vclaim-sno-black-americans-super-predators	1	57.03125791268411	SimBa
tweet-sno-1352	QO	vclaim-sno-bar-owner-biden-ad	1	56.97982537967475	SimBa
tweet-sno-1352	QO	vclaim-sno-hunter-biden-flipped-fbi	1	56.22117417539373	SimBa
tweet-sno-1353	QO	vclaim-sno-hunter-biden-flipped-fbi	1	71.15837636421912	SimBa
tweet-sno-1353	QO	vclaim-sno-c-span-video-joe-biden-ukraine	1	59.725406860657344	SimBa
tweet-sno-1353	QO	vclaim-sno-joe-biden-ask-reporter-junkie	1	54.04876275246632	SimBa
tweet-sno-1353	QO	vclaim-sno-hunter-biden-discharge	1	53.99413247289279	SimBa
tweet-sno-1353	QO	vclaim-sno-hunter-biden-dead-overdose-hoax	1	53.28321597417711	SimBa
tweet-sno-1354	QO	vclaim-sno-hunter-biden-flipped-fbi	1	65.08490691473992	SimBa
tweet-sno-1354	QO	vclaim-sno-joe-biden-endorsement	1	59.780929594951886	SimBa
tweet-sno-1354	QO	vclaim-sno-joe-biden-ask-reporter-junkie	1	58.103604331674674	SimBa
tweet-sno-1354	QO	vclaim-sno-joe-biden-beat-biden	1	57.53896377423665	SimBa
tweet-sno-1354	QO	vclaim-sno-hunter-biden-dead-overdose-hoax	1	55.17764965372757	SimBa
tweet-sno-1355	QO	vclaim-sno-hunter-biden-flipped-fbi	1	50.95396798337053	SimBa
tweet-sno-1355	QO	vclaim-sno-joe-biden-endorsement	1	41.52879783095747	SimBa
tweet-sno-1355	QO	vclaim-sno-bar-owner-biden-ad	1	41.084857534937235	SimBa
tweet-sno-1355	QO	vclaim-sno-real-clear-politics-biden	1	40.03542204506074	SimBa
tweet-sno-1355	QO	vclaim-sno-fake-aoc-purge-tweet	1	39.34596030933211	SimBa
tweet-sno-1356	QO	vclaim-sno-hunter-biden-flipped-fbi	1	65.72412123857922	SimBa
tweet-sno-1356	QO	vclaim-sno-c-span-video-joe-biden-ukraine	1	61.53505851675194	SimBa
tweet-sno-1356	QO	vclaim-sno-fake-biden-arrest-warrant	1	59.426190292653445	SimBa
tweet-sno-1356	QO	vclaim-sno-biden-admit-voter-fraud	1	58.918285937650666	SimBa
tweet-sno-1356	QO	vclaim-sno-biden-teleprompter-interview	1	55.13154425972255	SimBa
tweet-sno-1357	QO	vclaim-sno-armed-trump-fans-biden-bus	1	73.6773967581796	SimBa
tweet-sno-1357	QO	vclaim-sno-fbi-trump-biden-bus	1	63.930885664563604	SimBa
tweet-sno-1357	QO	vclaim-sno-truckers-strike-thanksgiving	1	58.28170605485286	SimBa
tweet-sno-1357	QO	vclaim-sno-anti-trump-protesters-bused-into-austin	1	58.10957307583813	SimBa
tweet-sno-1357	QO	vclaim-sno-bus-crash-super-tuesday	1	55.85837176138919	SimBa
tweet-sno-1358	QO	vclaim-sno-fbi-trump-biden-bus	1	67.41447951834365	SimBa
tweet-sno-1358	QO	vclaim-sno-anti-trump-protesters-bused-into-austin	1	62.25849702926165	SimBa
tweet-sno-1358	QO	vclaim-sno-armed-trump-fans-biden-bus	1	58.63351570211407	SimBa
tweet-sno-1358	QO	vclaim-sno-trucked-voters-in-pa	1	53.01392900918574	SimBa
tweet-sno-1358	QO	vclaim-sno-truck-stop	1	52.05037127899965	SimBa
tweet-sno-1359	QO	vclaim-sno-armed-trump-fans-biden-bus	1	65.82289991329307	SimBa
tweet-sno-1359	QO	vclaim-sno-fbi-trump-biden-bus	1	65.72656136605362	SimBa
tweet-sno-1359	QO	vclaim-sno-run-over-trump-protesters	1	61.71491705504047	SimBa
tweet-sno-1359	QO	vclaim-sno-virginia-gun-rally-staged	1	56.814191795182204	SimBa
tweet-sno-1359	QO	vclaim-sno-trump-mob-capitol	1	55.59507920060126	SimBa
tweet-sno-1360	QO	vclaim-sno-fbi-trump-biden-bus	1	65.18824240341502	SimBa
tweet-sno-1360	QO	vclaim-sno-bus-crash-super-tuesday	1	57.57649360403104	SimBa
tweet-sno-1360	QO	vclaim-sno-anti-trump-protesters-bused-into-austin	1	57.380508341883086	SimBa
tweet-sno-1360	QO	vclaim-sno-armed-trump-fans-biden-bus	1	53.32399660138065	SimBa
tweet-sno-1360	QO	vclaim-sno-moving-truck-cspan	1	53.10274093452705	SimBa
tweet-sno-1361	QO	vclaim-sno-fbi-50-states-armed-protest	1	55.80270438814152	SimBa
tweet-sno-1361	QO	vclaim-sno-virginia-gun-rally-staged	1	53.78588018729569	SimBa
tweet-sno-1361	QO	vclaim-sno-biden-tucker-carlson-white-men	1	53.124441943062415	SimBa
tweet-sno-1361	QO	vclaim-sno-left-wing-mob-violence	1	53.0752356808627	SimBa
tweet-sno-1361	QO	vclaim-sno-deadly-chase-down	1	52.475548865094225	SimBa
tweet-sno-1362	QO	vclaim-sno-sean-connery-trump-golf-course	1	67.95528309476094	SimBa
tweet-sno-1362	QO	vclaim-sno-sean-connery-net-worth	1	48.01646647869227	SimBa
tweet-sno-1362	QO	vclaim-sno-hackman-trump-president	1	47.799974797215214	SimBa
tweet-sno-1362	QO	vclaim-sno-bill-murray-death-notice	1	47.0340201826162	SimBa
tweet-sno-1362	QO	vclaim-sno-keanu-reeves-trump-successful-man	1	46.00092366111619	SimBa
tweet-sno-1363	QO	vclaim-sno-taco-bell-mexican-pizza	1	61.446980923018316	SimBa
tweet-sno-1363	QO	vclaim-sno-taco-bell-closing	1	58.41707714578931	SimBa
tweet-sno-1363	QO	vclaim-sno-taco-bell-menu-change	1	53.15123273540808	SimBa
tweet-sno-1363	QO	vclaim-sno-empty-chipotle-employees	1	51.51568153722806	SimBa
tweet-sno-1363	QO	vclaim-sno-taco-bell-closing-2020	1	51.4972783777212	SimBa
tweet-sno-1364	QO	vclaim-sno-taco-bell-mexican-pizza	1	65.93780161824344	SimBa
tweet-sno-1364	QO	vclaim-sno-taco-bell-menu-change	1	53.76103664632363	SimBa
tweet-sno-1364	QO	vclaim-sno-meat-your-maker	1	50.32182158756799	SimBa
tweet-sno-1364	QO	vclaim-sno-taco-bell-closing-2020	1	50.30293805487591	SimBa
tweet-sno-1364	QO	vclaim-sno-taco-bell-major-changes	1	49.85102804214434	SimBa
tweet-sno-1365	QO	vclaim-sno-taco-bell-mexican-pizza	1	60.95274202763956	SimBa
tweet-sno-1365	QO	vclaim-sno-pizza-is-good-for-you	1	51.3000381627383	SimBa
tweet-sno-1365	QO	vclaim-sno-taco-bell-closing-2020	1	49.16346808603795	SimBa
tweet-sno-1365	QO	vclaim-sno-taco-bell-menu-change	1	49.101587416688446	SimBa
tweet-sno-1365	QO	vclaim-sno-taco-bell-closing	1	48.92118457985582	SimBa
tweet-sno-1366	QO	vclaim-sno-taco-bell-mexican-pizza	1	62.30297198923355	SimBa
tweet-sno-1366	QO	vclaim-sno-mcpizza	1	59.90744941183751	SimBa
tweet-sno-1366	QO	vclaim-sno-taco-bell-cinammon-twists-pasta	1	55.40080840024896	SimBa
tweet-sno-1366	QO	vclaim-sno-pizza-is-good-for-you	1	53.12417437327027	SimBa
tweet-sno-1366	QO	vclaim-sno-taco-bell-menu-change	1	52.79057166754447	SimBa
tweet-sno-1367	QO	vclaim-sno-taco-bell-mexican-pizza	1	68.43248367248114	SimBa
tweet-sno-1367	QO	vclaim-sno-taco-bell-closing	1	57.43713701275365	SimBa
tweet-sno-1367	QO	vclaim-sno-taco-bell-menu-change	1	57.068603356380756	SimBa
tweet-sno-1367	QO	vclaim-sno-taco-bell-closing-2020	1	55.80873132044724	SimBa
tweet-sno-1367	QO	vclaim-sno-meat-your-maker	1	53.282314707633844	SimBa
tweet-sno-1368	QO	vclaim-sno-cheesecake-factory-closing-rumor	1	54.88077315842018	SimBa
tweet-sno-1368	QO	vclaim-sno-taco-bell-mexican-pizza	1	52.30890279388768	SimBa
tweet-sno-1368	QO	vclaim-sno-subway-pizza-hut-closing	1	50.81280045662916	SimBa
tweet-sno-1368	QO	vclaim-sno-taco-bell-closing-2020	1	50.76237196332943	SimBa
tweet-sno-1368	QO	vclaim-sno-not-lovin39-it	1	50.54423989818418	SimBa
tweet-sno-1369	QO	vclaim-sno-cheesecake-factory-closing-rumor	1	60.452304257701606	SimBa
tweet-sno-1369	QO	vclaim-sno-wendys-heartbreaking-announcement	1	50.918748294520654	SimBa
tweet-sno-1369	QO	vclaim-sno-taco-bell-closing-2020	1	50.34474034063889	SimBa
tweet-sno-1369	QO	vclaim-sno-subway-pizza-hut-closing	1	49.16559136644524	SimBa
tweet-sno-1369	QO	vclaim-sno-olive-garden-closing	1	47.96651127665798	SimBa
tweet-sno-1370	QO	vclaim-sno-cheesecake-factory-closing-rumor	1	62.675690726756315	SimBa
tweet-sno-1370	QO	vclaim-sno-outback-trump-supporters	1	52.32371163373415	SimBa
tweet-sno-1370	QO	vclaim-sno-car-czar	1	51.88465758897198	SimBa
tweet-sno-1370	QO	vclaim-sno-dunkin-donuts-bankruptcy-prank	1	50.925751252695136	SimBa
tweet-sno-1370	QO	vclaim-sno-trump-food-assistance-700000	1	50.573306466371776	SimBa
tweet-sno-1371	QO	vclaim-sno-cheesecake-factory-closing-rumor	1	87.24396654562415	SimBa
tweet-sno-1371	QO	vclaim-sno-taco-bell-closing	1	62.124384588775335	SimBa
tweet-sno-1371	QO	vclaim-sno-red-lobster-closing	1	62.009778066263166	SimBa
tweet-sno-1371	QO	vclaim-sno-whataburger-closing-its-doors	1	59.593865349143805	SimBa
tweet-sno-1371	QO	vclaim-sno-olive-garden-closing	1	56.26982892925331	SimBa
tweet-sno-1372	QO	vclaim-sno-cheesecake-factory-closing-rumor	1	78.96206406226466	SimBa
tweet-sno-1372	QO	vclaim-sno-red-lobster-closing	1	58.36531874841628	SimBa
tweet-sno-1372	QO	vclaim-sno-taco-bell-closing	1	58.092209147083366	SimBa
tweet-sno-1372	QO	vclaim-sno-dunkin-donuts-bankruptcy-prank	1	53.55474102312786	SimBa
tweet-sno-1372	QO	vclaim-sno-whataburger-closing-its-doors	1	53.29443934404236	SimBa
tweet-sno-1373	QO	vclaim-sno-cheesecake-factory-closing-rumor	1	69.71030235786037	SimBa
tweet-sno-1373	QO	vclaim-sno-whataburger-closing-its-doors	1	51.645670381325175	SimBa
tweet-sno-1373	QO	vclaim-sno-red-lobster-closing	1	50.789660511082616	SimBa
tweet-sno-1373	QO	vclaim-sno-taco-bell-closing	1	49.958592871028905	SimBa
tweet-sno-1373	QO	vclaim-sno-not-lovin39-it	1	47.577670110518405	SimBa
tweet-sno-1374	QO	vclaim-sno-cheesecake-factory-closing-rumor	1	88.12225381071578	SimBa
tweet-sno-1374	QO	vclaim-sno-taco-bell-closing	1	65.86616941594903	SimBa
tweet-sno-1374	QO	vclaim-sno-red-lobster-closing	1	63.4253742096878	SimBa
tweet-sno-1374	QO	vclaim-sno-whataburger-closing-its-doors	1	61.11020538915636	SimBa
tweet-sno-1374	QO	vclaim-sno-dunkin-donuts-bankruptcy-prank	1	56.77032399104576	SimBa
tweet-sno-1375	QO	vclaim-sno-cheesecake-factory-closing-rumor	1	58.47248274910413	SimBa
tweet-sno-1375	QO	vclaim-sno-mcpizza	1	43.43450661995145	SimBa
tweet-sno-1375	QO	vclaim-sno-red-lobster-closing	1	40.976843554923924	SimBa
tweet-sno-1375	QO	vclaim-sno-thing-cheese-incident	1	40.681708192025	SimBa
tweet-sno-1375	QO	vclaim-sno-whataburger-closing-its-doors	1	40.38351728877349	SimBa
tweet-sno-1376	QO	vclaim-sno-girl-scouts-congratulate-barrett	1	55.6535153008567	SimBa
tweet-sno-1376	QO	vclaim-sno-marjorie-taylor-greene-twitter	1	52.26185734597934	SimBa
tweet-sno-1376	QO	vclaim-sno-twitter-marjorie-taylor-greene	1	51.68525725619521	SimBa
tweet-sno-1376	QO	vclaim-sno-rnc-chairwoman-deleted-tweet	1	50.9519655062701	SimBa
tweet-sno-1376	QO	vclaim-sno-obama-warren-unfollow-hillary-clinton	1	49.794115332371064	SimBa
tweet-sno-1377	QO	vclaim-sno-aoc-gop-sad-stupid-vanity-fair	1	54.76956904655001	SimBa
tweet-sno-1377	QO	vclaim-sno-nancy-pelosi-wrap-up-smear	1	49.40202506588866	SimBa
tweet-sno-1377	QO	vclaim-sno-hillary-clinton-stupid-quote	1	49.30652797057721	SimBa
tweet-sno-1377	QO	vclaim-sno-stop-the-world-josh-duggar-wants-off	1	47.03672402149503	SimBa
tweet-sno-1377	QO	vclaim-sno-sandra-day-oconnor-quote	1	46.94880944992709	SimBa
tweet-sno-1378	QO	vclaim-sno-trump-biden-assassination-shot	1	70.48712900217646	SimBa
tweet-sno-1378	QO	vclaim-sno-donald-trump-plans-to-declare-war-on-americans	1	67.19340412900097	SimBa
tweet-sno-1378	QO	vclaim-sno-isis-called-for-assassination-of-barron-trump	1	66.03689007027607	SimBa
tweet-sno-1378	QO	vclaim-sno-trump-pedophiles-death-penalty	1	65.95207631547649	SimBa
tweet-sno-1378	QO	vclaim-sno-trump-suicide-bombers-penalty	1	65.51280329206368	SimBa
tweet-sno-1379	QO	vclaim-sno-biden-admit-voter-fraud	1	70.75129637407741	SimBa
tweet-sno-1379	QO	vclaim-sno-trump-biden-vote-dumps	1	69.75809920223348	SimBa
tweet-sno-1379	QO	vclaim-sno-simple-math-on-biden-votes	1	64.2059320257628	SimBa
tweet-sno-1379	QO	vclaim-sno-biden-break-obamas-vote-record	1	62.34622589660442	SimBa
tweet-sno-1379	QO	vclaim-sno-wisconsin-vote-dump	1	61.70207459969884	SimBa
tweet-sno-1380	QO	vclaim-sno-2009-trump-tweet-pandemic	1	67.14909859574949	SimBa
tweet-sno-1380	QO	vclaim-sno-experts-officials-pandemic-2018	1	65.91971464036742	SimBa
tweet-sno-1380	QO	vclaim-sno-trump-tweet-obama-8-years	1	61.88619879331596	SimBa
tweet-sno-1380	QO	vclaim-sno-trump-deflect-to-h1n1	1	58.05842831818592	SimBa
tweet-sno-1380	QO	vclaim-sno-trump-stockpile-ventilators	1	57.89856346311748	SimBa
tweet-sno-1381	QO	vclaim-sno-merriam-webster-barrett-sexual	1	64.24282303541928	SimBa
tweet-sno-1381	QO	vclaim-sno-irregardless-merriam-webster	1	54.78524026010897	SimBa
tweet-sno-1381	QO	vclaim-sno-fascism-corporations-corporatism-dictionary	1	52.7232209099103	SimBa
tweet-sno-1381	QO	vclaim-sno-merriam-webster-definition-racism	1	47.43232463808336	SimBa
tweet-sno-1381	QO	vclaim-sno-oxford-junior-dictionary-words	1	46.0504316432255	SimBa
tweet-sno-1382	QO	vclaim-sno-elijah-cummings-said-democrats-gave-black-people-the-right-to-vote	1	59.4431172743498	SimBa
tweet-sno-1382	QO	vclaim-sno-joe-biden-n-word-recorded-speech	1	57.48926918940212	SimBa
tweet-sno-1382	QO	vclaim-sno-joe-biden-put-yall-back-in-chains	1	57.15526885673893	SimBa
tweet-sno-1382	QO	vclaim-sno-black-americans-super-predators	1	55.12731788061858	SimBa
tweet-sno-1382	QO	vclaim-sno-biden-n-word-senate	1	54.91046432440025	SimBa
tweet-sno-1383	QO	vclaim-sno-mitch-mcconnells-hands	1	65.49331921944153	SimBa
tweet-sno-1383	QO	vclaim-sno-mcconnell-voting-photobomb	1	47.51232124222243	SimBa
tweet-sno-1383	QO	vclaim-sno-did-c-span-insult-mitch-mcconnell	1	45.16491454183483	SimBa
tweet-sno-1383	QO	vclaim-sno-supreme-court-flip-flop	1	43.16884942481894	SimBa
tweet-sno-1383	QO	vclaim-sno-team-mitch-aoc	1	42.909764900852444	SimBa
tweet-sno-1384	QO	vclaim-sno-nurse-gop-convention-shooting	1	57.09916227346129	SimBa
tweet-sno-1384	QO	vclaim-sno-police-arrest-jesus-campos	1	52.45095401797482	SimBa
tweet-sno-1384	QO	vclaim-sno-officer-nakia-jones-fired-after-viral-police-brutality-video	1	52.285515661054454	SimBa
tweet-sno-1384	QO	vclaim-sno-blm-deputies-compton	1	49.2978678525362	SimBa
tweet-sno-1384	QO	vclaim-sno-waitress-cop-tip	1	48.94753007405288	SimBa
tweet-sno-1385	QO	vclaim-sno-jane-fonda-covid-gods-gift	1	71.09304405884627	SimBa
tweet-sno-1385	QO	vclaim-sno-greene-biden-mark-of-the-beast	1	53.538789304070264	SimBa
tweet-sno-1385	QO	vclaim-sno-fake-aoc-purge-tweet	1	51.413299142271214	SimBa
tweet-sno-1385	QO	vclaim-sno-harris-biden-blog-post	1	51.20138950825814	SimBa
tweet-sno-1385	QO	vclaim-sno-harris-believe-biden-accusers	1	51.0949380409003	SimBa
tweet-sno-1386	QO	vclaim-sno-biden-ban-fracking	1	73.64061530758741	SimBa
tweet-sno-1386	QO	vclaim-sno-harris-biden-blog-post	1	59.22674403552392	SimBa
tweet-sno-1386	QO	vclaim-sno-does-biden-support-green-new-deal	1	55.69638977793852	SimBa
tweet-sno-1386	QO	vclaim-sno-bernie-sanders-truck-ban	1	54.28550747034177	SimBa
tweet-sno-1386	QO	vclaim-sno-kamala-harris-call-biden-racist	1	54.21473065328219	SimBa
tweet-sno-1387	QO	vclaim-sno-kennedy-nixon-virtual-debate-1960	1	61.50975228885686	SimBa
tweet-sno-1387	QO	vclaim-sno-diamond-silk-gop-convention	1	44.092828898814794	SimBa
tweet-sno-1387	QO	vclaim-sno-confessions-of-a-republican	1	43.435753128758606	SimBa
tweet-sno-1387	QO	vclaim-sno-the-wire	1	43.261435964674135	SimBa
tweet-sno-1387	QO	vclaim-sno-ted-cruz-on-air-force-one	1	42.659503387306586	SimBa
tweet-sno-1388	QO	vclaim-sno-karen-pence-mask-debate	1	51.36664176602076	SimBa
tweet-sno-1388	QO	vclaim-sno-red-mask-blue-mask-covid	1	44.78989274939287	SimBa
tweet-sno-1388	QO	vclaim-sno-pence-nasa-do-not-touch	1	43.977622768979884	SimBa
tweet-sno-1388	QO	vclaim-sno-karen-pence-school-lgbt	1	43.288495403306655	SimBa
tweet-sno-1388	QO	vclaim-sno-pantyhose-masks-covid-19	1	40.65803416378994	SimBa
tweet-sno-1389	QO	vclaim-sno-trump-sign-hollywood-los-angeles	1	64.52837433339236	SimBa
tweet-sno-1389	QO	vclaim-sno-trump-christ-billboard-st-louis	1	48.51320895414468	SimBa
tweet-sno-1389	QO	vclaim-sno-trump-tower-kurd-banner	1	48.3562027702526	SimBa
tweet-sno-1389	QO	vclaim-sno-41999-and-change	1	48.05331497773152	SimBa
tweet-sno-1389	QO	vclaim-sno-mount-rushmore-defaced-graffiti	1	47.92867956165887	SimBa
tweet-sno-1390	QO	vclaim-sno-kamala-harris-protests	1	74.55936880297884	SimBa
tweet-sno-1390	QO	vclaim-sno-tomi-lahren-biden-supporters-loot	1	61.577198536233766	SimBa
tweet-sno-1390	QO	vclaim-sno-antifa-flyer-trump-supporters	1	59.596996468387715	SimBa
tweet-sno-1390	QO	vclaim-sno-left-wing-mob-violence	1	57.86311703253604	SimBa
tweet-sno-1390	QO	vclaim-sno-mike-pence-tweet	1	57.01992228231245	SimBa
tweet-sno-1391	QO	vclaim-sno-biden-trump-dregs-society	1	80.81523499577906	SimBa
tweet-sno-1391	QO	vclaim-sno-biden-trump-xenophobic	1	72.53889603053577	SimBa
tweet-sno-1391	QO	vclaim-sno-biden-troops-stupid-bastards	1	72.101997741686	SimBa
tweet-sno-1391	QO	vclaim-sno-joe-biden-no-empathy	1	68.55723995608884	SimBa
tweet-sno-1391	QO	vclaim-sno-listen-to-scientists	1	67.32796284271724	SimBa
tweet-sno-1392	QO	vclaim-sno-biden-pandemic-black-women-grocery	1	71.47821723678143	SimBa
tweet-sno-1392	QO	vclaim-sno-biden-kenosha-black-looting	1	47.953458687382394	SimBa
tweet-sno-1392	QO	vclaim-sno-joe-biden-put-yall-back-in-chains	1	45.42736070158346	SimBa
tweet-sno-1392	QO	vclaim-sno-biden-blames-lazy-american-women	1	44.25878700631209	SimBa
tweet-sno-1392	QO	vclaim-sno-joe-biden-ancestors-own-slaves	1	44.21079834750659	SimBa
tweet-sno-1393	QO	vclaim-sno-clinton-mccabe-donation	1	70.93903106397072	SimBa
tweet-sno-1393	QO	vclaim-sno-comey-clinton-foundation	1	63.627622229250626	SimBa
tweet-sno-1393	QO	vclaim-sno-james-comey-seth-rich	1	58.83945577208666	SimBa
tweet-sno-1393	QO	vclaim-sno-hillary-clinton-arrested-fbi-hoax	1	57.59646542699209	SimBa
tweet-sno-1393	QO	vclaim-sno-was-hillary-clinton-offered-a-plea-deal-in-server-investigation-in-august-2017	1	56.4625498863431	SimBa
tweet-sno-1394	QO	vclaim-sno-gay-men-proud-boys-hashtag	1	55.93722837238498	SimBa
tweet-sno-1394	QO	vclaim-sno-condom-snorting-challenge	1	47.91924822639312	SimBa
tweet-sno-1394	QO	vclaim-sno-gay-jesus-film	1	47.42133108674065	SimBa
tweet-sno-1394	QO	vclaim-sno-no-lackin-challenge	1	43.972880752482126	SimBa
tweet-sno-1394	QO	vclaim-sno-lgbtp-adding-letter	1	43.725866241745095	SimBa
tweet-sno-1395	QO	vclaim-sno-gay-men-proud-boys-hashtag	1	76.72035584906374	SimBa
tweet-sno-1395	QO	vclaim-sno-stop-the-steal-gay-communists	1	48.98684269958355	SimBa
tweet-sno-1395	QO	vclaim-sno-roger-stone-proud-boys	1	45.41045284693281	SimBa
tweet-sno-1395	QO	vclaim-sno-identifying-as-clovergender	1	44.56049311065474	SimBa
tweet-sno-1395	QO	vclaim-sno-biden-antifa-courageous-americans	1	44.20675089419724	SimBa
tweet-sno-1396	QO	vclaim-sno-bikers-trump-praying-walter-reed	1	68.14652345880641	SimBa
tweet-sno-1396	QO	vclaim-sno-photograph-shows-100000-bikers-at-trump-rally	1	61.28995869853631	SimBa
tweet-sno-1396	QO	vclaim-sno-motorcycle-group-trump-inauguration	1	57.378393657340425	SimBa
tweet-sno-1396	QO	vclaim-sno-bikers-kavanaugh-support-video	1	55.02887683653749	SimBa
tweet-sno-1396	QO	vclaim-sno-pray-bow-golden-trump-statue	1	52.644807617714456	SimBa
tweet-sno-1397	QO	vclaim-sno-trump-covid-fundraising	1	48.18513790079298	SimBa
tweet-sno-1397	QO	vclaim-sno-package-delivery-failure-virus	1	47.6313966447016	SimBa
tweet-sno-1397	QO	vclaim-sno-venmo-scam	1	47.51389687512989	SimBa
tweet-sno-1397	QO	vclaim-sno-trump-army-fundraising-email	1	44.709471159902904	SimBa
tweet-sno-1397	QO	vclaim-sno-paypal-twitter-jar-address	1	44.65838438405507	SimBa
tweet-sno-1398	QO	vclaim-sno-amy-coney-barrett-rhodes-scholar	1	62.256386304786986	SimBa
tweet-sno-1398	QO	vclaim-sno-michelle-obamas-fake-degrees	1	50.52772540440493	SimBa
tweet-sno-1398	QO	vclaim-sno-kamala-harris-berkeley-busing	1	49.58527910690346	SimBa
tweet-sno-1398	QO	vclaim-sno-indian-journalist-hoax-harvard	1	48.21807536880631	SimBa
tweet-sno-1398	QO	vclaim-sno-mcenany-obama-hut-tweet	1	48.19122930511497	SimBa
tweet-sno-1399	QO	vclaim-sno-biden-antifa-courageous-americans	1	57.42335164950191	SimBa
tweet-sno-1399	QO	vclaim-sno-biden-fail-condemn-antifa	1	51.15466383005268	SimBa
tweet-sno-1399	QO	vclaim-sno-paul-ryan-endorsed-antifa	1	51.08350639611545	SimBa
tweet-sno-1399	QO	vclaim-sno-six-antifa-beatup-video	1	51.07960500166918	SimBa
tweet-sno-1399	QO	vclaim-sno-cnn-antifa-capitol-riot	1	51.06384124070528	SimBa
tweet-sno-1400	QO	vclaim-sno-trump-condemn-white-supremacists	1	65.93027845157314	SimBa
tweet-sno-1400	QO	vclaim-sno-trump-white-nationalists-us-press-conference	1	53.18847054549194	SimBa
tweet-sno-1400	QO	vclaim-sno-iowa-congressman-retweet-white-supremacist	1	52.54708974208788	SimBa
tweet-sno-1400	QO	vclaim-sno-america-first-ku-klux-klan-slogan	1	52.138025960353815	SimBa
tweet-sno-1400	QO	vclaim-sno-trump-beto-crowds-el-paso-victims	1	50.851392645269726	SimBa
tweet-sno-1401	QO	vclaim-sno-bloomberg-pay-florida-felons-vote	1	55.68018798971116	SimBa
tweet-sno-1401	QO	vclaim-sno-skinny-joey-merlino-biden	1	52.83065635920353	SimBa
tweet-sno-1401	QO	vclaim-sno-michael-bloomberg-donald-trump	1	52.13579074666165	SimBa
tweet-sno-1401	QO	vclaim-sno-did-joe-frazier-vote-pa	1	50.35069480037919	SimBa
tweet-sno-1401	QO	vclaim-sno-bloomberg-campaign-prisoners	1	50.1713769414915	SimBa
