tweet-sno-1200	QO	vclaim-sno-lady-gaga-oreo	1	32.48674172225372	SimBa
tweet-sno-1200	QO	vclaim-sno-red-velvet-oreos	1	28.174095156595595	SimBa
tweet-sno-1200	QO	vclaim-sno-black-raspberry-chocolate-chip-oreos	1	27.77355721763518	SimBa
tweet-sno-1200	QO	vclaim-sno-lady-gaga-dog-walker	1	27.453774447557066	SimBa
tweet-sno-1200	QO	vclaim-sno-oreos-fake-tweet	1	27.350206554942115	SimBa
tweet-sno-1201	QO	vclaim-sno-biden-executive-order-dictator	1	55.876169223676335	SimBa
tweet-sno-1201	QO	vclaim-sno-biden-signing-blank-papers	1	49.679764178528245	SimBa
tweet-sno-1201	QO	vclaim-sno-mitch-mcconnell-one-of-my-proudest-moments	1	45.332380381527976	SimBa
tweet-sno-1201	QO	vclaim-sno-biden-violate-mask-mandate	1	44.43818253469947	SimBa
tweet-sno-1201	QO	vclaim-sno-mcconnell-trump-attack-capitol	1	43.544244653653756	SimBa
tweet-sno-1202	QO	vclaim-sno-biden-executive-order-dictator	1	55.700546844274044	SimBa
tweet-sno-1202	QO	vclaim-sno-biden-second-amendment-phony	1	36.51584545674621	SimBa
tweet-sno-1202	QO	vclaim-sno-biden-harris-disease-disagreed	1	36.169101518026	SimBa
tweet-sno-1202	QO	vclaim-sno-trump-tell-supporters-storm	1	36.05784130787607	SimBa
tweet-sno-1202	QO	vclaim-sno-schumer-erection-senate-floor	1	35.199966531013686	SimBa
tweet-sno-1203	QO	vclaim-sno-farmers-protest-india-flag	1	46.141587927655564	SimBa
tweet-sno-1203	QO	vclaim-sno-indian-flag-capitol-riots	1	35.6397120396928	SimBa
tweet-sno-1203	QO	vclaim-sno-rioters-capitol-flagpole	1	34.52408994205405	SimBa
tweet-sno-1203	QO	vclaim-sno-biden-kneel-national-anthem	1	34.42747379110676	SimBa
tweet-sno-1203	QO	vclaim-sno-capitol-riot-podium	1	33.32669991308542	SimBa
tweet-sno-1204	QO	vclaim-sno-biden-bans-china-virus	1	65.11049908542184	SimBa
tweet-sno-1204	QO	vclaim-sno-power-grid-executive-order	1	48.9532896513943	SimBa
tweet-sno-1204	QO	vclaim-sno-biden-signing-blank-papers	1	47.50802394980705	SimBa
tweet-sno-1204	QO	vclaim-sno-biden-violate-mask-mandate	1	46.99451932240545	SimBa
tweet-sno-1204	QO	vclaim-sno-biden-abortion-exec-order	1	46.1808709461791	SimBa
tweet-sno-1205	QO	vclaim-sno-trump-office-former-president	1	51.024233740031946	SimBa
tweet-sno-1205	QO	vclaim-sno-sag-letter-president-trump	1	49.05033789411815	SimBa
tweet-sno-1205	QO	vclaim-sno-trump-covid-19-vaccination	1	44.435993210992464	SimBa
tweet-sno-1205	QO	vclaim-sno-trump-2024-presidential-campaign	1	42.44385832858931	SimBa
tweet-sno-1205	QO	vclaim-sno-trump-twitter-john-barron-1946	1	42.11563436779647	SimBa
tweet-sno-1206	QO	vclaim-sno-trump-office-former-president	1	54.8973244544923	SimBa
tweet-sno-1206	QO	vclaim-sno-patriot-party-trump	1	50.911655873724676	SimBa
tweet-sno-1206	QO	vclaim-sno-trump-twitter-john-barron-1946	1	49.47505862922485	SimBa
tweet-sno-1206	QO	vclaim-sno-trump-reinstated-belief	1	48.19083538532362	SimBa
tweet-sno-1206	QO	vclaim-sno-sag-letter-president-trump	1	47.52803374876084	SimBa
tweet-sno-1207	QO	vclaim-sno-cocaine-smuggled-in-bananas	1	37.641562561405166	SimBa
tweet-sno-1207	QO	vclaim-sno-seattle-crochet-cocaine	1	35.87831602910231	SimBa
tweet-sno-1207	QO	vclaim-sno-cocaine-nasal-spray-fda	1	29.292150983630037	SimBa
tweet-sno-1207	QO	vclaim-sno-cia-crossing-border-cocaine	1	29.239054403754036	SimBa
tweet-sno-1207	QO	vclaim-sno-mule-dear	1	28.617906397621745	SimBa
tweet-sno-1208	QO	vclaim-sno-national-guard-parking-garage	1	41.410256765331695	SimBa
tweet-sno-1208	QO	vclaim-sno-schumer-erection-senate-floor	1	40.2682701870625	SimBa
tweet-sno-1208	QO	vclaim-sno-military-band-hit-the-road-jack	1	39.317084764918484	SimBa
tweet-sno-1208	QO	vclaim-sno-marines-corps-rebuke-pelosi	1	38.512818498597454	SimBa
tweet-sno-1208	QO	vclaim-sno-trump-national-guard-troops-hotel	1	36.10834802313251	SimBa
tweet-sno-1209	QO	vclaim-sno-schumer-erection-senate-floor	1	50.50763663371607	SimBa
tweet-sno-1209	QO	vclaim-sno-sleepy-eyes-anti-semitic-slur	1	42.38162602627993	SimBa
tweet-sno-1209	QO	vclaim-sno-bannon-hell-capitol-attack	1	40.64185637833425	SimBa
tweet-sno-1209	QO	vclaim-sno-trump-biden-resident-meme	1	40.261961494690034	SimBa
tweet-sno-1209	QO	vclaim-sno-trump-letter-schumer	1	40.24854521749557	SimBa
tweet-sno-1210	QO	vclaim-sno-schumer-erection-senate-floor	1	51.72003171361298	SimBa
tweet-sno-1210	QO	vclaim-sno-greg-gutfeld-fox-i-gotta-pee	1	33.785535456096625	SimBa
tweet-sno-1210	QO	vclaim-sno-trey-gowdy-nancy-pelosi	1	33.220389532955	SimBa
tweet-sno-1210	QO	vclaim-sno-ny-lawmaker-anti-harassment	1	32.9837709574451	SimBa
tweet-sno-1210	QO	vclaim-sno-bannon-hell-capitol-attack	1	32.263682782343686	SimBa
tweet-sno-1211	QO	vclaim-sno-schumer-erection-senate-floor	1	59.013927192425655	SimBa
tweet-sno-1211	QO	vclaim-sno-bannon-hell-capitol-attack	1	42.576879375948856	SimBa
tweet-sno-1211	QO	vclaim-sno-mcconnell-trump-attack-capitol	1	41.12965983220164	SimBa
tweet-sno-1211	QO	vclaim-sno-mcconnell-support-trump-2024	1	38.27333914398851	SimBa
tweet-sno-1211	QO	vclaim-sno-rick-wiles-trump-impeachment	1	38.18772297863713	SimBa
tweet-sno-1212	QO	vclaim-sno-schumer-erection-senate-floor	1	52.438832111005276	SimBa
tweet-sno-1212	QO	vclaim-sno-chuck-schumer-heidi-fleiss	1	37.252845802518294	SimBa
tweet-sno-1212	QO	vclaim-sno-bernie-sanders-trump-shirts	1	36.784562411268226	SimBa
tweet-sno-1212	QO	vclaim-sno-trump-letter-schumer	1	35.58892118251274	SimBa
tweet-sno-1212	QO	vclaim-sno-ny-lawmaker-anti-harassment	1	35.337601040220484	SimBa
tweet-sno-1213	QO	vclaim-sno-schumer-erection-senate-floor	1	53.35543202043686	SimBa
tweet-sno-1213	QO	vclaim-sno-biden-second-amendment-phony	1	32.13833834897535	SimBa
tweet-sno-1213	QO	vclaim-sno-chuck-norris-capitol-riot	1	32.069913298592354	SimBa
tweet-sno-1213	QO	vclaim-sno-mike-shirkey-capitol-riot-hoax	1	31.817987634961153	SimBa
tweet-sno-1213	QO	vclaim-sno-trump-buried-arlington-cemetery	1	30.948147283626263	SimBa
tweet-sno-1214	QO	vclaim-sno-schumer-erection-senate-floor	1	60.04812120626742	SimBa
tweet-sno-1214	QO	vclaim-sno-bernie-sanders-loser-meme	1	37.05784701364021	SimBa
tweet-sno-1214	QO	vclaim-sno-mike-shirkey-capitol-riot-hoax	1	34.714799894932845	SimBa
tweet-sno-1214	QO	vclaim-sno-karl-rove-biden-inauguration	1	34.49446124939165	SimBa
tweet-sno-1214	QO	vclaim-sno-house-speaker-podium-ebay	1	34.03356135987079	SimBa
tweet-sno-1215	QO	vclaim-sno-bernice-king-mlk-day-instagram	1	45.95028249514495	SimBa
tweet-sno-1215	QO	vclaim-sno-candace-owens-pelosi-capitol	1	32.67540253731124	SimBa
tweet-sno-1215	QO	vclaim-sno-principal-all-lives-matter-bhm	1	32.02568303107423	SimBa
tweet-sno-1215	QO	vclaim-sno-cnn-don-lemon-openly-black	1	31.841760029186993	SimBa
tweet-sno-1215	QO	vclaim-sno-bethenny-frankel-meghan-markle	1	31.572840713160158	SimBa
tweet-sno-1216	QO	vclaim-sno-mypillow-discount-codes-qanon	1	45.559508876573574	SimBa
tweet-sno-1216	QO	vclaim-sno-white-house-trump-accomplishments	1	39.585050155437415	SimBa
tweet-sno-1216	QO	vclaim-sno-mypillow-antifa-temptresses	1	39.135560131867464	SimBa
tweet-sno-1216	QO	vclaim-sno-trump-fail-to-denounce-qanon	1	37.44782020690576	SimBa
tweet-sno-1216	QO	vclaim-sno-sag-letter-president-trump	1	34.89344695169332	SimBa
tweet-sno-1217	QO	vclaim-sno-tesla-hiring-complaints-elon-musk	1	45.49849042014104	SimBa
tweet-sno-1217	QO	vclaim-sno-elon-musk-death-hoax	1	29.38050718238666	SimBa
tweet-sno-1217	QO	vclaim-sno-morgan-freeman-trump-bonafide-sack	1	28.93538925735137	SimBa
tweet-sno-1217	QO	vclaim-sno-trump-twitter-john-barron-1946	1	28.777349576724234	SimBa
tweet-sno-1217	QO	vclaim-sno-capitol-rioters-dating-apps	1	27.934196075758493	SimBa
tweet-sno-1218	QO	vclaim-sno-do-scented-candles-cause-cancer	1	38.87089921988494	SimBa
tweet-sno-1218	QO	vclaim-sno-gwyneth-vagina-candle-explode	1	35.06084757840276	SimBa
tweet-sno-1218	QO	vclaim-sno-downy-unstopables-warmer-warning	1	33.44553567437503	SimBa
tweet-sno-1218	QO	vclaim-sno-effectiveness-face-masks	1	31.839573955709366	SimBa
tweet-sno-1218	QO	vclaim-sno-aba-letter-covid19-masks	1	31.09326694913582	SimBa
tweet-sno-1219	QO	vclaim-sno-marjorie-taylor-greene-twitter	1	65.71105628822937	SimBa
tweet-sno-1219	QO	vclaim-sno-twitter-marjorie-taylor-greene	1	55.964472669322234	SimBa
tweet-sno-1219	QO	vclaim-sno-trump-twitter-john-barron-1946	1	53.49729670905902	SimBa
tweet-sno-1219	QO	vclaim-sno-did-twitter-lock-trumps-account	1	51.5364924866264	SimBa
tweet-sno-1219	QO	vclaim-sno-onlyfans-trump-ban-capitol	1	48.60514240304815	SimBa
tweet-sno-1220	QO	vclaim-sno-burger-king-logo-new	1	46.268259009677266	SimBa
tweet-sno-1220	QO	vclaim-sno-burger-king-adult-meal	1	34.53563146860661	SimBa
tweet-sno-1220	QO	vclaim-sno-back-to-the-future-predictions	1	31.588282920837532	SimBa
tweet-sno-1220	QO	vclaim-sno-amazon-logo-hitlers-mustache	1	30.234663554881053	SimBa
tweet-sno-1220	QO	vclaim-sno-walter-wetzel-redskins-logo	1	30.05599198526943	SimBa
tweet-sno-1221	QO	vclaim-sno-pregnant-women-covid-19-vaccine	1	36.42777358888378	SimBa
tweet-sno-1221	QO	vclaim-sno-ny-hospitals-unvaccinated-parents	1	35.6110954249485	SimBa
tweet-sno-1221	QO	vclaim-sno-covid-vaccine-throw-away	1	35.199219395445674	SimBa
tweet-sno-1221	QO	vclaim-sno-biden-covid-vaccine-2	1	35.056921263148055	SimBa
tweet-sno-1221	QO	vclaim-sno-prince-philip-covid-vaccine	1	34.53146445846947	SimBa
tweet-sno-1222	QO	vclaim-sno-trump-jr-impeached-deplorable	1	57.918134295943915	SimBa
tweet-sno-1222	QO	vclaim-sno-biden-trump-dregs-society	1	40.03930253320098	SimBa
tweet-sno-1222	QO	vclaim-sno-hillary-clinton-noose	1	40.00830639282844	SimBa
tweet-sno-1222	QO	vclaim-sno-trump-impeachment-dow-jones	1	39.93419083632987	SimBa
tweet-sno-1222	QO	vclaim-sno-trump-clinton-satisfy	1	38.334930814336396	SimBa
tweet-sno-1223	QO	vclaim-sno-armie-hammer-cannibal-lifestyle	1	44.912644205763684	SimBa
tweet-sno-1223	QO	vclaim-sno-kaleb-shriners-hospitals-death	1	32.97079578189224	SimBa
tweet-sno-1223	QO	vclaim-sno-gold-tongued-mummies-egypt	1	31.5518347002635	SimBa
tweet-sno-1223	QO	vclaim-sno-sex-robot-cooking-cleaning	1	30.293488018677635	SimBa
tweet-sno-1223	QO	vclaim-sno-facebook-search-porn	1	29.95915065861483	SimBa
tweet-sno-1224	QO	vclaim-sno-indian-flag-capitol-riots	1	41.20374164400208	SimBa
tweet-sno-1224	QO	vclaim-sno-capitol-window-wave-video	1	40.913175628470384	SimBa
tweet-sno-1224	QO	vclaim-sno-raz-simone-guns	1	39.1730738480526	SimBa
tweet-sno-1224	QO	vclaim-sno-capitol-riot-podium	1	36.82817800846853	SimBa
tweet-sno-1224	QO	vclaim-sno-farmers-protest-india-flag	1	35.50939137333628	SimBa
tweet-sno-1225	QO	vclaim-sno-syringe-cakes	1	45.40942009501733	SimBa
tweet-sno-1225	QO	vclaim-sno-ice-cream-covid19	1	35.48293179694657	SimBa
tweet-sno-1225	QO	vclaim-sno-countries-covid-19-tests-2018	1	33.55811585295456	SimBa
tweet-sno-1225	QO	vclaim-sno-nazi-flag-menorah-hanukkah	1	33.06943682635866	SimBa
tweet-sno-1225	QO	vclaim-sno-nwllab-moh-bulletin-coronavirus	1	32.07336931549628	SimBa
tweet-sno-1226	QO	vclaim-sno-trump-carved-manatees-back	1	48.32450976518375	SimBa
tweet-sno-1226	QO	vclaim-sno-dermophis-donaldtrumpi-amphibian-trump	1	36.97166484372208	SimBa
tweet-sno-1226	QO	vclaim-sno-pga-ban-trump-golf-course	1	33.461461690500876	SimBa
tweet-sno-1226	QO	vclaim-sno-trump-video-insulting-supporters	1	33.413127342111665	SimBa
tweet-sno-1226	QO	vclaim-sno-trump-tweet-doctored-racist-baby	1	33.175099151634605	SimBa
tweet-sno-1227	QO	vclaim-sno-mary-miller-hitler	1	44.73423739770505	SimBa
tweet-sno-1227	QO	vclaim-sno-schumer-erection-senate-floor	1	37.01199576566647	SimBa
tweet-sno-1227	QO	vclaim-sno-candace-owens-pelosi-capitol	1	34.89309888590296	SimBa
tweet-sno-1227	QO	vclaim-sno-karl-rove-biden-inauguration	1	33.85301726864674	SimBa
tweet-sno-1227	QO	vclaim-sno-capitol-invasion-lego-set	1	32.23134202412767	SimBa
tweet-sno-1228	QO	vclaim-sno-mary-miller-hitler	1	48.12893830278227	SimBa
tweet-sno-1228	QO	vclaim-sno-churchill-what-people-think	1	37.60458743652839	SimBa
tweet-sno-1228	QO	vclaim-sno-kamala-harris-protests	1	36.40245707155361	SimBa
tweet-sno-1228	QO	vclaim-sno-schumer-erection-senate-floor	1	35.16434080944304	SimBa
tweet-sno-1228	QO	vclaim-sno-candace-owens-pelosi-capitol	1	34.90030072949486	SimBa
tweet-sno-1229	QO	vclaim-sno-trump-mob-capitol	1	39.943192793980806	SimBa
tweet-sno-1229	QO	vclaim-sno-capitol-riot-no-fly-list	1	39.316002383166975	SimBa
tweet-sno-1229	QO	vclaim-sno-rioters-capitol-flagpole	1	38.31723733101693	SimBa
tweet-sno-1229	QO	vclaim-sno-pga-ban-trump-golf-course	1	38.2168220614827	SimBa
tweet-sno-1229	QO	vclaim-sno-capitol-rioters-dating-apps	1	37.70380389289401	SimBa
tweet-sno-1230	QO	vclaim-sno-capitol-riot-taser-death	1	42.066202555767184	SimBa
tweet-sno-1230	QO	vclaim-sno-getting-the-hang-of-it	1	32.172598614239995	SimBa
tweet-sno-1230	QO	vclaim-sno-schumer-erection-senate-floor	1	31.09246296554462	SimBa
tweet-sno-1230	QO	vclaim-sno-selfie-taken-dead-coworker	1	30.800787951864496	SimBa
tweet-sno-1230	QO	vclaim-sno-kaleb-shriners-hospitals-death	1	30.661340471908197	SimBa
tweet-sno-1231	QO	vclaim-sno-mobile-phone-sim-card-swap	1	40.259406849852404	SimBa
tweet-sno-1231	QO	vclaim-sno-irs-stimulus-check-1200	1	38.36722004128073	SimBa
tweet-sno-1231	QO	vclaim-sno-can-you-hear-me-scam	1	38.185447327614185	SimBa
tweet-sno-1231	QO	vclaim-sno-audit-the-vote	1	37.3977148782854	SimBa
tweet-sno-1231	QO	vclaim-sno-nwllab-moh-bulletin-coronavirus	1	36.33115563037786	SimBa
tweet-sno-1232	QO	vclaim-sno-warnock-arrested-capitol-praying	1	46.55682239030418	SimBa
tweet-sno-1232	QO	vclaim-sno-capitol-riot-podium	1	41.41092861728593	SimBa
tweet-sno-1232	QO	vclaim-sno-newspaper-rioters-photo-antifa	1	39.55512491939139	SimBa
tweet-sno-1232	QO	vclaim-sno-capitol-window-wave-video	1	37.683632911069395	SimBa
tweet-sno-1232	QO	vclaim-sno-kevin-seefried-democrat-biden	1	37.488419227638666	SimBa
tweet-sno-1233	QO	vclaim-sno-tomi-lahren-biden-supporters-loot	1	59.530364644547845	SimBa
tweet-sno-1233	QO	vclaim-sno-antifa-flyer-trump-supporters	1	41.26770954299463	SimBa
tweet-sno-1233	QO	vclaim-sno-kamala-harris-protests	1	39.231402189674	SimBa
tweet-sno-1233	QO	vclaim-sno-trump-tell-supporters-storm	1	39.15775257893756	SimBa
tweet-sno-1233	QO	vclaim-sno-biden-hat-trump-maga	1	38.02335625740046	SimBa
tweet-sno-1234	QO	vclaim-sno-two-women-save-electoral-votes	1	47.8037584845784	SimBa
tweet-sno-1234	QO	vclaim-sno-shots-fired-capitol	1	42.18899667904528	SimBa
tweet-sno-1234	QO	vclaim-sno-ballots-georgia-senate	1	40.78510718462443	SimBa
tweet-sno-1234	QO	vclaim-sno-pence-escorted	1	39.78317433393473	SimBa
tweet-sno-1234	QO	vclaim-sno-rioters-capitol-flagpole	1	37.573077375439674	SimBa
tweet-sno-1235	QO	vclaim-sno-two-women-save-electoral-votes	1	50.10645152043951	SimBa
tweet-sno-1235	QO	vclaim-sno-biden-ossoff-warnock-checks-2000	1	30.19415586388196	SimBa
tweet-sno-1235	QO	vclaim-sno-ginni-thomas-buses	1	30.06631716916975	SimBa
tweet-sno-1235	QO	vclaim-sno-u-s-senate-candidate-missouri-womans-rights	1	29.4514747915794	SimBa
tweet-sno-1235	QO	vclaim-sno-ballots-georgia-senate	1	28.755946976933156	SimBa
tweet-sno-1236	QO	vclaim-sno-troop-loops	1	30.150252641892987	SimBa
tweet-sno-1236	QO	vclaim-sno-cpac-stage-nazi-symbol	1	29.895323415274262	SimBa
tweet-sno-1236	QO	vclaim-sno-trump-riot-camp-auschwitz-shirt	1	29.741352160822203	SimBa
tweet-sno-1236	QO	vclaim-sno-cnn-antifa-capitol-riot	1	27.56310065180087	SimBa
tweet-sno-1236	QO	vclaim-sno-anonymous-masks-illegal	1	27.549179651412263	SimBa
tweet-sno-1237	QO	vclaim-sno-capitol-riot-podium	1	50.39604391811836	SimBa
tweet-sno-1237	QO	vclaim-sno-hang-mike-pence-chant-capitol-riot	1	45.69638449546769	SimBa
tweet-sno-1237	QO	vclaim-sno-capitol-police-opened-gates	1	44.748483247838564	SimBa
tweet-sno-1237	QO	vclaim-sno-aoc-capitol-attack	1	44.701563510934605	SimBa
tweet-sno-1237	QO	vclaim-sno-boebert-tweet-pelosi-location	1	43.315256800090616	SimBa
tweet-sno-1238	QO	vclaim-sno-capitol-riot-podium	1	33.53352638833674	SimBa
tweet-sno-1238	QO	vclaim-sno-elizabeth-knoxville-onion-towel	1	31.682312861591	SimBa
tweet-sno-1238	QO	vclaim-sno-aoc-capitol-attack	1	31.176026591478134	SimBa
tweet-sno-1238	QO	vclaim-sno-newspaper-rioters-photo-antifa	1	30.972920019320128	SimBa
tweet-sno-1238	QO	vclaim-sno-mypillow-antifa-temptresses	1	30.883469449365485	SimBa
tweet-sno-1239	QO	vclaim-sno-giuliani-rally-speech	1	38.50136731336563	SimBa
tweet-sno-1239	QO	vclaim-sno-ballots-georgia-senate	1	34.91883291604203	SimBa
tweet-sno-1239	QO	vclaim-sno-qanon-shaman-jake-angeli-testify	1	33.00450804441959	SimBa
tweet-sno-1239	QO	vclaim-sno-trump-georgia-runoff	1	32.77115472398309	SimBa
tweet-sno-1239	QO	vclaim-sno-audit-the-vote	1	32.606964496048235	SimBa
tweet-sno-1240	QO	vclaim-sno-national-guard-trump-mob	1	57.92477126112925	SimBa
tweet-sno-1240	QO	vclaim-sno-lincoln-memorial-defaced-protesters	1	50.966371996806416	SimBa
tweet-sno-1240	QO	vclaim-sno-attempted-robbery-target-field	1	44.01835620753759	SimBa
tweet-sno-1240	QO	vclaim-sno-troops-guarding-lincoln-memorial	1	40.86455875961141	SimBa
tweet-sno-1240	QO	vclaim-sno-im-sorry-im-late-blm-sign	1	40.771091034973075	SimBa
tweet-sno-1241	QO	vclaim-sno-trump-threaten-federal-buildings	1	61.73736487055446	SimBa
tweet-sno-1241	QO	vclaim-sno-trump-protesters-cans-of-soup	1	43.638466444558034	SimBa
tweet-sno-1241	QO	vclaim-sno-trump-deport-aoc-omar	1	38.969941905445296	SimBa
tweet-sno-1241	QO	vclaim-sno-feds-unmarked-vans-portland	1	38.64786752355458	SimBa
tweet-sno-1241	QO	vclaim-sno-law-charges-protesters-with-terrorism	1	37.91652906821965	SimBa
tweet-sno-1242	QO	vclaim-sno-pence-trump-twitter-jan-6-riots	1	45.16212528523114	SimBa
tweet-sno-1242	QO	vclaim-sno-onlyfans-trump-ban-capitol	1	40.675287391628466	SimBa
tweet-sno-1242	QO	vclaim-sno-trump-twitter-john-barron-1946	1	37.804403311420614	SimBa
tweet-sno-1242	QO	vclaim-sno-trump-lose-followers-first-time	1	34.69842331503416	SimBa
tweet-sno-1242	QO	vclaim-sno-ice-twitter-account-disappear	1	34.50333527518746	SimBa
tweet-sno-1243	QO	vclaim-sno-trump-flag-american-flag-capitol	1	48.81880916645316	SimBa
tweet-sno-1243	QO	vclaim-sno-indian-flag-capitol-riots	1	47.21229715630437	SimBa
tweet-sno-1243	QO	vclaim-sno-confederate-flag-capitol-dc	1	47.19341507072991	SimBa
tweet-sno-1243	QO	vclaim-sno-kevin-seefried-democrat-biden	1	45.48472994991799	SimBa
tweet-sno-1243	QO	vclaim-sno-capitol-riot-podium	1	44.841341795429024	SimBa
tweet-sno-1244	QO	vclaim-sno-trump-flag-american-flag-capitol	1	38.77152410883678	SimBa
tweet-sno-1244	QO	vclaim-sno-confederate-flag-capitol-dc	1	38.72027370753127	SimBa
tweet-sno-1244	QO	vclaim-sno-kevin-seefried-democrat-biden	1	38.66880998105304	SimBa
tweet-sno-1244	QO	vclaim-sno-red-ensign-scare	1	37.146958234290764	SimBa
tweet-sno-1244	QO	vclaim-sno-indian-flag-capitol-riots	1	36.69403267528929	SimBa
tweet-sno-1245	QO	vclaim-sno-kevin-seefried-democrat-biden	1	50.95250381907655	SimBa
tweet-sno-1245	QO	vclaim-sno-trump-flag-american-flag-capitol	1	47.02356486666651	SimBa
tweet-sno-1245	QO	vclaim-sno-capitol-riot-podium	1	46.929652285150475	SimBa
tweet-sno-1245	QO	vclaim-sno-indian-flag-capitol-riots	1	44.521394292958604	SimBa
tweet-sno-1245	QO	vclaim-sno-pence-trump-twitter-jan-6-riots	1	43.63784649043248	SimBa
tweet-sno-1246	QO	vclaim-sno-cross-erected-capitol-building	1	53.63887604706417	SimBa
tweet-sno-1246	QO	vclaim-sno-noose-hung-outside-capitol	1	35.71736514589507	SimBa
tweet-sno-1246	QO	vclaim-sno-capitol-riot-podium	1	35.16008776942882	SimBa
tweet-sno-1246	QO	vclaim-sno-us-capitol-security-fence	1	33.7898039104586	SimBa
tweet-sno-1246	QO	vclaim-sno-capitol-police-selfie	1	33.34592189556999	SimBa
tweet-sno-1247	QO	vclaim-sno-covid-vaccine-funded-by-trump	1	33.41775841368428	SimBa
tweet-sno-1247	QO	vclaim-sno-bill-gates-id2020	1	32.994911097099205	SimBa
tweet-sno-1247	QO	vclaim-sno-chip-off-the-old-salk	1	31.605627896061744	SimBa
tweet-sno-1247	QO	vclaim-sno-countries-covid-19-tests-2018	1	31.496791450644334	SimBa
tweet-sno-1247	QO	vclaim-sno-ipads-covid-virtual-visits	1	31.220277741875524	SimBa
tweet-sno-1248	QO	vclaim-sno-snow-los-angeles	1	50.34914411668722	SimBa
tweet-sno-1248	QO	vclaim-sno-snowfall-in-the-sahara	1	35.99295270080451	SimBa
tweet-sno-1248	QO	vclaim-sno-snowfall-in-saudi-arabia-desert	1	32.43683398576853	SimBa
tweet-sno-1248	QO	vclaim-sno-sahara-desert-snowfall	1	31.21602635040355	SimBa
tweet-sno-1248	QO	vclaim-sno-blm-deputies-compton	1	29.685881174062434	SimBa
tweet-sno-1249	QO	vclaim-sno-snow-los-angeles	1	51.1750871284995	SimBa
tweet-sno-1249	QO	vclaim-sno-snowfall-in-the-sahara	1	35.025051066313694	SimBa
tweet-sno-1249	QO	vclaim-sno-blm-deputies-compton	1	30.337792342761198	SimBa
tweet-sno-1249	QO	vclaim-sno-george-floyd-valentine	1	29.516992474504864	SimBa
tweet-sno-1249	QO	vclaim-sno-snowfall-in-saudi-arabia-desert	1	29.489557091160275	SimBa
tweet-sno-1250	QO	vclaim-sno-pennsylvania-205000-votes	1	58.44058458525642	SimBa
tweet-sno-1250	QO	vclaim-sno-trump-wins-pennsylvania	1	53.94657094550874	SimBa
tweet-sno-1250	QO	vclaim-sno-erie-pennsylvania-trump-ballots	1	51.68158532921588	SimBa
tweet-sno-1250	QO	vclaim-sno-pennsylvania-judge-legal-win-trump	1	49.01717955637211	SimBa
tweet-sno-1250	QO	vclaim-sno-floyd-county-georgia-votes	1	48.55752261447541	SimBa
tweet-sno-1251	QO	vclaim-sno-floyd-county-georgia-votes	1	49.16793043647063	SimBa
tweet-sno-1251	QO	vclaim-sno-pennsylvania-205000-votes	1	44.16945714372058	SimBa
tweet-sno-1251	QO	vclaim-sno-erie-pennsylvania-trump-ballots	1	42.13488556021576	SimBa
tweet-sno-1251	QO	vclaim-sno-pennsylvania-judge-legal-win-trump	1	41.98712626021156	SimBa
tweet-sno-1251	QO	vclaim-sno-ballots-lancaster-pa	1	41.29333754301013	SimBa
tweet-sno-1252	QO	vclaim-sno-cdc-report-majority-wore-masks	1	35.50889197481639	SimBa
tweet-sno-1252	QO	vclaim-sno-ticketmaster-negative-covid-test	1	34.09720801844871	SimBa
tweet-sno-1252	QO	vclaim-sno-covid-flu-tamiflu	1	32.463521581911934	SimBa
tweet-sno-1252	QO	vclaim-sno-thalidomide-covid-vaccine	1	32.146793750650154	SimBa
tweet-sno-1252	QO	vclaim-sno-california-separate-children-covid	1	31.973309098845576	SimBa
tweet-sno-1253	QO	vclaim-sno-scott-walker-pizza	1	35.828751796757814	SimBa
tweet-sno-1253	QO	vclaim-sno-trump-covid-19-deaths-hurt	1	28.856635861440072	SimBa
tweet-sno-1253	QO	vclaim-sno-sargento-recall-fake-news	1	28.35451021291392	SimBa
tweet-sno-1253	QO	vclaim-sno-trevor-lawrence-white-house-meal	1	28.32942317080938	SimBa
tweet-sno-1253	QO	vclaim-sno-does-restaurant-tattoo-guarantee-food	1	28.091375017744774	SimBa
tweet-sno-1254	QO	vclaim-sno-swimming-pool-wonderful-life	1	34.233009649676305	SimBa
tweet-sno-1254	QO	vclaim-sno-student-suspended-pretending-transgender-locker-room	1	31.515471575683357	SimBa
tweet-sno-1254	QO	vclaim-sno-room-service	1	29.444306924301845	SimBa
tweet-sno-1254	QO	vclaim-sno-disney-matterhorn-basketball-court	1	28.089567858440176	SimBa
tweet-sno-1254	QO	vclaim-sno-covington-catholic-black-paint	1	27.941966811025	SimBa
tweet-sno-1255	QO	vclaim-sno-swimming-pool-wonderful-life	1	49.371509781065335	SimBa
tweet-sno-1255	QO	vclaim-sno-world39s-largest-swimming-pool	1	30.903777545595165	SimBa
tweet-sno-1255	QO	vclaim-sno-risque-prom-dress	1	27.758321304615365	SimBa
tweet-sno-1255	QO	vclaim-sno-mcenany-obama-hut-tweet	1	26.82534922602973	SimBa
tweet-sno-1255	QO	vclaim-sno-moore-accuser-yearbook	1	26.69953792938019	SimBa
tweet-sno-1256	QO	vclaim-sno-kfc-gaming-console	1	32.7034158622082	SimBa
tweet-sno-1256	QO	vclaim-sno-among-us-chicken-nugget-sale	1	30.0582258521084	SimBa
tweet-sno-1256	QO	vclaim-sno-chick-fil-a-tiktok-nuggets-recipe	1	28.069450466216754	SimBa
tweet-sno-1256	QO	vclaim-sno-squeez-bacon-liquid	1	27.465920128284427	SimBa
tweet-sno-1256	QO	vclaim-sno-countries-covid-19-tests-2018	1	26.62157200133878	SimBa
tweet-sno-1257	QO	vclaim-sno-graham-buttigieg-repent	1	54.29792085432028	SimBa
tweet-sno-1257	QO	vclaim-sno-rush-limbaugh-marriage-children	1	35.089382412589494	SimBa
tweet-sno-1257	QO	vclaim-sno-where-is-god	1	34.97980098632704	SimBa
tweet-sno-1257	QO	vclaim-sno-billy-graham-say-homosexuals-castrated	1	32.77924227698634	SimBa
tweet-sno-1257	QO	vclaim-sno-heterosexual-near-death-experience	1	32.77357501685186	SimBa
tweet-sno-1258	QO	vclaim-sno-tom-brady-ppp	1	49.150498251159654	SimBa
tweet-sno-1258	QO	vclaim-sno-us-millionaires-stimulus-checks	1	37.90737882840128	SimBa
tweet-sno-1258	QO	vclaim-sno-second-covid-stimulus-foreign-aid	1	36.27198404649623	SimBa
tweet-sno-1258	QO	vclaim-sno-osteen-coronavirus-loan	1	35.07132870846554	SimBa
tweet-sno-1258	QO	vclaim-sno-kanye-west-elon-musk	1	34.770562452674774	SimBa
tweet-sno-1259	QO	vclaim-sno-vatican-nativity	1	38.12956538316317	SimBa
tweet-sno-1259	QO	vclaim-sno-no-nativity-scenes-white-house	1	32.68858404382057	SimBa
tweet-sno-1259	QO	vclaim-sno-belgian-town-removes-nativity-scene-appease-four-muslim-residents	1	29.338762892046507	SimBa
tweet-sno-1259	QO	vclaim-sno-abortion-clinic-forceps-christmas	1	28.194006261758275	SimBa
tweet-sno-1259	QO	vclaim-sno-muslims-declare-december-24th-islamic-holiday	1	26.216029154731466	SimBa
tweet-sno-1260	QO	vclaim-sno-cyberpunk-2077-refunds	1	49.814311690524534	SimBa
tweet-sno-1260	QO	vclaim-sno-xbox-playstation-ps5-congrats	1	32.41268266492531	SimBa
tweet-sno-1260	QO	vclaim-sno-irs-scam-season	1	30.708288200469504	SimBa
tweet-sno-1260	QO	vclaim-sno-all-work-and-no-playstation	1	29.099169475734435	SimBa
tweet-sno-1260	QO	vclaim-sno-kohls-blm-black-lives-matter	1	27.488005428720697	SimBa
tweet-sno-1261	QO	vclaim-sno-cyberpunk-2077-refunds	1	54.72762394487512	SimBa
tweet-sno-1261	QO	vclaim-sno-xbox-playstation-ps5-congrats	1	32.14792689393224	SimBa
tweet-sno-1261	QO	vclaim-sno-aba-letter-covid19-masks	1	29.111190732117564	SimBa
tweet-sno-1261	QO	vclaim-sno-costco-policy-change	1	28.87114616799794	SimBa
tweet-sno-1261	QO	vclaim-sno-target-holiday-stores	1	27.82010703806268	SimBa
tweet-sno-1262	QO	vclaim-sno-extraterrestrial-material-asteroid	1	32.24453199992219	SimBa
tweet-sno-1262	QO	vclaim-sno-goya-ceo-praise-trump	1	28.412269025937665	SimBa
tweet-sno-1262	QO	vclaim-sno-countries-covid-19-tests-2018	1	27.47762179164075	SimBa
tweet-sno-1262	QO	vclaim-sno-yellow-turtle-real	1	27.333150111266747	SimBa
tweet-sno-1262	QO	vclaim-sno-disney-pixar-boo	1	27.195532935474162	SimBa
tweet-sno-1263	QO	vclaim-sno-supreme-court-erupt-shouting-match	1	45.50590051775861	SimBa
tweet-sno-1263	QO	vclaim-sno-george-h-w-bush-lynched-quote	1	34.96878113671811	SimBa
tweet-sno-1263	QO	vclaim-sno-justice-roberts-impeachment-vote	1	33.781873095227304	SimBa
tweet-sno-1263	QO	vclaim-sno-trump-tweet-obama-scotus	1	33.5625153055539	SimBa
tweet-sno-1263	QO	vclaim-sno-joe-biden-roe-v-wade-quote	1	32.032279847047704	SimBa
tweet-sno-1264	QO	vclaim-sno-schitts-creek-motel-seattle	1	39.55024286406241	SimBa
tweet-sno-1264	QO	vclaim-sno-republican-dean-browning-gay	1	25.036403891180758	SimBa
tweet-sno-1264	QO	vclaim-sno-french-bulldog-kentucky-mayor	1	24.057457326580906	SimBa
tweet-sno-1264	QO	vclaim-sno-trump-sign-hollywood-los-angeles	1	23.282805981333933	SimBa
tweet-sno-1264	QO	vclaim-sno-mcenany-obama-hut-tweet	1	23.217824158311036	SimBa
tweet-sno-1265	QO	vclaim-sno-schitts-creek-motel-seattle	1	55.75185154676956	SimBa
tweet-sno-1265	QO	vclaim-sno-moira-rose-home-alone	1	45.544497023414245	SimBa
tweet-sno-1265	QO	vclaim-sno-home-alone-world-trade-center	1	33.9370231870828	SimBa
tweet-sno-1265	QO	vclaim-sno-tarzan-and-tarzana	1	33.24760219687853	SimBa
tweet-sno-1265	QO	vclaim-sno-netflix-n-word-party	1	31.591208008675487	SimBa
tweet-sno-1266	QO	vclaim-sno-popular-vote-totals-rigged	1	51.61889046773587	SimBa
tweet-sno-1266	QO	vclaim-sno-floyd-county-georgia-votes	1	43.054653350188815	SimBa
tweet-sno-1266	QO	vclaim-sno-could-trump-defy-popular-vote	1	42.64035471363008	SimBa
tweet-sno-1266	QO	vclaim-sno-trump-vote-twice-north-carolina	1	41.359156780705526	SimBa
tweet-sno-1266	QO	vclaim-sno-ia-fl-oh-election-loss	1	41.19015057063587	SimBa
tweet-sno-1267	QO	vclaim-sno-the-north-face-refuse-jackets	1	55.01268025482605	SimBa
tweet-sno-1267	QO	vclaim-sno-big-oil	1	35.44203122429132	SimBa
tweet-sno-1267	QO	vclaim-sno-gas-station-shuns-serviceman	1	33.4166801717987	SimBa
tweet-sno-1267	QO	vclaim-sno-aba-letter-covid19-masks	1	32.72941923136153	SimBa
tweet-sno-1267	QO	vclaim-sno-mittens-bernie-sanders	1	31.940806456981363	SimBa
tweet-sno-1268	QO	vclaim-sno-alex-jones-biden-removed	1	60.36833377929074	SimBa
tweet-sno-1268	QO	vclaim-sno-militia-bidens-inauguration	1	43.412070634208334	SimBa
tweet-sno-1268	QO	vclaim-sno-biden-antifa-courageous-americans	1	43.16647412030177	SimBa
tweet-sno-1268	QO	vclaim-sno-fake-aoc-purge-tweet	1	43.16314517703867	SimBa
tweet-sno-1268	QO	vclaim-sno-biden-trump-xenophobic	1	42.1558932846957	SimBa
tweet-sno-1269	QO	vclaim-sno-allstate-island-real	1	43.80930405074939	SimBa
tweet-sno-1269	QO	vclaim-sno-spongebob-epstein-island-address	1	24.885446575590663	SimBa
tweet-sno-1269	QO	vclaim-sno-irs-stimulus-check-1200	1	23.85526450647201	SimBa
tweet-sno-1269	QO	vclaim-sno-disney-pixar-boo	1	23.74942716442536	SimBa
tweet-sno-1269	QO	vclaim-sno-lash-of-the-mohicans	1	23.493299151778018	SimBa
tweet-sno-1270	QO	vclaim-sno-allstate-island-real	1	42.81033004499491	SimBa
tweet-sno-1270	QO	vclaim-sno-epstein-alive-new-mexico	1	29.37690689787818	SimBa
tweet-sno-1270	QO	vclaim-sno-home-alone-world-trade-center	1	27.35837796055483	SimBa
tweet-sno-1270	QO	vclaim-sno-french-bulldog-kentucky-mayor	1	25.064682491810057	SimBa
tweet-sno-1270	QO	vclaim-sno-loonie-toonies	1	25.011571179567138	SimBa
tweet-sno-1271	QO	vclaim-sno-federal-holiday-christmas-eve	1	77.3796054019644	SimBa
tweet-sno-1271	QO	vclaim-sno-trump-stimulus-package-election	1	44.089828797148414	SimBa
tweet-sno-1271	QO	vclaim-sno-playing-christmas-music-federal-crime	1	43.510813748630866	SimBa
tweet-sno-1271	QO	vclaim-sno-fake-trump-tweet	1	43.32856832769758	SimBa
tweet-sno-1271	QO	vclaim-sno-muslims-declare-december-24th-islamic-holiday	1	42.99998926362844	SimBa
tweet-sno-1272	QO	vclaim-sno-disney-sister-act-3	1	56.560202676975436	SimBa
tweet-sno-1272	QO	vclaim-sno-disney-pixar-boo	1	39.33990464322027	SimBa
tweet-sno-1272	QO	vclaim-sno-star-wars-youtube-ads	1	35.391743821850696	SimBa
tweet-sno-1272	QO	vclaim-sno-new-twilight-movie-jacob-renesmee	1	34.875385541420385	SimBa
tweet-sno-1272	QO	vclaim-sno-hocus-pocus-2	1	32.52184301537617	SimBa
tweet-sno-1273	QO	vclaim-sno-when-is-hocus-pocus-2-coming-out	1	51.03637943519241	SimBa
tweet-sno-1273	QO	vclaim-sno-hocus-pocus-2	1	49.498528131259434	SimBa
tweet-sno-1273	QO	vclaim-sno-disney-pixar-boo	1	45.800011290516515	SimBa
tweet-sno-1273	QO	vclaim-sno-beetlejuice-2-coming-soon	1	41.795361485606236	SimBa
tweet-sno-1273	QO	vclaim-sno-disney-sister-act-3	1	36.44151208830732	SimBa
tweet-sno-1274	QO	vclaim-sno-chick-fil-a-long-lines-lawsuit	1	40.30371833905365	SimBa
tweet-sno-1274	QO	vclaim-sno-cant-be-yelped	1	31.401549529546593	SimBa
tweet-sno-1274	QO	vclaim-sno-tucker-carlson-restaurants-sucks	1	31.10837330108195	SimBa
tweet-sno-1274	QO	vclaim-sno-mccloskeys-synagogue-beehives	1	30.72481934265334	SimBa
tweet-sno-1274	QO	vclaim-sno-chick-fil-a-sunday-tradition	1	30.654627281848533	SimBa
tweet-sno-1275	QO	vclaim-sno-costco-rotisserie-chicken-cheap	1	87.17982074733149	SimBa
tweet-sno-1275	QO	vclaim-sno-drug-law-lobbying-by-corrections-corporation-of-america	1	36.25219243559562	SimBa
tweet-sno-1275	QO	vclaim-sno-tgi-fridays-deal	1	32.97294816251407	SimBa
tweet-sno-1275	QO	vclaim-sno-boston-market-coupon	1	31.908505447680703	SimBa
tweet-sno-1275	QO	vclaim-sno-costco-coupon-scam	1	30.923080395555488	SimBa
tweet-sno-1276	QO	vclaim-sno-ia-fl-oh-election-loss	1	58.90575830326109	SimBa
tweet-sno-1276	QO	vclaim-sno-won-both-ohio-florida-lost	1	51.8285893280909	SimBa
tweet-sno-1276	QO	vclaim-sno-trump-wins-pennsylvania	1	49.36933094222552	SimBa
tweet-sno-1276	QO	vclaim-sno-trump-clinton-counties-won	1	44.8540282172948	SimBa
tweet-sno-1276	QO	vclaim-sno-pennsylvania-judge-legal-win-trump	1	42.744682457595964	SimBa
tweet-sno-1277	QO	vclaim-sno-apartment-radiator-pandemic-spread	1	55.61896475179575	SimBa
tweet-sno-1277	QO	vclaim-sno-handkerchiefs-kissing-covid	1	31.866635153984788	SimBa
tweet-sno-1277	QO	vclaim-sno-1918-quarantine-ad-for-phone	1	30.86186466734852	SimBa
tweet-sno-1277	QO	vclaim-sno-cat-spanish-flu-mask	1	30.80554206171208	SimBa
tweet-sno-1277	QO	vclaim-sno-countries-covid-19-tests-2018	1	30.58104559440234	SimBa
tweet-sno-1278	QO	vclaim-sno-mcdonalds-breakfast-frozen-eggs	1	33.053315189449556	SimBa
tweet-sno-1278	QO	vclaim-sno-man-sue-mcdonalds-depressed-eating-happy-meal	1	28.1536269952715	SimBa
tweet-sno-1278	QO	vclaim-sno-noodles-freeze-cold-weather	1	28.087774823064684	SimBa
tweet-sno-1278	QO	vclaim-sno-something-eggstra	1	27.92611773534053	SimBa
tweet-sno-1278	QO	vclaim-sno-steak-umms-neil-degrasse-tyson	1	27.11970319150782	SimBa
tweet-sno-1279	QO	vclaim-sno-gohmert-tooth-fall-out	1	61.74389682465417	SimBa
tweet-sno-1279	QO	vclaim-sno-trey-gowdy-nancy-pelosi	1	35.9171922751966	SimBa
tweet-sno-1279	QO	vclaim-sno-goya-ceo-praise-trump	1	34.42643344193508	SimBa
tweet-sno-1279	QO	vclaim-sno-ice-twitter-account-disappear	1	33.72766482026394	SimBa
tweet-sno-1279	QO	vclaim-sno-schumer-erection-senate-floor	1	33.6595356787346	SimBa
tweet-sno-1280	QO	vclaim-sno-biden-harris-disease-disagreed	1	85.67965535645513	SimBa
tweet-sno-1280	QO	vclaim-sno-harris-biden-blog-post	1	45.90893869989936	SimBa
tweet-sno-1280	QO	vclaim-sno-biden-say-president-harris	1	44.95446858035853	SimBa
tweet-sno-1280	QO	vclaim-sno-soros-harris-vice-president	1	43.45486638887793	SimBa
tweet-sno-1280	QO	vclaim-sno-bar-owner-biden-ad	1	42.808770292210646	SimBa
tweet-sno-1281	QO	vclaim-sno-indiana-jones-saxophone	1	48.52135772559637	SimBa
tweet-sno-1281	QO	vclaim-sno-harrison-ford-trump-han-solo	1	31.096331115565636	SimBa
tweet-sno-1281	QO	vclaim-sno-eeyore-indiana-jones-adventure	1	28.616352270675314	SimBa
tweet-sno-1281	QO	vclaim-sno-war-of-the-worlds	1	27.3274430220504	SimBa
tweet-sno-1281	QO	vclaim-sno-missile-strike-nashville-explosion	1	27.281860973662624	SimBa
tweet-sno-1282	QO	vclaim-sno-indiana-jones-saxophone	1	54.53643943371454	SimBa
tweet-sno-1282	QO	vclaim-sno-eric-clapton-quote-about-prince	1	29.760033083756394	SimBa
tweet-sno-1282	QO	vclaim-sno-back-to-the-future-predictions	1	29.080817629250003	SimBa
tweet-sno-1282	QO	vclaim-sno-harrison-ford-trump-han-solo	1	28.858108434311973	SimBa
tweet-sno-1282	QO	vclaim-sno-tiktok-oh-no-song	1	27.011101621536675	SimBa
tweet-sno-1283	QO	vclaim-sno-indiana-jones-saxophone	1	56.70690967255733	SimBa
tweet-sno-1283	QO	vclaim-sno-harrison-ford-trump-han-solo	1	31.89474980353912	SimBa
tweet-sno-1283	QO	vclaim-sno-back-to-the-future-predictions	1	28.697064964396617	SimBa
tweet-sno-1283	QO	vclaim-sno-tiktok-oh-no-song	1	28.136305530887796	SimBa
tweet-sno-1283	QO	vclaim-sno-dmx-death-hoax	1	27.67990979506498	SimBa
tweet-sno-1284	QO	vclaim-sno-indiana-jones-saxophone	1	45.079335956866245	SimBa
tweet-sno-1284	QO	vclaim-sno-harrison-ford-trump-han-solo	1	36.808020711255544	SimBa
tweet-sno-1284	QO	vclaim-sno-james-earl-jones-star-wars-london-segregation	1	30.14759297281207	SimBa
tweet-sno-1284	QO	vclaim-sno-back-to-the-future-predictions	1	29.08048752795997	SimBa
tweet-sno-1284	QO	vclaim-sno-harrison-ford-holding-a-trump-sign	1	28.577315694208114	SimBa
tweet-sno-1285	QO	vclaim-sno-florida-rebekah-jones-raid	1	49.29072161957484	SimBa
tweet-sno-1285	QO	vclaim-sno-seattle-police-confiscate-mans-guns-without-warrant	1	32.2386518567792	SimBa
tweet-sno-1285	QO	vclaim-sno-aba-letter-covid19-masks	1	31.524313442906582	SimBa
tweet-sno-1285	QO	vclaim-sno-ice-twitter-account-disappear	1	29.835689013132814	SimBa
tweet-sno-1285	QO	vclaim-sno-kenosha-police-body-cams	1	29.706854224353332	SimBa
tweet-sno-1286	QO	vclaim-sno-nasa-sally-ride-100-tampons	1	62.183739591926965	SimBa
tweet-sno-1286	QO	vclaim-sno-nasa-hillary-clinton-astronaut	1	38.03145764522731	SimBa
tweet-sno-1286	QO	vclaim-sno-spacesuit-envy	1	36.472170004839306	SimBa
tweet-sno-1286	QO	vclaim-sno-recalled-tampons-zombie-ants	1	32.63292003564305	SimBa
tweet-sno-1286	QO	vclaim-sno-the-write-stuff	1	31.115155148627494	SimBa
tweet-sno-1287	QO	vclaim-sno-my-pleasure-chick-fil-a	1	47.947114313582006	SimBa
tweet-sno-1287	QO	vclaim-sno-did-aoc-say-this-about-trump	1	32.936942989118506	SimBa
tweet-sno-1287	QO	vclaim-sno-does-restaurant-tattoo-guarantee-food	1	32.353362587939515	SimBa
tweet-sno-1287	QO	vclaim-sno-ice-cream-registration-notice	1	30.82080025247064	SimBa
tweet-sno-1287	QO	vclaim-sno-taco-blue-fray	1	30.19950695989606	SimBa
tweet-sno-1288	QO	vclaim-sno-my-pleasure-chick-fil-a	1	55.57840189966588	SimBa
tweet-sno-1288	QO	vclaim-sno-free-cone-day	1	36.88751335409119	SimBa
tweet-sno-1288	QO	vclaim-sno-hands-up-don39t-scoop	1	33.6017263232461	SimBa
tweet-sno-1288	QO	vclaim-sno-does-restaurant-tattoo-guarantee-food	1	33.14657358951413	SimBa
tweet-sno-1288	QO	vclaim-sno-facebook-cold-stone-pregnancy-discount	1	32.466696982792115	SimBa
tweet-sno-1289	QO	vclaim-sno-my-pleasure-chick-fil-a	1	46.34543698730431	SimBa
tweet-sno-1289	QO	vclaim-sno-chick-fil-a-promotions	1	30.439130222803154	SimBa
tweet-sno-1289	QO	vclaim-sno-free-cone-day	1	29.76627800016917	SimBa
tweet-sno-1289	QO	vclaim-sno-does-restaurant-tattoo-guarantee-food	1	28.912191730494683	SimBa
tweet-sno-1289	QO	vclaim-sno-facebook-cold-stone-pregnancy-discount	1	28.662092880774374	SimBa
tweet-sno-1290	QO	vclaim-sno-my-pleasure-chick-fil-a	1	53.38980042593285	SimBa
tweet-sno-1290	QO	vclaim-sno-does-restaurant-tattoo-guarantee-food	1	30.62197046577276	SimBa
tweet-sno-1290	QO	vclaim-sno-chick-fil-a-promotions	1	30.295143425222562	SimBa
tweet-sno-1290	QO	vclaim-sno-memphis-poll-black-lives-matter	1	28.855544609409122	SimBa
tweet-sno-1290	QO	vclaim-sno-chick-fil-a-coupon-scam	1	28.048512950882863	SimBa
tweet-sno-1291	QO	vclaim-sno-biden-covid-vaccine	1	49.38966232256316	SimBa
tweet-sno-1291	QO	vclaim-sno-biden-ossoff-warnock-checks-2000	1	45.47196304152956	SimBa
tweet-sno-1291	QO	vclaim-sno-did-trump-praise-covid-19-vaccines	1	42.22734790785588	SimBa
tweet-sno-1291	QO	vclaim-sno-biden-dogs-trump-chew-toy	1	42.22011248689079	SimBa
tweet-sno-1291	QO	vclaim-sno-biden-vaccines-hurricane-protect	1	42.107505931714215	SimBa
tweet-sno-1292	QO	vclaim-sno-matt-putz	1	50.02491546005981	SimBa
tweet-sno-1292	QO	vclaim-sno-new-jersey-ballot-tax-returns	1	38.18194976988912	SimBa
tweet-sno-1292	QO	vclaim-sno-chris-christie-vetoes-equal-pay	1	32.4576455216574	SimBa
tweet-sno-1292	QO	vclaim-sno-aoc-fined-sotu	1	32.10184914372063	SimBa
tweet-sno-1292	QO	vclaim-sno-trey-gowdy-nancy-pelosi	1	31.13044271361793	SimBa
tweet-sno-1293	QO	vclaim-sno-christian-owned-airlines-change-wing-light-colors-to-celebrate-christmas	1	35.43612269328846	SimBa
tweet-sno-1293	QO	vclaim-sno-chick-fil-a-food-stranded-storm	1	29.360657877220618	SimBa
tweet-sno-1293	QO	vclaim-sno-my-pleasure-chick-fil-a	1	27.180691070478193	SimBa
tweet-sno-1293	QO	vclaim-sno-birthday-of-jesus	1	26.328320171592495	SimBa
tweet-sno-1293	QO	vclaim-sno-aldi-free-food-homeless-christmas	1	26.010969216760753	SimBa
tweet-sno-1294	QO	vclaim-sno-drake-scented-candles	1	46.7873332610101	SimBa
tweet-sno-1294	QO	vclaim-sno-gwyneth-paltrow-vagina-candle	1	36.44441335195225	SimBa
tweet-sno-1294	QO	vclaim-sno-mcdonalds-quarter-pounder-candles	1	33.99344331505943	SimBa
tweet-sno-1294	QO	vclaim-sno-kfc-really-create-chicken-scented-candle	1	33.90349654161234	SimBa
tweet-sno-1294	QO	vclaim-sno-twitter-cammo-trump-covid	1	28.22604919965825	SimBa
tweet-sno-1295	QO	vclaim-sno-flash-player-no-longer-supported	1	36.91417076499509	SimBa
tweet-sno-1295	QO	vclaim-sno-twitter-cammo-trump-covid	1	29.828584290366006	SimBa
tweet-sno-1295	QO	vclaim-sno-disney-pixar-boo	1	29.08678284159518	SimBa
tweet-sno-1295	QO	vclaim-sno-nasa-blackout-warning	1	28.020434314453034	SimBa
tweet-sno-1295	QO	vclaim-sno-ice-twitter-account-disappear	1	27.38770555411665	SimBa
tweet-sno-1296	QO	vclaim-sno-flash-player-no-longer-supported	1	43.198770853429295	SimBa
tweet-sno-1296	QO	vclaim-sno-disney-pixar-boo	1	29.06339821490586	SimBa
tweet-sno-1296	QO	vclaim-sno-ice-twitter-account-disappear	1	28.164243794101942	SimBa
tweet-sno-1296	QO	vclaim-sno-trump-death-hoax	1	27.581299301713173	SimBa
tweet-sno-1296	QO	vclaim-sno-nasa-blackout-warning	1	26.922096967277785	SimBa
tweet-sno-1297	QO	vclaim-sno-flash-player-no-longer-supported	1	46.234778560690465	SimBa
tweet-sno-1297	QO	vclaim-sno-delete-google-chrome-trends	1	31.727306976175484	SimBa
tweet-sno-1297	QO	vclaim-sno-ice-twitter-account-disappear	1	30.36842359358091	SimBa
tweet-sno-1297	QO	vclaim-sno-facebook-ban-livestreamed-music	1	30.343428573942173	SimBa
tweet-sno-1297	QO	vclaim-sno-boob-youtube	1	30.284378517821082	SimBa
tweet-sno-1298	QO	vclaim-sno-santa-covid-exemption-ireland	1	52.8970511183602	SimBa
tweet-sno-1298	QO	vclaim-sno-red-mask-blue-mask-covid	1	32.221152458881846	SimBa
tweet-sno-1298	QO	vclaim-sno-santas-canadian-postal-code	1	30.316521459857498	SimBa
tweet-sno-1298	QO	vclaim-sno-tucker-carlson-masks-child-abuse	1	30.001979690358	SimBa
tweet-sno-1298	QO	vclaim-sno-cdc-ted-cruz-mexico	1	29.977490601986723	SimBa
tweet-sno-1299	QO	vclaim-sno-monolith-found-utah	1	29.938854883207025	SimBa
tweet-sno-1299	QO	vclaim-sno-monolith-california	1	29.506308118033964	SimBa
tweet-sno-1299	QO	vclaim-sno-snow-los-angeles	1	27.496274343294516	SimBa
tweet-sno-1299	QO	vclaim-sno-ice-twitter-account-disappear	1	26.050970472850963	SimBa
tweet-sno-1299	QO	vclaim-sno-trump-sign-hollywood-los-angeles	1	25.87002366121137	SimBa
tweet-sno-1300	QO	vclaim-sno-king-louis-xiv-fetish-birth	1	43.17788125777495	SimBa
tweet-sno-1300	QO	vclaim-sno-ellie-kemper-kkk-veiled-prophet	1	31.33628191794564	SimBa
tweet-sno-1300	QO	vclaim-sno-pat-robertson-feminist-agenda	1	30.876016238802034	SimBa
tweet-sno-1300	QO	vclaim-sno-back-to-the-future-predictions	1	29.81233916672983	SimBa
tweet-sno-1300	QO	vclaim-sno-mike-pence-allowing-rape-victims-to-have-abortions-will-lead-to-women-trying-to-get-raped	1	29.63376926823992	SimBa
tweet-sno-1301	QO	vclaim-sno-loser-lawn-trump-golf-course	1	34.09158036700207	SimBa
tweet-sno-1301	QO	vclaim-sno-large-alligator-on-golf-course	1	30.301854802161223	SimBa
tweet-sno-1301	QO	vclaim-sno-golfing-trump-election-results	1	29.489630213540405	SimBa
tweet-sno-1301	QO	vclaim-sno-tom-brady-election-white-house	1	29.479063365517135	SimBa
tweet-sno-1301	QO	vclaim-sno-stress-awareness-day	1	28.954847800016527	SimBa
tweet-sno-1302	QO	vclaim-sno-johns-hopkins-covid-deaths	1	71.30888486566542	SimBa
tweet-sno-1302	QO	vclaim-sno-ice-twitter-account-disappear	1	41.95775385700132	SimBa
tweet-sno-1302	QO	vclaim-sno-cdc-covid-19-data	1	41.60387072906515	SimBa
tweet-sno-1302	QO	vclaim-sno-cdc-mortality-statistics	1	40.30943687037918	SimBa
tweet-sno-1302	QO	vclaim-sno-typical-year-covid-deaths	1	39.62644903757345	SimBa
tweet-sno-1303	QO	vclaim-sno-words-of-wisdom	1	32.21789485382499	SimBa
tweet-sno-1303	QO	vclaim-sno-tiktok-oh-no-song	1	32.14438067532569	SimBa
tweet-sno-1303	QO	vclaim-sno-72-hour-challenge	1	31.916594512739785	SimBa
tweet-sno-1303	QO	vclaim-sno-was-ed-edd-n-eddy-reboot-announced	1	29.859011950337567	SimBa
tweet-sno-1303	QO	vclaim-sno-back-to-the-future-predictions	1	28.355307658468718	SimBa
tweet-sno-1304	QO	vclaim-sno-leonardo-dicaprio-disney-channel	1	32.574900231232846	SimBa
tweet-sno-1304	QO	vclaim-sno-back-to-the-future-predictions	1	29.35069571549928	SimBa
tweet-sno-1304	QO	vclaim-sno-madonna-trump-2020	1	28.50923454238169	SimBa
tweet-sno-1304	QO	vclaim-sno-ellie-kemper-kkk-veiled-prophet	1	28.08976012055478	SimBa
tweet-sno-1304	QO	vclaim-sno-young-aunt-bee-pin-up	1	27.98242989840402	SimBa
tweet-sno-1305	QO	vclaim-sno-leonardo-dicaprio-disney-channel	1	31.97744268969567	SimBa
tweet-sno-1305	QO	vclaim-sno-scarface-remake-leonardo-dicaprio	1	28.191637064881238	SimBa
tweet-sno-1305	QO	vclaim-sno-star-wars-youtube-ads	1	26.970458981715822	SimBa
tweet-sno-1305	QO	vclaim-sno-leonardo-dicaprio-cast-mlk-new-film-will-wear-blackface	1	26.523210751761972	SimBa
tweet-sno-1305	QO	vclaim-sno-kamala-harris-jacob-blake-proud	1	26.327563955122848	SimBa
tweet-sno-1306	QO	vclaim-sno-georgia-signature-audit	1	39.110990555348636	SimBa
tweet-sno-1306	QO	vclaim-sno-barr-major-discovery	1	37.74992544151756	SimBa
tweet-sno-1306	QO	vclaim-sno-pennsylvania-judge-legal-win-trump	1	36.817080539118834	SimBa
tweet-sno-1306	QO	vclaim-sno-floyd-county-georgia-votes	1	36.798498853763576	SimBa
tweet-sno-1306	QO	vclaim-sno-could-trump-defy-popular-vote	1	36.57152752387937	SimBa
tweet-sno-1307	QO	vclaim-sno-trump-detroit-voters-2020	1	44.55100475762762	SimBa
tweet-sno-1307	QO	vclaim-sno-more-votes-than-voters-in-detroit	1	42.35846602860424	SimBa
tweet-sno-1307	QO	vclaim-sno-missing-votes-trump-california	1	42.05511214292613	SimBa
tweet-sno-1307	QO	vclaim-sno-dominion-deleted-trump-votes	1	41.17485768402672	SimBa
tweet-sno-1307	QO	vclaim-sno-erie-pennsylvania-trump-ballots	1	40.19720691826675	SimBa
tweet-sno-1308	QO	vclaim-sno-trump-pardon-turkey-election	1	60.43128733287892	SimBa
tweet-sno-1308	QO	vclaim-sno-trump-condemn-white-supremacists	1	45.04994541426081	SimBa
tweet-sno-1308	QO	vclaim-sno-tom-brady-election-white-house	1	43.25516302449334	SimBa
tweet-sno-1308	QO	vclaim-sno-could-trump-defy-popular-vote	1	41.43137008077328	SimBa
tweet-sno-1308	QO	vclaim-sno-trump-recount-battleground-states	1	41.05641511152804	SimBa
tweet-sno-1309	QO	vclaim-sno-alaska-town-60-days-without-sun	1	44.303554170672015	SimBa
tweet-sno-1309	QO	vclaim-sno-sun-lockdown	1	39.03893803546721	SimBa
tweet-sno-1309	QO	vclaim-sno-wolf-moon-january	1	34.72121691215291	SimBa
tweet-sno-1309	QO	vclaim-sno-asteroid-golden-gate-bridge	1	34.49797281370764	SimBa
tweet-sno-1309	QO	vclaim-sno-saturn-close-to-earth-meme	1	33.756311618073084	SimBa
tweet-sno-1310	QO	vclaim-sno-florida-air-force-robotic-dogs	1	52.552824075415195	SimBa
tweet-sno-1310	QO	vclaim-sno-army-working-dogs-satire	1	37.06451583857204	SimBa
tweet-sno-1310	QO	vclaim-sno-biden-major-dog-rescue-white-house	1	33.329090710444945	SimBa
tweet-sno-1310	QO	vclaim-sno-biden-dog-major-indoguration	1	32.55687434607761	SimBa
tweet-sno-1310	QO	vclaim-sno-fatima-hemminger-air-force	1	31.99854376264215	SimBa
tweet-sno-1311	QO	vclaim-sno-20000-dead-voters-in-pennsylvania	1	58.31761919331751	SimBa
tweet-sno-1311	QO	vclaim-sno-everylegalvote-2020-election	1	49.47419292977044	SimBa
tweet-sno-1311	QO	vclaim-sno-erie-pennsylvania-trump-ballots	1	47.21242901830172	SimBa
tweet-sno-1311	QO	vclaim-sno-biden-admit-voter-fraud	1	47.19220816781626	SimBa
tweet-sno-1311	QO	vclaim-sno-floyd-county-georgia-votes	1	46.420898898680676	SimBa
tweet-sno-1312	QO	vclaim-sno-christmas-tree-owl	1	42.25799494914313	SimBa
tweet-sno-1312	QO	vclaim-sno-snowy-owl-130-years	1	31.176119185204158	SimBa
tweet-sno-1312	QO	vclaim-sno-catapulted-cat	1	30.58515861674822	SimBa
tweet-sno-1312	QO	vclaim-sno-owl-having-an-orgasm	1	27.251860753765378	SimBa
tweet-sno-1312	QO	vclaim-sno-kaleb-shriners-hospitals-death	1	27.245780401382042	SimBa
tweet-sno-1313	QO	vclaim-sno-wisconsin-vote-dump	1	53.19252497705406	SimBa
tweet-sno-1313	QO	vclaim-sno-floyd-county-georgia-votes	1	45.76978851644027	SimBa
tweet-sno-1313	QO	vclaim-sno-300000-wisconsin-voters-turned-away-due-to-voter-id-laws	1	45.28851857497102	SimBa
tweet-sno-1313	QO	vclaim-sno-popular-vote-totals-rigged	1	45.054347585619034	SimBa
tweet-sno-1313	QO	vclaim-sno-erie-pennsylvania-trump-ballots	1	44.46169713060985	SimBa
tweet-sno-1314	QO	vclaim-sno-dominion-servers-germany-seized	1	49.64018307503215	SimBa
tweet-sno-1314	QO	vclaim-sno-could-trump-defy-popular-vote	1	38.20286514976806	SimBa
tweet-sno-1314	QO	vclaim-sno-floyd-county-georgia-votes	1	37.037759179602055	SimBa
tweet-sno-1314	QO	vclaim-sno-trump-wins-pennsylvania	1	35.7604848854794	SimBa
tweet-sno-1314	QO	vclaim-sno-trump-military-votes-florida	1	34.9277051272267	SimBa
tweet-sno-1315	QO	vclaim-sno-dominion-servers-germany-seized	1	50.75089063564997	SimBa
tweet-sno-1315	QO	vclaim-sno-trump-stimulus-package-election	1	35.90721845789965	SimBa
tweet-sno-1315	QO	vclaim-sno-trump-wins-pennsylvania	1	35.45422308157972	SimBa
tweet-sno-1315	QO	vclaim-sno-facebook-analytics-electoral-map-shows-trump-sweep	1	35.0787592683369	SimBa
tweet-sno-1315	QO	vclaim-sno-trump-lose-followers-first-time	1	34.8068784314203	SimBa
tweet-sno-1316	QO	vclaim-sno-cuomo-vaccine-bad-news-trump	1	59.225884649536184	SimBa
tweet-sno-1316	QO	vclaim-sno-covid-vaccine-funded-by-trump	1	43.65617016189023	SimBa
tweet-sno-1316	QO	vclaim-sno-did-trump-praise-covid-19-vaccines	1	38.466586260279186	SimBa
tweet-sno-1316	QO	vclaim-sno-trump-stockpile-ventilators	1	37.43880308460134	SimBa
tweet-sno-1316	QO	vclaim-sno-trump-admin-seizing-ppe	1	37.32177625844923	SimBa
tweet-sno-1317	QO	vclaim-sno-cornyn-votes-puerto-rico	1	69.33280062365516	SimBa
tweet-sno-1317	QO	vclaim-sno-floyd-county-georgia-votes	1	39.42531061353247	SimBa
tweet-sno-1317	QO	vclaim-sno-audit-the-vote	1	36.91199588959607	SimBa
tweet-sno-1317	QO	vclaim-sno-fake-id-seized-chicago-fraud	1	35.203733048918345	SimBa
tweet-sno-1317	QO	vclaim-sno-dhs-12m-trump-votes	1	34.738545163982714	SimBa
tweet-sno-1318	QO	vclaim-sno-floyd-county-georgia-votes	1	51.06051445001875	SimBa
tweet-sno-1318	QO	vclaim-sno-pa-mailin-votes-ballots	1	42.24509467307248	SimBa
tweet-sno-1318	QO	vclaim-sno-broward-county-fraud-voters-votes	1	41.23492961813476	SimBa
tweet-sno-1318	QO	vclaim-sno-georgia-dekalb-reject-mail-ballots	1	40.759185198313745	SimBa
tweet-sno-1318	QO	vclaim-sno-georgia-signature-audit	1	40.7282155396408	SimBa
tweet-sno-1319	QO	vclaim-sno-floyd-county-georgia-votes	1	68.26852876108089	SimBa
tweet-sno-1319	QO	vclaim-sno-georgia-dekalb-reject-mail-ballots	1	50.284731699419844	SimBa
tweet-sno-1319	QO	vclaim-sno-erie-pennsylvania-trump-ballots	1	48.626354348799076	SimBa
tweet-sno-1319	QO	vclaim-sno-could-trump-defy-popular-vote	1	48.61408618246602	SimBa
tweet-sno-1319	QO	vclaim-sno-fairfax-gave-biden-extra-votes	1	47.88514140121012	SimBa
tweet-sno-1320	QO	vclaim-sno-maga-trump-million-march	1	49.87796569477061	SimBa
tweet-sno-1320	QO	vclaim-sno-biden-trump-inauguration-crowd	1	43.69154509373995	SimBa
tweet-sno-1320	QO	vclaim-sno-militia-bidens-inauguration	1	42.560944714507215	SimBa
tweet-sno-1320	QO	vclaim-sno-biden-120million-deaths-covid19	1	40.942324379532955	SimBa
tweet-sno-1320	QO	vclaim-sno-trump-rally-crowd-66000	1	40.429155366434216	SimBa
tweet-sno-1321	QO	vclaim-sno-newsmax-biden-pence	1	59.8115387012874	SimBa
tweet-sno-1321	QO	vclaim-sno-trump-stimulus-package-election	1	47.55357470462269	SimBa
tweet-sno-1321	QO	vclaim-sno-president-pelosi-election-delayed	1	45.124742698063045	SimBa
tweet-sno-1321	QO	vclaim-sno-gowdy-pence-2020	1	44.56748710327845	SimBa
tweet-sno-1321	QO	vclaim-sno-smooth-transition-trump	1	44.03663770074223	SimBa
tweet-sno-1322	QO	vclaim-sno-newsmax-biden-pence	1	60.74825640078823	SimBa
tweet-sno-1322	QO	vclaim-sno-sag-letter-president-trump	1	42.142457459609844	SimBa
tweet-sno-1322	QO	vclaim-sno-tomi-lahren-biden-supporters-loot	1	41.28771447503647	SimBa
tweet-sno-1322	QO	vclaim-sno-roger-stone-martial-law-trump	1	40.4943029056421	SimBa
tweet-sno-1322	QO	vclaim-sno-trump-stimulus-package-election	1	39.298715520457236	SimBa
tweet-sno-1323	QO	vclaim-sno-newsmax-biden-pence	1	65.4139506995536	SimBa
tweet-sno-1323	QO	vclaim-sno-smooth-transition-trump	1	46.9254139030352	SimBa
tweet-sno-1323	QO	vclaim-sno-trump-lose-followers-first-time	1	45.24384398400335	SimBa
tweet-sno-1323	QO	vclaim-sno-ivanka-trump-alaska-win	1	44.840057493231996	SimBa
tweet-sno-1323	QO	vclaim-sno-trump-stimulus-package-election	1	44.41212125166504	SimBa
tweet-sno-1324	QO	vclaim-sno-bidens-win-lie-of-the-year	1	48.522653142718006	SimBa
tweet-sno-1324	QO	vclaim-sno-rnc-chairwoman-deleted-tweet	1	46.59847762562328	SimBa
tweet-sno-1324	QO	vclaim-sno-tomi-lahren-biden-supporters-loot	1	46.129856849659944	SimBa
tweet-sno-1324	QO	vclaim-sno-fake-aoc-purge-tweet	1	45.623988010293566	SimBa
tweet-sno-1324	QO	vclaim-sno-27-republicans-endorse-biden	1	43.82097378317171	SimBa
tweet-sno-1325	QO	vclaim-sno-raising-canes-chicken-bankruptcy	1	44.64964378739651	SimBa
tweet-sno-1325	QO	vclaim-sno-ice-twitter-account-disappear	1	26.964807184018348	SimBa
tweet-sno-1325	QO	vclaim-sno-nordstrom-chapter-11-baio-boycott	1	26.71626236924289	SimBa
tweet-sno-1325	QO	vclaim-sno-dunkin-donuts-bankruptcy-prank	1	24.984948685645488	SimBa
tweet-sno-1325	QO	vclaim-sno-bloomberg-buy-trump-debt	1	24.47101906336916	SimBa
tweet-sno-1326	QO	vclaim-sno-raising-canes-chicken-bankruptcy	1	31.457000704227944	SimBa
tweet-sno-1326	QO	vclaim-sno-huckabee-letter-biden-fraud	1	28.81392181897307	SimBa
tweet-sno-1326	QO	vclaim-sno-twitter-cammo-trump-covid	1	28.6143310407809	SimBa
tweet-sno-1326	QO	vclaim-sno-trump-lose-followers-first-time	1	27.86528263683757	SimBa
tweet-sno-1326	QO	vclaim-sno-7up-discontinued	1	27.81333258111351	SimBa
tweet-sno-1327	QO	vclaim-sno-arnold-schwarzenegger-dead	1	29.588144415505447	SimBa
tweet-sno-1327	QO	vclaim-sno-dmx-death-hoax	1	27.369112415257263	SimBa
tweet-sno-1327	QO	vclaim-sno-debby-ryan-heart-attack	1	27.241545799967327	SimBa
tweet-sno-1327	QO	vclaim-sno-william-h-macy-death-hoax	1	26.99907787938984	SimBa
tweet-sno-1327	QO	vclaim-sno-tweet-predict-kobe-death	1	26.315630081657734	SimBa
tweet-sno-1328	QO	vclaim-sno-xbox-playstation-ps5-congrats	1	54.55280879264826	SimBa
tweet-sno-1328	QO	vclaim-sno-disney-pixar-boo	1	30.262267336019235	SimBa
tweet-sno-1328	QO	vclaim-sno-cyberpunk-2077-refunds	1	29.12137601535708	SimBa
tweet-sno-1328	QO	vclaim-sno-gta6-map-coordinates	1	28.853241960932543	SimBa
tweet-sno-1328	QO	vclaim-sno-stress-awareness-day	1	28.343677948142044	SimBa
tweet-sno-1329	QO	vclaim-sno-xbox-playstation-ps5-congrats	1	46.77400352505538	SimBa
tweet-sno-1329	QO	vclaim-sno-cyberpunk-2077-refunds	1	25.672930487007207	SimBa
tweet-sno-1329	QO	vclaim-sno-disney-pixar-boo	1	23.249385911966428	SimBa
tweet-sno-1329	QO	vclaim-sno-hillary-clintons-premature-celebration	1	22.91368883853015	SimBa
tweet-sno-1329	QO	vclaim-sno-delta-georgia-voting-law	1	20.759279451632164	SimBa
tweet-sno-1330	QO	vclaim-sno-ice-twitter-account-disappear	1	49.525371426683364	SimBa
tweet-sno-1330	QO	vclaim-sno-trump-lose-followers-first-time	1	30.64288395455578	SimBa
tweet-sno-1330	QO	vclaim-sno-twitter-cammo-trump-covid	1	27.535580844038503	SimBa
tweet-sno-1330	QO	vclaim-sno-twitter-disable-engagement-trump	1	26.987495214203868	SimBa
tweet-sno-1330	QO	vclaim-sno-loser-com-trump-wikipedia-page	1	26.230114384711364	SimBa
tweet-sno-1331	QO	vclaim-sno-ice-twitter-account-disappear	1	66.05553206146882	SimBa
tweet-sno-1331	QO	vclaim-sno-ice-citizens-academy-civilians	1	41.78309466380303	SimBa
tweet-sno-1331	QO	vclaim-sno-new-york-ice-agent-suicide-note	1	38.740540969112125	SimBa
tweet-sno-1331	QO	vclaim-sno-ice-detain-michigan-doctor-40-years-u-s	1	37.40746902660356	SimBa
tweet-sno-1331	QO	vclaim-sno-trump-lose-followers-first-time	1	37.21729636074646	SimBa
tweet-sno-1332	QO	vclaim-sno-veterans-national-parks-lifetime	1	60.98009940865307	SimBa
tweet-sno-1332	QO	vclaim-sno-free-meals-for-veterans	1	40.51820876900463	SimBa
tweet-sno-1332	QO	vclaim-sno-flag-nancy-pelosi	1	38.48955994747655	SimBa
tweet-sno-1332	QO	vclaim-sno-trump-veterans-free-health-care	1	34.791294161925975	SimBa
tweet-sno-1332	QO	vclaim-sno-military-trump-60-days	1	33.39267918774438	SimBa
tweet-sno-1333	QO	vclaim-sno-covid-vaccine-funded-by-trump	1	60.46874856138621	SimBa
tweet-sno-1333	QO	vclaim-sno-cuomo-vaccine-bad-news-trump	1	50.23566160189676	SimBa
tweet-sno-1333	QO	vclaim-sno-did-trump-praise-covid-19-vaccines	1	42.336659034830866	SimBa
tweet-sno-1333	QO	vclaim-sno-trump-promise-vaccine-election-day	1	42.169248553369364	SimBa
tweet-sno-1333	QO	vclaim-sno-pence-conversation-coronavirus	1	41.939507360491376	SimBa
tweet-sno-1334	QO	vclaim-sno-covid-vaccine-funded-by-trump	1	62.43361172491841	SimBa
tweet-sno-1334	QO	vclaim-sno-cuomo-vaccine-bad-news-trump	1	45.068888009318975	SimBa
tweet-sno-1334	QO	vclaim-sno-did-trump-praise-covid-19-vaccines	1	39.354522704850766	SimBa
tweet-sno-1334	QO	vclaim-sno-trump-economy-pandemic	1	39.278119087150316	SimBa
tweet-sno-1334	QO	vclaim-sno-trump-promise-vaccine-election-day	1	38.35923537434784	SimBa
tweet-sno-1335	QO	vclaim-sno-biden-hat-trump-maga	1	47.93632451249766	SimBa
tweet-sno-1335	QO	vclaim-sno-biden-admit-voter-fraud	1	42.83176981076178	SimBa
tweet-sno-1335	QO	vclaim-sno-huckabee-letter-biden-fraud	1	42.58212837317453	SimBa
tweet-sno-1335	QO	vclaim-sno-biden-fail-condemn-antifa	1	41.34631876976263	SimBa
tweet-sno-1335	QO	vclaim-sno-biden-antifa-courageous-americans	1	41.20253292059824	SimBa
tweet-sno-1336	QO	vclaim-sno-biden-major-dog-rescue-white-house	1	72.78874837544794	SimBa
tweet-sno-1336	QO	vclaim-sno-biden-dog-major-indoguration	1	59.38752759037503	SimBa
tweet-sno-1336	QO	vclaim-sno-biden-team-statement-dog	1	56.27094819449857	SimBa
tweet-sno-1336	QO	vclaim-sno-biden-dogs-kicked-out-white-house	1	55.9126000231127	SimBa
tweet-sno-1336	QO	vclaim-sno-biden-dogs-trump-chew-toy	1	47.13921868541055	SimBa
tweet-sno-1337	QO	vclaim-sno-trump-tulsa-rally-covid19-test	1	52.529865492792766	SimBa
tweet-sno-1337	QO	vclaim-sno-golfing-trump-election-results	1	49.05357157120494	SimBa
tweet-sno-1337	QO	vclaim-sno-twitter-cammo-trump-covid	1	47.96474526542752	SimBa
tweet-sno-1337	QO	vclaim-sno-trump-golf-rallies-coronavirus	1	46.17246742664064	SimBa
tweet-sno-1337	QO	vclaim-sno-trump-deflect-to-h1n1	1	42.9889884459005	SimBa
tweet-sno-1338	QO	vclaim-sno-bannon-fauci-wray-head-pikes	1	67.99459038782058	SimBa
tweet-sno-1338	QO	vclaim-sno-steve-bannon-predicts-obama	1	49.01741456414891	SimBa
tweet-sno-1338	QO	vclaim-sno-bannon-hell-capitol-attack	1	44.75720218632539	SimBa
tweet-sno-1338	QO	vclaim-sno-trump-protesters-cans-of-soup	1	41.49192753388919	SimBa
tweet-sno-1338	QO	vclaim-sno-peter-strzok-tweet-trump-dictator-unhinged-madman	1	41.067263445353504	SimBa
tweet-sno-1339	QO	vclaim-sno-gray-wolves-endangered-trump	1	49.86797885614111	SimBa
tweet-sno-1339	QO	vclaim-sno-trump-whales-sea-turtles	1	40.276244162960495	SimBa
tweet-sno-1339	QO	vclaim-sno-trump-animal-cruelty	1	37.40958511758832	SimBa
tweet-sno-1339	QO	vclaim-sno-trump-admin-seizing-ppe	1	37.05041368417804	SimBa
tweet-sno-1339	QO	vclaim-sno-bills-introduced-by-republicans	1	35.272129027043555	SimBa
tweet-sno-1340	QO	vclaim-sno-pa-worker-filling-ballots	1	48.36733567857429	SimBa
tweet-sno-1340	QO	vclaim-sno-erie-pennsylvania-trump-ballots	1	43.26952955118941	SimBa
tweet-sno-1340	QO	vclaim-sno-georgia-suitcases	1	41.29501837549937	SimBa
tweet-sno-1340	QO	vclaim-sno-ballots-lancaster-pa	1	40.10628942707714	SimBa
tweet-sno-1340	QO	vclaim-sno-atlanta-georgia-voter-fraud-video	1	40.09713621476483	SimBa
tweet-sno-1341	QO	vclaim-sno-stop-the-count-chant	1	53.68998916412483	SimBa
tweet-sno-1341	QO	vclaim-sno-trump-rally-chant	1	40.36810002067626	SimBa
tweet-sno-1341	QO	vclaim-sno-donald-trump-purge-slogan	1	39.70364136307203	SimBa
tweet-sno-1341	QO	vclaim-sno-trump-recount-battleground-states	1	39.55485759170077	SimBa
tweet-sno-1341	QO	vclaim-sno-audit-the-vote	1	39.33037471187641	SimBa
tweet-sno-1342	QO	vclaim-sno-trump-recount-battleground-states	1	71.34575992142234	SimBa
tweet-sno-1342	QO	vclaim-sno-could-trump-defy-popular-vote	1	41.728491959171095	SimBa
tweet-sno-1342	QO	vclaim-sno-trump-patent-maga-2012	1	39.453151806448815	SimBa
tweet-sno-1342	QO	vclaim-sno-trump-military-votes-florida	1	37.94255965023265	SimBa
tweet-sno-1342	QO	vclaim-sno-ex-presidents-warn-against-trump	1	37.75352276752591	SimBa
tweet-sno-1343	QO	vclaim-sno-sharpie-trump-ballots-arizona	1	46.6628004707029	SimBa
tweet-sno-1343	QO	vclaim-sno-quantum-blockchain-watermark-vote	1	38.63708611178863	SimBa
tweet-sno-1343	QO	vclaim-sno-california-unlawful-ballots	1	38.04807373959907	SimBa
tweet-sno-1343	QO	vclaim-sno-mail-in-ballot-deadline	1	37.06909104439871	SimBa
tweet-sno-1343	QO	vclaim-sno-millions-mail-in-ballots	1	36.25089396559947	SimBa
tweet-sno-1344	QO	vclaim-sno-sharpie-trump-ballots-arizona	1	62.57560083680113	SimBa
tweet-sno-1344	QO	vclaim-sno-california-unlawful-ballots	1	41.52513830362391	SimBa
tweet-sno-1344	QO	vclaim-sno-erie-pennsylvania-trump-ballots	1	40.58457931004451	SimBa
tweet-sno-1344	QO	vclaim-sno-quantum-blockchain-watermark-vote	1	40.54630750924107	SimBa
tweet-sno-1344	QO	vclaim-sno-ballots-lancaster-pa	1	40.195900967238025	SimBa
tweet-sno-1345	QO	vclaim-sno-sharpie-trump-ballots-arizona	1	50.05966761522426	SimBa
tweet-sno-1345	QO	vclaim-sno-wisconsin-vote-dump	1	44.83858242517413	SimBa
tweet-sno-1345	QO	vclaim-sno-trump-tell-supporters-storm	1	43.34399512361136	SimBa
tweet-sno-1345	QO	vclaim-sno-erie-pennsylvania-trump-ballots	1	42.752586965871416	SimBa
tweet-sno-1345	QO	vclaim-sno-floyd-county-georgia-votes	1	41.98085801060105	SimBa
tweet-sno-1346	QO	vclaim-sno-flesh-eating-bacteria-in-myrtle-beach	1	30.870182789712224	SimBa
tweet-sno-1346	QO	vclaim-sno-fisherman-survived-inside-whale-for-three-days	1	29.772822232915523	SimBa
tweet-sno-1346	QO	vclaim-sno-did-aoc-say-this-about-trump	1	29.3348194194176	SimBa
tweet-sno-1346	QO	vclaim-sno-saved-whale-says-thanks	1	29.16968200731124	SimBa
tweet-sno-1346	QO	vclaim-sno-killer-whale	1	29.08386783680363	SimBa
tweet-sno-1347	QO	vclaim-sno-humpback-whale-eat-kayaker	1	38.94213689020167	SimBa
tweet-sno-1347	QO	vclaim-sno-big-gulp	1	38.527742542018956	SimBa
tweet-sno-1347	QO	vclaim-sno-killer-whale	1	37.50521585143692	SimBa
tweet-sno-1347	QO	vclaim-sno-photograph-kayak-orcas	1	32.718583724959515	SimBa
tweet-sno-1347	QO	vclaim-sno-blue-whale-under-rowboat	1	31.987084460090927	SimBa
tweet-sno-1348	QO	vclaim-sno-biden-black-athletes-green-mile	1	47.52297721638331	SimBa
tweet-sno-1348	QO	vclaim-sno-jackie-robinson-anthem	1	32.74892628332493	SimBa
tweet-sno-1348	QO	vclaim-sno-biden-antifa-courageous-americans	1	31.93163483343441	SimBa
tweet-sno-1348	QO	vclaim-sno-biden-harris-disease-disagreed	1	31.400793796656174	SimBa
tweet-sno-1348	QO	vclaim-sno-black-americans-super-predators	1	30.73888629390292	SimBa
tweet-sno-1349	QO	vclaim-sno-kamala-harris-pearls-election-day	1	38.91857661749404	SimBa
tweet-sno-1349	QO	vclaim-sno-kamala-harris-protests	1	30.25622630440555	SimBa
tweet-sno-1349	QO	vclaim-sno-mail-in-ballot-deadline	1	29.01083031666189	SimBa
tweet-sno-1349	QO	vclaim-sno-hillary-clintons-premature-celebration	1	28.857546252133268	SimBa
tweet-sno-1349	QO	vclaim-sno-did-aoc-say-this-about-trump	1	28.460199663118114	SimBa
tweet-sno-1350	QO	vclaim-sno-amish-trump-presidential-victory	1	36.79605702353148	SimBa
tweet-sno-1350	QO	vclaim-sno-amish-buggies-trump	1	35.75795593026155	SimBa
tweet-sno-1350	QO	vclaim-sno-trump-tulsa-rally-covid19-test	1	34.98542227563181	SimBa
tweet-sno-1350	QO	vclaim-sno-trump-say-redo-4-more-years	1	34.6359329881471	SimBa
tweet-sno-1350	QO	vclaim-sno-trump-tulsa-rally-crowd	1	34.298015402909854	SimBa
tweet-sno-1351	QO	vclaim-sno-omar-minnesota-register-vote	1	40.78311878772628	SimBa
tweet-sno-1351	QO	vclaim-sno-pence-op-ed-hr1-immigrants	1	31.852037148109634	SimBa
tweet-sno-1351	QO	vclaim-sno-asking-for-provisional-ballots	1	30.713986363631285	SimBa
tweet-sno-1351	QO	vclaim-sno-mail-in-ballot-deadline	1	30.114794388937405	SimBa
tweet-sno-1351	QO	vclaim-sno-uber-lyft-free-rides-polls	1	29.227025756691617	SimBa
tweet-sno-1352	QO	vclaim-sno-bar-owner-biden-ad	1	47.31590293350026	SimBa
tweet-sno-1352	QO	vclaim-sno-hunter-biden-flipped-fbi	1	44.62788820248946	SimBa
tweet-sno-1352	QO	vclaim-sno-bidens-win-lie-of-the-year	1	42.033332809434526	SimBa
tweet-sno-1352	QO	vclaim-sno-black-americans-super-predators	1	39.895707440168216	SimBa
tweet-sno-1352	QO	vclaim-sno-biden-trump-dregs-society	1	39.76020322244619	SimBa
tweet-sno-1353	QO	vclaim-sno-hunter-biden-flipped-fbi	1	50.17799311824173	SimBa
tweet-sno-1353	QO	vclaim-sno-biden-admit-voter-fraud	1	40.00058825883811	SimBa
tweet-sno-1353	QO	vclaim-sno-hunter-biden-dead-overdose-hoax	1	36.06988098120972	SimBa
tweet-sno-1353	QO	vclaim-sno-bar-owner-biden-ad	1	36.05065959024277	SimBa
tweet-sno-1353	QO	vclaim-sno-joe-biden-ask-reporter-junkie	1	35.89101266272194	SimBa
tweet-sno-1354	QO	vclaim-sno-biden-admit-voter-fraud	1	42.01309617729878	SimBa
tweet-sno-1354	QO	vclaim-sno-hunter-biden-flipped-fbi	1	41.67728335253874	SimBa
tweet-sno-1354	QO	vclaim-sno-hunter-biden-dead-overdose-hoax	1	41.44519648862263	SimBa
tweet-sno-1354	QO	vclaim-sno-biden-fail-condemn-antifa	1	38.5238428205371	SimBa
tweet-sno-1354	QO	vclaim-sno-joe-biden-ask-reporter-junkie	1	36.75553073517975	SimBa
tweet-sno-1355	QO	vclaim-sno-biden-admit-voter-fraud	1	26.163296885414994	SimBa
tweet-sno-1355	QO	vclaim-sno-twitter-cammo-trump-covid	1	25.222670120298286	SimBa
tweet-sno-1355	QO	vclaim-sno-hunter-biden-flipped-fbi	1	24.778902054099383	SimBa
tweet-sno-1355	QO	vclaim-sno-back-to-the-future-predictions	1	23.392822225435637	SimBa
tweet-sno-1355	QO	vclaim-sno-ice-twitter-account-disappear	1	22.633149883050294	SimBa
tweet-sno-1356	QO	vclaim-sno-biden-admit-voter-fraud	1	41.57885666421754	SimBa
tweet-sno-1356	QO	vclaim-sno-hunter-biden-flipped-fbi	1	36.73225480130774	SimBa
tweet-sno-1356	QO	vclaim-sno-hunter-biden-dead-overdose-hoax	1	34.48057288428542	SimBa
tweet-sno-1356	QO	vclaim-sno-fake-aoc-purge-tweet	1	30.42758974384111	SimBa
tweet-sno-1356	QO	vclaim-sno-biden-fail-condemn-antifa	1	29.751102876697725	SimBa
tweet-sno-1357	QO	vclaim-sno-armed-trump-fans-biden-bus	1	52.32722113131815	SimBa
tweet-sno-1357	QO	vclaim-sno-fbi-trump-biden-bus	1	47.48581004543792	SimBa
tweet-sno-1357	QO	vclaim-sno-tomi-lahren-biden-supporters-loot	1	42.38555845137546	SimBa
tweet-sno-1357	QO	vclaim-sno-biden-antifa-courageous-americans	1	41.678697052773984	SimBa
tweet-sno-1357	QO	vclaim-sno-trump-rally-omaha	1	41.17235547435143	SimBa
tweet-sno-1358	QO	vclaim-sno-fbi-trump-biden-bus	1	55.06555715378073	SimBa
tweet-sno-1358	QO	vclaim-sno-armed-trump-fans-biden-bus	1	42.76416657519378	SimBa
tweet-sno-1358	QO	vclaim-sno-trump-2020-flags-china	1	40.11968336930164	SimBa
tweet-sno-1358	QO	vclaim-sno-anti-trump-protesters-bused-into-austin	1	38.623567014242944	SimBa
tweet-sno-1358	QO	vclaim-sno-trump-sign-hollywood-los-angeles	1	36.851036007108675	SimBa
tweet-sno-1359	QO	vclaim-sno-fbi-trump-biden-bus	1	50.53149957923303	SimBa
tweet-sno-1359	QO	vclaim-sno-armed-trump-fans-biden-bus	1	48.163534988333865	SimBa
tweet-sno-1359	QO	vclaim-sno-antifa-flyer-trump-supporters	1	40.567868394520026	SimBa
tweet-sno-1359	QO	vclaim-sno-trump-mob-capitol	1	39.891240812580236	SimBa
tweet-sno-1359	QO	vclaim-sno-dpd-car-pregnant	1	37.627537101597774	SimBa
tweet-sno-1360	QO	vclaim-sno-fbi-trump-biden-bus	1	54.58266325624588	SimBa
tweet-sno-1360	QO	vclaim-sno-armed-trump-fans-biden-bus	1	42.256898344943835	SimBa
tweet-sno-1360	QO	vclaim-sno-cbs-latinos-trump-biden	1	41.631625153474	SimBa
tweet-sno-1360	QO	vclaim-sno-tomi-lahren-biden-supporters-loot	1	37.537083639735634	SimBa
tweet-sno-1360	QO	vclaim-sno-trump-tell-supporters-storm	1	37.40728412869296	SimBa
tweet-sno-1361	QO	vclaim-sno-tomi-lahren-biden-supporters-loot	1	37.95580670526811	SimBa
tweet-sno-1361	QO	vclaim-sno-trump-biden-assassination-shot	1	37.90278603717617	SimBa
tweet-sno-1361	QO	vclaim-sno-virginia-gun-rally-staged	1	36.63681655668531	SimBa
tweet-sno-1361	QO	vclaim-sno-left-wing-mob-violence	1	36.119380137571284	SimBa
tweet-sno-1361	QO	vclaim-sno-biden-antifa-courageous-americans	1	36.04098780168141	SimBa
tweet-sno-1362	QO	vclaim-sno-sean-connery-trump-golf-course	1	48.60842597625297	SimBa
tweet-sno-1362	QO	vclaim-sno-trump-tiger-woods-speedy-recovery	1	35.73128588811743	SimBa
tweet-sno-1362	QO	vclaim-sno-sag-letter-president-trump	1	34.63453091794874	SimBa
tweet-sno-1362	QO	vclaim-sno-trump-michigan-man-year-award	1	33.93601022459151	SimBa
tweet-sno-1362	QO	vclaim-sno-sean-penn-moves-to-venezuela	1	33.88462159551652	SimBa
tweet-sno-1363	QO	vclaim-sno-taco-bell-mexican-pizza	1	38.91061070708818	SimBa
tweet-sno-1363	QO	vclaim-sno-taco-bell-closing-2020	1	30.560267658469378	SimBa
tweet-sno-1363	QO	vclaim-sno-taco-bell-closing	1	29.741890676835425	SimBa
tweet-sno-1363	QO	vclaim-sno-subway-pizza-hut-closing	1	29.28508532883564	SimBa
tweet-sno-1363	QO	vclaim-sno-taco-bell-menu-change	1	27.918597062336005	SimBa
tweet-sno-1364	QO	vclaim-sno-taco-bell-mexican-pizza	1	39.52313736530238	SimBa
tweet-sno-1364	QO	vclaim-sno-ice-twitter-account-disappear	1	29.482325467494295	SimBa
tweet-sno-1364	QO	vclaim-sno-taco-bell-closing-2020	1	28.87525675550352	SimBa
tweet-sno-1364	QO	vclaim-sno-subway-pizza-hut-closing	1	27.567734300152008	SimBa
tweet-sno-1364	QO	vclaim-sno-taco-bell-major-changes	1	27.552941884013997	SimBa
tweet-sno-1365	QO	vclaim-sno-taco-bell-mexican-pizza	1	36.702486880233295	SimBa
tweet-sno-1365	QO	vclaim-sno-ice-twitter-account-disappear	1	31.869146669670023	SimBa
tweet-sno-1365	QO	vclaim-sno-sargento-recall-fake-news	1	28.38078774531012	SimBa
tweet-sno-1365	QO	vclaim-sno-taco-bell-closing-2020	1	27.770736403253533	SimBa
tweet-sno-1365	QO	vclaim-sno-is-taco-bell-financial-backer-moore	1	27.39488544328153	SimBa
tweet-sno-1366	QO	vclaim-sno-taco-bell-mexican-pizza	1	44.151068042573115	SimBa
tweet-sno-1366	QO	vclaim-sno-taco-bell-closing-2020	1	38.572935894128584	SimBa
tweet-sno-1366	QO	vclaim-sno-is-taco-bell-financial-backer-moore	1	33.70081908047078	SimBa
tweet-sno-1366	QO	vclaim-sno-taco-bell-major-changes	1	33.47952463436508	SimBa
tweet-sno-1366	QO	vclaim-sno-taco-bell-menu-change	1	32.622903515264035	SimBa
tweet-sno-1367	QO	vclaim-sno-taco-bell-mexican-pizza	1	40.13792436456498	SimBa
tweet-sno-1367	QO	vclaim-sno-taco-bell-closing-2020	1	32.836708433494316	SimBa
tweet-sno-1367	QO	vclaim-sno-subway-pizza-hut-closing	1	31.731601639861974	SimBa
tweet-sno-1367	QO	vclaim-sno-ice-twitter-account-disappear	1	31.701809033449933	SimBa
tweet-sno-1367	QO	vclaim-sno-taco-bell-menu-change	1	28.534871844182973	SimBa
tweet-sno-1368	QO	vclaim-sno-subway-pizza-hut-closing	1	39.469859378431906	SimBa
tweet-sno-1368	QO	vclaim-sno-cheesecake-factory-closing-rumor	1	37.18637258032676	SimBa
tweet-sno-1368	QO	vclaim-sno-taco-bell-mexican-pizza	1	35.772956801129624	SimBa
tweet-sno-1368	QO	vclaim-sno-whataburger-closing-its-doors	1	33.002020855586935	SimBa
tweet-sno-1368	QO	vclaim-sno-taco-bell-closing-2020	1	32.91919286030806	SimBa
tweet-sno-1369	QO	vclaim-sno-cheesecake-factory-closing-rumor	1	37.889225990640526	SimBa
tweet-sno-1369	QO	vclaim-sno-subway-pizza-hut-closing	1	34.23390215591177	SimBa
tweet-sno-1369	QO	vclaim-sno-not-lovin39-it	1	32.70246177343539	SimBa
tweet-sno-1369	QO	vclaim-sno-ac-moore-closing-down	1	32.597046560022754	SimBa
tweet-sno-1369	QO	vclaim-sno-wendys-heartbreaking-announcement	1	32.059420986390535	SimBa
tweet-sno-1370	QO	vclaim-sno-cheesecake-factory-closing-rumor	1	38.902531062983925	SimBa
tweet-sno-1370	QO	vclaim-sno-sag-letter-president-trump	1	34.95959141411174	SimBa
tweet-sno-1370	QO	vclaim-sno-goya-ceo-praise-trump	1	32.99817542820519	SimBa
tweet-sno-1370	QO	vclaim-sno-subway-pizza-hut-closing	1	32.882637441619394	SimBa
tweet-sno-1370	QO	vclaim-sno-trump-twitter-search-loser	1	32.236767180304035	SimBa
tweet-sno-1371	QO	vclaim-sno-cheesecake-factory-closing-rumor	1	57.572794830555836	SimBa
tweet-sno-1371	QO	vclaim-sno-subway-pizza-hut-closing	1	40.67808492481383	SimBa
tweet-sno-1371	QO	vclaim-sno-olive-garden-closing	1	37.5935503312538	SimBa
tweet-sno-1371	QO	vclaim-sno-taco-bell-closing-2020	1	35.19633984723823	SimBa
tweet-sno-1371	QO	vclaim-sno-taco-bell-closing	1	34.58539442895052	SimBa
tweet-sno-1372	QO	vclaim-sno-cheesecake-factory-closing-rumor	1	52.96048543216862	SimBa
tweet-sno-1372	QO	vclaim-sno-subway-pizza-hut-closing	1	37.950782269425105	SimBa
tweet-sno-1372	QO	vclaim-sno-ac-moore-closing-down	1	34.51117333277792	SimBa
tweet-sno-1372	QO	vclaim-sno-olive-garden-closing	1	34.426690739715184	SimBa
tweet-sno-1372	QO	vclaim-sno-taco-bell-closing	1	34.315524157808	SimBa
tweet-sno-1373	QO	vclaim-sno-cheesecake-factory-closing-rumor	1	40.44642000861616	SimBa
tweet-sno-1373	QO	vclaim-sno-subway-pizza-hut-closing	1	31.40979256057731	SimBa
tweet-sno-1373	QO	vclaim-sno-not-lovin39-it	1	30.999296961820825	SimBa
tweet-sno-1373	QO	vclaim-sno-olive-garden-closing	1	29.683674567537985	SimBa
tweet-sno-1373	QO	vclaim-sno-ice-twitter-account-disappear	1	29.65996340648566	SimBa
tweet-sno-1374	QO	vclaim-sno-cheesecake-factory-closing-rumor	1	61.188313685514544	SimBa
tweet-sno-1374	QO	vclaim-sno-subway-pizza-hut-closing	1	40.00300372512502	SimBa
tweet-sno-1374	QO	vclaim-sno-taco-bell-closing	1	39.584004453325974	SimBa
tweet-sno-1374	QO	vclaim-sno-olive-garden-closing	1	37.25489304064821	SimBa
tweet-sno-1374	QO	vclaim-sno-whataburger-closing-its-doors	1	36.79221280225752	SimBa
tweet-sno-1375	QO	vclaim-sno-cheesecake-factory-closing-rumor	1	42.980045843995335	SimBa
tweet-sno-1375	QO	vclaim-sno-cheesecake-factory-receipt	1	28.089022127532516	SimBa
tweet-sno-1375	QO	vclaim-sno-subway-pizza-hut-closing	1	27.417455865868423	SimBa
tweet-sno-1375	QO	vclaim-sno-cheesecake-factory-gift-card	1	27.02184582483762	SimBa
tweet-sno-1375	QO	vclaim-sno-olive-garden-closing	1	26.073374472287774	SimBa
tweet-sno-1376	QO	vclaim-sno-girl-scouts-congratulate-barrett	1	40.00096239859931	SimBa
tweet-sno-1376	QO	vclaim-sno-barrett-nword-opinion	1	37.953252075334646	SimBa
tweet-sno-1376	QO	vclaim-sno-trump-noble-prize-tweets	1	36.84129938437403	SimBa
tweet-sno-1376	QO	vclaim-sno-amy-coney-barrett	1	36.131531424938466	SimBa
tweet-sno-1376	QO	vclaim-sno-merriam-webster-barrett-sexual	1	36.07615279832993	SimBa
tweet-sno-1377	QO	vclaim-sno-aoc-gop-sad-stupid-vanity-fair	1	47.699038794180886	SimBa
tweet-sno-1377	QO	vclaim-sno-did-aoc-say-this-about-trump	1	38.776283384266044	SimBa
tweet-sno-1377	QO	vclaim-sno-candace-owens-pelosi-capitol	1	34.916091612443935	SimBa
tweet-sno-1377	QO	vclaim-sno-tomi-lahren-biden-supporters-loot	1	33.96297451765539	SimBa
tweet-sno-1377	QO	vclaim-sno-karl-rove-biden-inauguration	1	33.513566085940944	SimBa
tweet-sno-1378	QO	vclaim-sno-trump-biden-assassination-shot	1	55.067164493408846	SimBa
tweet-sno-1378	QO	vclaim-sno-trump-lincoln-dishonest	1	42.32658793824322	SimBa
tweet-sno-1378	QO	vclaim-sno-twitter-cammo-trump-covid	1	41.509868143700054	SimBa
tweet-sno-1378	QO	vclaim-sno-isis-called-for-assassination-of-barron-trump	1	41.10289394155875	SimBa
tweet-sno-1378	QO	vclaim-sno-donald-trump-purge-slogan	1	40.67892711643914	SimBa
tweet-sno-1379	QO	vclaim-sno-biden-admit-voter-fraud	1	54.088337660989914	SimBa
tweet-sno-1379	QO	vclaim-sno-huckabee-letter-biden-fraud	1	45.474226640503375	SimBa
tweet-sno-1379	QO	vclaim-sno-biden-biggest-tax-increase	1	43.409311148933206	SimBa
tweet-sno-1379	QO	vclaim-sno-did-kkk-taliban-endorse-trump	1	43.0178918762064	SimBa
tweet-sno-1379	QO	vclaim-sno-trump-biden-vote-dumps	1	42.3341302306046	SimBa
tweet-sno-1380	QO	vclaim-sno-biden-tweet-pandemic	1	46.14147157598575	SimBa
tweet-sno-1380	QO	vclaim-sno-2009-trump-tweet-pandemic	1	44.06883957293741	SimBa
tweet-sno-1380	QO	vclaim-sno-trump-tweet-obama-8-years	1	43.39728297987841	SimBa
tweet-sno-1380	QO	vclaim-sno-listen-to-scientists	1	42.75244592636343	SimBa
tweet-sno-1380	QO	vclaim-sno-trump-covid-19-deadlier-than-flu	1	41.782970925473045	SimBa
tweet-sno-1381	QO	vclaim-sno-merriam-webster-barrett-sexual	1	51.59971933062374	SimBa
tweet-sno-1381	QO	vclaim-sno-irregardless-merriam-webster	1	36.00752793184656	SimBa
tweet-sno-1381	QO	vclaim-sno-fascism-corporations-corporatism-dictionary	1	35.64130442886879	SimBa
tweet-sno-1381	QO	vclaim-sno-merriam-webster-definition-racism	1	35.2375174788336	SimBa
tweet-sno-1381	QO	vclaim-sno-schumer-erection-senate-floor	1	32.68818166097387	SimBa
tweet-sno-1382	QO	vclaim-sno-fake-aoc-purge-tweet	1	42.433256726659664	SimBa
tweet-sno-1382	QO	vclaim-sno-27-republicans-endorse-biden	1	42.4108377240466	SimBa
tweet-sno-1382	QO	vclaim-sno-biden-trump-xenophobic	1	41.93026664720492	SimBa
tweet-sno-1382	QO	vclaim-sno-black-americans-super-predators	1	41.06335508982071	SimBa
tweet-sno-1382	QO	vclaim-sno-biden-indian-americans	1	41.02898887233327	SimBa
tweet-sno-1383	QO	vclaim-sno-mitch-mcconnells-hands	1	44.58923561976493	SimBa
tweet-sno-1383	QO	vclaim-sno-mcconnell-democrats-no-victories	1	30.61034828694535	SimBa
tweet-sno-1383	QO	vclaim-sno-mcconnell-biden-putin	1	29.537305824616425	SimBa
tweet-sno-1383	QO	vclaim-sno-mcconnell-voting-photobomb	1	29.464384773217645	SimBa
tweet-sno-1383	QO	vclaim-sno-supreme-court-flip-flop	1	29.37378940464285	SimBa
tweet-sno-1384	QO	vclaim-sno-nurse-gop-convention-shooting	1	47.37073365433969	SimBa
tweet-sno-1384	QO	vclaim-sno-blm-deputies-compton	1	35.60673688192837	SimBa
tweet-sno-1384	QO	vclaim-sno-police-arrest-jesus-campos	1	32.909965788580585	SimBa
tweet-sno-1384	QO	vclaim-sno-alabama-nurse-covid	1	32.71350956563134	SimBa
tweet-sno-1384	QO	vclaim-sno-margaret-keenan-covid-vaccine	1	32.549385830886564	SimBa
tweet-sno-1385	QO	vclaim-sno-jane-fonda-covid-gods-gift	1	77.87043122698856	SimBa
tweet-sno-1385	QO	vclaim-sno-biden-muslim-ad	1	47.35625636861642	SimBa
tweet-sno-1385	QO	vclaim-sno-fake-aoc-purge-tweet	1	47.10040751189607	SimBa
tweet-sno-1385	QO	vclaim-sno-biden-admit-voter-fraud	1	46.11198971938633	SimBa
tweet-sno-1385	QO	vclaim-sno-bar-owner-biden-ad	1	45.801722281527645	SimBa
tweet-sno-1386	QO	vclaim-sno-biden-ban-fracking	1	56.54220726090702	SimBa
tweet-sno-1386	QO	vclaim-sno-biden-trump-xenophobic	1	48.228436770793586	SimBa
tweet-sno-1386	QO	vclaim-sno-trump-biden-assassination-shot	1	47.688977061968885	SimBa
tweet-sno-1386	QO	vclaim-sno-trump-executive-order-biden	1	47.58323606403011	SimBa
tweet-sno-1386	QO	vclaim-sno-biden-admit-voter-fraud	1	44.732567710948715	SimBa
tweet-sno-1387	QO	vclaim-sno-kennedy-nixon-virtual-debate-1960	1	41.53878328624057	SimBa
tweet-sno-1387	QO	vclaim-sno-kanye-west-elon-musk	1	37.979238688509994	SimBa
tweet-sno-1387	QO	vclaim-sno-home-alone-world-trade-center	1	37.850184754114416	SimBa
tweet-sno-1387	QO	vclaim-sno-trump-lose-followers-first-time	1	35.74368789034098	SimBa
tweet-sno-1387	QO	vclaim-sno-trump-sign-hollywood-los-angeles	1	35.67896360238847	SimBa
tweet-sno-1388	QO	vclaim-sno-karen-pence-mask-debate	1	42.30397803199185	SimBa
tweet-sno-1388	QO	vclaim-sno-donald-trump-purge-slogan	1	36.587715764175286	SimBa
tweet-sno-1388	QO	vclaim-sno-boring-mike-pence	1	33.68854559329633	SimBa
tweet-sno-1388	QO	vclaim-sno-huckabee-letter-biden-fraud	1	32.39869788244336	SimBa
tweet-sno-1388	QO	vclaim-sno-fake-aoc-purge-tweet	1	32.32733001124071	SimBa
tweet-sno-1389	QO	vclaim-sno-trump-sign-hollywood-los-angeles	1	55.21195280156411	SimBa
tweet-sno-1389	QO	vclaim-sno-trump-christ-billboard-st-louis	1	38.33406828294946	SimBa
tweet-sno-1389	QO	vclaim-sno-god-bows-down-trump-sign	1	36.97205733951907	SimBa
tweet-sno-1389	QO	vclaim-sno-trump-flag-american-flag-capitol	1	36.47666742999703	SimBa
tweet-sno-1389	QO	vclaim-sno-twitter-cammo-trump-covid	1	34.93364224402746	SimBa
tweet-sno-1390	QO	vclaim-sno-kamala-harris-protests	1	63.07060376549201	SimBa
tweet-sno-1390	QO	vclaim-sno-tomi-lahren-biden-supporters-loot	1	43.51205518211522	SimBa
tweet-sno-1390	QO	vclaim-sno-fake-aoc-purge-tweet	1	41.283185377157785	SimBa
tweet-sno-1390	QO	vclaim-sno-virginia-gun-rally-staged	1	40.23289558932224	SimBa
tweet-sno-1390	QO	vclaim-sno-biden-antifa-courageous-americans	1	39.52752171655551	SimBa
tweet-sno-1391	QO	vclaim-sno-biden-trump-dregs-society	1	69.1962800829245	SimBa
tweet-sno-1391	QO	vclaim-sno-biden-trump-xenophobic	1	57.142407210856824	SimBa
tweet-sno-1391	QO	vclaim-sno-cbs-latinos-trump-biden	1	49.31723342155141	SimBa
tweet-sno-1391	QO	vclaim-sno-listen-to-scientists	1	48.6520055260669	SimBa
tweet-sno-1391	QO	vclaim-sno-trump-biden-assassination-shot	1	48.0244726764319	SimBa
tweet-sno-1392	QO	vclaim-sno-biden-pandemic-black-women-grocery	1	48.71876730404932	SimBa
tweet-sno-1392	QO	vclaim-sno-biden-black-athletes-green-mile	1	31.552669142954556	SimBa
tweet-sno-1392	QO	vclaim-sno-biden-black-man-invented-lightbulb	1	31.416522261381544	SimBa
tweet-sno-1392	QO	vclaim-sno-did-aoc-say-this-about-trump	1	30.189068580051817	SimBa
tweet-sno-1392	QO	vclaim-sno-biden-antifa-courageous-americans	1	30.136922356042312	SimBa
tweet-sno-1393	QO	vclaim-sno-clinton-mccabe-donation	1	53.95066732427789	SimBa
tweet-sno-1393	QO	vclaim-sno-fbi-illegal-wiretap-trump-apology	1	39.875670949902926	SimBa
tweet-sno-1393	QO	vclaim-sno-trump-obama-plane	1	36.54475522643082	SimBa
tweet-sno-1393	QO	vclaim-sno-soros-clinton-trump-accuser	1	36.54031232618453	SimBa
tweet-sno-1393	QO	vclaim-sno-spooked-clinton-campaign-manager-deleted-tweets	1	36.39695153393952	SimBa
tweet-sno-1394	QO	vclaim-sno-gay-men-proud-boys-hashtag	1	37.9502157717457	SimBa
tweet-sno-1394	QO	vclaim-sno-benadryl-challenge-tiktok-overdose	1	29.63858186972655	SimBa
tweet-sno-1394	QO	vclaim-sno-twitter-cammo-trump-covid	1	28.906147884591924	SimBa
tweet-sno-1394	QO	vclaim-sno-condom-snorting-challenge	1	28.709931279828062	SimBa
tweet-sno-1394	QO	vclaim-sno-george-floyd-challenge	1	28.40719051498548	SimBa
tweet-sno-1395	QO	vclaim-sno-gay-men-proud-boys-hashtag	1	51.86411703290773	SimBa
tweet-sno-1395	QO	vclaim-sno-republican-dean-browning-gay	1	35.39716792703415	SimBa
tweet-sno-1395	QO	vclaim-sno-biden-antifa-courageous-americans	1	35.384479503304746	SimBa
tweet-sno-1395	QO	vclaim-sno-can-you-vote-online-with-a-hashtag	1	32.475803570428894	SimBa
tweet-sno-1395	QO	vclaim-sno-kanye-west-receive-60000-votes	1	32.254136599989664	SimBa
tweet-sno-1396	QO	vclaim-sno-bikers-trump-praying-walter-reed	1	45.8205249134994	SimBa
tweet-sno-1396	QO	vclaim-sno-photograph-shows-100000-bikers-at-trump-rally	1	39.69506177977007	SimBa
tweet-sno-1396	QO	vclaim-sno-motorcycle-group-trump-inauguration	1	39.446229565965815	SimBa
tweet-sno-1396	QO	vclaim-sno-bikers-kavanaugh-support-video	1	37.42024748343822	SimBa
tweet-sno-1396	QO	vclaim-sno-trump-cruz-rally-photo	1	36.09825934815455	SimBa
tweet-sno-1397	QO	vclaim-sno-trump-covid-fundraising	1	44.86082752242879	SimBa
tweet-sno-1397	QO	vclaim-sno-trump-campaign-september-31	1	43.657981400875165	SimBa
tweet-sno-1397	QO	vclaim-sno-trump-army-fundraising-email	1	38.13132186314086	SimBa
tweet-sno-1397	QO	vclaim-sno-trump-twitter-search-loser	1	37.88055353379589	SimBa
tweet-sno-1397	QO	vclaim-sno-twitter-cammo-trump-covid	1	35.84242647849401	SimBa
tweet-sno-1398	QO	vclaim-sno-amy-coney-barrett-rhodes-scholar	1	49.196751824817035	SimBa
tweet-sno-1398	QO	vclaim-sno-trump-healthcare-lesley-stahl	1	41.27284629489374	SimBa
tweet-sno-1398	QO	vclaim-sno-amy-coney-barrett	1	39.68203996637554	SimBa
tweet-sno-1398	QO	vclaim-sno-barrett-nword-opinion	1	35.48019865836674	SimBa
tweet-sno-1398	QO	vclaim-sno-mcenany-obama-hut-tweet	1	34.92662002726305	SimBa
tweet-sno-1399	QO	vclaim-sno-biden-antifa-courageous-americans	1	42.33355305033564	SimBa
tweet-sno-1399	QO	vclaim-sno-biden-fail-condemn-antifa	1	41.698360509176325	SimBa
tweet-sno-1399	QO	vclaim-sno-antifa-flyer-trump-supporters	1	37.30462060201271	SimBa
tweet-sno-1399	QO	vclaim-sno-kamala-harris-protests	1	36.71813659133781	SimBa
tweet-sno-1399	QO	vclaim-sno-karl-rove-biden-inauguration	1	36.40617874359048	SimBa
tweet-sno-1400	QO	vclaim-sno-trump-condemn-white-supremacists	1	47.58900708689534	SimBa
tweet-sno-1400	QO	vclaim-sno-trump-fail-to-denounce-qanon	1	34.73534363444624	SimBa
tweet-sno-1400	QO	vclaim-sno-iowa-congressman-retweet-white-supremacist	1	33.24546142950741	SimBa
tweet-sno-1400	QO	vclaim-sno-biden-fail-condemn-antifa	1	32.76231124100681	SimBa
tweet-sno-1400	QO	vclaim-sno-karl-rove-biden-inauguration	1	31.65693873059536	SimBa
tweet-sno-1401	QO	vclaim-sno-bloomberg-buy-trump-debt	1	40.434241411595856	SimBa
tweet-sno-1401	QO	vclaim-sno-michael-bloomberg-donald-trump	1	38.39551033610799	SimBa
tweet-sno-1401	QO	vclaim-sno-did-joe-frazier-vote-pa	1	37.28938216222343	SimBa
tweet-sno-1401	QO	vclaim-sno-bloomberg-pay-florida-felons-vote	1	36.930418005442256	SimBa
tweet-sno-1401	QO	vclaim-sno-biden-trump-dregs-society	1	35.87830635170967	SimBa
