tweet-sno-1200	QO	vclaim-sno-united-airlines-remove-assad	1	-7700	SimBa
tweet-sno-1200	QO	vclaim-sno-fidel-castro-said-he-wont-die-until-america-is-destroyed	1	-7900	SimBa
tweet-sno-1200	QO	vclaim-sno-ring-around-rosie	1	-8000	SimBa
tweet-sno-1200	QO	vclaim-sno-malice-of-absence	1	-8000	SimBa
tweet-sno-1200	QO	vclaim-sno-altered-states	1	-8000	SimBa
tweet-sno-1201	QO	vclaim-sno-biden-executive-order-dictator	1	-12800	SimBa
tweet-sno-1201	QO	vclaim-sno-canal-and-forever	1	-13800	SimBa
tweet-sno-1201	QO	vclaim-sno-michael-cohen-hillary-clinton	1	-13800	SimBa
tweet-sno-1201	QO	vclaim-sno-misspelled-tickets-trump-state-uniom	1	-13800	SimBa
tweet-sno-1201	QO	vclaim-sno-mitch-mcconnell-debate-female	1	-13900	SimBa
tweet-sno-1202	QO	vclaim-sno-biden-executive-order-dictator	1	-12700	SimBa
tweet-sno-1202	QO	vclaim-sno-kamala-harris-guns-confiscation	1	-14300	SimBa
tweet-sno-1202	QO	vclaim-sno-oak-trees-versailles-notre-dame	1	-14500	SimBa
tweet-sno-1202	QO	vclaim-sno-nyc-premarked-ballots	1	-14500	SimBa
tweet-sno-1202	QO	vclaim-sno-mike-pence-allowing-rape-victims-to-have-abortions-will-lead-to-women-trying-to-get-raped	1	-14600	SimBa
tweet-sno-1203	QO	vclaim-sno-delta-unions	1	-15200	SimBa
tweet-sno-1203	QO	vclaim-sno-point-ocean-closest-human-astronaut	1	-15200	SimBa
tweet-sno-1203	QO	vclaim-sno-toilet-paper-on-toilet-seat	1	-15300	SimBa
tweet-sno-1203	QO	vclaim-sno-tired-of-waiting-for-you	1	-15400	SimBa
tweet-sno-1203	QO	vclaim-sno-tucker-carlson-restaurants-sucks	1	-15400	SimBa
tweet-sno-1204	QO	vclaim-sno-meth-louisiana-zika	1	-5200	SimBa
tweet-sno-1204	QO	vclaim-sno-biden-bans-china-virus	1	-5200	SimBa
tweet-sno-1204	QO	vclaim-sno-nope-and-glory	1	-5300	SimBa
tweet-sno-1204	QO	vclaim-sno-obama-reparations-executive-order	1	-5300	SimBa
tweet-sno-1204	QO	vclaim-sno-trump-hunting-bald-eagles	1	-5300	SimBa
tweet-sno-1205	QO	vclaim-sno-biden-endorses-romney-for-president	1	-4900	SimBa
tweet-sno-1205	QO	vclaim-sno-emotional-rescue	1	-5000	SimBa
tweet-sno-1205	QO	vclaim-sno-brazilian-oil	1	-5000	SimBa
tweet-sno-1205	QO	vclaim-sno-trump-transgenders-on-notice	1	-5000	SimBa
tweet-sno-1205	QO	vclaim-sno-george-hw-bush-death-hoax	1	-5000	SimBa
tweet-sno-1206	QO	vclaim-sno-trump-office-former-president	1	-12400	SimBa
tweet-sno-1206	QO	vclaim-sno-trump-russia-wildfires-california	1	-14700	SimBa
tweet-sno-1206	QO	vclaim-sno-12th-amendment-path-to-victory	1	-14700	SimBa
tweet-sno-1206	QO	vclaim-sno-trump-warren-million-offer-dna	1	-14800	SimBa
tweet-sno-1206	QO	vclaim-sno-trump-impeachment-air-force-one	1	-14800	SimBa
tweet-sno-1207	QO	vclaim-sno-bonsai-kittens	1	-5300	SimBa
tweet-sno-1207	QO	vclaim-sno-amazon-shirts	1	-5300	SimBa
tweet-sno-1207	QO	vclaim-sno-casey-anthony-obtains-license-for-home-daycare-business-in-florida	1	-5400	SimBa
tweet-sno-1207	QO	vclaim-sno-scotland-gritter-names	1	-5400	SimBa
tweet-sno-1207	QO	vclaim-sno-911-surrender	1	-5400	SimBa
tweet-sno-1208	QO	vclaim-sno-national-guard-parking-garage	1	-19600	SimBa
tweet-sno-1208	QO	vclaim-sno-miguel-martinez-transgender-bathroom-controversy	1	-19900	SimBa
tweet-sno-1208	QO	vclaim-sno-red-cross-steals-texas	1	-20000	SimBa
tweet-sno-1208	QO	vclaim-sno-uk-text-alert-coronavirus	1	-20100	SimBa
tweet-sno-1208	QO	vclaim-sno-cracker-barrel-whips	1	-20200	SimBa
tweet-sno-1209	QO	vclaim-sno-does-schumer-have-concealed-permit	1	-4300	SimBa
tweet-sno-1209	QO	vclaim-sno-president-trump-in-diaper	1	-4400	SimBa
tweet-sno-1209	QO	vclaim-sno-shirtless-donald-trump	1	-4500	SimBa
tweet-sno-1209	QO	vclaim-sno-jill-stein-endorsed-donald-trump	1	-4500	SimBa
tweet-sno-1209	QO	vclaim-sno-trump-autograph-womans-chest	1	-4500	SimBa
tweet-sno-1210	QO	vclaim-sno-vince-foster-exhumed	1	-7400	SimBa
tweet-sno-1210	QO	vclaim-sno-trump-rename-new-mexico	1	-7400	SimBa
tweet-sno-1210	QO	vclaim-sno-11-states-ban-ecigs-in-cars	1	-7400	SimBa
tweet-sno-1210	QO	vclaim-sno-keanu-reeves-prostitutes-quote	1	-7500	SimBa
tweet-sno-1210	QO	vclaim-sno-bernie-sanders-rigged-unendorse	1	-7500	SimBa
tweet-sno-1211	QO	vclaim-sno-paul-ryan-confesses-national-tv	1	-10700	SimBa
tweet-sno-1211	QO	vclaim-sno-trump-violence-against-women-act	1	-10700	SimBa
tweet-sno-1211	QO	vclaim-sno-trump-condemn-white-supremacists	1	-11000	SimBa
tweet-sno-1211	QO	vclaim-sno-donald-trump-incitement-violence	1	-11100	SimBa
tweet-sno-1211	QO	vclaim-sno-ted-cruz-donald-trump-endorsement	1	-11200	SimBa
tweet-sno-1212	QO	vclaim-sno-lion-revenge-trophy-hunter-video	1	-5700	SimBa
tweet-sno-1212	QO	vclaim-sno-black-mob-beats-white-man-for-voting-trump	1	-6000	SimBa
tweet-sno-1212	QO	vclaim-sno-teenagers-sewing-mouths-shut-scary-new-trend	1	-6100	SimBa
tweet-sno-1212	QO	vclaim-sno-china-hospital-10-days	1	-6100	SimBa
tweet-sno-1212	QO	vclaim-sno-kamala-harris-sworn-in-purse	1	-6200	SimBa
tweet-sno-1213	QO	vclaim-sno-the-doctor-of-the-future	1	-16000	SimBa
tweet-sno-1213	QO	vclaim-sno-refugee-tb-rates-in-san-diego	1	-16100	SimBa
tweet-sno-1213	QO	vclaim-sno-trump-child-rape-settlements	1	-16100	SimBa
tweet-sno-1213	QO	vclaim-sno-rachel-arlington	1	-16100	SimBa
tweet-sno-1213	QO	vclaim-sno-biometric-passports	1	-16200	SimBa
tweet-sno-1214	QO	vclaim-sno-fda-food-inspections-government-shutdown	1	-8600	SimBa
tweet-sno-1214	QO	vclaim-sno-red-hen-located-666-e-washington	1	-8600	SimBa
tweet-sno-1214	QO	vclaim-sno-washingtons-thanksgiving-proclamation	1	-8600	SimBa
tweet-sno-1214	QO	vclaim-sno-has-indictment-been-issued-uranium-one	1	-8600	SimBa
tweet-sno-1214	QO	vclaim-sno-posthumous-roses	1	-8700	SimBa
tweet-sno-1215	QO	vclaim-sno-the-pit-and-the-pentothal	1	-7900	SimBa
tweet-sno-1215	QO	vclaim-sno-the-killer-in-the-backseat	1	-7900	SimBa
tweet-sno-1215	QO	vclaim-sno-ashes-mailed-to-congress	1	-8000	SimBa
tweet-sno-1215	QO	vclaim-sno-holocaust-teaching-ban-uk	1	-8000	SimBa
tweet-sno-1215	QO	vclaim-sno-a-truckin-miracle	1	-8000	SimBa
tweet-sno-1216	QO	vclaim-sno-getting-the-hang-of-it	1	-19800	SimBa
tweet-sno-1216	QO	vclaim-sno-biden-insulin-epipen	1	-19900	SimBa
tweet-sno-1216	QO	vclaim-sno-aeromexico-dna-discount	1	-20000	SimBa
tweet-sno-1216	QO	vclaim-sno-cracker-barrel-whips	1	-20100	SimBa
tweet-sno-1216	QO	vclaim-sno-brown-out	1	-20100	SimBa
tweet-sno-1217	QO	vclaim-sno-is-disney-building-resort-toronto-islands	1	-5900	SimBa
tweet-sno-1217	QO	vclaim-sno-hurricane-sandy-fema-cleanup-crews	1	-6100	SimBa
tweet-sno-1217	QO	vclaim-sno-hud-tiny-homes-ban	1	-6100	SimBa
tweet-sno-1217	QO	vclaim-sno-coca-cola-lice-remedy	1	-6100	SimBa
tweet-sno-1217	QO	vclaim-sno-common-cents-solution	1	-6200	SimBa
tweet-sno-1218	QO	vclaim-sno-muslim-woman-demanded-men-leave-salon-so-she-could-get-her-hair-styled	1	-18200	SimBa
tweet-sno-1218	QO	vclaim-sno-wisconsin-department-natural-resources-removes-references-climate-website	1	-18300	SimBa
tweet-sno-1218	QO	vclaim-sno-hillary-clinton-suppressed-haitis-minimum-wage	1	-18400	SimBa
tweet-sno-1218	QO	vclaim-sno-starbucks-head-of-the-line	1	-18500	SimBa
tweet-sno-1218	QO	vclaim-sno-twins-red-sox-game-riot	1	-18500	SimBa
tweet-sno-1219	QO	vclaim-sno-pelosi-tweet-chinatown-tourism	1	-18300	SimBa
tweet-sno-1219	QO	vclaim-sno-is-barack-obama-more-self-referential-than-donald-trump	1	-18300	SimBa
tweet-sno-1219	QO	vclaim-sno-biden-insulin-epipen	1	-18400	SimBa
tweet-sno-1219	QO	vclaim-sno-obama-created-more-jobs-trump	1	-18500	SimBa
tweet-sno-1219	QO	vclaim-sno-is-matt-damon-moving-to-australia	1	-18500	SimBa
tweet-sno-1220	QO	vclaim-sno-nike-burned-sneakers	1	-15400	SimBa
tweet-sno-1220	QO	vclaim-sno-pencil-death	1	-15400	SimBa
tweet-sno-1220	QO	vclaim-sno-madonna-trump-2020	1	-15500	SimBa
tweet-sno-1220	QO	vclaim-sno-trump-venn-diagram	1	-15700	SimBa
tweet-sno-1220	QO	vclaim-sno-jared-kushner-tweets-deleted	1	-15700	SimBa
tweet-sno-1221	QO	vclaim-sno-common-cents-solution	1	-5200	SimBa
tweet-sno-1221	QO	vclaim-sno-into-the-bleach	1	-5200	SimBa
tweet-sno-1221	QO	vclaim-sno-teenagers-sewing-mouths-shut-scary-new-trend	1	-5300	SimBa
tweet-sno-1221	QO	vclaim-sno-seattle-police-confiscate-mans-guns-without-warrant	1	-5400	SimBa
tweet-sno-1221	QO	vclaim-sno-racial-murder-elderly-white-woman	1	-5400	SimBa
tweet-sno-1222	QO	vclaim-sno-clinton-federal-racketeering-charges	1	-5700	SimBa
tweet-sno-1222	QO	vclaim-sno-clinton-foundation-dead-contributions-dry	1	-5800	SimBa
tweet-sno-1222	QO	vclaim-sno-cookie-monster-veggie-monster	1	-5800	SimBa
tweet-sno-1222	QO	vclaim-sno-united-states-deporting-veterans	1	-5900	SimBa
tweet-sno-1222	QO	vclaim-sno-snowboarder-girl-chased-by-bear	1	-5900	SimBa
tweet-sno-1223	QO	vclaim-sno-facebook-car-giveaway	1	-5300	SimBa
tweet-sno-1223	QO	vclaim-sno-man-charged-driving-influence-caffeine	1	-5500	SimBa
tweet-sno-1223	QO	vclaim-sno-can-unlock-car-door-tennis-ball	1	-5500	SimBa
tweet-sno-1223	QO	vclaim-sno-halal-mart	1	-5500	SimBa
tweet-sno-1223	QO	vclaim-sno-fauci-ghislaine-maxwell-sister	1	-5600	SimBa
tweet-sno-1224	QO	vclaim-sno-nfl-wont-televise-national-anthem-before-super-bowl	1	-11400	SimBa
tweet-sno-1224	QO	vclaim-sno-one-eyed-mother	1	-11400	SimBa
tweet-sno-1224	QO	vclaim-sno-biden-ban-fracking	1	-11400	SimBa
tweet-sno-1224	QO	vclaim-sno-everpet-dog-food	1	-11500	SimBa
tweet-sno-1224	QO	vclaim-sno-bread-and-media-circuses	1	-11500	SimBa
tweet-sno-1225	QO	vclaim-sno-nixon-watergate-details-illegally-leaked	1	-13300	SimBa
tweet-sno-1225	QO	vclaim-sno-caleb-lee-pizza-hut	1	-13300	SimBa
tweet-sno-1225	QO	vclaim-sno-childs-play	1	-13400	SimBa
tweet-sno-1225	QO	vclaim-sno-sons-top-democrats-ukraine-clinton	1	-13400	SimBa
tweet-sno-1225	QO	vclaim-sno-eastwood-obama-biggest-people	1	-13400	SimBa
tweet-sno-1226	QO	vclaim-sno-miriam-adelson-medal-of-freedom	1	-19400	SimBa
tweet-sno-1226	QO	vclaim-sno-joe-biden-international	1	-19500	SimBa
tweet-sno-1226	QO	vclaim-sno-failed-impeachment-nullify-term	1	-19600	SimBa
tweet-sno-1226	QO	vclaim-sno-fda-packaging-change	1	-19700	SimBa
tweet-sno-1226	QO	vclaim-sno-loreal-violent-white-race	1	-19700	SimBa
tweet-sno-1227	QO	vclaim-sno-cbo-ahca-score	1	-10600	SimBa
tweet-sno-1227	QO	vclaim-sno-blair-holt-bill	1	-10600	SimBa
tweet-sno-1227	QO	vclaim-sno-fired-kidney-donor	1	-10700	SimBa
tweet-sno-1227	QO	vclaim-sno-keanu-reeves-tragic-story	1	-10700	SimBa
tweet-sno-1227	QO	vclaim-sno-michelle-obama-ditched-by-secret-service	1	-10800	SimBa
tweet-sno-1228	QO	vclaim-sno-hit-the-floor	1	-10700	SimBa
tweet-sno-1228	QO	vclaim-sno-ezra-taft-benson-vote	1	-10800	SimBa
tweet-sno-1228	QO	vclaim-sno-hitler-control-quote	1	-10800	SimBa
tweet-sno-1228	QO	vclaim-sno-man-kicked-buffet-sues	1	-10800	SimBa
tweet-sno-1228	QO	vclaim-sno-dog-climbs-ladder	1	-10900	SimBa
tweet-sno-1229	QO	vclaim-sno-are-people-dying-exposure-perfume	1	-9800	SimBa
tweet-sno-1229	QO	vclaim-sno-police-sweden-no-longer-investigating-since-migrants	1	-9900	SimBa
tweet-sno-1229	QO	vclaim-sno-pete-hegseth-germs-not-real	1	-10000	SimBa
tweet-sno-1229	QO	vclaim-sno-canadian-border-cellphone-search	1	-10000	SimBa
tweet-sno-1229	QO	vclaim-sno-22-clinton-foundation-employees-arrested	1	-10000	SimBa
tweet-sno-1230	QO	vclaim-sno-never-wake-sleepwalker	1	-14100	SimBa
tweet-sno-1230	QO	vclaim-sno-house-fire-nike-shoes-burn	1	-14600	SimBa
tweet-sno-1230	QO	vclaim-sno-heather-bresch-attacked-by-bee-swarm-after-raising-epipen-price	1	-14800	SimBa
tweet-sno-1230	QO	vclaim-sno-up-up-and-away	1	-15000	SimBa
tweet-sno-1230	QO	vclaim-sno-carjackers-leaving-flyers-100-bills-car-windows	1	-15000	SimBa
tweet-sno-1231	QO	vclaim-sno-melting-pot-multiculturalism-artwork	1	-19900	SimBa
tweet-sno-1231	QO	vclaim-sno-james-clyburn-national-hymn	1	-19900	SimBa
tweet-sno-1231	QO	vclaim-sno-no-lackin-challenge	1	-20000	SimBa
tweet-sno-1231	QO	vclaim-sno-palestinians-dance-nikki-haley-un	1	-20000	SimBa
tweet-sno-1231	QO	vclaim-sno-irs-stimulus-check-1200	1	-20200	SimBa
tweet-sno-1232	QO	vclaim-sno-nancy-pelosi-build-wall-gun-ban	1	-19500	SimBa
tweet-sno-1232	QO	vclaim-sno-thomas-jefferson-gun-quote	1	-19600	SimBa
tweet-sno-1232	QO	vclaim-sno-georgia-police-dog-head	1	-19700	SimBa
tweet-sno-1232	QO	vclaim-sno-texas-lawyer-michael-myers-prank	1	-19800	SimBa
tweet-sno-1232	QO	vclaim-sno-tanya-mcdowell-sentencing	1	-19800	SimBa
tweet-sno-1233	QO	vclaim-sno-trump-polls-drop-out	1	-15300	SimBa
tweet-sno-1233	QO	vclaim-sno-trump-traffic-accusations	1	-15500	SimBa
tweet-sno-1233	QO	vclaim-sno-sanders-campaign-busing-youths-to-caucuses-and-primaries	1	-15500	SimBa
tweet-sno-1233	QO	vclaim-sno-trump-venn-diagram	1	-15500	SimBa
tweet-sno-1233	QO	vclaim-sno-donald-trump-military-training-quote	1	-15500	SimBa
tweet-sno-1234	QO	vclaim-sno-marco-rubio-said-felons-get-guns-back-not-voting-rights	1	-9500	SimBa
tweet-sno-1234	QO	vclaim-sno-arent-you-glad-you-didnt-turn-on-the-light	1	-9700	SimBa
tweet-sno-1234	QO	vclaim-sno-stray-cat-strut	1	-9700	SimBa
tweet-sno-1234	QO	vclaim-sno-everpet-dog-food	1	-9800	SimBa
tweet-sno-1234	QO	vclaim-sno-florida-georgia-line-marry	1	-9800	SimBa
tweet-sno-1235	QO	vclaim-sno-trump-tweet-puerto-rico	1	-13800	SimBa
tweet-sno-1235	QO	vclaim-sno-amusement-park-break-in-lawsuit	1	-14300	SimBa
tweet-sno-1235	QO	vclaim-sno-1911-poseidon-adventure	1	-14300	SimBa
tweet-sno-1235	QO	vclaim-sno-muslim-woman-demanded-men-leave-salon-so-she-could-get-her-hair-styled	1	-14400	SimBa
tweet-sno-1235	QO	vclaim-sno-hammer-time	1	-14500	SimBa
tweet-sno-1236	QO	vclaim-sno-johnny-depp-charged-patriot-act	1	-17800	SimBa
tweet-sno-1236	QO	vclaim-sno-1911-poseidon-adventure	1	-17900	SimBa
tweet-sno-1236	QO	vclaim-sno-dem-party-logo-white-supremacy	1	-18000	SimBa
tweet-sno-1236	QO	vclaim-sno-irs-impersonation-telephone-scam	1	-18000	SimBa
tweet-sno-1236	QO	vclaim-sno-declared-deaths	1	-18100	SimBa
tweet-sno-1237	QO	vclaim-sno-is-this-toyger-kitten-photo-real	1	-4900	SimBa
tweet-sno-1237	QO	vclaim-sno-bail-tale	1	-5200	SimBa
tweet-sno-1237	QO	vclaim-sno-bat-your-lashes	1	-5200	SimBa
tweet-sno-1237	QO	vclaim-sno-biden-second-amendment-obsolete	1	-5200	SimBa
tweet-sno-1237	QO	vclaim-sno-child-prostitution-legalized-in-california	1	-5200	SimBa
tweet-sno-1238	QO	vclaim-sno-purse-in-the-grocery-cart-scam	1	-8800	SimBa
tweet-sno-1238	QO	vclaim-sno-death-row-inmate-igor-hamilton	1	-8800	SimBa
tweet-sno-1238	QO	vclaim-sno-shock-schlocktrine	1	-8900	SimBa
tweet-sno-1238	QO	vclaim-sno-storm-warning	1	-8900	SimBa
tweet-sno-1238	QO	vclaim-sno-joe-plumber-dies	1	-8900	SimBa
tweet-sno-1239	QO	vclaim-sno-the-rose	1	-16700	SimBa
tweet-sno-1239	QO	vclaim-sno-gunman-gambit	1	-17000	SimBa
tweet-sno-1239	QO	vclaim-sno-dems-immigrants-vets-health	1	-17100	SimBa
tweet-sno-1239	QO	vclaim-sno-jefferson-government-corrupt-liars	1	-17200	SimBa
tweet-sno-1239	QO	vclaim-sno-george-soros-bring-down-us	1	-17200	SimBa
tweet-sno-1240	QO	vclaim-sno-attempted-robbery-target-field	1	-7600	SimBa
tweet-sno-1240	QO	vclaim-sno-blm-buses-photo	1	-8000	SimBa
tweet-sno-1240	QO	vclaim-sno-national-guard-biden-motorcade	1	-8100	SimBa
tweet-sno-1240	QO	vclaim-sno-biden-pardon-blm-protesters	1	-8100	SimBa
tweet-sno-1240	QO	vclaim-sno-ford-motors-funds-black-lives-matter	1	-8300	SimBa
tweet-sno-1241	QO	vclaim-sno-getting-the-hang-of-it	1	-20000	SimBa
tweet-sno-1241	QO	vclaim-sno-hennepin-county-flag	1	-20000	SimBa
tweet-sno-1241	QO	vclaim-sno-burn-zinc-batteries-fireplace	1	-20100	SimBa
tweet-sno-1241	QO	vclaim-sno-russian-asbestos-trump_face	1	-20200	SimBa
tweet-sno-1241	QO	vclaim-sno-pelvic-exams-informed-consent	1	-20200	SimBa
tweet-sno-1242	QO	vclaim-sno-michael-moore-endorsed-donald-trump	1	-4400	SimBa
tweet-sno-1242	QO	vclaim-sno-ted-cruz-blames-god-twitter	1	-4600	SimBa
tweet-sno-1242	QO	vclaim-sno-taco-cabana-sign-donald-trump-prank	1	-4600	SimBa
tweet-sno-1242	QO	vclaim-sno-president-trump-in-diaper	1	-4600	SimBa
tweet-sno-1242	QO	vclaim-sno-pope-francis-donald-trump-endorsement	1	-4700	SimBa
tweet-sno-1243	QO	vclaim-sno-trump-flag-symbol-love	1	-5400	SimBa
tweet-sno-1243	QO	vclaim-sno-orca-jumping	1	-5600	SimBa
tweet-sno-1243	QO	vclaim-sno-died-onstage	1	-5700	SimBa
tweet-sno-1243	QO	vclaim-sno-does-schumer-have-concealed-permit	1	-5700	SimBa
tweet-sno-1243	QO	vclaim-sno-blue-eyes-alcohol-tolerance	1	-5800	SimBa
tweet-sno-1244	QO	vclaim-sno-was-the-white-house-built-by-slaves	1	-4100	SimBa
tweet-sno-1244	QO	vclaim-sno-letter-of-the-law	1	-4300	SimBa
tweet-sno-1244	QO	vclaim-sno-should-eggs-be-refrigerated	1	-4300	SimBa
tweet-sno-1244	QO	vclaim-sno-solar-panels-drain-sun	1	-4300	SimBa
tweet-sno-1244	QO	vclaim-sno-bernie-sanders-dodged-draft	1	-4400	SimBa
tweet-sno-1245	QO	vclaim-sno-kevin-seefried-democrat-biden	1	-14700	SimBa
tweet-sno-1245	QO	vclaim-sno-trump-impeachment-air-force-one	1	-15000	SimBa
tweet-sno-1245	QO	vclaim-sno-trump-michigan-man-year-award	1	-15000	SimBa
tweet-sno-1245	QO	vclaim-sno-trump-cut-meals-on-wheels	1	-15400	SimBa
tweet-sno-1245	QO	vclaim-sno-trump-office-former-president	1	-15500	SimBa
tweet-sno-1246	QO	vclaim-sno-bust-up	1	-3900	SimBa
tweet-sno-1246	QO	vclaim-sno-science-reveals-toughest-splits-bowling	1	-4000	SimBa
tweet-sno-1246	QO	vclaim-sno-are-there-worms-in-lipton-tea-bags	1	-4000	SimBa
tweet-sno-1246	QO	vclaim-sno-twitter-shutting-down-in-2017	1	-4000	SimBa
tweet-sno-1246	QO	vclaim-sno-capri-cocaine	1	-4100	SimBa
tweet-sno-1247	QO	vclaim-sno-corps-leaders-warn-marines-tide-pods	1	-19400	SimBa
tweet-sno-1247	QO	vclaim-sno-islamic-state-of-syria-and-lansing	1	-19500	SimBa
tweet-sno-1247	QO	vclaim-sno-bluegill-dangerous-fish	1	-19500	SimBa
tweet-sno-1247	QO	vclaim-sno-cdc-forced-vaccinations	1	-19500	SimBa
tweet-sno-1247	QO	vclaim-sno-stick-stiffed	1	-19500	SimBa
tweet-sno-1248	QO	vclaim-sno-no-michael-jackson-isnt-alive	1	-12400	SimBa
tweet-sno-1248	QO	vclaim-sno-alien-caught-on-kerala-karnataka-border	1	-12400	SimBa
tweet-sno-1248	QO	vclaim-sno-texas-church-shooter-atheist-dnc-payroll	1	-12600	SimBa
tweet-sno-1248	QO	vclaim-sno-slim-jim-deaths	1	-12700	SimBa
tweet-sno-1248	QO	vclaim-sno-blue-angels-hand-of-god	1	-12700	SimBa
tweet-sno-1249	QO	vclaim-sno-apple-letter-san-bernardino	1	-15500	SimBa
tweet-sno-1249	QO	vclaim-sno-mother-and-child-reunion	1	-15500	SimBa
tweet-sno-1249	QO	vclaim-sno-puerto-rico-shirt-harassment	1	-15600	SimBa
tweet-sno-1249	QO	vclaim-sno-ben-carson-thinks-the-earth-would-have-exploded-during-big-bang	1	-15600	SimBa
tweet-sno-1249	QO	vclaim-sno-iowa-students-apologize	1	-15600	SimBa
tweet-sno-1250	QO	vclaim-sno-pennsylvania-205000-votes	1	-7300	SimBa
tweet-sno-1250	QO	vclaim-sno-simple-math-on-biden-votes	1	-8400	SimBa
tweet-sno-1250	QO	vclaim-sno-liberal-celebrities-assassination-plot	1	-8600	SimBa
tweet-sno-1250	QO	vclaim-sno-jennifer-lawrence-hurricanes-trump	1	-8600	SimBa
tweet-sno-1250	QO	vclaim-sno-stan-lee-fire-jennifer-lawrence	1	-8700	SimBa
tweet-sno-1251	QO	vclaim-sno-jorgensen-40k	1	-15600	SimBa
tweet-sno-1251	QO	vclaim-sno-pennsylvania-205000-votes	1	-16300	SimBa
tweet-sno-1251	QO	vclaim-sno-bluegill-dangerous-fish	1	-16400	SimBa
tweet-sno-1251	QO	vclaim-sno-obama-foundation-floyd-death	1	-16500	SimBa
tweet-sno-1251	QO	vclaim-sno-ben-carson-hurricane-homelessness-gift-heaven	1	-16600	SimBa
tweet-sno-1252	QO	vclaim-sno-usps-secret-service-false-flag	1	-18700	SimBa
tweet-sno-1252	QO	vclaim-sno-mountain-lion-protecting-her-cubs	1	-18700	SimBa
tweet-sno-1252	QO	vclaim-sno-kanye-west-receive-60000-votes	1	-18900	SimBa
tweet-sno-1252	QO	vclaim-sno-irs-impersonation-telephone-scam	1	-19000	SimBa
tweet-sno-1252	QO	vclaim-sno-tanya-mcdowell-sentencing	1	-19100	SimBa
tweet-sno-1253	QO	vclaim-sno-susan-collins-fake-quote	1	-19900	SimBa
tweet-sno-1253	QO	vclaim-sno-jeff-flake-solar-energy	1	-20000	SimBa
tweet-sno-1253	QO	vclaim-sno-patrick-henry-constitution-quote	1	-20100	SimBa
tweet-sno-1253	QO	vclaim-sno-no-lackin-challenge	1	-20100	SimBa
tweet-sno-1253	QO	vclaim-sno-shark-attack	1	-20200	SimBa
tweet-sno-1254	QO	vclaim-sno-head-of-the-class	1	-10000	SimBa
tweet-sno-1254	QO	vclaim-sno-quake-mother	1	-10200	SimBa
tweet-sno-1254	QO	vclaim-sno-one-nation-under-allah	1	-10200	SimBa
tweet-sno-1254	QO	vclaim-sno-thanks-to-those-who-serve-maze	1	-10200	SimBa
tweet-sno-1254	QO	vclaim-sno-paul-walkers-ghost	1	-10300	SimBa
tweet-sno-1255	QO	vclaim-sno-trees-stars-milky-way	1	-9200	SimBa
tweet-sno-1255	QO	vclaim-sno-beatles-help-album-cover	1	-9400	SimBa
tweet-sno-1255	QO	vclaim-sno-blowin-in-the-wind	1	-9400	SimBa
tweet-sno-1255	QO	vclaim-sno-downy-unstopables-warmer-warning	1	-9400	SimBa
tweet-sno-1255	QO	vclaim-sno-nasa-warns-nibiru-is-headed-straight-for-earth	1	-9400	SimBa
tweet-sno-1256	QO	vclaim-sno-chicken-fried-spake	1	-7200	SimBa
tweet-sno-1256	QO	vclaim-sno-is-disney-building-resort-toronto-islands	1	-7300	SimBa
tweet-sno-1256	QO	vclaim-sno-park-place	1	-7300	SimBa
tweet-sno-1256	QO	vclaim-sno-can-police-legally-rape-people-35-states	1	-7300	SimBa
tweet-sno-1256	QO	vclaim-sno-kanye-west-wanted-for-jewelry-insurance-scam	1	-7400	SimBa
tweet-sno-1257	QO	vclaim-sno-graham-buttigieg-repent	1	-18400	SimBa
tweet-sno-1257	QO	vclaim-sno-russian-crewlette	1	-19800	SimBa
tweet-sno-1257	QO	vclaim-sno-failed-impeachment-nullify-term	1	-19900	SimBa
tweet-sno-1257	QO	vclaim-sno-george-soros-bring-down-us	1	-20000	SimBa
tweet-sno-1257	QO	vclaim-sno-baseball-cut-in-half-by-axe	1	-20000	SimBa
tweet-sno-1258	QO	vclaim-sno-kardashian-west-split	1	-6700	SimBa
tweet-sno-1258	QO	vclaim-sno-joel-osteen-rip-up-the-bible	1	-6700	SimBa
tweet-sno-1258	QO	vclaim-sno-kanye-banned	1	-6700	SimBa
tweet-sno-1258	QO	vclaim-sno-chinese-lunar-moon-landings	1	-6800	SimBa
tweet-sno-1258	QO	vclaim-sno-biden-america-is-dead	1	-6800	SimBa
tweet-sno-1259	QO	vclaim-sno-ted-cruz-literally-talks-god	1	-4400	SimBa
tweet-sno-1259	QO	vclaim-sno-richard-gere-net-worth	1	-4400	SimBa
tweet-sno-1259	QO	vclaim-sno-cat-unusually-deep-voice	1	-4400	SimBa
tweet-sno-1259	QO	vclaim-sno-marilyn-monroe-toes	1	-4400	SimBa
tweet-sno-1259	QO	vclaim-sno-jingle-bells-thanksgiving-carol	1	-4400	SimBa
tweet-sno-1260	QO	vclaim-sno-patrick-henry-constitution-quote	1	-17500	SimBa
tweet-sno-1260	QO	vclaim-sno-memphis-poll-black-lives-matter	1	-17600	SimBa
tweet-sno-1260	QO	vclaim-sno-new-superfuel	1	-17600	SimBa
tweet-sno-1260	QO	vclaim-sno-obama-general-greene-funeral	1	-17600	SimBa
tweet-sno-1260	QO	vclaim-sno-ice-cream-registration-notice	1	-17700	SimBa
tweet-sno-1261	QO	vclaim-sno-bluegill-dangerous-fish	1	-18000	SimBa
tweet-sno-1261	QO	vclaim-sno-scraping-tongue-spoon-diagnose	1	-18000	SimBa
tweet-sno-1261	QO	vclaim-sno-sanders-voter-suppression-ny	1	-18000	SimBa
tweet-sno-1261	QO	vclaim-sno-jerry-jones-speech-911	1	-18100	SimBa
tweet-sno-1261	QO	vclaim-sno-grant-next-civil-war	1	-18100	SimBa
tweet-sno-1262	QO	vclaim-sno-hong-kong-protesters-projectors	1	-10200	SimBa
tweet-sno-1262	QO	vclaim-sno-ermey-press-conference	1	-10200	SimBa
tweet-sno-1262	QO	vclaim-sno-oklahoma-university-chapel-cross	1	-10300	SimBa
tweet-sno-1262	QO	vclaim-sno-russia-reached-saturn	1	-10500	SimBa
tweet-sno-1262	QO	vclaim-sno-trump-call-trudeau-leader-igloo-people	1	-10500	SimBa
tweet-sno-1263	QO	vclaim-sno-marcel-marceau-saved-children-nazis	1	-19300	SimBa
tweet-sno-1263	QO	vclaim-sno-pelosi-trump-use-back-door	1	-19300	SimBa
tweet-sno-1263	QO	vclaim-sno-trump-gamble-court-case	1	-19400	SimBa
tweet-sno-1263	QO	vclaim-sno-12th-amendment-path-to-victory	1	-19400	SimBa
tweet-sno-1263	QO	vclaim-sno-the-obligatory-wait	1	-19500	SimBa
tweet-sno-1264	QO	vclaim-sno-dog-climbs-ladder	1	-11600	SimBa
tweet-sno-1264	QO	vclaim-sno-did-georgia-lawmaker-nazis-d-day	1	-11700	SimBa
tweet-sno-1264	QO	vclaim-sno-thousands-white-teens-brawled-mall-nobody-arrested	1	-11800	SimBa
tweet-sno-1264	QO	vclaim-sno-schitts-creek-motel-seattle	1	-11800	SimBa
tweet-sno-1264	QO	vclaim-sno-hypnotized-chicken	1	-11800	SimBa
tweet-sno-1265	QO	vclaim-sno-schitts-creek-motel-seattle	1	-16700	SimBa
tweet-sno-1265	QO	vclaim-sno-prada-store-blackface-imagery	1	-17800	SimBa
tweet-sno-1265	QO	vclaim-sno-mike-pence-opposes-vice	1	-18000	SimBa
tweet-sno-1265	QO	vclaim-sno-california-wineries-newsom	1	-18000	SimBa
tweet-sno-1265	QO	vclaim-sno-biden-promise-fewer-fires-floods	1	-18000	SimBa
tweet-sno-1266	QO	vclaim-sno-popular-vote-totals-rigged	1	-16700	SimBa
tweet-sno-1266	QO	vclaim-sno-jorgensen-40k	1	-16700	SimBa
tweet-sno-1266	QO	vclaim-sno-one-man-and-a-baby-box	1	-16900	SimBa
tweet-sno-1266	QO	vclaim-sno-pence-empty-boxes	1	-17100	SimBa
tweet-sno-1266	QO	vclaim-sno-anti-gay-bakers-lottery-payout	1	-17100	SimBa
tweet-sno-1267	QO	vclaim-sno-it39s-raining-fish	1	-7600	SimBa
tweet-sno-1267	QO	vclaim-sno-everpet-dog-food	1	-7700	SimBa
tweet-sno-1267	QO	vclaim-sno-diabetes-vaccine	1	-7700	SimBa
tweet-sno-1267	QO	vclaim-sno-2017-tax-bill	1	-7800	SimBa
tweet-sno-1267	QO	vclaim-sno-democrats-indictment-for-coup	1	-7800	SimBa
tweet-sno-1268	QO	vclaim-sno-alex-jones-biden-removed	1	-8200	SimBa
tweet-sno-1268	QO	vclaim-sno-women-carry-anti-baby-signs-womens-march-washington	1	-8900	SimBa
tweet-sno-1268	QO	vclaim-sno-cow-check	1	-9000	SimBa
tweet-sno-1268	QO	vclaim-sno-obama-americans-are-better-off-under-martial-law	1	-9100	SimBa
tweet-sno-1268	QO	vclaim-sno-trump-stock-market-prediction	1	-9100	SimBa
tweet-sno-1269	QO	vclaim-sno-does-body-replace-itself-seven-years	1	-4900	SimBa
tweet-sno-1269	QO	vclaim-sno-lash-of-the-mohicans	1	-4900	SimBa
tweet-sno-1269	QO	vclaim-sno-the-death-of-beth	1	-5000	SimBa
tweet-sno-1269	QO	vclaim-sno-urine-in-corona-beer	1	-5100	SimBa
tweet-sno-1269	QO	vclaim-sno-black-panther-fbi-watch-list	1	-5200	SimBa
tweet-sno-1270	QO	vclaim-sno-kim-rhode-ignored	1	-10100	SimBa
tweet-sno-1270	QO	vclaim-sno-net-worth-1m-servicemen	1	-10300	SimBa
tweet-sno-1270	QO	vclaim-sno-causes-of-death-2016	1	-10300	SimBa
tweet-sno-1270	QO	vclaim-sno-clinton-underage-sex-ring	1	-10400	SimBa
tweet-sno-1270	QO	vclaim-sno-ted-nugent-biden-letter	1	-10500	SimBa
tweet-sno-1271	QO	vclaim-sno-veto-for-the-crony	1	-7000	SimBa
tweet-sno-1271	QO	vclaim-sno-finger-chop-challenge	1	-7700	SimBa
tweet-sno-1271	QO	vclaim-sno-kurt-russell-trump-relentless	1	-7900	SimBa
tweet-sno-1271	QO	vclaim-sno-accused-russian-spy-mariia-butina-photographed-oval-office	1	-8000	SimBa
tweet-sno-1271	QO	vclaim-sno-katy-perry-grammys-handcuffs	1	-8100	SimBa
tweet-sno-1272	QO	vclaim-sno-is-a-utah-schools-event-barring-girls-from-refusing-boys-dance-requests	1	-10900	SimBa
tweet-sno-1272	QO	vclaim-sno-olivia-newton-john-dying-cancer	1	-11000	SimBa
tweet-sno-1272	QO	vclaim-sno-harrods-santa	1	-11000	SimBa
tweet-sno-1272	QO	vclaim-sno-transgender-arrested-target-photos	1	-11000	SimBa
tweet-sno-1272	QO	vclaim-sno-australia-government-shutdown	1	-11100	SimBa
tweet-sno-1273	QO	vclaim-sno-nasa-planetary-protection-officer	1	-9200	SimBa
tweet-sno-1273	QO	vclaim-sno-endangered-species-missed	1	-9300	SimBa
tweet-sno-1273	QO	vclaim-sno-bill-clinton-impeachment-testimony	1	-9300	SimBa
tweet-sno-1273	QO	vclaim-sno-tokyo-human-meat-restaurant	1	-9300	SimBa
tweet-sno-1273	QO	vclaim-sno-uniformed-police-officers-banned-from-the-democratic-national-convention	1	-9300	SimBa
tweet-sno-1274	QO	vclaim-sno-petri-dishes-coughed-on-mask	1	-16500	SimBa
tweet-sno-1274	QO	vclaim-sno-joes-crab-shack-criticized-displaying-picture-man-hanged	1	-16700	SimBa
tweet-sno-1274	QO	vclaim-sno-boston-police-officer-kills-black-man-over-marijuana-cigarette	1	-16700	SimBa
tweet-sno-1274	QO	vclaim-sno-farmer-castro-execution	1	-16700	SimBa
tweet-sno-1274	QO	vclaim-sno-hoarding-gas-plastic-bags	1	-16800	SimBa
tweet-sno-1275	QO	vclaim-sno-costco-rotisserie-chicken-cheap	1	-5100	SimBa
tweet-sno-1275	QO	vclaim-sno-catapulted-cat	1	-11300	SimBa
tweet-sno-1275	QO	vclaim-sno-crisis-actor-mother-three-shootings	1	-11300	SimBa
tweet-sno-1275	QO	vclaim-sno-usain-bolt-donated-10-million-to-haiti	1	-11400	SimBa
tweet-sno-1275	QO	vclaim-sno-kfc-mutant-chickens	1	-11500	SimBa
tweet-sno-1276	QO	vclaim-sno-ted-cruz-netflix-and-chill-contest	1	-7800	SimBa
tweet-sno-1276	QO	vclaim-sno-hillary-clinton-embraces-the-woman-card	1	-7900	SimBa
tweet-sno-1276	QO	vclaim-sno-sanders-alien-reveal-pledge	1	-8300	SimBa
tweet-sno-1276	QO	vclaim-sno-kennedy-nixon-virtual-debate-1960	1	-8300	SimBa
tweet-sno-1276	QO	vclaim-sno-bidens-win-lie-of-the-year	1	-8500	SimBa
tweet-sno-1277	QO	vclaim-sno-second-wave-spanish-flu-wwi	1	-20300	SimBa
tweet-sno-1277	QO	vclaim-sno-hobby-lobby-coronavirus	1	-20500	SimBa
tweet-sno-1277	QO	vclaim-sno-spacesuit-envy	1	-20500	SimBa
tweet-sno-1277	QO	vclaim-sno-oakland-shortstop-nra-shirt	1	-20600	SimBa
tweet-sno-1277	QO	vclaim-sno-gas-cheaper-president-obama	1	-20700	SimBa
tweet-sno-1278	QO	vclaim-sno-not-lovin39-it	1	-7200	SimBa
tweet-sno-1278	QO	vclaim-sno-trump-to-ban-all-television-shows-that-promote-gay-activity	1	-7300	SimBa
tweet-sno-1278	QO	vclaim-sno-trump-to-repurpose-uss-enterprise-into-floating-hotel-and-casino	1	-7500	SimBa
tweet-sno-1278	QO	vclaim-sno-trump-rename-new-mexico	1	-7500	SimBa
tweet-sno-1278	QO	vclaim-sno-unhappy-meal	1	-7500	SimBa
tweet-sno-1279	QO	vclaim-sno-couple-meth-homeless-man	1	-4500	SimBa
tweet-sno-1279	QO	vclaim-sno-gohmert-tooth-fall-out	1	-4500	SimBa
tweet-sno-1279	QO	vclaim-sno-coach-jason-garrett-out-of-job	1	-4600	SimBa
tweet-sno-1279	QO	vclaim-sno-dead-bigfoot-confirmed-at-elephant-butte-lake-nm	1	-4600	SimBa
tweet-sno-1279	QO	vclaim-sno-pity-the-childless-couple	1	-4600	SimBa
tweet-sno-1280	QO	vclaim-sno-biden-harris-disease-disagreed	1	-8300	SimBa
tweet-sno-1280	QO	vclaim-sno-biden-120-years	1	-17600	SimBa
tweet-sno-1280	QO	vclaim-sno-palestinians-dance-nikki-haley-un	1	-17800	SimBa
tweet-sno-1280	QO	vclaim-sno-ronald-reagan-alzheimers-disease	1	-17800	SimBa
tweet-sno-1280	QO	vclaim-sno-usatoday-hybrid-babies-ad-wrap	1	-17900	SimBa
tweet-sno-1281	QO	vclaim-sno-weeknd-plastic-surgery	1	-4200	SimBa
tweet-sno-1281	QO	vclaim-sno-wedding-banned	1	-4300	SimBa
tweet-sno-1281	QO	vclaim-sno-fire-plugged	1	-4300	SimBa
tweet-sno-1281	QO	vclaim-sno-just-dying-to-get-out	1	-4400	SimBa
tweet-sno-1281	QO	vclaim-sno-forever-twinkies	1	-4400	SimBa
tweet-sno-1282	QO	vclaim-sno-indiana-jones-saxophone	1	-7800	SimBa
tweet-sno-1282	QO	vclaim-sno-lester-holt-wore-earpiece	1	-8400	SimBa
tweet-sno-1282	QO	vclaim-sno-trees-stars-milky-way	1	-8400	SimBa
tweet-sno-1282	QO	vclaim-sno-obama-400-million-restitution	1	-8500	SimBa
tweet-sno-1282	QO	vclaim-sno-justin-bieber-han-solo	1	-8500	SimBa
tweet-sno-1283	QO	vclaim-sno-gold-member	1	-4800	SimBa
tweet-sno-1283	QO	vclaim-sno-laxatives-college-food	1	-4900	SimBa
tweet-sno-1283	QO	vclaim-sno-metallica-singer-celebrates-a-phd-in-astrophysics	1	-4900	SimBa
tweet-sno-1283	QO	vclaim-sno-donald-trump-says-the-earth-is-flat	1	-5000	SimBa
tweet-sno-1283	QO	vclaim-sno-norway-renames-shithole-solidarity-countries-trump-insulted	1	-5000	SimBa
tweet-sno-1284	QO	vclaim-sno-trump-words-national-anthem	1	-15400	SimBa
tweet-sno-1284	QO	vclaim-sno-second-wave-spanish-flu-wwi	1	-15400	SimBa
tweet-sno-1284	QO	vclaim-sno-trump-cut-meals-on-wheels	1	-15500	SimBa
tweet-sno-1284	QO	vclaim-sno-trump-michigan-man-year-award	1	-15500	SimBa
tweet-sno-1284	QO	vclaim-sno-canadian-business-offers-land-to-relocating-americans	1	-15600	SimBa
tweet-sno-1285	QO	vclaim-sno-california-senate-ban-he-she	1	-18000	SimBa
tweet-sno-1285	QO	vclaim-sno-robin-williams-worst-thing-in-life	1	-18100	SimBa
tweet-sno-1285	QO	vclaim-sno-is-this-first-caravan-member-asylum	1	-18200	SimBa
tweet-sno-1285	QO	vclaim-sno-12th-amendment-path-to-victory	1	-18300	SimBa
tweet-sno-1285	QO	vclaim-sno-raccoons-california-break-in	1	-18400	SimBa
tweet-sno-1286	QO	vclaim-sno-simpsons-predict-trump-orb	1	-14400	SimBa
tweet-sno-1286	QO	vclaim-sno-more-testing-more-cases-covid-19	1	-14400	SimBa
tweet-sno-1286	QO	vclaim-sno-the-lottery	1	-14400	SimBa
tweet-sno-1286	QO	vclaim-sno-charles-lieber-arrested-coronavirus	1	-14500	SimBa
tweet-sno-1286	QO	vclaim-sno-ghana-wedding-clothes-divorce	1	-14500	SimBa
tweet-sno-1287	QO	vclaim-sno-cooking-meth-in-hotel-coffee-pot	1	-13300	SimBa
tweet-sno-1287	QO	vclaim-sno-my-pleasure-chick-fil-a	1	-13400	SimBa
tweet-sno-1287	QO	vclaim-sno-frank-admission-2	1	-13400	SimBa
tweet-sno-1287	QO	vclaim-sno-lights-out	1	-13400	SimBa
tweet-sno-1287	QO	vclaim-sno-letter-of-intent	1	-13400	SimBa
tweet-sno-1288	QO	vclaim-sno-my-pleasure-chick-fil-a	1	-10400	SimBa
tweet-sno-1288	QO	vclaim-sno-letter-from-the-boss	1	-11100	SimBa
tweet-sno-1288	QO	vclaim-sno-elf-nice-names-actual-crew	1	-11400	SimBa
tweet-sno-1288	QO	vclaim-sno-basket-cases	1	-11400	SimBa
tweet-sno-1288	QO	vclaim-sno-pigs-sweat-glands	1	-11500	SimBa
tweet-sno-1289	QO	vclaim-sno-chick-fil-a-long-lines-lawsuit	1	-8000	SimBa
tweet-sno-1289	QO	vclaim-sno-sarah-palin-slavery-quote	1	-8000	SimBa
tweet-sno-1289	QO	vclaim-sno-boy-beaten-to-death-by-mom	1	-8100	SimBa
tweet-sno-1289	QO	vclaim-sno-chick-fil-a-sunday-tradition	1	-8100	SimBa
tweet-sno-1289	QO	vclaim-sno-ninth-circuit-court-most-overturned	1	-8200	SimBa
tweet-sno-1290	QO	vclaim-sno-my-pleasure-chick-fil-a	1	-11900	SimBa
tweet-sno-1290	QO	vclaim-sno-j-k-rowling-drops-off-forbes-billionaires-list	1	-14200	SimBa
tweet-sno-1290	QO	vclaim-sno-diamonds-in-the-cluck	1	-14200	SimBa
tweet-sno-1290	QO	vclaim-sno-isaiah-crowell-police	1	-14300	SimBa
tweet-sno-1290	QO	vclaim-sno-delaware-cemetery-begins-exhuming-bodies-confederate-soldiers	1	-14300	SimBa
tweet-sno-1291	QO	vclaim-sno-how-four-presidents-celebrated-4th-of-july	1	-18700	SimBa
tweet-sno-1291	QO	vclaim-sno-biden-fraud-ballots-count	1	-18900	SimBa
tweet-sno-1291	QO	vclaim-sno-ted-cruz-on-air-force-one	1	-19200	SimBa
tweet-sno-1291	QO	vclaim-sno-biden-president-elect-office	1	-19500	SimBa
tweet-sno-1291	QO	vclaim-sno-ari-fleischer-covid	1	-19600	SimBa
tweet-sno-1292	QO	vclaim-sno-harry-potter-cursed-child-movie-poster	1	-14300	SimBa
tweet-sno-1292	QO	vclaim-sno-clark-gable-accident	1	-14500	SimBa
tweet-sno-1292	QO	vclaim-sno-nasa-india-earthquake	1	-14500	SimBa
tweet-sno-1292	QO	vclaim-sno-point-ocean-closest-human-astronaut	1	-14600	SimBa
tweet-sno-1292	QO	vclaim-sno-monsanto-corn	1	-14600	SimBa
tweet-sno-1293	QO	vclaim-sno-joakim-noah-west-point	1	-9300	SimBa
tweet-sno-1293	QO	vclaim-sno-kitten-dies-due-home-depot-christmas-tree	1	-9400	SimBa
tweet-sno-1293	QO	vclaim-sno-clinton-memorial-day-actor	1	-9500	SimBa
tweet-sno-1293	QO	vclaim-sno-the-hunger-site	1	-9500	SimBa
tweet-sno-1293	QO	vclaim-sno-christmas-truce	1	-9600	SimBa
tweet-sno-1294	QO	vclaim-sno-gwyneth-paltrow-vagina-candle	1	-6200	SimBa
tweet-sno-1294	QO	vclaim-sno-mike-pence-condom-ban	1	-6300	SimBa
tweet-sno-1294	QO	vclaim-sno-donald-trump-date-daughter	1	-6400	SimBa
tweet-sno-1294	QO	vclaim-sno-kfc-really-create-chicken-scented-candle	1	-6500	SimBa
tweet-sno-1294	QO	vclaim-sno-cats-purple-paws	1	-6500	SimBa
tweet-sno-1295	QO	vclaim-sno-paul-ryan-out-speaker-house	1	-6800	SimBa
tweet-sno-1295	QO	vclaim-sno-flash-player-no-longer-supported	1	-7000	SimBa
tweet-sno-1295	QO	vclaim-sno-cemetery-plot	1	-7000	SimBa
tweet-sno-1295	QO	vclaim-sno-pineapple-cough-syrup	1	-7100	SimBa
tweet-sno-1295	QO	vclaim-sno-ruby-freeman-arrested-by-fbi	1	-7100	SimBa
tweet-sno-1296	QO	vclaim-sno-flash-player-no-longer-supported	1	-4400	SimBa
tweet-sno-1296	QO	vclaim-sno-pope-sin-declaration	1	-4800	SimBa
tweet-sno-1296	QO	vclaim-sno-man-deletes-company-code	1	-4900	SimBa
tweet-sno-1296	QO	vclaim-sno-ladybugs-beetles-dog-mouth	1	-4900	SimBa
tweet-sno-1296	QO	vclaim-sno-the-bag-lady	1	-4900	SimBa
tweet-sno-1297	QO	vclaim-sno-shelter-closure	1	-17800	SimBa
tweet-sno-1297	QO	vclaim-sno-real-id-act	1	-17800	SimBa
tweet-sno-1297	QO	vclaim-sno-alexa-orders-dollhouse-and-cookies	1	-18100	SimBa
tweet-sno-1297	QO	vclaim-sno-obama-foundation-floyd-death	1	-18100	SimBa
tweet-sno-1297	QO	vclaim-sno-ivermectin-sterility-in-men	1	-18100	SimBa
tweet-sno-1298	QO	vclaim-sno-did-barack-obamas-stylist-reveal-he-is-a-gay	1	-15000	SimBa
tweet-sno-1298	QO	vclaim-sno-chanel-no-5-discontinued	1	-15200	SimBa
tweet-sno-1298	QO	vclaim-sno-museum-peace	1	-15300	SimBa
tweet-sno-1298	QO	vclaim-sno-stan-lee-condemn-bigotry	1	-15300	SimBa
tweet-sno-1298	QO	vclaim-sno-new-jersey-couple-explosion	1	-15400	SimBa
tweet-sno-1299	QO	vclaim-sno-did-woman-abandon-son	1	-8700	SimBa
tweet-sno-1299	QO	vclaim-sno-serotonin-gut-90	1	-8800	SimBa
tweet-sno-1299	QO	vclaim-sno-venezuela-money-in-gutter	1	-8800	SimBa
tweet-sno-1299	QO	vclaim-sno-worst-countries-for-women	1	-8900	SimBa
tweet-sno-1299	QO	vclaim-sno-fallen-like-leaves	1	-8900	SimBa
tweet-sno-1300	QO	vclaim-sno-biden-350-million-americans-vaccinated	1	-20500	SimBa
tweet-sno-1300	QO	vclaim-sno-more-testing-more-cases-covid-19	1	-20700	SimBa
tweet-sno-1300	QO	vclaim-sno-take-my-kids	1	-20700	SimBa
tweet-sno-1300	QO	vclaim-sno-korean-war-remains-news-coverage	1	-20700	SimBa
tweet-sno-1300	QO	vclaim-sno-were-not-ghana-take-it	1	-20700	SimBa
tweet-sno-1301	QO	vclaim-sno-bernie-sanders-rigged-unendorse	1	-9100	SimBa
tweet-sno-1301	QO	vclaim-sno-compound-interest	1	-9100	SimBa
tweet-sno-1301	QO	vclaim-sno-drag-queens-facebook-ban	1	-9200	SimBa
tweet-sno-1301	QO	vclaim-sno-sinking-the-sub-club	1	-9200	SimBa
tweet-sno-1301	QO	vclaim-sno-facebook-cancellation	1	-9200	SimBa
tweet-sno-1302	QO	vclaim-sno-panda-on-a-plane	1	-8900	SimBa
tweet-sno-1302	QO	vclaim-sno-coup-party-music	1	-9300	SimBa
tweet-sno-1302	QO	vclaim-sno-arent-you-glad-you-didnt-turn-on-the-light	1	-9400	SimBa
tweet-sno-1302	QO	vclaim-sno-tapping-the-admirable	1	-9400	SimBa
tweet-sno-1302	QO	vclaim-sno-vegetarians-safe-from-covid19	1	-9400	SimBa
tweet-sno-1303	QO	vclaim-sno-hoover-dam-bodies	1	-4300	SimBa
tweet-sno-1303	QO	vclaim-sno-marilyn-monroe-toes	1	-4300	SimBa
tweet-sno-1303	QO	vclaim-sno-spy-cameras-in-hotel-room-hooks	1	-4400	SimBa
tweet-sno-1303	QO	vclaim-sno-bmw-giveaway	1	-4400	SimBa
tweet-sno-1303	QO	vclaim-sno-blue-strawberries	1	-4500	SimBa
tweet-sno-1304	QO	vclaim-sno-pence-white-house-syria-photo	1	-12700	SimBa
tweet-sno-1304	QO	vclaim-sno-cell-phone-security	1	-12700	SimBa
tweet-sno-1304	QO	vclaim-sno-vince-foster-avoid-testifying	1	-12700	SimBa
tweet-sno-1304	QO	vclaim-sno-biden-kneel-national-anthem	1	-12800	SimBa
tweet-sno-1304	QO	vclaim-sno-hummer-bummer	1	-12900	SimBa
tweet-sno-1305	QO	vclaim-sno-scarface-remake-leonardo-dicaprio	1	-6200	SimBa
tweet-sno-1305	QO	vclaim-sno-belle-pepper	1	-6400	SimBa
tweet-sno-1305	QO	vclaim-sno-microwave-safe-pizza	1	-6500	SimBa
tweet-sno-1305	QO	vclaim-sno-free-aston-martins	1	-6500	SimBa
tweet-sno-1305	QO	vclaim-sno-disney-pornhub	1	-6500	SimBa
tweet-sno-1306	QO	vclaim-sno-the-doctor-of-the-future	1	-19100	SimBa
tweet-sno-1306	QO	vclaim-sno-kenosha-protests-doc	1	-19500	SimBa
tweet-sno-1306	QO	vclaim-sno-california-wineries-newsom	1	-19500	SimBa
tweet-sno-1306	QO	vclaim-sno-the-rattletrap	1	-19600	SimBa
tweet-sno-1306	QO	vclaim-sno-jefferson-government-corrupt-liars	1	-19700	SimBa
tweet-sno-1307	QO	vclaim-sno-mother-moose	1	-7600	SimBa
tweet-sno-1307	QO	vclaim-sno-dominos-pizza-data-journalist	1	-7600	SimBa
tweet-sno-1307	QO	vclaim-sno-did-energy-weapon-strike-michigan	1	-7700	SimBa
tweet-sno-1307	QO	vclaim-sno-trapeze-artist-with-diarrhea	1	-7900	SimBa
tweet-sno-1307	QO	vclaim-sno-arabic-tote-bag	1	-7900	SimBa
tweet-sno-1308	QO	vclaim-sno-trump-pardon-turkey-election	1	-16600	SimBa
tweet-sno-1308	QO	vclaim-sno-trump-showers-dishwashers	1	-17000	SimBa
tweet-sno-1308	QO	vclaim-sno-trump-military-votes-florida	1	-17100	SimBa
tweet-sno-1308	QO	vclaim-sno-trump-gamble-court-case	1	-17100	SimBa
tweet-sno-1308	QO	vclaim-sno-bracelets-immigrants-operation-streamline	1	-17100	SimBa
tweet-sno-1309	QO	vclaim-sno-iranian-navy-ship-sink-fire-gulf	1	-11000	SimBa
tweet-sno-1309	QO	vclaim-sno-gerald-sharon-david-illegal-immigrant-nevada	1	-11000	SimBa
tweet-sno-1309	QO	vclaim-sno-snowy-owl-130-years	1	-11100	SimBa
tweet-sno-1309	QO	vclaim-sno-tiger-woods-previous-car-crashes	1	-11100	SimBa
tweet-sno-1309	QO	vclaim-sno-bear-skier-chase-mountain	1	-11100	SimBa
tweet-sno-1310	QO	vclaim-sno-air-force-one	1	-6100	SimBa
tweet-sno-1310	QO	vclaim-sno-red-haired-teen-sues-his-parents	1	-6200	SimBa
tweet-sno-1310	QO	vclaim-sno-cameron-diaz-maya-angelou	1	-6300	SimBa
tweet-sno-1310	QO	vclaim-sno-hotel-sheep	1	-6300	SimBa
tweet-sno-1310	QO	vclaim-sno-microwave-safe-pizza	1	-6300	SimBa
tweet-sno-1311	QO	vclaim-sno-pa-mailin-votes-ballots	1	-15600	SimBa
tweet-sno-1311	QO	vclaim-sno-fbi-50-states-armed-protest	1	-15700	SimBa
tweet-sno-1311	QO	vclaim-sno-japanese-robotic-monster-wolves	1	-15800	SimBa
tweet-sno-1311	QO	vclaim-sno-elizabeth-knoxville-onion-towel	1	-15800	SimBa
tweet-sno-1311	QO	vclaim-sno-guess-bag-sales-rip-off-telfar	1	-15900	SimBa
tweet-sno-1312	QO	vclaim-sno-christmas-tree-owl	1	-9700	SimBa
tweet-sno-1312	QO	vclaim-sno-elevator-man-eats-wife	1	-10200	SimBa
tweet-sno-1312	QO	vclaim-sno-rockefeller-christmas-trees-real	1	-10600	SimBa
tweet-sno-1312	QO	vclaim-sno-joe-plumber-dies	1	-10800	SimBa
tweet-sno-1312	QO	vclaim-sno-home-depot-hat-response	1	-10900	SimBa
tweet-sno-1313	QO	vclaim-sno-popular-vote-totals-rigged	1	-11400	SimBa
tweet-sno-1313	QO	vclaim-sno-move-over	1	-11400	SimBa
tweet-sno-1313	QO	vclaim-sno-canada-gives-polygamist-immigrants-thousands-start-money	1	-11500	SimBa
tweet-sno-1313	QO	vclaim-sno-wisconsin-transgender-students-force-to-wear-green-bracelets	1	-11600	SimBa
tweet-sno-1313	QO	vclaim-sno-biden-bury-a-dog-on-stage	1	-11700	SimBa
tweet-sno-1314	QO	vclaim-sno-dominion-servers-germany-seized	1	-15300	SimBa
tweet-sno-1314	QO	vclaim-sno-everylegalvote-2020-election	1	-16700	SimBa
tweet-sno-1314	QO	vclaim-sno-morgan-freeman-jailing-hillary-restore-faith	1	-16700	SimBa
tweet-sno-1314	QO	vclaim-sno-go-ask-alice-2	1	-16700	SimBa
tweet-sno-1314	QO	vclaim-sno-more-testing-more-cases-covid-19	1	-16800	SimBa
tweet-sno-1315	QO	vclaim-sno-has-the-process-to-impeach-donald-trump-begun	1	-4900	SimBa
tweet-sno-1315	QO	vclaim-sno-machine-gun-kelly-death-hoax	1	-5000	SimBa
tweet-sno-1315	QO	vclaim-sno-swallow-spiders	1	-5000	SimBa
tweet-sno-1315	QO	vclaim-sno-dubai-water-slide-photo	1	-5000	SimBa
tweet-sno-1315	QO	vclaim-sno-chocolate-extinct-40-years	1	-5100	SimBa
tweet-sno-1316	QO	vclaim-sno-us-pulling-out-of-un	1	-12100	SimBa
tweet-sno-1316	QO	vclaim-sno-hero-wombats-australia-fires	1	-12300	SimBa
tweet-sno-1316	QO	vclaim-sno-did-woman-abandon-son	1	-12400	SimBa
tweet-sno-1316	QO	vclaim-sno-man-falling-down-stairs-video	1	-12400	SimBa
tweet-sno-1316	QO	vclaim-sno-american-taxpayers90-billion	1	-12500	SimBa
tweet-sno-1317	QO	vclaim-sno-boxing-day	1	-9700	SimBa
tweet-sno-1317	QO	vclaim-sno-muslim-religion-peace-demonstration	1	-9900	SimBa
tweet-sno-1317	QO	vclaim-sno-oprah-winfrey-old-white-people-have-to-die	1	-9900	SimBa
tweet-sno-1317	QO	vclaim-sno-keeping-tab	1	-10000	SimBa
tweet-sno-1317	QO	vclaim-sno-national-geographics-photograph-year	1	-10000	SimBa
tweet-sno-1318	QO	vclaim-sno-george-soros-bring-down-us	1	-14000	SimBa
tweet-sno-1318	QO	vclaim-sno-george-soros-destroy-united-states	1	-14100	SimBa
tweet-sno-1318	QO	vclaim-sno-trump-secret-presidential-pardons	1	-14300	SimBa
tweet-sno-1318	QO	vclaim-sno-pluck-yew	1	-14400	SimBa
tweet-sno-1318	QO	vclaim-sno-cnn-justine-damond	1	-14600	SimBa
tweet-sno-1319	QO	vclaim-sno-barr-major-discovery	1	-14200	SimBa
tweet-sno-1319	QO	vclaim-sno-putin-laugh-at-trump-loser	1	-14400	SimBa
tweet-sno-1319	QO	vclaim-sno-obama-trump-transition-letter	1	-14400	SimBa
tweet-sno-1319	QO	vclaim-sno-pennsylvania-judge-legal-win-trump	1	-14400	SimBa
tweet-sno-1319	QO	vclaim-sno-greta-thunberg-hunger-strike	1	-14500	SimBa
tweet-sno-1320	QO	vclaim-sno-trump-obama-bin-laden	1	-12300	SimBa
tweet-sno-1320	QO	vclaim-sno-was-cartoonist-fired-for-trump-drawing	1	-12300	SimBa
tweet-sno-1320	QO	vclaim-sno-bernie-sanders-iran-hostage-crisis	1	-12500	SimBa
tweet-sno-1320	QO	vclaim-sno-powerball-wealth-sharing-meme	1	-12500	SimBa
tweet-sno-1320	QO	vclaim-sno-trump-polls-drop-out	1	-12500	SimBa
tweet-sno-1321	QO	vclaim-sno-newsmax-biden-pence	1	-17800	SimBa
tweet-sno-1321	QO	vclaim-sno-diamond-silk-gop-convention	1	-18600	SimBa
tweet-sno-1321	QO	vclaim-sno-mitch-mcconnell-blow-off-trump-haircut	1	-18700	SimBa
tweet-sno-1321	QO	vclaim-sno-trump-tweet-obama-scotus	1	-19000	SimBa
tweet-sno-1321	QO	vclaim-sno-biden-120-years	1	-19100	SimBa
tweet-sno-1322	QO	vclaim-sno-newsmax-biden-pence	1	-17300	SimBa
tweet-sno-1322	QO	vclaim-sno-letter-to-free-wives	1	-17500	SimBa
tweet-sno-1322	QO	vclaim-sno-trump-salute-north-korean-general	1	-17600	SimBa
tweet-sno-1322	QO	vclaim-sno-nancy-pelosi-build-wall-gun-ban	1	-17600	SimBa
tweet-sno-1322	QO	vclaim-sno-aisle-and-girl	1	-17700	SimBa
tweet-sno-1323	QO	vclaim-sno-newsmax-biden-pence	1	-14700	SimBa
tweet-sno-1323	QO	vclaim-sno-trump-many-per-capitas	1	-15300	SimBa
tweet-sno-1323	QO	vclaim-sno-supreme-court-justices-stand	1	-15300	SimBa
tweet-sno-1323	QO	vclaim-sno-jimmy-carter-woman-president-quote	1	-15400	SimBa
tweet-sno-1323	QO	vclaim-sno-newsweek-report-trump-impeachment	1	-15400	SimBa
tweet-sno-1324	QO	vclaim-sno-democratic-party-holding-emergency-meeting-to-discuss-replacing-hillary-clinton	1	-8000	SimBa
tweet-sno-1324	QO	vclaim-sno-breastfeeding-size-ban	1	-8100	SimBa
tweet-sno-1324	QO	vclaim-sno-deepest-hole-earth-fossil	1	-8100	SimBa
tweet-sno-1324	QO	vclaim-sno-chewed-out	1	-8300	SimBa
tweet-sno-1324	QO	vclaim-sno-billy-graham-statement-trump	1	-8300	SimBa
tweet-sno-1325	QO	vclaim-sno-raising-canes-chicken-bankruptcy	1	-2000	SimBa
tweet-sno-1325	QO	vclaim-sno-stepping-rusty-nail-cause-tetanus	1	-2500	SimBa
tweet-sno-1325	QO	vclaim-sno-the-last-laughs-on-him	1	-2600	SimBa
tweet-sno-1325	QO	vclaim-sno-bob-denver-dead-again	1	-2600	SimBa
tweet-sno-1325	QO	vclaim-sno-failing-marx	1	-2600	SimBa
tweet-sno-1326	QO	vclaim-sno-teenagers-sewing-mouths-shut-scary-new-trend	1	-6000	SimBa
tweet-sno-1326	QO	vclaim-sno-harry-potter-8	1	-6100	SimBa
tweet-sno-1326	QO	vclaim-sno-kohls-bankrupt-closing-818-stores	1	-6300	SimBa
tweet-sno-1326	QO	vclaim-sno-al-pacino-death-hoax	1	-6300	SimBa
tweet-sno-1326	QO	vclaim-sno-trump-cleanest-air-world	1	-6400	SimBa
tweet-sno-1327	QO	vclaim-sno-charlie-sheen-death-hoax	1	-3400	SimBa
tweet-sno-1327	QO	vclaim-sno-legal-drinking-age-raised	1	-3900	SimBa
tweet-sno-1327	QO	vclaim-sno-grandma-eats-baby-bath-salts	1	-3900	SimBa
tweet-sno-1327	QO	vclaim-sno-panasonic-farting-cat-robot	1	-4000	SimBa
tweet-sno-1327	QO	vclaim-sno-lava-lamp-death	1	-4000	SimBa
tweet-sno-1328	QO	vclaim-sno-clinton-foundation-dead-contributions-dry	1	-6500	SimBa
tweet-sno-1328	QO	vclaim-sno-tide-of-thefts	1	-6600	SimBa
tweet-sno-1328	QO	vclaim-sno-strep-throat-face-nasal-cavity	1	-6700	SimBa
tweet-sno-1328	QO	vclaim-sno-aderoid-approaches	1	-6700	SimBa
tweet-sno-1328	QO	vclaim-sno-empty-ps5-boxes-ebay	1	-6800	SimBa
tweet-sno-1329	QO	vclaim-sno-chocolate-extinct-40-years	1	-4300	SimBa
tweet-sno-1329	QO	vclaim-sno-rape-allegations-fabricated	1	-4400	SimBa
tweet-sno-1329	QO	vclaim-sno-coca-cola-spermicide	1	-4400	SimBa
tweet-sno-1329	QO	vclaim-sno-do-vegetarians-live-longer-than-meat-eaters	1	-4400	SimBa
tweet-sno-1329	QO	vclaim-sno-giant-rabbit	1	-4500	SimBa
tweet-sno-1330	QO	vclaim-sno-swift-kick-groin-die	1	-3800	SimBa
tweet-sno-1330	QO	vclaim-sno-false-ted-cruz-married-cousin	1	-3900	SimBa
tweet-sno-1330	QO	vclaim-sno-medicinal-cocaine-canada	1	-3900	SimBa
tweet-sno-1330	QO	vclaim-sno-aquafina-bottled-water-not-freeze	1	-3900	SimBa
tweet-sno-1330	QO	vclaim-sno-adam-sandler-death	1	-4000	SimBa
tweet-sno-1331	QO	vclaim-sno-the-real-mitt-romney	1	-5700	SimBa
tweet-sno-1331	QO	vclaim-sno-costco-ceo	1	-5700	SimBa
tweet-sno-1331	QO	vclaim-sno-angry-atheists-ban-bible	1	-5800	SimBa
tweet-sno-1331	QO	vclaim-sno-boil-on-troubled-waters	1	-5900	SimBa
tweet-sno-1331	QO	vclaim-sno-down-to-lunch-trafficking	1	-5900	SimBa
tweet-sno-1332	QO	vclaim-sno-average-minimum-wages-big-mac-prices	1	-16300	SimBa
tweet-sno-1332	QO	vclaim-sno-revocation-of-independence	1	-16700	SimBa
tweet-sno-1332	QO	vclaim-sno-typical-year-covid-deaths	1	-16800	SimBa
tweet-sno-1332	QO	vclaim-sno-anissa-weier-slenderman	1	-16900	SimBa
tweet-sno-1332	QO	vclaim-sno-dream-act	1	-16900	SimBa
tweet-sno-1333	QO	vclaim-sno-michael-cohen-hillary-clinton	1	-13400	SimBa
tweet-sno-1333	QO	vclaim-sno-obese-turtle	1	-13500	SimBa
tweet-sno-1333	QO	vclaim-sno-michael-cohen-the-fixer-ads	1	-13500	SimBa
tweet-sno-1333	QO	vclaim-sno-nickelodeon-trump-impeachment	1	-13500	SimBa
tweet-sno-1333	QO	vclaim-sno-trump-fans-volunteer-for-duty	1	-13600	SimBa
tweet-sno-1334	QO	vclaim-sno-point-ocean-closest-human-astronaut	1	-19100	SimBa
tweet-sno-1334	QO	vclaim-sno-hillary-clinton-800000-votes-non-citizens	1	-19100	SimBa
tweet-sno-1334	QO	vclaim-sno-derisive-snort	1	-19200	SimBa
tweet-sno-1334	QO	vclaim-sno-national-guard-capitol-riots	1	-19200	SimBa
tweet-sno-1334	QO	vclaim-sno-air-to-the-throne	1	-19200	SimBa
tweet-sno-1335	QO	vclaim-sno-joe-biden-corn-dog	1	-5000	SimBa
tweet-sno-1335	QO	vclaim-sno-atheist-iceland-issues-travel-ban-white-southern-baptists	1	-5100	SimBa
tweet-sno-1335	QO	vclaim-sno-biden-endorses-romney-for-president	1	-5100	SimBa
tweet-sno-1335	QO	vclaim-sno-joe-biden-stutter	1	-5200	SimBa
tweet-sno-1335	QO	vclaim-sno-joe-biden-germany-pearl-harbor	1	-5200	SimBa
tweet-sno-1336	QO	vclaim-sno-biden-major-dog-rescue-white-house	1	-16100	SimBa
tweet-sno-1336	QO	vclaim-sno-biden-team-statement-dog	1	-16300	SimBa
tweet-sno-1336	QO	vclaim-sno-biden-dogs-trump-chew-toy	1	-17100	SimBa
tweet-sno-1336	QO	vclaim-sno-military-band-hit-the-road-jack	1	-17200	SimBa
tweet-sno-1336	QO	vclaim-sno-biden-president-elect-office	1	-17200	SimBa
tweet-sno-1337	QO	vclaim-sno-trump-president-virgin-islands	1	-17100	SimBa
tweet-sno-1337	QO	vclaim-sno-trump-display-names-campaign-donors-state-union	1	-17200	SimBa
tweet-sno-1337	QO	vclaim-sno-trump-carrying-oxygen-concentrator	1	-17200	SimBa
tweet-sno-1337	QO	vclaim-sno-empire-state-building-green-911	1	-17300	SimBa
tweet-sno-1337	QO	vclaim-sno-trump-taps-outspoken-climate-denier-to-oversee-epa-transition-team	1	-17400	SimBa
tweet-sno-1338	QO	vclaim-sno-clinton-fbi-director-vince-foster	1	-15200	SimBa
tweet-sno-1338	QO	vclaim-sno-trevor-lawrence-white-house-meal	1	-15200	SimBa
tweet-sno-1338	QO	vclaim-sno-kellyanne-conway-nba-champions	1	-15400	SimBa
tweet-sno-1338	QO	vclaim-sno-cant-be-yelped	1	-15500	SimBa
tweet-sno-1338	QO	vclaim-sno-birth-control-steve-bannon	1	-15500	SimBa
tweet-sno-1339	QO	vclaim-sno-gray-wolves-endangered-trump	1	-17700	SimBa
tweet-sno-1339	QO	vclaim-sno-refugee-tb-rates-in-san-diego	1	-17900	SimBa
tweet-sno-1339	QO	vclaim-sno-nasa-yellowstone-plan	1	-17900	SimBa
tweet-sno-1339	QO	vclaim-sno-bluegill-dangerous-fish	1	-17900	SimBa
tweet-sno-1339	QO	vclaim-sno-recalled-tampons-zombie-ants	1	-18000	SimBa
tweet-sno-1340	QO	vclaim-sno-chunks-of-dover	1	-6600	SimBa
tweet-sno-1340	QO	vclaim-sno-greyhound-park-closure	1	-6900	SimBa
tweet-sno-1340	QO	vclaim-sno-million-dollar-shady	1	-6900	SimBa
tweet-sno-1340	QO	vclaim-sno-rat-urine-soda-cans	1	-6900	SimBa
tweet-sno-1340	QO	vclaim-sno-melania-trump-ban-flu-shot	1	-6900	SimBa
tweet-sno-1341	QO	vclaim-sno-pepsi-ceo-tells-trump-supporters-to-take-their-business-elsewhere	1	-6300	SimBa
tweet-sno-1341	QO	vclaim-sno-urine-in-corona-beer	1	-6400	SimBa
tweet-sno-1341	QO	vclaim-sno-tim-tebow-tweet	1	-6400	SimBa
tweet-sno-1341	QO	vclaim-sno-the-new-fashion-rage-in-mug-shots	1	-6500	SimBa
tweet-sno-1341	QO	vclaim-sno-uber-lyft-free-rides-polls	1	-6500	SimBa
tweet-sno-1342	QO	vclaim-sno-trump-recount-battleground-states	1	-7600	SimBa
tweet-sno-1342	QO	vclaim-sno-shaving-cream-prank	1	-8400	SimBa
tweet-sno-1342	QO	vclaim-sno-clown-masks-banned	1	-8600	SimBa
tweet-sno-1342	QO	vclaim-sno-stress-image-measure	1	-8800	SimBa
tweet-sno-1342	QO	vclaim-sno-state-iq	1	-9000	SimBa
tweet-sno-1343	QO	vclaim-sno-sharpie-trump-ballots-arizona	1	-12200	SimBa
tweet-sno-1343	QO	vclaim-sno-oakland-coffee-police-officers	1	-13000	SimBa
tweet-sno-1343	QO	vclaim-sno-squashed-bug	1	-13000	SimBa
tweet-sno-1343	QO	vclaim-sno-abrams-campaign-sign-photo	1	-13100	SimBa
tweet-sno-1343	QO	vclaim-sno-anti-trump-protesters-bused-into-austin	1	-13200	SimBa
tweet-sno-1344	QO	vclaim-sno-nah-trump-shirts-sell	1	-11300	SimBa
tweet-sno-1344	QO	vclaim-sno-silence-is-golden	1	-11300	SimBa
tweet-sno-1344	QO	vclaim-sno-maga-hat-starbucks-video	1	-11300	SimBa
tweet-sno-1344	QO	vclaim-sno-donald-trump-arrested-virus-warning	1	-11300	SimBa
tweet-sno-1344	QO	vclaim-sno-hunting-children-photo	1	-11300	SimBa
tweet-sno-1345	QO	vclaim-sno-antifa-patriot-party	1	-13800	SimBa
tweet-sno-1345	QO	vclaim-sno-bloomberg-sanders-beat-trump	1	-13800	SimBa
tweet-sno-1345	QO	vclaim-sno-celebrity-cruise-lines-attacks-trump-and-his-supporters-in-new-ad	1	-13800	SimBa
tweet-sno-1345	QO	vclaim-sno-pelosi-angeli-collude-antifa	1	-13900	SimBa
tweet-sno-1345	QO	vclaim-sno-broward-county-fraud-voters-votes	1	-13900	SimBa
tweet-sno-1346	QO	vclaim-sno-alexa-orders-dollhouse-and-cookies	1	-14400	SimBa
tweet-sno-1346	QO	vclaim-sno-high-chair-to-heaven	1	-14500	SimBa
tweet-sno-1346	QO	vclaim-sno-duane-devane-medal-of-honor	1	-14600	SimBa
tweet-sno-1346	QO	vclaim-sno-did-man-receive-153000-bill-rattlesnake	1	-14700	SimBa
tweet-sno-1346	QO	vclaim-sno-squashed-bug	1	-14700	SimBa
tweet-sno-1347	QO	vclaim-sno-aisle-and-girl	1	-18700	SimBa
tweet-sno-1347	QO	vclaim-sno-no-lackin-challenge	1	-18700	SimBa
tweet-sno-1347	QO	vclaim-sno-flight-crew-takes-knee	1	-18800	SimBa
tweet-sno-1347	QO	vclaim-sno-hoarding-gas-plastic-bags	1	-18800	SimBa
tweet-sno-1347	QO	vclaim-sno-puncture-proof	1	-18800	SimBa
tweet-sno-1348	QO	vclaim-sno-anthony-hopkins-breaking-bad	1	-19300	SimBa
tweet-sno-1348	QO	vclaim-sno-john-d-rockefellers-masonic-creed	1	-19800	SimBa
tweet-sno-1348	QO	vclaim-sno-aisle-and-girl	1	-19800	SimBa
tweet-sno-1348	QO	vclaim-sno-the-doctor-of-the-future	1	-19800	SimBa
tweet-sno-1348	QO	vclaim-sno-jackie-robinson-anthem	1	-19800	SimBa
tweet-sno-1349	QO	vclaim-sno-transgender-shot-death-restroom	1	-8200	SimBa
tweet-sno-1349	QO	vclaim-sno-karl-marx-banknote-released-germany	1	-8300	SimBa
tweet-sno-1349	QO	vclaim-sno-hr1-democrats-immigrants-vote	1	-8300	SimBa
tweet-sno-1349	QO	vclaim-sno-roger-stone-nixon-tattoo	1	-8300	SimBa
tweet-sno-1349	QO	vclaim-sno-clintons-housekeeper-arkansas	1	-8400	SimBa
tweet-sno-1350	QO	vclaim-sno-california-government-pays-for-criminals-to-take-vacations	1	-6900	SimBa
tweet-sno-1350	QO	vclaim-sno-donor-demised	1	-7000	SimBa
tweet-sno-1350	QO	vclaim-sno-nfl-national-anthem-ban	1	-7000	SimBa
tweet-sno-1350	QO	vclaim-sno-don-lemon-terror-threat	1	-7200	SimBa
tweet-sno-1350	QO	vclaim-sno-hantavirus-china	1	-7200	SimBa
tweet-sno-1351	QO	vclaim-sno-preheat-oven-required	1	-10900	SimBa
tweet-sno-1351	QO	vclaim-sno-bill-gates-vaccinations-depopulation	1	-10900	SimBa
tweet-sno-1351	QO	vclaim-sno-waitress-cop-tip	1	-10900	SimBa
tweet-sno-1351	QO	vclaim-sno-e-zpass-speeding-tickets	1	-10900	SimBa
tweet-sno-1351	QO	vclaim-sno-obama-arrested-in-japan	1	-11000	SimBa
tweet-sno-1352	QO	vclaim-sno-joe-biden-rolling-to-remember	1	-18200	SimBa
tweet-sno-1352	QO	vclaim-sno-declaration-of-financial-independence	1	-18200	SimBa
tweet-sno-1352	QO	vclaim-sno-media-silence-national-debt-trump	1	-18300	SimBa
tweet-sno-1352	QO	vclaim-sno-hunting-licenses-versus-armies	1	-18300	SimBa
tweet-sno-1352	QO	vclaim-sno-tomi-lahren-biden-supporters-loot	1	-18300	SimBa
tweet-sno-1353	QO	vclaim-sno-nasa-admits-contact-with-alien-species	1	-12300	SimBa
tweet-sno-1353	QO	vclaim-sno-trump-sign-bill-clean-trash-oceans	1	-12500	SimBa
tweet-sno-1353	QO	vclaim-sno-iceland-debt-forgiveness	1	-12500	SimBa
tweet-sno-1353	QO	vclaim-sno-biden-lie-wife-killed-drunk-driver	1	-12500	SimBa
tweet-sno-1353	QO	vclaim-sno-christine-blasey-ford-cia	1	-12600	SimBa
tweet-sno-1354	QO	vclaim-sno-cesar-millan-dead	1	-1600	SimBa
tweet-sno-1354	QO	vclaim-sno-lobster-therm-adored	1	-1900	SimBa
tweet-sno-1354	QO	vclaim-sno-vin-diesel-death-hoax	1	-1900	SimBa
tweet-sno-1354	QO	vclaim-sno-judd-nelson-dead	1	-1900	SimBa
tweet-sno-1354	QO	vclaim-sno-the-book-of-potter	1	-1900	SimBa
tweet-sno-1355	QO	vclaim-sno-betty-white-death-hoax	1	-2800	SimBa
tweet-sno-1355	QO	vclaim-sno-saginaw-alert	1	-2900	SimBa
tweet-sno-1355	QO	vclaim-sno-macaulay-culkin-dead	1	-2900	SimBa
tweet-sno-1355	QO	vclaim-sno-vin-diesel-death-hoax	1	-2900	SimBa
tweet-sno-1355	QO	vclaim-sno-the-book-of-potter	1	-2900	SimBa
tweet-sno-1356	QO	vclaim-sno-sons-of-anarchy-movie	1	-1700	SimBa
tweet-sno-1356	QO	vclaim-sno-dead-ringer-2	1	-1900	SimBa
tweet-sno-1356	QO	vclaim-sno-photo-shoot	1	-1900	SimBa
tweet-sno-1356	QO	vclaim-sno-the-book-of-potter	1	-2000	SimBa
tweet-sno-1356	QO	vclaim-sno-wax-on-apples-causes-cancer	1	-2000	SimBa
tweet-sno-1357	QO	vclaim-sno-national-guard-capitol-riot	1	-19500	SimBa
tweet-sno-1357	QO	vclaim-sno-carl-icahn-stock-steel-tariffs	1	-19500	SimBa
tweet-sno-1357	QO	vclaim-sno-sanders-campaign-busing-youths-to-caucuses-and-primaries	1	-19600	SimBa
tweet-sno-1357	QO	vclaim-sno-arctic-fox-iceberg	1	-19600	SimBa
tweet-sno-1357	QO	vclaim-sno-bernie-sanders-told-supporters-hed-never-tell-them-how-to-vote	1	-19600	SimBa
tweet-sno-1358	QO	vclaim-sno-trump-take-firearms-first	1	-11600	SimBa
tweet-sno-1358	QO	vclaim-sno-us-pulling-out-of-un	1	-11700	SimBa
tweet-sno-1358	QO	vclaim-sno-trump-mouth-musical-instrument	1	-11800	SimBa
tweet-sno-1358	QO	vclaim-sno-snow-comparison	1	-11900	SimBa
tweet-sno-1358	QO	vclaim-sno-won-both-ohio-florida-lost	1	-11900	SimBa
tweet-sno-1359	QO	vclaim-sno-gun-shop-tire-marking	1	-13600	SimBa
tweet-sno-1359	QO	vclaim-sno-trumps-hotel-g7-settle-lawsuit	1	-13600	SimBa
tweet-sno-1359	QO	vclaim-sno-adam-12-pack	1	-13700	SimBa
tweet-sno-1359	QO	vclaim-sno-gun-toting-grannies	1	-13800	SimBa
tweet-sno-1359	QO	vclaim-sno-nicotine-non-fit	1	-13800	SimBa
tweet-sno-1360	QO	vclaim-sno-pepsi-ceo-tells-trump-supporters-to-take-their-business-elsewhere	1	-8000	SimBa
tweet-sno-1360	QO	vclaim-sno-mike-pence-condom-ban	1	-8300	SimBa
tweet-sno-1360	QO	vclaim-sno-donald-trump-appoints-kanye-west-to-cabinet-position	1	-8400	SimBa
tweet-sno-1360	QO	vclaim-sno-adrian-peterson	1	-8400	SimBa
tweet-sno-1360	QO	vclaim-sno-russia-paid-donald-trump-millions-of-dollars	1	-8400	SimBa
tweet-sno-1361	QO	vclaim-sno-national-anthem-sporting-events	1	-9800	SimBa
tweet-sno-1361	QO	vclaim-sno-taking-kids-to-church-violates-rights	1	-9900	SimBa
tweet-sno-1361	QO	vclaim-sno-tomi-lahren-tear-gas	1	-9900	SimBa
tweet-sno-1361	QO	vclaim-sno-trump-ballistic-fox-and-friends	1	-9900	SimBa
tweet-sno-1361	QO	vclaim-sno-car-evade-police-trucks	1	-9900	SimBa
tweet-sno-1362	QO	vclaim-sno-moby-nicked	1	-41700	SimBa
tweet-sno-1362	QO	vclaim-sno-the-barometer-problem	1	-41700	SimBa
tweet-sno-1362	QO	vclaim-sno-ruth-bader-ginsburg-senates-job	1	-41900	SimBa
tweet-sno-1362	QO	vclaim-sno-my-mother-the-cargo	1	-41900	SimBa
tweet-sno-1362	QO	vclaim-sno-compassion-play	1	-42000	SimBa
tweet-sno-1363	QO	vclaim-sno-taco-bell-closing	1	-5600	SimBa
tweet-sno-1363	QO	vclaim-sno-satellite-image-diwali	1	-5600	SimBa
tweet-sno-1363	QO	vclaim-sno-coronavirus-warm-weather	1	-5700	SimBa
tweet-sno-1363	QO	vclaim-sno-human-nacho-spa-treatment	1	-5800	SimBa
tweet-sno-1363	QO	vclaim-sno-21-dead-in-ontario	1	-5800	SimBa
tweet-sno-1364	QO	vclaim-sno-starbucks-roasting-facility-china	1	-5900	SimBa
tweet-sno-1364	QO	vclaim-sno-arizona-dildo-law	1	-5900	SimBa
tweet-sno-1364	QO	vclaim-sno-do-police-kill-more-whites-than-black-people	1	-5900	SimBa
tweet-sno-1364	QO	vclaim-sno-toms-shoes	1	-5900	SimBa
tweet-sno-1364	QO	vclaim-sno-old-camera-titanic	1	-6000	SimBa
tweet-sno-1365	QO	vclaim-sno-do-police-kill-more-whites-than-black-people	1	-5700	SimBa
tweet-sno-1365	QO	vclaim-sno-facebook-deleting-inactive-likes	1	-5700	SimBa
tweet-sno-1365	QO	vclaim-sno-more-cars-stolen-on-new-years	1	-5700	SimBa
tweet-sno-1365	QO	vclaim-sno-reindeer-games	1	-5800	SimBa
tweet-sno-1365	QO	vclaim-sno-facebook-car-giveaway	1	-5800	SimBa
tweet-sno-1366	QO	vclaim-sno-target-holy-bible-ban	1	-3000	SimBa
tweet-sno-1366	QO	vclaim-sno-walmart-satanic	1	-3000	SimBa
tweet-sno-1366	QO	vclaim-sno-al-roker-today-show	1	-3000	SimBa
tweet-sno-1366	QO	vclaim-sno-tax-refunds-late-2021	1	-3200	SimBa
tweet-sno-1366	QO	vclaim-sno-facebook-amen-ban	1	-3200	SimBa
tweet-sno-1367	QO	vclaim-sno-crocobile	1	-3100	SimBa
tweet-sno-1367	QO	vclaim-sno-snakehead-fish-survive-on-land	1	-3300	SimBa
tweet-sno-1367	QO	vclaim-sno-serenity-prayer	1	-3400	SimBa
tweet-sno-1367	QO	vclaim-sno-the-wrath-of-grapes	1	-3400	SimBa
tweet-sno-1367	QO	vclaim-sno-facebook-firearms-gun-sales-policy	1	-3500	SimBa
tweet-sno-1368	QO	vclaim-sno-red-lobster-closing	1	-6400	SimBa
tweet-sno-1368	QO	vclaim-sno-cheesecake-factory-closing-rumor	1	-6700	SimBa
tweet-sno-1368	QO	vclaim-sno-voter-fraud-in-2016-primary	1	-6900	SimBa
tweet-sno-1368	QO	vclaim-sno-hits-the-nail-on-the-head	1	-6900	SimBa
tweet-sno-1368	QO	vclaim-sno-the-lion-king	1	-6900	SimBa
tweet-sno-1369	QO	vclaim-sno-the-killer-in-the-backseat	1	-9300	SimBa
tweet-sno-1369	QO	vclaim-sno-adam-12-pack	1	-9300	SimBa
tweet-sno-1369	QO	vclaim-sno-murder-hornets-photo	1	-9400	SimBa
tweet-sno-1369	QO	vclaim-sno-orchestra-whale-video-fake	1	-9500	SimBa
tweet-sno-1369	QO	vclaim-sno-posture-pins-chinese-officers	1	-9500	SimBa
tweet-sno-1370	QO	vclaim-sno-cdc-entering-hospital-covid	1	-17000	SimBa
tweet-sno-1370	QO	vclaim-sno-yeti-nra-business-ties	1	-17100	SimBa
tweet-sno-1370	QO	vclaim-sno-george-soros-bring-down-us	1	-17100	SimBa
tweet-sno-1370	QO	vclaim-sno-lost-exam-page	1	-17200	SimBa
tweet-sno-1370	QO	vclaim-sno-cdc-guidelines-covid19	1	-17200	SimBa
tweet-sno-1371	QO	vclaim-sno-are-bees-born-fully-grown	1	-2600	SimBa
tweet-sno-1371	QO	vclaim-sno-general-electric	1	-2600	SimBa
tweet-sno-1371	QO	vclaim-sno-snakehead-fish-survive-on-land	1	-2700	SimBa
tweet-sno-1371	QO	vclaim-sno-the-death-of-fluffy	1	-2700	SimBa
tweet-sno-1371	QO	vclaim-sno-chet-hanks-tom-hanks-son	1	-2700	SimBa
tweet-sno-1372	QO	vclaim-sno-wood-in-cheese	1	-3900	SimBa
tweet-sno-1372	QO	vclaim-sno-skittles-lime-flavor-is-back	1	-4000	SimBa
tweet-sno-1372	QO	vclaim-sno-joe-biden-corn-dog	1	-4000	SimBa
tweet-sno-1372	QO	vclaim-sno-runs-of-luck	1	-4000	SimBa
tweet-sno-1372	QO	vclaim-sno-tomatoes-fruits-vegetables	1	-4000	SimBa
tweet-sno-1373	QO	vclaim-sno-medicinal-cocaine-canada	1	-3200	SimBa
tweet-sno-1373	QO	vclaim-sno-runs-of-luck	1	-3300	SimBa
tweet-sno-1373	QO	vclaim-sno-false-ted-cruz-married-cousin	1	-3300	SimBa
tweet-sno-1373	QO	vclaim-sno-panasonic-farting-cat-robot	1	-3400	SimBa
tweet-sno-1373	QO	vclaim-sno-caltech-warning	1	-3400	SimBa
tweet-sno-1374	QO	vclaim-sno-cheesecake-factory-closing-rumor	1	-4700	SimBa
tweet-sno-1374	QO	vclaim-sno-rothschild-family-wealth	1	-7400	SimBa
tweet-sno-1374	QO	vclaim-sno-toys-r-us-closing-locations-not-accepting-gift-cards	1	-7400	SimBa
tweet-sno-1374	QO	vclaim-sno-chinese-selling-fresh-air	1	-7400	SimBa
tweet-sno-1374	QO	vclaim-sno-ill-suited	1	-7400	SimBa
tweet-sno-1375	QO	vclaim-sno-chet-hanks-tom-hanks-son	1	-3100	SimBa
tweet-sno-1375	QO	vclaim-sno-lobster-therm-adored	1	-3100	SimBa
tweet-sno-1375	QO	vclaim-sno-runs-of-luck	1	-3100	SimBa
tweet-sno-1375	QO	vclaim-sno-are-bees-born-fully-grown	1	-3100	SimBa
tweet-sno-1375	QO	vclaim-sno-betty-white-death-hoax	1	-3200	SimBa
tweet-sno-1376	QO	vclaim-sno-ice-cream-every-day	1	-16800	SimBa
tweet-sno-1376	QO	vclaim-sno-body-ohio-river-clinton-aide	1	-16800	SimBa
tweet-sno-1376	QO	vclaim-sno-rand-paul-tweet-second-amendment-purpose-shoot-tyrannical-government	1	-16800	SimBa
tweet-sno-1376	QO	vclaim-sno-sanders-bank-speeches	1	-16900	SimBa
tweet-sno-1376	QO	vclaim-sno-george-soros-trump-will-win-popular-vote-by-a-landslide-but-clinton-victory-a-done-deal	1	-16900	SimBa
tweet-sno-1377	QO	vclaim-sno-sew-shrimp-curtains-revenge	1	-19700	SimBa
tweet-sno-1377	QO	vclaim-sno-flight-crew-takes-knee	1	-19700	SimBa
tweet-sno-1377	QO	vclaim-sno-burn-zinc-batteries-fireplace	1	-19800	SimBa
tweet-sno-1377	QO	vclaim-sno-grant-next-civil-war	1	-19800	SimBa
tweet-sno-1377	QO	vclaim-sno-aisle-and-girl	1	-19900	SimBa
tweet-sno-1378	QO	vclaim-sno-isis-called-for-assassination-of-barron-trump	1	-3700	SimBa
tweet-sno-1378	QO	vclaim-sno-stocking-the-true-origin	1	-4400	SimBa
tweet-sno-1378	QO	vclaim-sno-babe-ruth-dominican-ancestry	1	-4500	SimBa
tweet-sno-1378	QO	vclaim-sno-trump-considering-resignation	1	-4600	SimBa
tweet-sno-1378	QO	vclaim-sno-china-own-dreamworks	1	-4600	SimBa
tweet-sno-1379	QO	vclaim-sno-small-change	1	-8100	SimBa
tweet-sno-1379	QO	vclaim-sno-john-hanson-president	1	-8400	SimBa
tweet-sno-1379	QO	vclaim-sno-obama-reparations-executive-order	1	-8400	SimBa
tweet-sno-1379	QO	vclaim-sno-buried-pleasure	1	-8500	SimBa
tweet-sno-1379	QO	vclaim-sno-the-pizzagate-survivor	1	-8500	SimBa
tweet-sno-1380	QO	vclaim-sno-peta-mlb-bullpen-arm-barn	1	-18600	SimBa
tweet-sno-1380	QO	vclaim-sno-target-transgender-bathroom-policy	1	-19000	SimBa
tweet-sno-1380	QO	vclaim-sno-pelosi-trump-use-back-door	1	-19000	SimBa
tweet-sno-1380	QO	vclaim-sno-obama-general-greene-funeral	1	-19100	SimBa
tweet-sno-1380	QO	vclaim-sno-fire-kill-black-mexican-families-spare-white-couple	1	-19100	SimBa
tweet-sno-1381	QO	vclaim-sno-call-police-new-guinea-flatworm	1	-19800	SimBa
tweet-sno-1381	QO	vclaim-sno-house-fire-virginia	1	-19900	SimBa
tweet-sno-1381	QO	vclaim-sno-landlord-tenants-fed-shutdown	1	-20000	SimBa
tweet-sno-1381	QO	vclaim-sno-california-wineries-newsom	1	-20000	SimBa
tweet-sno-1381	QO	vclaim-sno-pork-and-screens	1	-20000	SimBa
tweet-sno-1382	QO	vclaim-sno-dream-act	1	-17800	SimBa
tweet-sno-1382	QO	vclaim-sno-hepatitis-c-drug-prices	1	-17900	SimBa
tweet-sno-1382	QO	vclaim-sno-george-soros-bring-down-us	1	-17900	SimBa
tweet-sno-1382	QO	vclaim-sno-cesar-sayoc-obama-supporting-stripper	1	-18000	SimBa
tweet-sno-1382	QO	vclaim-sno-michele-bachmann-mexican-food	1	-18000	SimBa
tweet-sno-1383	QO	vclaim-sno-tick-eggs-photograph	1	-5700	SimBa
tweet-sno-1383	QO	vclaim-sno-mcconnell-voting-photobomb	1	-5800	SimBa
tweet-sno-1383	QO	vclaim-sno-more-cars-stolen-on-new-years	1	-5900	SimBa
tweet-sno-1383	QO	vclaim-sno-is-danica-roem-the-first-trans-state-lawmaker-in-the-us	1	-5900	SimBa
tweet-sno-1383	QO	vclaim-sno-fired-for-being-gay	1	-6000	SimBa
tweet-sno-1384	QO	vclaim-sno-two-clinton-employees-arrested-destroying-evidence-uranium-probe-begins	1	-8000	SimBa
tweet-sno-1384	QO	vclaim-sno-bernie-sanders-throwing-eggs	1	-8000	SimBa
tweet-sno-1384	QO	vclaim-sno-target-sues-hero-stabbing	1	-8000	SimBa
tweet-sno-1384	QO	vclaim-sno-democratic-congressmen-busted-planning-assassinate-trump	1	-8000	SimBa
tweet-sno-1384	QO	vclaim-sno-democrats-socialist-party-poster	1	-8100	SimBa
tweet-sno-1385	QO	vclaim-sno-joe-biden-corn-dog	1	-5000	SimBa
tweet-sno-1385	QO	vclaim-sno-jane-fonda-covid-gods-gift	1	-5000	SimBa
tweet-sno-1385	QO	vclaim-sno-biden-second-amendment-obsolete	1	-5100	SimBa
tweet-sno-1385	QO	vclaim-sno-tomatoes-fruits-vegetables	1	-5100	SimBa
tweet-sno-1385	QO	vclaim-sno-white-house-gift-shop-covid-coins	1	-5100	SimBa
tweet-sno-1386	QO	vclaim-sno-joe-biden-corn-dog	1	-3600	SimBa
tweet-sno-1386	QO	vclaim-sno-celebrity-car-crash-hoax	1	-3900	SimBa
tweet-sno-1386	QO	vclaim-sno-are-there-worms-in-lipton-tea-bags	1	-3900	SimBa
tweet-sno-1386	QO	vclaim-sno-biden-endorses-romney-for-president	1	-4000	SimBa
tweet-sno-1386	QO	vclaim-sno-everyone-who-has-cancer-has-a-ph-that-is-too-acidic	1	-4100	SimBa
tweet-sno-1387	QO	vclaim-sno-biden-insulin-epipen	1	-19600	SimBa
tweet-sno-1387	QO	vclaim-sno-lincoln-last-words	1	-19700	SimBa
tweet-sno-1387	QO	vclaim-sno-declaration-of-non-dependents	1	-19700	SimBa
tweet-sno-1387	QO	vclaim-sno-george-soros-trump-will-win-popular-vote-by-a-landslide-but-clinton-victory-a-done-deal	1	-19700	SimBa
tweet-sno-1387	QO	vclaim-sno-signs-of-a-protest	1	-19800	SimBa
tweet-sno-1388	QO	vclaim-sno-christmas-full-moon-1977	1	-4400	SimBa
tweet-sno-1388	QO	vclaim-sno-slow-dance	1	-4600	SimBa
tweet-sno-1388	QO	vclaim-sno-worldwide-chocolate-shortage	1	-4600	SimBa
tweet-sno-1388	QO	vclaim-sno-tesla-car-really-space	1	-4600	SimBa
tweet-sno-1388	QO	vclaim-sno-red-fox-soulmate-video	1	-4600	SimBa
tweet-sno-1389	QO	vclaim-sno-woman-arrested-pumpkin	1	-8500	SimBa
tweet-sno-1389	QO	vclaim-sno-human-trafficking-hotspots	1	-8600	SimBa
tweet-sno-1389	QO	vclaim-sno-trump-flag-american-flag-capitol	1	-8600	SimBa
tweet-sno-1389	QO	vclaim-sno-remove-flag-muslims-offended	1	-8700	SimBa
tweet-sno-1389	QO	vclaim-sno-boy-beaten-to-death-by-mom	1	-8700	SimBa
tweet-sno-1390	QO	vclaim-sno-kamala-harris-protests	1	-11000	SimBa
tweet-sno-1390	QO	vclaim-sno-sarah-sanders-trump-tax-returns-obama-conspiracy-theories	1	-18800	SimBa
tweet-sno-1390	QO	vclaim-sno-biden-blames-lazy-american-women	1	-18900	SimBa
tweet-sno-1390	QO	vclaim-sno-flight-crew-takes-knee	1	-18900	SimBa
tweet-sno-1390	QO	vclaim-sno-trump-child-rape-settlements	1	-18900	SimBa
tweet-sno-1391	QO	vclaim-sno-trump-armbands	1	-6300	SimBa
tweet-sno-1391	QO	vclaim-sno-trump-convoy-caught-spewing-racism-on-cb-radios	1	-6400	SimBa
tweet-sno-1391	QO	vclaim-sno-donald-trump-shirts-trmup	1	-6600	SimBa
tweet-sno-1391	QO	vclaim-sno-donald-trump-donated-100k-la	1	-6700	SimBa
tweet-sno-1391	QO	vclaim-sno-donald-trump-date-daughter	1	-6700	SimBa
tweet-sno-1392	QO	vclaim-sno-the-loan-arranger	1	-6700	SimBa
tweet-sno-1392	QO	vclaim-sno-jared-kushner-register-vote-new-york-woman	1	-6800	SimBa
tweet-sno-1392	QO	vclaim-sno-scam-aldi-facebook-coupons	1	-6800	SimBa
tweet-sno-1392	QO	vclaim-sno-sean-spicer-shoes	1	-6900	SimBa
tweet-sno-1392	QO	vclaim-sno-klan-petition-purge	1	-6900	SimBa
tweet-sno-1393	QO	vclaim-sno-clinton-mccabe-donation	1	-16700	SimBa
tweet-sno-1393	QO	vclaim-sno-refugee-tb-rates-in-san-diego	1	-17000	SimBa
tweet-sno-1393	QO	vclaim-sno-body-ohio-river-clinton-aide	1	-17300	SimBa
tweet-sno-1393	QO	vclaim-sno-supreme-court-islam-schools	1	-17400	SimBa
tweet-sno-1393	QO	vclaim-sno-the-doctor-of-the-future	1	-17400	SimBa
tweet-sno-1394	QO	vclaim-sno-shooting-star	1	-18100	SimBa
tweet-sno-1394	QO	vclaim-sno-aisle-and-girl	1	-18300	SimBa
tweet-sno-1394	QO	vclaim-sno-puncture-proof	1	-18300	SimBa
tweet-sno-1394	QO	vclaim-sno-present-tense	1	-18300	SimBa
tweet-sno-1394	QO	vclaim-sno-driver-switches-places	1	-18400	SimBa
tweet-sno-1395	QO	vclaim-sno-parasite-fish-tongue-mouth	1	-20100	SimBa
tweet-sno-1395	QO	vclaim-sno-john-d-rockefellers-masonic-creed	1	-20200	SimBa
tweet-sno-1395	QO	vclaim-sno-recalled-tampons-zombie-ants	1	-20200	SimBa
tweet-sno-1395	QO	vclaim-sno-leftist-activists-statue-theodore-roosevelt	1	-20300	SimBa
tweet-sno-1395	QO	vclaim-sno-patrick-henry-constitution-quote	1	-20300	SimBa
tweet-sno-1396	QO	vclaim-sno-bikers-trump-praying-walter-reed	1	-9200	SimBa
tweet-sno-1396	QO	vclaim-sno-presidential-responses-school-shootings	1	-9800	SimBa
tweet-sno-1396	QO	vclaim-sno-photo-women-screaming-vaginas-protest-president	1	-9900	SimBa
tweet-sno-1396	QO	vclaim-sno-fox-staged-photo-afghanistan	1	-10100	SimBa
tweet-sno-1396	QO	vclaim-sno-tim-allen-podcast-quote	1	-10200	SimBa
tweet-sno-1397	QO	vclaim-sno-mother-superior	1	-5300	SimBa
tweet-sno-1397	QO	vclaim-sno-what-is-the-bottom-drawer-of-an-oven-really-for	1	-5600	SimBa
tweet-sno-1397	QO	vclaim-sno-lake-michigan-whales	1	-5600	SimBa
tweet-sno-1397	QO	vclaim-sno-american-flag-doormats	1	-5600	SimBa
tweet-sno-1397	QO	vclaim-sno-child-fork-nose	1	-5600	SimBa
tweet-sno-1398	QO	vclaim-sno-one-ring-scam	1	-9200	SimBa
tweet-sno-1398	QO	vclaim-sno-cicero-treason-quote	1	-9300	SimBa
tweet-sno-1398	QO	vclaim-sno-target-sues-hero-stabbing	1	-9300	SimBa
tweet-sno-1398	QO	vclaim-sno-posh	1	-9300	SimBa
tweet-sno-1398	QO	vclaim-sno-rob-donaldson-amy-coney-barrett	1	-9300	SimBa
tweet-sno-1399	QO	vclaim-sno-cottonmouth-washed	1	-6900	SimBa
tweet-sno-1399	QO	vclaim-sno-roller-coaster-accident-video	1	-7100	SimBa
tweet-sno-1399	QO	vclaim-sno-south-africa-hiv-tattoo	1	-7100	SimBa
tweet-sno-1399	QO	vclaim-sno-greenies	1	-7100	SimBa
tweet-sno-1399	QO	vclaim-sno-baya-weaver-death-video	1	-7100	SimBa
tweet-sno-1400	QO	vclaim-sno-trump-coronavirus-kill-body	1	-20400	SimBa
tweet-sno-1400	QO	vclaim-sno-trump-barrett-looks-nominated	1	-20700	SimBa
tweet-sno-1400	QO	vclaim-sno-trump-child-rape-settlements	1	-20700	SimBa
tweet-sno-1400	QO	vclaim-sno-bannon-hell-capitol-attack	1	-20800	SimBa
tweet-sno-1400	QO	vclaim-sno-mueller-report-no-obstruction	1	-20800	SimBa
tweet-sno-1401	QO	vclaim-sno-palestinians-dance-nikki-haley-un	1	-19100	SimBa
tweet-sno-1401	QO	vclaim-sno-robin-williams-worst-thing-in-life	1	-19600	SimBa
tweet-sno-1401	QO	vclaim-sno-scientist-vaccine-jailed	1	-19700	SimBa
tweet-sno-1401	QO	vclaim-sno-facebook-extreme-hackers-warning	1	-19800	SimBa
tweet-sno-1401	QO	vclaim-sno-walt-disneys-final-instructions	1	-19800	SimBa
