tweet-sno-1200	QO	vclaim-sno-the-not-so-sweet-smell-of-success	1	25.0	SimBa
tweet-sno-1200	QO	vclaim-sno-lady-gaga-dog-walker	1	24.390243902439025	SimBa
tweet-sno-1200	QO	vclaim-sno-pga-ban-trump-golf-course	1	23.255813953488374	SimBa
tweet-sno-1200	QO	vclaim-sno-cia-files-ufos	1	22.72727272727273	SimBa
tweet-sno-1200	QO	vclaim-sno-capitol-riot-podium	1	20.0	SimBa
tweet-sno-1201	QO	vclaim-sno-biden-executive-order-dictator	1	38.29787234042553	SimBa
tweet-sno-1201	QO	vclaim-sno-biden-signing-blank-papers	1	35.55555555555556	SimBa
tweet-sno-1201	QO	vclaim-sno-words-of-wisdom	1	33.333333333333336	SimBa
tweet-sno-1201	QO	vclaim-sno-pete-hegseth-germs-not-real	1	32.55813953488372	SimBa
tweet-sno-1201	QO	vclaim-sno-kamala-harris-guns-confiscation	1	32.0	SimBa
tweet-sno-1202	QO	vclaim-sno-biden-executive-order-dictator	1	45.45454545454546	SimBa
tweet-sno-1202	QO	vclaim-sno-cnn-antifa-capitol-riot	1	29.78723404255319	SimBa
tweet-sno-1202	QO	vclaim-sno-kamala-harris-guns-confiscation	1	28.571428571428573	SimBa
tweet-sno-1202	QO	vclaim-sno-dolly-parton-dixie-offensive	1	28.0	SimBa
tweet-sno-1202	QO	vclaim-sno-biden-bans-china-virus	1	26.666666666666668	SimBa
tweet-sno-1203	QO	vclaim-sno-pga-ban-trump-golf-course	1	25.0	SimBa
tweet-sno-1203	QO	vclaim-sno-cia-files-ufos	1	24.48979591836735	SimBa
tweet-sno-1203	QO	vclaim-sno-bernie-sanders-leaves-the-democratic-party	1	23.80952380952381	SimBa
tweet-sno-1203	QO	vclaim-sno-kaleb-shriners-hospitals-death	1	22.22222222222222	SimBa
tweet-sno-1203	QO	vclaim-sno-capitol-riot-podium	1	22.22222222222222	SimBa
tweet-sno-1204	QO	vclaim-sno-biden-bans-china-virus	1	50.0	SimBa
tweet-sno-1204	QO	vclaim-sno-biden-abortion-exec-order	1	40.0	SimBa
tweet-sno-1204	QO	vclaim-sno-power-grid-executive-order	1	37.83783783783784	SimBa
tweet-sno-1204	QO	vclaim-sno-pga-ban-trump-golf-course	1	36.8421052631579	SimBa
tweet-sno-1204	QO	vclaim-sno-biden-violate-mask-mandate	1	36.36363636363636	SimBa
tweet-sno-1205	QO	vclaim-sno-sag-letter-president-trump	1	46.15384615384616	SimBa
tweet-sno-1205	QO	vclaim-sno-trump-buried-arlington-cemetery	1	43.24324324324324	SimBa
tweet-sno-1205	QO	vclaim-sno-trump-covid-19-vaccination	1	42.85714285714286	SimBa
tweet-sno-1205	QO	vclaim-sno-trump-office-former-president	1	42.42424242424242	SimBa
tweet-sno-1205	QO	vclaim-sno-patriot-party-trump	1	36.36363636363636	SimBa
tweet-sno-1206	QO	vclaim-sno-patriot-party-trump	1	50.0	SimBa
tweet-sno-1206	QO	vclaim-sno-trump-reinstated-belief	1	44.44444444444444	SimBa
tweet-sno-1206	QO	vclaim-sno-trump-twitter-john-barron-1946	1	41.86046511627907	SimBa
tweet-sno-1206	QO	vclaim-sno-donald-trump-purge-slogan	1	40.909090909090914	SimBa
tweet-sno-1206	QO	vclaim-sno-joe-you-know-i-won-letter-trump	1	40.0	SimBa
tweet-sno-1207	QO	vclaim-sno-pga-ban-trump-golf-course	1	26.315789473684212	SimBa
tweet-sno-1207	QO	vclaim-sno-cia-files-ufos	1	25.641025641025642	SimBa
tweet-sno-1207	QO	vclaim-sno-seattle-crochet-cocaine	1	23.529411764705884	SimBa
tweet-sno-1207	QO	vclaim-sno-kaleb-shriners-hospitals-death	1	22.857142857142858	SimBa
tweet-sno-1207	QO	vclaim-sno-capitol-riot-podium	1	22.857142857142858	SimBa
tweet-sno-1208	QO	vclaim-sno-schumer-erection-senate-floor	1	33.89830508474576	SimBa
tweet-sno-1208	QO	vclaim-sno-biden-hat-trump-maga	1	27.586206896551722	SimBa
tweet-sno-1208	QO	vclaim-sno-karl-rove-biden-inauguration	1	25.396825396825395	SimBa
tweet-sno-1208	QO	vclaim-sno-strung-beads	1	24.561403508771928	SimBa
tweet-sno-1208	QO	vclaim-sno-biden-second-amendment-phony	1	24.561403508771928	SimBa
tweet-sno-1209	QO	vclaim-sno-schumer-erection-senate-floor	1	43.24324324324324	SimBa
tweet-sno-1209	QO	vclaim-sno-patriot-party-trump	1	41.1764705882353	SimBa
tweet-sno-1209	QO	vclaim-sno-trump-twitter-john-barron-1946	1	38.888888888888886	SimBa
tweet-sno-1209	QO	vclaim-sno-trump-say-never-blame-yourself	1	37.5	SimBa
tweet-sno-1209	QO	vclaim-sno-donald-trump-wealthy-great-quote	1	35.714285714285715	SimBa
tweet-sno-1210	QO	vclaim-sno-schumer-erection-senate-floor	1	47.36842105263158	SimBa
tweet-sno-1210	QO	vclaim-sno-elementary-my-dear-watson	1	41.37931034482759	SimBa
tweet-sno-1210	QO	vclaim-sno-tiktok-oh-no-song	1	41.1764705882353	SimBa
tweet-sno-1210	QO	vclaim-sno-words-of-wisdom	1	36.8421052631579	SimBa
tweet-sno-1210	QO	vclaim-sno-horngus-of-a-dongfish	1	34.285714285714285	SimBa
tweet-sno-1211	QO	vclaim-sno-schumer-erection-senate-floor	1	52.38095238095238	SimBa
tweet-sno-1211	QO	vclaim-sno-trump-twitter-john-barron-1946	1	37.2093023255814	SimBa
tweet-sno-1211	QO	vclaim-sno-donald-trump-wealthy-great-quote	1	34.285714285714285	SimBa
tweet-sno-1211	QO	vclaim-sno-trump-love-poorly-educated	1	34.285714285714285	SimBa
tweet-sno-1211	QO	vclaim-sno-patriot-party-trump	1	33.333333333333336	SimBa
tweet-sno-1212	QO	vclaim-sno-audit-the-vote	1	40.0	SimBa
tweet-sno-1212	QO	vclaim-sno-schumer-erection-senate-floor	1	40.0	SimBa
tweet-sno-1212	QO	vclaim-sno-stalin-vote-count-quote	1	36.36363636363636	SimBa
tweet-sno-1212	QO	vclaim-sno-words-of-wisdom	1	35.8974358974359	SimBa
tweet-sno-1212	QO	vclaim-sno-sharpie-shock-challenge	1	35.294117647058826	SimBa
tweet-sno-1213	QO	vclaim-sno-schumer-erection-senate-floor	1	51.162790697674424	SimBa
tweet-sno-1213	QO	vclaim-sno-cdc-ted-cruz-mexico	1	31.81818181818182	SimBa
tweet-sno-1213	QO	vclaim-sno-wolf-moon-january	1	30.0	SimBa
tweet-sno-1213	QO	vclaim-sno-sag-letter-president-trump	1	26.923076923076923	SimBa
tweet-sno-1213	QO	vclaim-sno-asteroid-golden-gate-bridge	1	26.666666666666668	SimBa
tweet-sno-1214	QO	vclaim-sno-schumer-erection-senate-floor	1	66.66666666666666	SimBa
tweet-sno-1214	QO	vclaim-sno-cdc-ted-cruz-mexico	1	36.8421052631579	SimBa
tweet-sno-1214	QO	vclaim-sno-cardi-bee-insect-real	1	31.25	SimBa
tweet-sno-1214	QO	vclaim-sno-asteroid-golden-gate-bridge	1	30.769230769230774	SimBa
tweet-sno-1214	QO	vclaim-sno-shark-prank	1	30.769230769230774	SimBa
tweet-sno-1215	QO	vclaim-sno-asteroid-golden-gate-bridge	1	30.769230769230774	SimBa
tweet-sno-1215	QO	vclaim-sno-cdc-ted-cruz-mexico	1	30.769230769230774	SimBa
tweet-sno-1215	QO	vclaim-sno-ps-and-qs	1	29.268292682926827	SimBa
tweet-sno-1215	QO	vclaim-sno-schumer-erection-senate-floor	1	28.57142857142857	SimBa
tweet-sno-1215	QO	vclaim-sno-where-is-god	1	27.906976744186046	SimBa
tweet-sno-1216	QO	vclaim-sno-white-house-trump-accomplishments	1	28.125	SimBa
tweet-sno-1216	QO	vclaim-sno-trump-buried-arlington-cemetery	1	24.242424242424242	SimBa
tweet-sno-1216	QO	vclaim-sno-mypillow-discount-codes-qanon	1	23.333333333333336	SimBa
tweet-sno-1216	QO	vclaim-sno-mypillow-antifa-temptresses	1	23.333333333333336	SimBa
tweet-sno-1216	QO	vclaim-sno-military-band-hit-the-road-jack	1	23.18840579710145	SimBa
tweet-sno-1217	QO	vclaim-sno-pga-ban-trump-golf-course	1	25.641025641025642	SimBa
tweet-sno-1217	QO	vclaim-sno-cia-files-ufos	1	25.0	SimBa
tweet-sno-1217	QO	vclaim-sno-waitress-cop-tip	1	24.242424242424242	SimBa
tweet-sno-1217	QO	vclaim-sno-capitol-rioters-dating-apps	1	23.529411764705884	SimBa
tweet-sno-1217	QO	vclaim-sno-joe-biden-n-word-recorded-speech	1	22.857142857142858	SimBa
tweet-sno-1218	QO	vclaim-sno-do-scented-candles-cause-cancer	1	20.833333333333336	SimBa
tweet-sno-1218	QO	vclaim-sno-aba-letter-covid19-masks	1	19.444444444444443	SimBa
tweet-sno-1218	QO	vclaim-sno-tapioca-time-bomb	1	18.867924528301888	SimBa
tweet-sno-1218	QO	vclaim-sno-disney-pixar-boo	1	18.867924528301888	SimBa
tweet-sno-1218	QO	vclaim-sno-sargento-recall-fake-news	1	18.867924528301888	SimBa
tweet-sno-1219	QO	vclaim-sno-marjorie-taylor-greene-twitter	1	44.89795918367347	SimBa
tweet-sno-1219	QO	vclaim-sno-trump-twitter-john-barron-1946	1	41.509433962264154	SimBa
tweet-sno-1219	QO	vclaim-sno-trump-lose-followers-first-time	1	38.46153846153846	SimBa
tweet-sno-1219	QO	vclaim-sno-donald-trump-purge-slogan	1	36.36363636363636	SimBa
tweet-sno-1219	QO	vclaim-sno-onlyfans-trump-ban-capitol	1	35.29411764705882	SimBa
tweet-sno-1220	QO	vclaim-sno-burger-king-logo-new	1	27.906976744186046	SimBa
tweet-sno-1220	QO	vclaim-sno-coca-cola-try-to-be-less-white	1	24.0	SimBa
tweet-sno-1220	QO	vclaim-sno-burger-king-adult-meal	1	24.0	SimBa
tweet-sno-1220	QO	vclaim-sno-patriot-party-trump	1	22.641509433962263	SimBa
tweet-sno-1220	QO	vclaim-sno-words-of-wisdom	1	21.818181818181817	SimBa
tweet-sno-1221	QO	vclaim-sno-prince-philip-covid-vaccine	1	32.25806451612903	SimBa
tweet-sno-1221	QO	vclaim-sno-pregnant-women-covid-19-vaccine	1	32.25806451612903	SimBa
tweet-sno-1221	QO	vclaim-sno-pga-ban-trump-golf-course	1	30.769230769230774	SimBa
tweet-sno-1221	QO	vclaim-sno-cia-files-ufos	1	30.0	SimBa
tweet-sno-1221	QO	vclaim-sno-autism-is-now-disclosed-as-dtap-side-effect	1	29.411764705882355	SimBa
tweet-sno-1222	QO	vclaim-sno-trump-jr-impeached-deplorable	1	51.851851851851855	SimBa
tweet-sno-1222	QO	vclaim-sno-trump-discover-know-everything	1	33.333333333333336	SimBa
tweet-sno-1222	QO	vclaim-sno-donald-trumps-son-game-hunting-photos	1	31.25	SimBa
tweet-sno-1222	QO	vclaim-sno-trump-hotels-lease-violation-action-alert	1	30.769230769230774	SimBa
tweet-sno-1222	QO	vclaim-sno-biden-trump-dregs-society	1	30.303030303030305	SimBa
tweet-sno-1223	QO	vclaim-sno-armie-hammer-cannibal-lifestyle	1	36.36363636363636	SimBa
tweet-sno-1223	QO	vclaim-sno-pga-ban-trump-golf-course	1	29.268292682926827	SimBa
tweet-sno-1223	QO	vclaim-sno-cia-files-ufos	1	28.57142857142857	SimBa
tweet-sno-1223	QO	vclaim-sno-capitol-riot-podium	1	26.315789473684212	SimBa
tweet-sno-1223	QO	vclaim-sno-kaleb-shriners-hospitals-death	1	26.315789473684212	SimBa
tweet-sno-1224	QO	vclaim-sno-raz-simone-guns	1	29.166666666666668	SimBa
tweet-sno-1224	QO	vclaim-sno-pga-ban-trump-golf-course	1	28.571428571428573	SimBa
tweet-sno-1224	QO	vclaim-sno-indian-flag-capitol-riots	1	28.57142857142857	SimBa
tweet-sno-1224	QO	vclaim-sno-capitol-window-wave-video	1	27.906976744186046	SimBa
tweet-sno-1224	QO	vclaim-sno-kevin-seefried-democrat-biden	1	27.272727272727273	SimBa
tweet-sno-1225	QO	vclaim-sno-cia-files-ufos	1	27.45098039215686	SimBa
tweet-sno-1225	QO	vclaim-sno-pga-ban-trump-golf-course	1	23.52941176470588	SimBa
tweet-sno-1225	QO	vclaim-sno-pregnant-women-covid-19-vaccine	1	23.255813953488374	SimBa
tweet-sno-1225	QO	vclaim-sno-prince-philip-covid-vaccine	1	23.255813953488374	SimBa
tweet-sno-1225	QO	vclaim-sno-ice-cream-covid19	1	23.255813953488374	SimBa
tweet-sno-1226	QO	vclaim-sno-patriot-party-trump	1	25.925925925925927	SimBa
tweet-sno-1226	QO	vclaim-sno-sag-letter-president-trump	1	25.806451612903224	SimBa
tweet-sno-1226	QO	vclaim-sno-cdc-ted-cruz-mexico	1	25.454545454545453	SimBa
tweet-sno-1226	QO	vclaim-sno-trump-twitter-john-barron-1946	1	25.0	SimBa
tweet-sno-1226	QO	vclaim-sno-trump-admin-seizing-ppe	1	24.561403508771928	SimBa
tweet-sno-1227	QO	vclaim-sno-cdc-ted-cruz-mexico	1	29.268292682926827	SimBa
tweet-sno-1227	QO	vclaim-sno-schumer-erection-senate-floor	1	27.272727272727273	SimBa
tweet-sno-1227	QO	vclaim-sno-karl-rove-biden-inauguration	1	26.08695652173913	SimBa
tweet-sno-1227	QO	vclaim-sno-sag-letter-president-trump	1	24.48979591836735	SimBa
tweet-sno-1227	QO	vclaim-sno-asteroid-golden-gate-bridge	1	23.80952380952381	SimBa
tweet-sno-1228	QO	vclaim-sno-schumer-erection-senate-floor	1	30.76923076923077	SimBa
tweet-sno-1228	QO	vclaim-sno-where-is-god	1	30.18867924528302	SimBa
tweet-sno-1228	QO	vclaim-sno-churchill-what-people-think	1	29.09090909090909	SimBa
tweet-sno-1228	QO	vclaim-sno-cdc-ted-cruz-mexico	1	28.0	SimBa
tweet-sno-1228	QO	vclaim-sno-the-white-guy	1	27.272727272727273	SimBa
tweet-sno-1229	QO	vclaim-sno-pga-ban-trump-golf-course	1	34.146341463414636	SimBa
tweet-sno-1229	QO	vclaim-sno-capitol-riot-podium	1	31.578947368421055	SimBa
tweet-sno-1229	QO	vclaim-sno-capitol-riot-deaths	1	31.25	SimBa
tweet-sno-1229	QO	vclaim-sno-cnn-antifa-capitol-riot	1	30.0	SimBa
tweet-sno-1229	QO	vclaim-sno-indian-flag-capitol-riots	1	28.571428571428573	SimBa
tweet-sno-1230	QO	vclaim-sno-kaleb-shriners-hospitals-death	1	23.255813953488374	SimBa
tweet-sno-1230	QO	vclaim-sno-capitol-riot-taser-death	1	23.255813953488374	SimBa
tweet-sno-1230	QO	vclaim-sno-chevy-chase-death-hoax	1	22.857142857142858	SimBa
tweet-sno-1230	QO	vclaim-sno-bedside-companion	1	22.22222222222222	SimBa
tweet-sno-1230	QO	vclaim-sno-schumer-erection-senate-floor	1	21.27659574468085	SimBa
tweet-sno-1231	QO	vclaim-sno-audit-the-vote	1	32.142857142857146	SimBa
tweet-sno-1231	QO	vclaim-sno-cnn-antifa-capitol-riot	1	29.09090909090909	SimBa
tweet-sno-1231	QO	vclaim-sno-rosie-odonnell-period-blood	1	27.586206896551722	SimBa
tweet-sno-1231	QO	vclaim-sno-words-of-wisdom	1	25.0	SimBa
tweet-sno-1231	QO	vclaim-sno-ewan-mcgregor-brother-obi-two	1	24.561403508771928	SimBa
tweet-sno-1232	QO	vclaim-sno-warnock-arrested-capitol-praying	1	29.268292682926827	SimBa
tweet-sno-1232	QO	vclaim-sno-pga-ban-trump-golf-course	1	26.923076923076923	SimBa
tweet-sno-1232	QO	vclaim-sno-cia-files-ufos	1	26.41509433962264	SimBa
tweet-sno-1232	QO	vclaim-sno-onlyfans-trump-ban-capitol	1	25.53191489361702	SimBa
tweet-sno-1232	QO	vclaim-sno-kevin-seefried-democrat-biden	1	25.53191489361702	SimBa
tweet-sno-1233	QO	vclaim-sno-tomi-lahren-biden-supporters-loot	1	50.0	SimBa
tweet-sno-1233	QO	vclaim-sno-strung-beads	1	31.81818181818182	SimBa
tweet-sno-1233	QO	vclaim-sno-best-bathroom-in-america	1	29.78723404255319	SimBa
tweet-sno-1233	QO	vclaim-sno-biden-executive-order-dictator	1	29.78723404255319	SimBa
tweet-sno-1233	QO	vclaim-sno-ps-and-qs	1	29.166666666666668	SimBa
tweet-sno-1234	QO	vclaim-sno-shots-fired-capitol	1	36.36363636363636	SimBa
tweet-sno-1234	QO	vclaim-sno-pence-escorted	1	35.8974358974359	SimBa
tweet-sno-1234	QO	vclaim-sno-two-women-save-electoral-votes	1	34.146341463414636	SimBa
tweet-sno-1234	QO	vclaim-sno-schumer-erection-senate-floor	1	33.333333333333336	SimBa
tweet-sno-1234	QO	vclaim-sno-capitol-riot-podium	1	30.769230769230774	SimBa
tweet-sno-1235	QO	vclaim-sno-two-women-save-electoral-votes	1	31.111111111111114	SimBa
tweet-sno-1235	QO	vclaim-sno-pregnant-women-covid-19-vaccine	1	25.641025641025642	SimBa
tweet-sno-1235	QO	vclaim-sno-pga-ban-trump-golf-course	1	25.53191489361702	SimBa
tweet-sno-1235	QO	vclaim-sno-schumer-erection-senate-floor	1	25.53191489361702	SimBa
tweet-sno-1235	QO	vclaim-sno-cia-files-ufos	1	25.0	SimBa
tweet-sno-1236	QO	vclaim-sno-pga-ban-trump-golf-course	1	23.076923076923077	SimBa
tweet-sno-1236	QO	vclaim-sno-cia-files-ufos	1	22.641509433962263	SimBa
tweet-sno-1236	QO	vclaim-sno-anonymous-masks-illegal	1	22.22222222222222	SimBa
tweet-sno-1236	QO	vclaim-sno-disney-pixar-boo	1	21.73913043478261	SimBa
tweet-sno-1236	QO	vclaim-sno-rock-star-stomach-pump	1	20.833333333333336	SimBa
tweet-sno-1237	QO	vclaim-sno-muslim-woman-told-to-hang-herself-with-hijab-at-walmart	1	51.61290322580645	SimBa
tweet-sno-1237	QO	vclaim-sno-capitol-riot-podium	1	48.484848484848484	SimBa
tweet-sno-1237	QO	vclaim-sno-reconnaissance-tours	1	43.75	SimBa
tweet-sno-1237	QO	vclaim-sno-hang-mike-pence-chant-capitol-riot	1	43.75	SimBa
tweet-sno-1237	QO	vclaim-sno-onlyfans-trump-ban-capitol	1	43.75	SimBa
tweet-sno-1238	QO	vclaim-sno-pga-ban-trump-golf-course	1	29.268292682926827	SimBa
tweet-sno-1238	QO	vclaim-sno-capitol-riot-podium	1	26.315789473684212	SimBa
tweet-sno-1238	QO	vclaim-sno-cia-files-ufos	1	23.255813953488374	SimBa
tweet-sno-1238	QO	vclaim-sno-kevin-seefried-democrat-biden	1	21.62162162162162	SimBa
tweet-sno-1238	QO	vclaim-sno-hang-mike-pence-chant-capitol-riot	1	21.62162162162162	SimBa
tweet-sno-1239	QO	vclaim-sno-cia-files-ufos	1	32.0	SimBa
tweet-sno-1239	QO	vclaim-sno-onlyfans-trump-ban-capitol	1	26.666666666666668	SimBa
tweet-sno-1239	QO	vclaim-sno-capitol-riot-podium	1	25.53191489361702	SimBa
tweet-sno-1239	QO	vclaim-sno-ballots-georgia-senate	1	25.0	SimBa
tweet-sno-1239	QO	vclaim-sno-words-of-wisdom	1	24.48979591836735	SimBa
tweet-sno-1240	QO	vclaim-sno-national-guard-trump-mob	1	48.275862068965516	SimBa
tweet-sno-1240	QO	vclaim-sno-lincoln-memorial-defaced-protesters	1	48.275862068965516	SimBa
tweet-sno-1240	QO	vclaim-sno-attempted-robbery-target-field	1	35.714285714285715	SimBa
tweet-sno-1240	QO	vclaim-sno-cia-files-ufos	1	30.0	SimBa
tweet-sno-1240	QO	vclaim-sno-im-sorry-im-late-blm-sign	1	30.0	SimBa
tweet-sno-1241	QO	vclaim-sno-trump-threaten-federal-buildings	1	55.81395348837209	SimBa
tweet-sno-1241	QO	vclaim-sno-trump-protesters-cans-of-soup	1	36.0	SimBa
tweet-sno-1241	QO	vclaim-sno-cdc-covid-19-data	1	27.11864406779661	SimBa
tweet-sno-1241	QO	vclaim-sno-trump-deport-aoc-omar	1	26.923076923076923	SimBa
tweet-sno-1241	QO	vclaim-sno-trump-admin-seizing-ppe	1	26.923076923076923	SimBa
tweet-sno-1242	QO	vclaim-sno-capitol-riot-podium	1	34.48275862068965	SimBa
tweet-sno-1242	QO	vclaim-sno-pga-ban-trump-golf-course	1	30.303030303030305	SimBa
tweet-sno-1242	QO	vclaim-sno-cia-files-ufos	1	29.411764705882355	SimBa
tweet-sno-1242	QO	vclaim-sno-onlyfans-trump-ban-capitol	1	28.571428571428573	SimBa
tweet-sno-1242	QO	vclaim-sno-pence-trump-twitter-jan-6-riots	1	27.586206896551722	SimBa
tweet-sno-1243	QO	vclaim-sno-kevin-seefried-democrat-biden	1	45.16129032258064	SimBa
tweet-sno-1243	QO	vclaim-sno-trump-flag-american-flag-capitol	1	42.85714285714286	SimBa
tweet-sno-1243	QO	vclaim-sno-capitol-riot-podium	1	42.42424242424242	SimBa
tweet-sno-1243	QO	vclaim-sno-indian-flag-capitol-riots	1	40.0	SimBa
tweet-sno-1243	QO	vclaim-sno-pga-ban-trump-golf-course	1	37.83783783783784	SimBa
tweet-sno-1244	QO	vclaim-sno-kevin-seefried-democrat-biden	1	33.333333333333336	SimBa
tweet-sno-1244	QO	vclaim-sno-cia-files-ufos	1	33.33333333333333	SimBa
tweet-sno-1244	QO	vclaim-sno-capitol-riot-podium	1	31.25	SimBa
tweet-sno-1244	QO	vclaim-sno-farmers-protest-india-flag	1	30.303030303030305	SimBa
tweet-sno-1244	QO	vclaim-sno-pence-escorted	1	30.303030303030305	SimBa
tweet-sno-1245	QO	vclaim-sno-pence-trump-twitter-jan-6-riots	1	43.90243902439024	SimBa
tweet-sno-1245	QO	vclaim-sno-clinton-trump-putin-capitol	1	40.909090909090914	SimBa
tweet-sno-1245	QO	vclaim-sno-onlyfans-trump-ban-capitol	1	39.02439024390244	SimBa
tweet-sno-1245	QO	vclaim-sno-trump-national-guard-troops-hotel	1	37.5	SimBa
tweet-sno-1245	QO	vclaim-sno-youtube-ban-suspend-trump	1	34.146341463414636	SimBa
tweet-sno-1246	QO	vclaim-sno-cross-erected-capitol-building	1	52.17391304347826	SimBa
tweet-sno-1246	QO	vclaim-sno-capitol-riot-podium	1	41.37931034482759	SimBa
tweet-sno-1246	QO	vclaim-sno-pga-ban-trump-golf-course	1	36.36363636363636	SimBa
tweet-sno-1246	QO	vclaim-sno-kevin-seefried-democrat-biden	1	35.714285714285715	SimBa
tweet-sno-1246	QO	vclaim-sno-onlyfans-trump-ban-capitol	1	35.714285714285715	SimBa
tweet-sno-1247	QO	vclaim-sno-italy-200-deaths-24-hours	1	22.72727272727273	SimBa
tweet-sno-1247	QO	vclaim-sno-disney-pixar-boo	1	22.22222222222222	SimBa
tweet-sno-1247	QO	vclaim-sno-autism-is-now-disclosed-as-dtap-side-effect	1	21.73913043478261	SimBa
tweet-sno-1247	QO	vclaim-sno-180-day-countdown-ufo	1	20.408163265306122	SimBa
tweet-sno-1247	QO	vclaim-sno-carmex-addiction	1	20.408163265306122	SimBa
tweet-sno-1248	QO	vclaim-sno-snow-los-angeles	1	35.0	SimBa
tweet-sno-1248	QO	vclaim-sno-blm-deputies-compton	1	22.58064516129032	SimBa
tweet-sno-1248	QO	vclaim-sno-disney-pixar-boo	1	21.27659574468085	SimBa
tweet-sno-1248	QO	vclaim-sno-power-outages-la-sf-nyc	1	21.27659574468085	SimBa
tweet-sno-1248	QO	vclaim-sno-trump-sign-hollywood-los-angeles	1	20.833333333333336	SimBa
tweet-sno-1249	QO	vclaim-sno-snow-los-angeles	1	40.0	SimBa
tweet-sno-1249	QO	vclaim-sno-blm-deputies-compton	1	22.22222222222222	SimBa
tweet-sno-1249	QO	vclaim-sno-george-floyd-valentine	1	21.818181818181817	SimBa
tweet-sno-1249	QO	vclaim-sno-one-800-north-dakota-covid	1	21.73913043478261	SimBa
tweet-sno-1249	QO	vclaim-sno-disney-pixar-boo	1	20.833333333333336	SimBa
tweet-sno-1250	QO	vclaim-sno-sag-letter-president-trump	1	45.45454545454546	SimBa
tweet-sno-1250	QO	vclaim-sno-pennsylvania-205000-votes	1	43.75	SimBa
tweet-sno-1250	QO	vclaim-sno-trump-wins-pennsylvania	1	41.1764705882353	SimBa
tweet-sno-1250	QO	vclaim-sno-300000-wisconsin-voters-turned-away-due-to-voter-id-laws	1	40.0	SimBa
tweet-sno-1250	QO	vclaim-sno-trump-twitter-search-loser	1	40.0	SimBa
tweet-sno-1251	QO	vclaim-sno-floyd-county-georgia-votes	1	36.734693877551024	SimBa
tweet-sno-1251	QO	vclaim-sno-erie-pennsylvania-trump-ballots	1	31.81818181818182	SimBa
tweet-sno-1251	QO	vclaim-sno-pennsylvania-205000-votes	1	31.578947368421055	SimBa
tweet-sno-1251	QO	vclaim-sno-pennsylvania-judge-legal-win-trump	1	31.111111111111114	SimBa
tweet-sno-1251	QO	vclaim-sno-trump-wins-pennsylvania	1	30.0	SimBa
tweet-sno-1252	QO	vclaim-sno-disney-sister-act-3	1	18.75	SimBa
tweet-sno-1252	QO	vclaim-sno-ice-citizens-academy-civilians	1	18.18181818181818	SimBa
tweet-sno-1252	QO	vclaim-sno-facebook-ban-livestreamed-music	1	17.241379310344826	SimBa
tweet-sno-1252	QO	vclaim-sno-dr-creep-predict-coronavirus-2013	1	16.666666666666668	SimBa
tweet-sno-1252	QO	vclaim-sno-carmex-addiction	1	16.393442622950822	SimBa
tweet-sno-1253	QO	vclaim-sno-does-restaurant-tattoo-guarantee-food	1	21.42857142857143	SimBa
tweet-sno-1253	QO	vclaim-sno-monica-lewinsky-trump-tweet	1	21.42857142857143	SimBa
tweet-sno-1253	QO	vclaim-sno-hitler-chemical-weapons-spicer-assad	1	21.27659574468085	SimBa
tweet-sno-1253	QO	vclaim-sno-donald-trump-purge-slogan	1	21.052631578947366	SimBa
tweet-sno-1253	QO	vclaim-sno-trump-covid-19-deaths-hurt	1	20.689655172413794	SimBa
tweet-sno-1254	QO	vclaim-sno-birthday-of-jesus	1	29.411764705882355	SimBa
tweet-sno-1254	QO	vclaim-sno-atf-reclassifies-wetted-nitrocellulose	1	27.027027027027025	SimBa
tweet-sno-1254	QO	vclaim-sno-disney-pixar-boo	1	26.315789473684212	SimBa
tweet-sno-1254	QO	vclaim-sno-risque-prom-dress	1	26.315789473684212	SimBa
tweet-sno-1254	QO	vclaim-sno-stacey-abrams-gardner-judge-sister	1	25.641025641025642	SimBa
tweet-sno-1255	QO	vclaim-sno-swimming-pool-wonderful-life	1	47.05882352941177	SimBa
tweet-sno-1255	QO	vclaim-sno-risque-prom-dress	1	33.33333333333333	SimBa
tweet-sno-1255	QO	vclaim-sno-birthday-of-jesus	1	30.303030303030305	SimBa
tweet-sno-1255	QO	vclaim-sno-words-of-wisdom	1	29.268292682926827	SimBa
tweet-sno-1255	QO	vclaim-sno-atf-reclassifies-wetted-nitrocellulose	1	27.77777777777778	SimBa
tweet-sno-1256	QO	vclaim-sno-downy-unstopables-warmer-warning	1	30.303030303030305	SimBa
tweet-sno-1256	QO	vclaim-sno-disney-pixar-boo	1	29.411764705882355	SimBa
tweet-sno-1256	QO	vclaim-sno-hillary-clinton-sat-monsanto-board	1	26.666666666666668	SimBa
tweet-sno-1256	QO	vclaim-sno-snow-los-angeles	1	26.666666666666668	SimBa
tweet-sno-1256	QO	vclaim-sno-fresno-and-tulare-serial-killer-warning	1	26.315789473684212	SimBa
tweet-sno-1257	QO	vclaim-sno-graham-buttigieg-repent	1	42.857142857142854	SimBa
tweet-sno-1257	QO	vclaim-sno-fresno-and-tulare-serial-killer-warning	1	24.48979591836735	SimBa
tweet-sno-1257	QO	vclaim-sno-supreme-court-bible-oath	1	21.27659574468085	SimBa
tweet-sno-1257	QO	vclaim-sno-rush-limbaugh-marriage-children	1	21.27659574468085	SimBa
tweet-sno-1257	QO	vclaim-sno-male-rapist-transfer-womens-jail	1	21.052631578947366	SimBa
tweet-sno-1258	QO	vclaim-sno-tom-brady-ppp	1	39.02439024390244	SimBa
tweet-sno-1258	QO	vclaim-sno-second-covid-stimulus-foreign-aid	1	35.0	SimBa
tweet-sno-1258	QO	vclaim-sno-us-millionaires-stimulus-checks	1	26.666666666666668	SimBa
tweet-sno-1258	QO	vclaim-sno-disney-pixar-boo	1	26.315789473684212	SimBa
tweet-sno-1258	QO	vclaim-sno-kanye-west-elon-musk	1	23.80952380952381	SimBa
tweet-sno-1259	QO	vclaim-sno-disney-pixar-boo	1	30.303030303030305	SimBa
tweet-sno-1259	QO	vclaim-sno-no-nativity-scenes-white-house	1	25.806451612903224	SimBa
tweet-sno-1259	QO	vclaim-sno-diet-riot	1	22.22222222222222	SimBa
tweet-sno-1259	QO	vclaim-sno-home-alone-world-trade-center	1	22.22222222222222	SimBa
tweet-sno-1259	QO	vclaim-sno-vatican-nativity	1	20.689655172413794	SimBa
tweet-sno-1260	QO	vclaim-sno-immigrants-stimulus-checks	1	22.641509433962263	SimBa
tweet-sno-1260	QO	vclaim-sno-cyberpunk-2077-refunds	1	22.22222222222222	SimBa
tweet-sno-1260	QO	vclaim-sno-us-millionaires-stimulus-checks	1	21.818181818181817	SimBa
tweet-sno-1260	QO	vclaim-sno-irs-scam-season	1	21.42857142857143	SimBa
tweet-sno-1260	QO	vclaim-sno-atf-reclassifies-wetted-nitrocellulose	1	21.27659574468085	SimBa
tweet-sno-1261	QO	vclaim-sno-cyberpunk-2077-refunds	1	34.146341463414636	SimBa
tweet-sno-1261	QO	vclaim-sno-one-800-north-dakota-covid	1	22.72727272727273	SimBa
tweet-sno-1261	QO	vclaim-sno-disney-pixar-boo	1	21.73913043478261	SimBa
tweet-sno-1261	QO	vclaim-sno-forced-vaccines-covid-19	1	21.73913043478261	SimBa
tweet-sno-1261	QO	vclaim-sno-carmex-addiction	1	20.0	SimBa
tweet-sno-1262	QO	vclaim-sno-ice-twitter-account-disappear	1	23.80952380952381	SimBa
tweet-sno-1262	QO	vclaim-sno-disney-pixar-boo	1	21.05263157894737	SimBa
tweet-sno-1262	QO	vclaim-sno-goya-ceo-praise-trump	1	20.408163265306122	SimBa
tweet-sno-1262	QO	vclaim-sno-abortion-clinic-forceps-christmas	1	20.0	SimBa
tweet-sno-1262	QO	vclaim-sno-cpac-national-anthem-real	1	19.51219512195122	SimBa
tweet-sno-1263	QO	vclaim-sno-supreme-court-erupt-shouting-match	1	29.78723404255319	SimBa
tweet-sno-1263	QO	vclaim-sno-rush-limbaugh-covid-common-cold	1	29.166666666666668	SimBa
tweet-sno-1263	QO	vclaim-sno-ocasio-cortez-gun-rights-quote	1	27.272727272727273	SimBa
tweet-sno-1263	QO	vclaim-sno-george-h-w-bush-lynched-quote	1	25.0	SimBa
tweet-sno-1263	QO	vclaim-sno-trump-stimulus-package-election	1	24.48979591836735	SimBa
tweet-sno-1264	QO	vclaim-sno-anonymous-masks-illegal	1	21.62162162162162	SimBa
tweet-sno-1264	QO	vclaim-sno-disney-pixar-boo	1	21.05263157894737	SimBa
tweet-sno-1264	QO	vclaim-sno-creepy-abandoned-train-tunnel	1	18.6046511627907	SimBa
tweet-sno-1264	QO	vclaim-sno-house-25-million-raise-covid	1	18.6046511627907	SimBa
tweet-sno-1264	QO	vclaim-sno-ice-twitter-account-disappear	1	18.6046511627907	SimBa
tweet-sno-1265	QO	vclaim-sno-moira-rose-home-alone	1	35.08771929824561	SimBa
tweet-sno-1265	QO	vclaim-sno-schitts-creek-motel-seattle	1	29.508196721311478	SimBa
tweet-sno-1265	QO	vclaim-sno-home-alone-world-trade-center	1	26.47058823529412	SimBa
tweet-sno-1265	QO	vclaim-sno-words-of-wisdom	1	25.806451612903224	SimBa
tweet-sno-1265	QO	vclaim-sno-kamala-harris-guns-confiscation	1	25.0	SimBa
tweet-sno-1266	QO	vclaim-sno-popular-vote-totals-rigged	1	39.02439024390244	SimBa
tweet-sno-1266	QO	vclaim-sno-trump-vote-twice-north-carolina	1	30.769230769230774	SimBa
tweet-sno-1266	QO	vclaim-sno-obama-signs-executive-order-declaring-investigation-into-election-results	1	30.0	SimBa
tweet-sno-1266	QO	vclaim-sno-ford-from-mexico-to-ohio	1	30.0	SimBa
tweet-sno-1266	QO	vclaim-sno-ia-fl-oh-election-loss	1	29.268292682926827	SimBa
tweet-sno-1267	QO	vclaim-sno-the-north-face-refuse-jackets	1	42.42424242424242	SimBa
tweet-sno-1267	QO	vclaim-sno-one-800-north-dakota-covid	1	34.48275862068965	SimBa
tweet-sno-1267	QO	vclaim-sno-disney-pixar-boo	1	32.25806451612903	SimBa
tweet-sno-1267	QO	vclaim-sno-muslims-declare-december-24th-islamic-holiday	1	31.25	SimBa
tweet-sno-1267	QO	vclaim-sno-federal-holiday-christmas-eve	1	30.303030303030305	SimBa
tweet-sno-1268	QO	vclaim-sno-alex-jones-biden-removed	1	57.142857142857146	SimBa
tweet-sno-1268	QO	vclaim-sno-72-hour-challenge	1	35.8974358974359	SimBa
tweet-sno-1268	QO	vclaim-sno-biden-antifa-courageous-americans	1	33.333333333333336	SimBa
tweet-sno-1268	QO	vclaim-sno-joe-biden-minnesota-tampa	1	32.432432432432435	SimBa
tweet-sno-1268	QO	vclaim-sno-fake-aoc-purge-tweet	1	32.432432432432435	SimBa
tweet-sno-1269	QO	vclaim-sno-allstate-island-real	1	30.76923076923077	SimBa
tweet-sno-1269	QO	vclaim-sno-lash-of-the-mohicans	1	29.62962962962963	SimBa
tweet-sno-1269	QO	vclaim-sno-disney-pixar-boo	1	24.242424242424242	SimBa
tweet-sno-1269	QO	vclaim-sno-biden-fail-condemn-antifa	1	21.42857142857143	SimBa
tweet-sno-1269	QO	vclaim-sno-ice-twitter-account-disappear	1	21.05263157894737	SimBa
tweet-sno-1270	QO	vclaim-sno-allstate-island-real	1	24.242424242424242	SimBa
tweet-sno-1270	QO	vclaim-sno-anonymous-masks-illegal	1	20.512820512820515	SimBa
tweet-sno-1270	QO	vclaim-sno-disney-pixar-boo	1	20.0	SimBa
tweet-sno-1270	QO	vclaim-sno-loonie-toonies	1	19.047619047619047	SimBa
tweet-sno-1270	QO	vclaim-sno-taxi-driver-murderer-fake-news	1	19.047619047619047	SimBa
tweet-sno-1271	QO	vclaim-sno-federal-holiday-christmas-eve	1	80.0	SimBa
tweet-sno-1271	QO	vclaim-sno-trump-checks-to-retirees	1	42.42424242424242	SimBa
tweet-sno-1271	QO	vclaim-sno-trump-order-popular-vote-winner	1	41.37931034482759	SimBa
tweet-sno-1271	QO	vclaim-sno-trump-restricting-welfare-for-deadbeats	1	41.1764705882353	SimBa
tweet-sno-1271	QO	vclaim-sno-muslims-declare-december-24th-islamic-holiday	1	41.1764705882353	SimBa
tweet-sno-1272	QO	vclaim-sno-disney-sister-act-3	1	40.0	SimBa
tweet-sno-1272	QO	vclaim-sno-immigrants-stimulus-checks	1	30.0	SimBa
tweet-sno-1272	QO	vclaim-sno-disney-pixar-boo	1	28.571428571428573	SimBa
tweet-sno-1272	QO	vclaim-sno-us-millionaires-stimulus-checks	1	28.57142857142857	SimBa
tweet-sno-1272	QO	vclaim-sno-stacey-abrams-gardner-judge-sister	1	27.77777777777778	SimBa
tweet-sno-1273	QO	vclaim-sno-when-is-hocus-pocus-2-coming-out	1	35.714285714285715	SimBa
tweet-sno-1273	QO	vclaim-sno-disney-pixar-boo	1	35.294117647058826	SimBa
tweet-sno-1273	QO	vclaim-sno-hocus-pocus-2	1	34.285714285714285	SimBa
tweet-sno-1273	QO	vclaim-sno-beetlejuice-2-coming-soon	1	30.303030303030305	SimBa
tweet-sno-1273	QO	vclaim-sno-red-ensign-scare	1	29.411764705882355	SimBa
tweet-sno-1274	QO	vclaim-sno-ice-twitter-account-disappear	1	23.52941176470588	SimBa
tweet-sno-1274	QO	vclaim-sno-dog-gone-2	1	22.22222222222222	SimBa
tweet-sno-1274	QO	vclaim-sno-disney-pixar-boo	1	21.27659574468085	SimBa
tweet-sno-1274	QO	vclaim-sno-footie-loose	1	21.27659574468085	SimBa
tweet-sno-1274	QO	vclaim-sno-home-alone-world-trade-center	1	20.689655172413794	SimBa
tweet-sno-1275	QO	vclaim-sno-costco-rotisserie-chicken-cheap	1	102.85714285714286	SimBa
tweet-sno-1275	QO	vclaim-sno-house-25-million-raise-covid	1	31.81818181818182	SimBa
tweet-sno-1275	QO	vclaim-sno-us-millionaires-stimulus-checks	1	29.78723404255319	SimBa
tweet-sno-1275	QO	vclaim-sno-drug-law-lobbying-by-corrections-corporation-of-america	1	29.166666666666668	SimBa
tweet-sno-1275	QO	vclaim-sno-creepy-abandoned-train-tunnel	1	26.666666666666668	SimBa
tweet-sno-1276	QO	vclaim-sno-ia-fl-oh-election-loss	1	64.51612903225806	SimBa
tweet-sno-1276	QO	vclaim-sno-won-both-ohio-florida-lost	1	48.484848484848484	SimBa
tweet-sno-1276	QO	vclaim-sno-trump-wins-pennsylvania	1	41.1764705882353	SimBa
tweet-sno-1276	QO	vclaim-sno-ice-cube-work-with-trump	1	37.83783783783784	SimBa
tweet-sno-1276	QO	vclaim-sno-trump-vote-twice-north-carolina	1	36.36363636363636	SimBa
tweet-sno-1277	QO	vclaim-sno-apartment-radiator-pandemic-spread	1	31.372549019607842	SimBa
tweet-sno-1277	QO	vclaim-sno-home-alone-world-trade-center	1	16.393442622950822	SimBa
tweet-sno-1277	QO	vclaim-sno-disney-pixar-boo	1	16.0	SimBa
tweet-sno-1277	QO	vclaim-sno-cdc-covid-19-data	1	15.873015873015872	SimBa
tweet-sno-1277	QO	vclaim-sno-taxi-driver-murderer-fake-news	1	15.384615384615385	SimBa
tweet-sno-1278	QO	vclaim-sno-noodles-freeze-cold-weather	1	22.857142857142858	SimBa
tweet-sno-1278	QO	vclaim-sno-sargento-recall-fake-news	1	22.22222222222222	SimBa
tweet-sno-1278	QO	vclaim-sno-papa-johns-little-caesars-meme	1	21.05263157894737	SimBa
tweet-sno-1278	QO	vclaim-sno-fresno-and-tulare-serial-killer-warning	1	20.0	SimBa
tweet-sno-1278	QO	vclaim-sno-words-of-wisdom	1	19.51219512195122	SimBa
tweet-sno-1279	QO	vclaim-sno-gohmert-tooth-fall-out	1	44.44444444444444	SimBa
tweet-sno-1279	QO	vclaim-sno-snow-los-angeles	1	40.0	SimBa
tweet-sno-1279	QO	vclaim-sno-ice-twitter-account-disappear	1	35.294117647058826	SimBa
tweet-sno-1279	QO	vclaim-sno-disney-pixar-boo	1	33.333333333333336	SimBa
tweet-sno-1279	QO	vclaim-sno-abortion-clinic-forceps-christmas	1	31.25	SimBa
tweet-sno-1280	QO	vclaim-sno-biden-harris-disease-disagreed	1	89.79591836734694	SimBa
tweet-sno-1280	QO	vclaim-sno-joe-hoe-kamala-harris-billboard	1	33.333333333333336	SimBa
tweet-sno-1280	QO	vclaim-sno-harris-biden-blog-post	1	31.111111111111114	SimBa
tweet-sno-1280	QO	vclaim-sno-biden-antifa-courageous-americans	1	30.76923076923077	SimBa
tweet-sno-1280	QO	vclaim-sno-biden-muslim-ad	1	30.76923076923077	SimBa
tweet-sno-1281	QO	vclaim-sno-indiana-jones-saxophone	1	37.03703703703704	SimBa
tweet-sno-1281	QO	vclaim-sno-is-marijuana-moving-to-schedule-2	1	35.714285714285715	SimBa
tweet-sno-1281	QO	vclaim-sno-iowa-caucus-coin-toss	1	30.303030303030305	SimBa
tweet-sno-1281	QO	vclaim-sno-no-nativity-scenes-white-house	1	28.571428571428573	SimBa
tweet-sno-1281	QO	vclaim-sno-woman-births-octopus	1	28.571428571428573	SimBa
tweet-sno-1282	QO	vclaim-sno-indiana-jones-saxophone	1	40.0	SimBa
tweet-sno-1282	QO	vclaim-sno-disney-pixar-boo	1	29.411764705882355	SimBa
tweet-sno-1282	QO	vclaim-sno-ice-twitter-account-disappear	1	25.641025641025642	SimBa
tweet-sno-1282	QO	vclaim-sno-canned-pumpkin-isnt-actually-pumpkin	1	25.0	SimBa
tweet-sno-1282	QO	vclaim-sno-woman-births-octopus	1	25.0	SimBa
tweet-sno-1283	QO	vclaim-sno-indiana-jones-saxophone	1	41.37931034482759	SimBa
tweet-sno-1283	QO	vclaim-sno-tiktok-oh-no-song	1	29.411764705882355	SimBa
tweet-sno-1283	QO	vclaim-sno-kaleb-shriners-hospitals-death	1	27.77777777777778	SimBa
tweet-sno-1283	QO	vclaim-sno-dmx-death-hoax	1	27.586206896551722	SimBa
tweet-sno-1283	QO	vclaim-sno-lebanon-mo-walmart-cell-phone-rumor	1	26.666666666666668	SimBa
tweet-sno-1284	QO	vclaim-sno-indiana-jones-saxophone	1	34.146341463414636	SimBa
tweet-sno-1284	QO	vclaim-sno-harrison-ford-trump-han-solo	1	26.08695652173913	SimBa
tweet-sno-1284	QO	vclaim-sno-taxi-driver-murderer-fake-news	1	20.833333333333336	SimBa
tweet-sno-1284	QO	vclaim-sno-trump-twitter-john-barron-1946	1	19.6078431372549	SimBa
tweet-sno-1284	QO	vclaim-sno-ice-twitter-account-disappear	1	19.6078431372549	SimBa
tweet-sno-1285	QO	vclaim-sno-florida-rebekah-jones-raid	1	38.29787234042553	SimBa
tweet-sno-1285	QO	vclaim-sno-aba-letter-covid19-masks	1	24.615384615384617	SimBa
tweet-sno-1285	QO	vclaim-sno-seattle-police-confiscate-mans-guns-without-warrant	1	23.80952380952381	SimBa
tweet-sno-1285	QO	vclaim-sno-bringing-a-gun-to-a-knife-fight	1	22.22222222222222	SimBa
tweet-sno-1285	QO	vclaim-sno-disney-pixar-boo	1	21.27659574468085	SimBa
tweet-sno-1286	QO	vclaim-sno-nasa-sally-ride-100-tampons	1	43.47826086956522	SimBa
tweet-sno-1286	QO	vclaim-sno-nasa-hillary-clinton-astronaut	1	25.0	SimBa
tweet-sno-1286	QO	vclaim-sno-betsy-ross-quaker-slavery-views	1	25.0	SimBa
tweet-sno-1286	QO	vclaim-sno-ice-twitter-account-disappear	1	24.0	SimBa
tweet-sno-1286	QO	vclaim-sno-jill-biden-spanish-elected	1	23.52941176470588	SimBa
tweet-sno-1287	QO	vclaim-sno-my-pleasure-chick-fil-a	1	35.0	SimBa
tweet-sno-1287	QO	vclaim-sno-ice-citizens-academy-civilians	1	34.78260869565217	SimBa
tweet-sno-1287	QO	vclaim-sno-willie-sutton	1	34.285714285714285	SimBa
tweet-sno-1287	QO	vclaim-sno-porsche-remorse	1	34.285714285714285	SimBa
tweet-sno-1287	QO	vclaim-sno-the-white-guy	1	34.285714285714285	SimBa
tweet-sno-1288	QO	vclaim-sno-my-pleasure-chick-fil-a	1	33.333333333333336	SimBa
tweet-sno-1288	QO	vclaim-sno-carmex-addiction	1	27.272727272727273	SimBa
tweet-sno-1288	QO	vclaim-sno-porsche-remorse	1	26.315789473684212	SimBa
tweet-sno-1288	QO	vclaim-sno-ice-citizens-academy-civilians	1	24.0	SimBa
tweet-sno-1288	QO	vclaim-sno-cdc-ted-cruz-mexico	1	22.22222222222222	SimBa
tweet-sno-1289	QO	vclaim-sno-my-pleasure-chick-fil-a	1	35.294117647058826	SimBa
tweet-sno-1289	QO	vclaim-sno-ice-twitter-account-disappear	1	27.027027027027025	SimBa
tweet-sno-1289	QO	vclaim-sno-disney-pixar-boo	1	24.242424242424242	SimBa
tweet-sno-1289	QO	vclaim-sno-sargento-recall-fake-news	1	24.242424242424242	SimBa
tweet-sno-1289	QO	vclaim-sno-ice-citizens-academy-civilians	1	23.80952380952381	SimBa
tweet-sno-1290	QO	vclaim-sno-my-pleasure-chick-fil-a	1	38.095238095238095	SimBa
tweet-sno-1290	QO	vclaim-sno-ice-citizens-academy-civilians	1	28.0	SimBa
tweet-sno-1290	QO	vclaim-sno-carmex-addiction	1	26.666666666666668	SimBa
tweet-sno-1290	QO	vclaim-sno-porsche-remorse	1	25.641025641025642	SimBa
tweet-sno-1290	QO	vclaim-sno-sargento-recall-fake-news	1	23.80952380952381	SimBa
tweet-sno-1291	QO	vclaim-sno-biden-boot-wrong-foot-forgot	1	37.5	SimBa
tweet-sno-1291	QO	vclaim-sno-bidens-win-lie-of-the-year	1	37.2093023255814	SimBa
tweet-sno-1291	QO	vclaim-sno-obama-was-going-to-castros-funeral-until-trump-told-him-this	1	34.78260869565217	SimBa
tweet-sno-1291	QO	vclaim-sno-biden-dogs-trump-chew-toy	1	34.61538461538461	SimBa
tweet-sno-1291	QO	vclaim-sno-dominion-peter-neffenger-biden	1	32.6530612244898	SimBa
tweet-sno-1292	QO	vclaim-sno-matt-putz	1	37.2093023255814	SimBa
tweet-sno-1292	QO	vclaim-sno-atlantic-city-trump-casino-implode	1	25.0	SimBa
tweet-sno-1292	QO	vclaim-sno-ice-twitter-account-disappear	1	24.48979591836735	SimBa
tweet-sno-1292	QO	vclaim-sno-stress-awareness-day	1	23.255813953488374	SimBa
tweet-sno-1292	QO	vclaim-sno-new-jersey-ballot-tax-returns	1	22.72727272727273	SimBa
tweet-sno-1293	QO	vclaim-sno-sargento-recall-fake-news	1	22.22222222222222	SimBa
tweet-sno-1293	QO	vclaim-sno-christian-owned-airlines-change-wing-light-colors-to-celebrate-christmas	1	21.62162162162162	SimBa
tweet-sno-1293	QO	vclaim-sno-62-degree-celsius-kuwait-tree-fire	1	21.05263157894737	SimBa
tweet-sno-1293	QO	vclaim-sno-black-panthers-wic-food-program	1	20.0	SimBa
tweet-sno-1293	QO	vclaim-sno-biden-antifa-courageous-americans	1	19.51219512195122	SimBa
tweet-sno-1294	QO	vclaim-sno-drake-scented-candles	1	33.333333333333336	SimBa
tweet-sno-1294	QO	vclaim-sno-red-ensign-scare	1	29.411764705882355	SimBa
tweet-sno-1294	QO	vclaim-sno-disney-pixar-boo	1	28.571428571428573	SimBa
tweet-sno-1294	QO	vclaim-sno-us-millionaires-stimulus-checks	1	28.57142857142857	SimBa
tweet-sno-1294	QO	vclaim-sno-loonie-toonies	1	27.027027027027025	SimBa
tweet-sno-1295	QO	vclaim-sno-disney-pixar-boo	1	25.0	SimBa
tweet-sno-1295	QO	vclaim-sno-flash-player-no-longer-supported	1	23.076923076923077	SimBa
tweet-sno-1295	QO	vclaim-sno-ice-twitter-account-disappear	1	21.62162162162162	SimBa
tweet-sno-1295	QO	vclaim-sno-twitter-cammo-trump-covid	1	21.62162162162162	SimBa
tweet-sno-1295	QO	vclaim-sno-snow-los-angeles	1	21.42857142857143	SimBa
tweet-sno-1296	QO	vclaim-sno-disney-pixar-boo	1	29.62962962962963	SimBa
tweet-sno-1296	QO	vclaim-sno-trump-death-hoax	1	29.62962962962963	SimBa
tweet-sno-1296	QO	vclaim-sno-flash-player-no-longer-supported	1	28.57142857142857	SimBa
tweet-sno-1296	QO	vclaim-sno-snow-los-angeles	1	26.08695652173913	SimBa
tweet-sno-1296	QO	vclaim-sno-birthday-of-jesus	1	25.0	SimBa
tweet-sno-1297	QO	vclaim-sno-flash-player-no-longer-supported	1	26.315789473684212	SimBa
tweet-sno-1297	QO	vclaim-sno-delete-google-chrome-trends	1	20.408163265306122	SimBa
tweet-sno-1297	QO	vclaim-sno-ice-twitter-account-disappear	1	20.0	SimBa
tweet-sno-1297	QO	vclaim-sno-disney-pixar-boo	1	17.391304347826086	SimBa
tweet-sno-1297	QO	vclaim-sno-abortion-clinic-forceps-christmas	1	16.666666666666668	SimBa
tweet-sno-1298	QO	vclaim-sno-santa-covid-exemption-ireland	1	33.333333333333336	SimBa
tweet-sno-1298	QO	vclaim-sno-ice-twitter-account-disappear	1	25.53191489361702	SimBa
tweet-sno-1298	QO	vclaim-sno-disney-pixar-boo	1	23.255813953488374	SimBa
tweet-sno-1298	QO	vclaim-sno-vampire-bats-social-distance	1	22.22222222222222	SimBa
tweet-sno-1298	QO	vclaim-sno-minecraft-sex-mods	1	22.22222222222222	SimBa
tweet-sno-1299	QO	vclaim-sno-disney-pixar-boo	1	22.857142857142858	SimBa
tweet-sno-1299	QO	vclaim-sno-fresno-and-tulare-serial-killer-warning	1	20.512820512820515	SimBa
tweet-sno-1299	QO	vclaim-sno-ice-twitter-account-disappear	1	20.0	SimBa
tweet-sno-1299	QO	vclaim-sno-trey-gowdy-nancy-pelosi	1	19.51219512195122	SimBa
tweet-sno-1299	QO	vclaim-sno-immigrants-stimulus-checks	1	19.51219512195122	SimBa
tweet-sno-1300	QO	vclaim-sno-king-louis-xiv-fetish-birth	1	24.48979591836735	SimBa
tweet-sno-1300	QO	vclaim-sno-gummi-bears-car-wax	1	23.52941176470588	SimBa
tweet-sno-1300	QO	vclaim-sno-betsy-ross-quaker-slavery-views	1	18.867924528301888	SimBa
tweet-sno-1300	QO	vclaim-sno-dr-seuss-racist-cartoons	1	18.867924528301888	SimBa
tweet-sno-1300	QO	vclaim-sno-fresno-and-tulare-serial-killer-warning	1	18.51851851851852	SimBa
tweet-sno-1301	QO	vclaim-sno-large-alligator-on-golf-course	1	25.806451612903224	SimBa
tweet-sno-1301	QO	vclaim-sno-ice-twitter-account-disappear	1	25.0	SimBa
tweet-sno-1301	QO	vclaim-sno-adolf-hitler-election-namibia	1	25.0	SimBa
tweet-sno-1301	QO	vclaim-sno-disney-pixar-boo	1	22.22222222222222	SimBa
tweet-sno-1301	QO	vclaim-sno-roger-stone-martial-law-trump	1	21.05263157894737	SimBa
tweet-sno-1302	QO	vclaim-sno-johns-hopkins-covid-deaths	1	68.42105263157896	SimBa
tweet-sno-1302	QO	vclaim-sno-ice-citizens-academy-civilians	1	34.78260869565217	SimBa
tweet-sno-1302	QO	vclaim-sno-cdc-ted-cruz-mexico	1	34.146341463414636	SimBa
tweet-sno-1302	QO	vclaim-sno-ice-twitter-account-disappear	1	33.333333333333336	SimBa
tweet-sno-1302	QO	vclaim-sno-kamala-harris-jacob-blake-proud	1	32.55813953488372	SimBa
tweet-sno-1303	QO	vclaim-sno-horngus-of-a-dongfish	1	38.70967741935483	SimBa
tweet-sno-1303	QO	vclaim-sno-supreme-court-bible-oath	1	38.70967741935483	SimBa
tweet-sno-1303	QO	vclaim-sno-tiktok-oh-no-song	1	38.70967741935483	SimBa
tweet-sno-1303	QO	vclaim-sno-clown-purge-on-halloween	1	38.46153846153846	SimBa
tweet-sno-1303	QO	vclaim-sno-72-hour-challenge	1	37.5	SimBa
tweet-sno-1304	QO	vclaim-sno-tiktok-oh-no-song	1	18.6046511627907	SimBa
tweet-sno-1304	QO	vclaim-sno-criminal-aliens-gang-members	1	17.77777777777778	SimBa
tweet-sno-1304	QO	vclaim-sno-leonardo-dicaprio-woodstock-illinois	1	17.142857142857142	SimBa
tweet-sno-1304	QO	vclaim-sno-creepy-abandoned-train-tunnel	1	17.02127659574468	SimBa
tweet-sno-1304	QO	vclaim-sno-nra-thomas-friends-kkk	1	16.666666666666668	SimBa
tweet-sno-1305	QO	vclaim-sno-ice-citizens-academy-civilians	1	20.408163265306122	SimBa
tweet-sno-1305	QO	vclaim-sno-disney-pixar-boo	1	20.0	SimBa
tweet-sno-1305	QO	vclaim-sno-kaleb-shriners-hospitals-death	1	18.6046511627907	SimBa
tweet-sno-1305	QO	vclaim-sno-leonardo-dicaprio-woodstock-illinois	1	18.18181818181818	SimBa
tweet-sno-1305	QO	vclaim-sno-ice-twitter-account-disappear	1	17.77777777777778	SimBa
tweet-sno-1306	QO	vclaim-sno-sag-letter-president-trump	1	33.333333333333336	SimBa
tweet-sno-1306	QO	vclaim-sno-donald-j-trump-state-park	1	31.81818181818182	SimBa
tweet-sno-1306	QO	vclaim-sno-biden-hat-trump-maga	1	29.166666666666668	SimBa
tweet-sno-1306	QO	vclaim-sno-carmex-addiction	1	29.166666666666668	SimBa
tweet-sno-1306	QO	vclaim-sno-best-bathroom-in-america	1	28.571428571428573	SimBa
tweet-sno-1307	QO	vclaim-sno-twitter-cammo-trump-covid	1	36.8421052631579	SimBa
tweet-sno-1307	QO	vclaim-sno-missing-votes-trump-california	1	36.36363636363636	SimBa
tweet-sno-1307	QO	vclaim-sno-trump-madame-tussauds-golf-election	1	35.294117647058826	SimBa
tweet-sno-1307	QO	vclaim-sno-roger-stone-martial-law-trump	1	33.33333333333333	SimBa
tweet-sno-1307	QO	vclaim-sno-trump-lose-followers-first-time	1	32.432432432432435	SimBa
tweet-sno-1308	QO	vclaim-sno-trump-pardon-turkey-election	1	46.51162790697675	SimBa
tweet-sno-1308	QO	vclaim-sno-trump-condemn-white-supremacists	1	40.0	SimBa
tweet-sno-1308	QO	vclaim-sno-obama-refuse-white-house-blue	1	38.29787234042553	SimBa
tweet-sno-1308	QO	vclaim-sno-trump-bunker-putin-parody	1	35.55555555555556	SimBa
tweet-sno-1308	QO	vclaim-sno-feliz-navidad-white-house	1	34.146341463414636	SimBa
tweet-sno-1309	QO	vclaim-sno-pga-ban-trump-golf-course	1	25.53191489361702	SimBa
tweet-sno-1309	QO	vclaim-sno-cia-files-ufos	1	25.0	SimBa
tweet-sno-1309	QO	vclaim-sno-chinese-company-buy-ge	1	24.390243902439025	SimBa
tweet-sno-1309	QO	vclaim-sno-disney-pixar-boo	1	24.390243902439025	SimBa
tweet-sno-1309	QO	vclaim-sno-kaleb-shriners-hospitals-death	1	22.72727272727273	SimBa
tweet-sno-1310	QO	vclaim-sno-florida-air-force-robotic-dogs	1	30.769230769230774	SimBa
tweet-sno-1310	QO	vclaim-sno-ice-twitter-account-disappear	1	27.272727272727273	SimBa
tweet-sno-1310	QO	vclaim-sno-jill-biden-spanish-elected	1	26.666666666666668	SimBa
tweet-sno-1310	QO	vclaim-sno-ewan-mcgregor-brother-obi-two	1	26.666666666666668	SimBa
tweet-sno-1310	QO	vclaim-sno-fatima-hemminger-air-force	1	25.641025641025642	SimBa
tweet-sno-1311	QO	vclaim-sno-20000-dead-voters-in-pennsylvania	1	42.857142857142854	SimBa
tweet-sno-1311	QO	vclaim-sno-sag-letter-president-trump	1	32.72727272727273	SimBa
tweet-sno-1311	QO	vclaim-sno-trump-twitter-search-loser	1	32.0	SimBa
tweet-sno-1311	QO	vclaim-sno-huckabee-letter-biden-fraud	1	31.111111111111114	SimBa
tweet-sno-1311	QO	vclaim-sno-covid-certificate-vaccination-id	1	30.43478260869565	SimBa
tweet-sno-1312	QO	vclaim-sno-disney-pixar-boo	1	27.77777777777778	SimBa
tweet-sno-1312	QO	vclaim-sno-gummi-bears-car-wax	1	26.315789473684212	SimBa
tweet-sno-1312	QO	vclaim-sno-gina-haspel-found-dead	1	25.806451612903224	SimBa
tweet-sno-1312	QO	vclaim-sno-capitol-riot-podium	1	25.641025641025642	SimBa
tweet-sno-1312	QO	vclaim-sno-christmas-tree-owl	1	25.0	SimBa
tweet-sno-1313	QO	vclaim-sno-roger-stone-martial-law-trump	1	35.8974358974359	SimBa
tweet-sno-1313	QO	vclaim-sno-trump-sue-wisconsin	1	34.285714285714285	SimBa
tweet-sno-1313	QO	vclaim-sno-erie-pennsylvania-trump-ballots	1	34.146341463414636	SimBa
tweet-sno-1313	QO	vclaim-sno-floyd-county-georgia-votes	1	34.04255319148936	SimBa
tweet-sno-1313	QO	vclaim-sno-golfing-trump-election-results	1	33.33333333333333	SimBa
tweet-sno-1314	QO	vclaim-sno-dominion-servers-germany-seized	1	25.0	SimBa
tweet-sno-1314	QO	vclaim-sno-roger-stone-martial-law-trump	1	19.6078431372549	SimBa
tweet-sno-1314	QO	vclaim-sno-cdc-covid-19-data	1	19.354838709677416	SimBa
tweet-sno-1314	QO	vclaim-sno-could-trump-defy-popular-vote	1	17.543859649122805	SimBa
tweet-sno-1314	QO	vclaim-sno-trump-military-votes-florida	1	16.94915254237288	SimBa
tweet-sno-1315	QO	vclaim-sno-dominion-servers-germany-seized	1	33.333333333333336	SimBa
tweet-sno-1315	QO	vclaim-sno-cdc-covid-19-data	1	27.906976744186046	SimBa
tweet-sno-1315	QO	vclaim-sno-trump-tulsa-rally-crowd	1	26.666666666666668	SimBa
tweet-sno-1315	QO	vclaim-sno-trump-madame-tussauds-golf-election	1	25.806451612903224	SimBa
tweet-sno-1315	QO	vclaim-sno-disney-pixar-boo	1	25.806451612903224	SimBa
tweet-sno-1316	QO	vclaim-sno-cuomo-vaccine-bad-news-trump	1	33.9622641509434	SimBa
tweet-sno-1316	QO	vclaim-sno-best-bathroom-in-america	1	29.166666666666668	SimBa
tweet-sno-1316	QO	vclaim-sno-ayn-rand-quote	1	27.906976744186046	SimBa
tweet-sno-1316	QO	vclaim-sno-covid-vaccine-funded-by-trump	1	27.45098039215686	SimBa
tweet-sno-1316	QO	vclaim-sno-ps-and-qs	1	24.0	SimBa
tweet-sno-1317	QO	vclaim-sno-cornyn-votes-puerto-rico	1	66.66666666666667	SimBa
tweet-sno-1317	QO	vclaim-sno-floyd-county-georgia-votes	1	24.0	SimBa
tweet-sno-1317	QO	vclaim-sno-ice-twitter-account-disappear	1	22.22222222222222	SimBa
tweet-sno-1317	QO	vclaim-sno-fake-id-seized-chicago-fraud	1	21.818181818181817	SimBa
tweet-sno-1317	QO	vclaim-sno-adolf-hitler-election-namibia	1	21.62162162162162	SimBa
tweet-sno-1318	QO	vclaim-sno-floyd-county-georgia-votes	1	36.734693877551024	SimBa
tweet-sno-1318	QO	vclaim-sno-fairfax-gave-biden-extra-votes	1	27.272727272727273	SimBa
tweet-sno-1318	QO	vclaim-sno-pa-mailin-votes-ballots	1	25.641025641025642	SimBa
tweet-sno-1318	QO	vclaim-sno-broward-county-fraud-voters-votes	1	25.641025641025642	SimBa
tweet-sno-1318	QO	vclaim-sno-georgia-dekalb-reject-mail-ballots	1	25.0	SimBa
tweet-sno-1319	QO	vclaim-sno-floyd-county-georgia-votes	1	53.06122448979592	SimBa
tweet-sno-1319	QO	vclaim-sno-golfing-trump-election-results	1	39.02439024390244	SimBa
tweet-sno-1319	QO	vclaim-sno-trump-biden-assassination-shot	1	38.095238095238095	SimBa
tweet-sno-1319	QO	vclaim-sno-biden-trump-xenophobic	1	37.2093023255814	SimBa
tweet-sno-1319	QO	vclaim-sno-chris-christie-biden-stutter	1	36.36363636363637	SimBa
tweet-sno-1320	QO	vclaim-sno-biden-120million-deaths-covid19	1	30.43478260869565	SimBa
tweet-sno-1320	QO	vclaim-sno-maga-trump-million-march	1	30.0	SimBa
tweet-sno-1320	QO	vclaim-sno-clint-eastwood-bloomberg	1	27.027027027027025	SimBa
tweet-sno-1320	QO	vclaim-sno-biden-350-million-americans-vaccinated	1	26.666666666666668	SimBa
tweet-sno-1320	QO	vclaim-sno-ice-twitter-account-disappear	1	26.666666666666668	SimBa
tweet-sno-1321	QO	vclaim-sno-newsmax-biden-pence	1	39.285714285714285	SimBa
tweet-sno-1321	QO	vclaim-sno-trump-stimulus-package-election	1	36.0	SimBa
tweet-sno-1321	QO	vclaim-sno-president-pelosi-election-delayed	1	30.76923076923077	SimBa
tweet-sno-1321	QO	vclaim-sno-trump-president-drafted	1	30.18867924528302	SimBa
tweet-sno-1321	QO	vclaim-sno-tom-brady-election-white-house	1	30.0	SimBa
tweet-sno-1322	QO	vclaim-sno-newsmax-biden-pence	1	35.08771929824561	SimBa
tweet-sno-1322	QO	vclaim-sno-kamala-harris-protests	1	28.125	SimBa
tweet-sno-1322	QO	vclaim-sno-trump-stimulus-package-election	1	26.923076923076923	SimBa
tweet-sno-1322	QO	vclaim-sno-tom-brady-election-white-house	1	26.229508196721312	SimBa
tweet-sno-1322	QO	vclaim-sno-trump-twitter-search-loser	1	25.454545454545453	SimBa
tweet-sno-1323	QO	vclaim-sno-newsmax-biden-pence	1	53.06122448979592	SimBa
tweet-sno-1323	QO	vclaim-sno-trump-stimulus-package-election	1	40.0	SimBa
tweet-sno-1323	QO	vclaim-sno-trump-death-hoax	1	37.2093023255814	SimBa
tweet-sno-1323	QO	vclaim-sno-trump-bunker-putin-parody	1	36.36363636363637	SimBa
tweet-sno-1323	QO	vclaim-sno-president-donald-trump-tweet-mothers-day-fathers	1	35.55555555555556	SimBa
tweet-sno-1324	QO	vclaim-sno-bidens-win-lie-of-the-year	1	40.0	SimBa
tweet-sno-1324	QO	vclaim-sno-biden-ban-fracking	1	33.33333333333333	SimBa
tweet-sno-1324	QO	vclaim-sno-trump-biden-assassination-shot	1	33.33333333333333	SimBa
tweet-sno-1324	QO	vclaim-sno-fake-aoc-purge-tweet	1	33.33333333333333	SimBa
tweet-sno-1324	QO	vclaim-sno-white-house-oval-pawffice-texas	1	32.55813953488372	SimBa
tweet-sno-1325	QO	vclaim-sno-disney-pixar-boo	1	29.62962962962963	SimBa
tweet-sno-1325	QO	vclaim-sno-raising-canes-chicken-bankruptcy	1	28.57142857142857	SimBa
tweet-sno-1325	QO	vclaim-sno-ice-twitter-account-disappear	1	25.0	SimBa
tweet-sno-1325	QO	vclaim-sno-adolf-hitler-election-namibia	1	25.0	SimBa
tweet-sno-1325	QO	vclaim-sno-creepy-abandoned-train-tunnel	1	25.0	SimBa
tweet-sno-1326	QO	vclaim-sno-disney-pixar-boo	1	25.806451612903224	SimBa
tweet-sno-1326	QO	vclaim-sno-sargento-recall-fake-news	1	25.806451612903224	SimBa
tweet-sno-1326	QO	vclaim-sno-painkiller-combination	1	23.076923076923077	SimBa
tweet-sno-1326	QO	vclaim-sno-carmex-addiction	1	22.857142857142858	SimBa
tweet-sno-1326	QO	vclaim-sno-ice-twitter-account-disappear	1	22.22222222222222	SimBa
tweet-sno-1327	QO	vclaim-sno-arnold-schwarzenegger-dead	1	29.62962962962963	SimBa
tweet-sno-1327	QO	vclaim-sno-disney-pixar-boo	1	27.586206896551722	SimBa
tweet-sno-1327	QO	vclaim-sno-bedside-companion	1	24.0	SimBa
tweet-sno-1327	QO	vclaim-sno-ice-twitter-account-disappear	1	23.529411764705884	SimBa
tweet-sno-1327	QO	vclaim-sno-creepy-abandoned-train-tunnel	1	23.529411764705884	SimBa
tweet-sno-1328	QO	vclaim-sno-xbox-playstation-ps5-congrats	1	51.851851851851855	SimBa
tweet-sno-1328	QO	vclaim-sno-ice-twitter-account-disappear	1	33.33333333333333	SimBa
tweet-sno-1328	QO	vclaim-sno-disney-pixar-boo	1	31.25	SimBa
tweet-sno-1328	QO	vclaim-sno-blm-deputies-compton	1	29.78723404255319	SimBa
tweet-sno-1328	QO	vclaim-sno-72-hour-challenge	1	29.411764705882355	SimBa
tweet-sno-1329	QO	vclaim-sno-xbox-playstation-ps5-congrats	1	33.333333333333336	SimBa
tweet-sno-1329	QO	vclaim-sno-woman-births-octopus	1	24.0	SimBa
tweet-sno-1329	QO	vclaim-sno-canned-pumpkin-isnt-actually-pumpkin	1	24.0	SimBa
tweet-sno-1329	QO	vclaim-sno-schumer-erection-senate-floor	1	23.529411764705884	SimBa
tweet-sno-1329	QO	vclaim-sno-dog-gone-2	1	23.076923076923077	SimBa
tweet-sno-1330	QO	vclaim-sno-ice-twitter-account-disappear	1	42.42424242424242	SimBa
tweet-sno-1330	QO	vclaim-sno-xbox-playstation-ps5-congrats	1	28.571428571428573	SimBa
tweet-sno-1330	QO	vclaim-sno-disney-pixar-boo	1	25.806451612903224	SimBa
tweet-sno-1330	QO	vclaim-sno-ice-citizens-academy-civilians	1	25.0	SimBa
tweet-sno-1330	QO	vclaim-sno-trump-lose-followers-first-time	1	23.529411764705884	SimBa
tweet-sno-1331	QO	vclaim-sno-ice-twitter-account-disappear	1	68.75	SimBa
tweet-sno-1331	QO	vclaim-sno-ice-citizens-academy-civilians	1	46.15384615384616	SimBa
tweet-sno-1331	QO	vclaim-sno-ice-detain-michigan-doctor-40-years-u-s	1	37.83783783783784	SimBa
tweet-sno-1331	QO	vclaim-sno-new-york-ice-agent-suicide-note	1	34.285714285714285	SimBa
tweet-sno-1331	QO	vclaim-sno-trump-lose-followers-first-time	1	27.77777777777778	SimBa
tweet-sno-1332	QO	vclaim-sno-veterans-national-parks-lifetime	1	42.857142857142854	SimBa
tweet-sno-1332	QO	vclaim-sno-nascar-national-anthem	1	26.666666666666668	SimBa
tweet-sno-1332	QO	vclaim-sno-disney-pixar-boo	1	25.53191489361702	SimBa
tweet-sno-1332	QO	vclaim-sno-flag-nancy-pelosi	1	25.454545454545453	SimBa
tweet-sno-1332	QO	vclaim-sno-jessica-biel-military-veteran	1	25.0	SimBa
tweet-sno-1333	QO	vclaim-sno-covid-vaccine-funded-by-trump	1	44.44444444444444	SimBa
tweet-sno-1333	QO	vclaim-sno-cuomo-vaccine-bad-news-trump	1	31.372549019607842	SimBa
tweet-sno-1333	QO	vclaim-sno-disney-pixar-boo	1	29.268292682926827	SimBa
tweet-sno-1333	QO	vclaim-sno-ticketmaster-negative-covid-test	1	26.666666666666668	SimBa
tweet-sno-1333	QO	vclaim-sno-pence-escorted	1	26.666666666666668	SimBa
tweet-sno-1334	QO	vclaim-sno-covid-vaccine-funded-by-trump	1	48.0	SimBa
tweet-sno-1334	QO	vclaim-sno-cuomo-vaccine-bad-news-trump	1	23.728813559322035	SimBa
tweet-sno-1334	QO	vclaim-sno-betsy-ross-quaker-slavery-views	1	23.52941176470588	SimBa
tweet-sno-1334	QO	vclaim-sno-curb-your-enthusiasm-new-season	1	21.73913043478261	SimBa
tweet-sno-1334	QO	vclaim-sno-countries-covid-19-tests-2018	1	21.21212121212121	SimBa
tweet-sno-1335	QO	vclaim-sno-huckabee-letter-biden-fraud	1	40.0	SimBa
tweet-sno-1335	QO	vclaim-sno-biden-fail-condemn-antifa	1	40.0	SimBa
tweet-sno-1335	QO	vclaim-sno-biden-admit-voter-fraud	1	38.46153846153846	SimBa
tweet-sno-1335	QO	vclaim-sno-biden-promise-fewer-fires-floods	1	34.285714285714285	SimBa
tweet-sno-1335	QO	vclaim-sno-biden-antifa-courageous-americans	1	34.285714285714285	SimBa
tweet-sno-1336	QO	vclaim-sno-biden-major-dog-rescue-white-house	1	66.66666666666667	SimBa
tweet-sno-1336	QO	vclaim-sno-biden-dogs-kicked-out-white-house	1	42.30769230769231	SimBa
tweet-sno-1336	QO	vclaim-sno-biden-dog-major-indoguration	1	40.74074074074074	SimBa
tweet-sno-1336	QO	vclaim-sno-biden-team-statement-dog	1	38.46153846153846	SimBa
tweet-sno-1336	QO	vclaim-sno-jill-biden-spanish-elected	1	36.734693877551024	SimBa
tweet-sno-1337	QO	vclaim-sno-trump-tulsa-rally-covid19-test	1	35.483870967741936	SimBa
tweet-sno-1337	QO	vclaim-sno-twitter-cammo-trump-covid	1	32.72727272727273	SimBa
tweet-sno-1337	QO	vclaim-sno-cdc-covid-19-data	1	31.746031746031743	SimBa
tweet-sno-1337	QO	vclaim-sno-ice-cube-work-with-trump	1	30.18867924528302	SimBa
tweet-sno-1337	QO	vclaim-sno-america-rounding-the-turn-covid-19	1	30.18867924528302	SimBa
tweet-sno-1338	QO	vclaim-sno-bannon-fauci-wray-head-pikes	1	53.57142857142858	SimBa
tweet-sno-1338	QO	vclaim-sno-black-muslim-in-the-white-house	1	31.111111111111114	SimBa
tweet-sno-1338	QO	vclaim-sno-fbi-illegal-wiretap-trump-apology	1	29.78723404255319	SimBa
tweet-sno-1338	QO	vclaim-sno-trump-bunker-putin-parody	1	29.166666666666668	SimBa
tweet-sno-1338	QO	vclaim-sno-trump-condemn-white-supremacists	1	28.571428571428573	SimBa
tweet-sno-1339	QO	vclaim-sno-gray-wolves-endangered-trump	1	26.41509433962264	SimBa
tweet-sno-1339	QO	vclaim-sno-ice-twitter-account-disappear	1	21.42857142857143	SimBa
tweet-sno-1339	QO	vclaim-sno-twitter-cammo-trump-covid	1	21.42857142857143	SimBa
tweet-sno-1339	QO	vclaim-sno-trump-admin-seizing-ppe	1	21.052631578947366	SimBa
tweet-sno-1339	QO	vclaim-sno-portland-sheriff-endorse-trump	1	20.0	SimBa
tweet-sno-1340	QO	vclaim-sno-gta6-map-coordinates	1	33.33333333333333	SimBa
tweet-sno-1340	QO	vclaim-sno-pa-worker-filling-ballots	1	31.25	SimBa
tweet-sno-1340	QO	vclaim-sno-erie-pennsylvania-trump-ballots	1	30.769230769230774	SimBa
tweet-sno-1340	QO	vclaim-sno-georgia-dekalb-reject-mail-ballots	1	29.411764705882355	SimBa
tweet-sno-1340	QO	vclaim-sno-ballots-lancaster-pa	1	28.571428571428573	SimBa
tweet-sno-1341	QO	vclaim-sno-stop-the-count-chant	1	43.75	SimBa
tweet-sno-1341	QO	vclaim-sno-cbs-latinos-trump-biden	1	36.36363636363636	SimBa
tweet-sno-1341	QO	vclaim-sno-trump-lose-followers-first-time	1	34.285714285714285	SimBa
tweet-sno-1341	QO	vclaim-sno-trump-stimulus-package-election	1	34.285714285714285	SimBa
tweet-sno-1341	QO	vclaim-sno-trump-impeachment-dow-jones	1	33.33333333333333	SimBa
tweet-sno-1342	QO	vclaim-sno-trump-recount-battleground-states	1	85.71428571428572	SimBa
tweet-sno-1342	QO	vclaim-sno-trump-patent-maga-2012	1	38.70967741935483	SimBa
tweet-sno-1342	QO	vclaim-sno-sag-letter-president-trump	1	36.36363636363637	SimBa
tweet-sno-1342	QO	vclaim-sno-donald-j-trump-state-park	1	35.294117647058826	SimBa
tweet-sno-1342	QO	vclaim-sno-donald-trumps-mother-immigrant	1	35.294117647058826	SimBa
tweet-sno-1343	QO	vclaim-sno-sharpie-trump-ballots-arizona	1	28.571428571428573	SimBa
tweet-sno-1343	QO	vclaim-sno-trump-wins-pennsylvania	1	21.62162162162162	SimBa
tweet-sno-1343	QO	vclaim-sno-trump-madame-tussauds-golf-election	1	21.05263157894737	SimBa
tweet-sno-1343	QO	vclaim-sno-disney-pixar-boo	1	21.05263157894737	SimBa
tweet-sno-1343	QO	vclaim-sno-mail-in-ballots-ditch-wisconsin	1	20.512820512820515	SimBa
tweet-sno-1344	QO	vclaim-sno-sharpie-trump-ballots-arizona	1	51.42857142857143	SimBa
tweet-sno-1344	QO	vclaim-sno-mail-in-voting-ballots	1	25.0	SimBa
tweet-sno-1344	QO	vclaim-sno-trump-wins-pennsylvania	1	25.0	SimBa
tweet-sno-1344	QO	vclaim-sno-disney-pixar-boo	1	24.390243902439025	SimBa
tweet-sno-1344	QO	vclaim-sno-trump-madame-tussauds-golf-election	1	24.390243902439025	SimBa
tweet-sno-1345	QO	vclaim-sno-sharpie-trump-ballots-arizona	1	37.83783783783784	SimBa
tweet-sno-1345	QO	vclaim-sno-trump-tell-supporters-storm	1	36.36363636363637	SimBa
tweet-sno-1345	QO	vclaim-sno-jill-biden-spanish-elected	1	31.111111111111114	SimBa
tweet-sno-1345	QO	vclaim-sno-trump-biden-assassination-shot	1	30.769230769230774	SimBa
tweet-sno-1345	QO	vclaim-sno-huckabee-letter-biden-fraud	1	30.0	SimBa
tweet-sno-1346	QO	vclaim-sno-flesh-eating-bacteria-in-myrtle-beach	1	23.52941176470588	SimBa
tweet-sno-1346	QO	vclaim-sno-woman-births-octopus	1	22.22222222222222	SimBa
tweet-sno-1346	QO	vclaim-sno-disney-pixar-boo	1	20.833333333333336	SimBa
tweet-sno-1346	QO	vclaim-sno-rnc-video-biden-america	1	19.6078431372549	SimBa
tweet-sno-1346	QO	vclaim-sno-ice-twitter-account-disappear	1	18.867924528301888	SimBa
tweet-sno-1347	QO	vclaim-sno-woman-births-octopus	1	27.906976744186046	SimBa
tweet-sno-1347	QO	vclaim-sno-sucker-punch	1	24.390243902439025	SimBa
tweet-sno-1347	QO	vclaim-sno-curb-your-enthusiasm-new-season	1	22.72727272727273	SimBa
tweet-sno-1347	QO	vclaim-sno-disney-pixar-boo	1	21.27659574468085	SimBa
tweet-sno-1347	QO	vclaim-sno-florida-manatee-bicycle-tire	1	20.408163265306122	SimBa
tweet-sno-1348	QO	vclaim-sno-biden-black-athletes-green-mile	1	40.0	SimBa
tweet-sno-1348	QO	vclaim-sno-huckabee-letter-biden-fraud	1	29.166666666666668	SimBa
tweet-sno-1348	QO	vclaim-sno-horngus-of-a-dongfish	1	28.571428571428573	SimBa
tweet-sno-1348	QO	vclaim-sno-eric-clapton-quote-about-prince	1	26.923076923076923	SimBa
tweet-sno-1348	QO	vclaim-sno-tom-brady-election-white-house	1	26.666666666666668	SimBa
tweet-sno-1349	QO	vclaim-sno-ice-twitter-account-disappear	1	25.0	SimBa
tweet-sno-1349	QO	vclaim-sno-disney-pixar-boo	1	22.22222222222222	SimBa
tweet-sno-1349	QO	vclaim-sno-best-bathroom-in-america	1	19.51219512195122	SimBa
tweet-sno-1349	QO	vclaim-sno-immigrants-stimulus-checks	1	19.047619047619047	SimBa
tweet-sno-1349	QO	vclaim-sno-jill-biden-spanish-elected	1	19.047619047619047	SimBa
tweet-sno-1350	QO	vclaim-sno-ice-twitter-account-disappear	1	27.027027027027025	SimBa
tweet-sno-1350	QO	vclaim-sno-trump-tulsa-rally-crowd	1	25.0	SimBa
tweet-sno-1350	QO	vclaim-sno-covid-vaccine-funded-by-trump	1	25.0	SimBa
tweet-sno-1350	QO	vclaim-sno-trump-economy-pandemic	1	24.390243902439025	SimBa
tweet-sno-1350	QO	vclaim-sno-trump-say-redo-4-more-years	1	24.390243902439025	SimBa
tweet-sno-1351	QO	vclaim-sno-ice-twitter-account-disappear	1	25.641025641025642	SimBa
tweet-sno-1351	QO	vclaim-sno-trump-deport-aoc-omar	1	25.0	SimBa
tweet-sno-1351	QO	vclaim-sno-kamala-harris-protests	1	24.0	SimBa
tweet-sno-1351	QO	vclaim-sno-disney-pixar-boo	1	22.857142857142858	SimBa
tweet-sno-1351	QO	vclaim-sno-scream-session-rape	1	21.62162162162162	SimBa
tweet-sno-1352	QO	vclaim-sno-hunter-biden-flipped-fbi	1	30.76923076923077	SimBa
tweet-sno-1352	QO	vclaim-sno-bar-owner-biden-ad	1	29.508196721311478	SimBa
tweet-sno-1352	QO	vclaim-sno-joe-biden-minnesota-tampa	1	25.925925925925927	SimBa
tweet-sno-1352	QO	vclaim-sno-bidens-win-lie-of-the-year	1	25.925925925925927	SimBa
tweet-sno-1352	QO	vclaim-sno-elizabeth-warren-mollie-tibbetts	1	25.806451612903224	SimBa
tweet-sno-1353	QO	vclaim-sno-hunter-biden-flipped-fbi	1	41.1764705882353	SimBa
tweet-sno-1353	QO	vclaim-sno-biden-admit-voter-fraud	1	30.303030303030305	SimBa
tweet-sno-1353	QO	vclaim-sno-disney-pixar-boo	1	26.315789473684212	SimBa
tweet-sno-1353	QO	vclaim-sno-hunter-biden-dead-overdose-hoax	1	25.806451612903224	SimBa
tweet-sno-1353	QO	vclaim-sno-biden-kneel-national-anthem	1	24.390243902439025	SimBa
tweet-sno-1354	QO	vclaim-sno-hunter-biden-dead-overdose-hoax	1	42.10526315789474	SimBa
tweet-sno-1354	QO	vclaim-sno-biden-fail-condemn-antifa	1	38.095238095238095	SimBa
tweet-sno-1354	QO	vclaim-sno-biden-admit-voter-fraud	1	36.36363636363637	SimBa
tweet-sno-1354	QO	vclaim-sno-hunter-biden-flipped-fbi	1	32.0	SimBa
tweet-sno-1354	QO	vclaim-sno-disney-pixar-boo	1	29.62962962962963	SimBa
tweet-sno-1355	QO	vclaim-sno-disney-pixar-boo	1	27.586206896551722	SimBa
tweet-sno-1355	QO	vclaim-sno-trump-stimulus-package-election	1	25.0	SimBa
tweet-sno-1355	QO	vclaim-sno-biden-admit-voter-fraud	1	24.0	SimBa
tweet-sno-1355	QO	vclaim-sno-twitter-cammo-trump-covid	1	23.529411764705884	SimBa
tweet-sno-1355	QO	vclaim-sno-ice-twitter-account-disappear	1	23.529411764705884	SimBa
tweet-sno-1356	QO	vclaim-sno-biden-admit-voter-fraud	1	34.78260869565217	SimBa
tweet-sno-1356	QO	vclaim-sno-disney-pixar-boo	1	28.571428571428573	SimBa
tweet-sno-1356	QO	vclaim-sno-hunter-biden-dead-overdose-hoax	1	28.57142857142857	SimBa
tweet-sno-1356	QO	vclaim-sno-biden-fail-condemn-antifa	1	26.08695652173913	SimBa
tweet-sno-1356	QO	vclaim-sno-biden-kneel-national-anthem	1	25.806451612903224	SimBa
tweet-sno-1357	QO	vclaim-sno-biden-antifa-courageous-americans	1	29.09090909090909	SimBa
tweet-sno-1357	QO	vclaim-sno-trump-say-redo-4-more-years	1	27.11864406779661	SimBa
tweet-sno-1357	QO	vclaim-sno-cbs-latinos-trump-biden	1	26.923076923076923	SimBa
tweet-sno-1357	QO	vclaim-sno-fbi-trump-biden-bus	1	25.925925925925927	SimBa
tweet-sno-1357	QO	vclaim-sno-armed-trump-fans-biden-bus	1	25.454545454545453	SimBa
tweet-sno-1358	QO	vclaim-sno-fbi-trump-biden-bus	1	38.095238095238095	SimBa
tweet-sno-1358	QO	vclaim-sno-theofficialproudboys-redirect	1	27.906976744186046	SimBa
tweet-sno-1358	QO	vclaim-sno-trump-2020-flags-china	1	26.666666666666668	SimBa
tweet-sno-1358	QO	vclaim-sno-twitter-cammo-trump-covid	1	26.08695652173913	SimBa
tweet-sno-1358	QO	vclaim-sno-donald-trump-purge-slogan	1	25.53191489361702	SimBa
tweet-sno-1359	QO	vclaim-sno-fbi-trump-biden-bus	1	32.55813953488372	SimBa
tweet-sno-1359	QO	vclaim-sno-transgender-suicides-after-2016-election	1	28.57142857142857	SimBa
tweet-sno-1359	QO	vclaim-sno-armed-trump-fans-biden-bus	1	26.666666666666668	SimBa
tweet-sno-1359	QO	vclaim-sno-ice-twitter-account-disappear	1	26.08695652173913	SimBa
tweet-sno-1359	QO	vclaim-sno-twitter-cammo-trump-covid	1	26.08695652173913	SimBa
tweet-sno-1360	QO	vclaim-sno-fbi-trump-biden-bus	1	44.44444444444444	SimBa
tweet-sno-1360	QO	vclaim-sno-cbs-latinos-trump-biden	1	33.33333333333333	SimBa
tweet-sno-1360	QO	vclaim-sno-biden-admit-voter-fraud	1	32.25806451612903	SimBa
tweet-sno-1360	QO	vclaim-sno-twitter-cammo-trump-covid	1	30.0	SimBa
tweet-sno-1360	QO	vclaim-sno-trump-biden-assassination-shot	1	28.571428571428573	SimBa
tweet-sno-1361	QO	vclaim-sno-hitler-chemical-weapons-spicer-assad	1	33.333333333333336	SimBa
tweet-sno-1361	QO	vclaim-sno-disney-pixar-boo	1	28.571428571428573	SimBa
tweet-sno-1361	QO	vclaim-sno-sargento-recall-fake-news	1	28.571428571428573	SimBa
tweet-sno-1361	QO	vclaim-sno-huckabee-letter-biden-fraud	1	28.571428571428573	SimBa
tweet-sno-1361	QO	vclaim-sno-hollywood-sign-hollyboob	1	27.77777777777778	SimBa
tweet-sno-1362	QO	vclaim-sno-sean-connery-trump-golf-course	1	22.857142857142858	SimBa
tweet-sno-1362	QO	vclaim-sno-sag-letter-president-trump	1	22.22222222222222	SimBa
tweet-sno-1362	QO	vclaim-sno-back-to-the-future-predictions	1	20.0	SimBa
tweet-sno-1362	QO	vclaim-sno-trump-lose-followers-first-time	1	18.91891891891892	SimBa
tweet-sno-1362	QO	vclaim-sno-trump-michigan-man-year-award	1	18.91891891891892	SimBa
tweet-sno-1363	QO	vclaim-sno-disney-pixar-boo	1	26.666666666666668	SimBa
tweet-sno-1363	QO	vclaim-sno-ny-lawmaker-anti-harassment	1	25.0	SimBa
tweet-sno-1363	QO	vclaim-sno-21-dead-in-ontario	1	23.076923076923077	SimBa
tweet-sno-1363	QO	vclaim-sno-biden-admit-voter-fraud	1	23.076923076923077	SimBa
tweet-sno-1363	QO	vclaim-sno-ice-twitter-account-disappear	1	22.857142857142858	SimBa
tweet-sno-1364	QO	vclaim-sno-disney-pixar-boo	1	26.666666666666668	SimBa
tweet-sno-1364	QO	vclaim-sno-diet-riot	1	25.0	SimBa
tweet-sno-1364	QO	vclaim-sno-biden-kneel-national-anthem	1	24.242424242424242	SimBa
tweet-sno-1364	QO	vclaim-sno-biden-admit-voter-fraud	1	23.076923076923077	SimBa
tweet-sno-1364	QO	vclaim-sno-ice-twitter-account-disappear	1	22.857142857142858	SimBa
tweet-sno-1365	QO	vclaim-sno-ice-twitter-account-disappear	1	27.027027027027025	SimBa
tweet-sno-1365	QO	vclaim-sno-disney-pixar-boo	1	24.242424242424242	SimBa
tweet-sno-1365	QO	vclaim-sno-biden-executive-order-dictator	1	21.05263157894737	SimBa
tweet-sno-1365	QO	vclaim-sno-twitter-cammo-trump-covid	1	21.05263157894737	SimBa
tweet-sno-1365	QO	vclaim-sno-biden-admit-voter-fraud	1	20.689655172413794	SimBa
tweet-sno-1366	QO	vclaim-sno-taco-bell-mexican-pizza	1	38.46153846153846	SimBa
tweet-sno-1366	QO	vclaim-sno-taco-bell-closing-2020	1	30.0	SimBa
tweet-sno-1366	QO	vclaim-sno-disney-pixar-boo	1	28.571428571428573	SimBa
tweet-sno-1366	QO	vclaim-sno-is-taco-bell-financial-backer-moore	1	28.571428571428573	SimBa
tweet-sno-1366	QO	vclaim-sno-aba-letter-covid19-masks	1	25.53191489361702	SimBa
tweet-sno-1367	QO	vclaim-sno-disney-pixar-boo	1	25.0	SimBa
tweet-sno-1367	QO	vclaim-sno-house-25-million-raise-covid	1	21.62162162162162	SimBa
tweet-sno-1367	QO	vclaim-sno-twitter-cammo-trump-covid	1	21.62162162162162	SimBa
tweet-sno-1367	QO	vclaim-sno-ice-twitter-account-disappear	1	21.62162162162162	SimBa
tweet-sno-1367	QO	vclaim-sno-biden-admit-voter-fraud	1	21.42857142857143	SimBa
tweet-sno-1368	QO	vclaim-sno-cheesecake-factory-closing-rumor	1	29.62962962962963	SimBa
tweet-sno-1368	QO	vclaim-sno-disney-pixar-boo	1	28.571428571428573	SimBa
tweet-sno-1368	QO	vclaim-sno-subway-pizza-hut-closing	1	27.586206896551722	SimBa
tweet-sno-1368	QO	vclaim-sno-iowa-caucus-coin-toss	1	26.315789473684212	SimBa
tweet-sno-1368	QO	vclaim-sno-biden-admit-voter-fraud	1	25.806451612903224	SimBa
tweet-sno-1369	QO	vclaim-sno-ice-twitter-account-disappear	1	31.578947368421055	SimBa
tweet-sno-1369	QO	vclaim-sno-cheesecake-factory-closing-rumor	1	30.76923076923077	SimBa
tweet-sno-1369	QO	vclaim-sno-disney-pixar-boo	1	29.411764705882355	SimBa
tweet-sno-1369	QO	vclaim-sno-biden-admit-voter-fraud	1	26.666666666666668	SimBa
tweet-sno-1369	QO	vclaim-sno-biden-executive-order-dictator	1	25.641025641025642	SimBa
tweet-sno-1370	QO	vclaim-sno-biden-executive-order-dictator	1	31.111111111111114	SimBa
tweet-sno-1370	QO	vclaim-sno-ps-and-qs	1	30.43478260869565	SimBa
tweet-sno-1370	QO	vclaim-sno-footie-loose	1	29.268292682926827	SimBa
tweet-sno-1370	QO	vclaim-sno-ben-stein	1	28.57142857142857	SimBa
tweet-sno-1370	QO	vclaim-sno-ice-citizens-academy-civilians	1	28.0	SimBa
tweet-sno-1371	QO	vclaim-sno-cheesecake-factory-closing-rumor	1	58.82352941176471	SimBa
tweet-sno-1371	QO	vclaim-sno-disney-pixar-boo	1	38.46153846153846	SimBa
tweet-sno-1371	QO	vclaim-sno-biden-admit-voter-fraud	1	36.36363636363637	SimBa
tweet-sno-1371	QO	vclaim-sno-himalayas-visible-india-30-years	1	33.333333333333336	SimBa
tweet-sno-1371	QO	vclaim-sno-canned-pumpkin-isnt-actually-pumpkin	1	33.333333333333336	SimBa
tweet-sno-1372	QO	vclaim-sno-cheesecake-factory-closing-rumor	1	50.0	SimBa
tweet-sno-1372	QO	vclaim-sno-disney-pixar-boo	1	34.48275862068965	SimBa
tweet-sno-1372	QO	vclaim-sno-biden-admit-voter-fraud	1	32.0	SimBa
tweet-sno-1372	QO	vclaim-sno-canned-pumpkin-isnt-actually-pumpkin	1	29.62962962962963	SimBa
tweet-sno-1372	QO	vclaim-sno-woman-births-octopus	1	29.62962962962963	SimBa
tweet-sno-1373	QO	vclaim-sno-ice-twitter-account-disappear	1	32.25806451612903	SimBa
tweet-sno-1373	QO	vclaim-sno-cheesecake-factory-closing-rumor	1	31.578947368421055	SimBa
tweet-sno-1373	QO	vclaim-sno-disney-pixar-boo	1	29.62962962962963	SimBa
tweet-sno-1373	QO	vclaim-sno-biden-admit-voter-fraud	1	26.08695652173913	SimBa
tweet-sno-1373	QO	vclaim-sno-twitter-cammo-trump-covid	1	25.0	SimBa
tweet-sno-1374	QO	vclaim-sno-cheesecake-factory-closing-rumor	1	57.14285714285714	SimBa
tweet-sno-1374	QO	vclaim-sno-disney-pixar-boo	1	32.25806451612903	SimBa
tweet-sno-1374	QO	vclaim-sno-biden-admit-voter-fraud	1	29.62962962962963	SimBa
tweet-sno-1374	QO	vclaim-sno-ice-twitter-account-disappear	1	27.77777777777778	SimBa
tweet-sno-1374	QO	vclaim-sno-twitter-cammo-trump-covid	1	27.77777777777778	SimBa
tweet-sno-1375	QO	vclaim-sno-cheesecake-factory-closing-rumor	1	44.44444444444444	SimBa
tweet-sno-1375	QO	vclaim-sno-disney-pixar-boo	1	29.62962962962963	SimBa
tweet-sno-1375	QO	vclaim-sno-biden-admit-voter-fraud	1	26.08695652173913	SimBa
tweet-sno-1375	QO	vclaim-sno-twitter-cammo-trump-covid	1	25.0	SimBa
tweet-sno-1375	QO	vclaim-sno-ice-twitter-account-disappear	1	25.0	SimBa
tweet-sno-1376	QO	vclaim-sno-barrett-nword-opinion	1	34.78260869565217	SimBa
tweet-sno-1376	QO	vclaim-sno-the-privilege-of-ladies	1	33.333333333333336	SimBa
tweet-sno-1376	QO	vclaim-sno-jane-fonda-covid-gods-gift	1	31.81818181818182	SimBa
tweet-sno-1376	QO	vclaim-sno-words-of-wisdom	1	29.78723404255319	SimBa
tweet-sno-1376	QO	vclaim-sno-1950s-magazine-ad-colt-cobra	1	29.78723404255319	SimBa
tweet-sno-1377	QO	vclaim-sno-aoc-gop-sad-stupid-vanity-fair	1	29.09090909090909	SimBa
tweet-sno-1377	QO	vclaim-sno-carmex-addiction	1	27.45098039215686	SimBa
tweet-sno-1377	QO	vclaim-sno-best-bathroom-in-america	1	26.923076923076923	SimBa
tweet-sno-1377	QO	vclaim-sno-biden-executive-order-dictator	1	26.923076923076923	SimBa
tweet-sno-1377	QO	vclaim-sno-ps-and-qs	1	26.41509433962264	SimBa
tweet-sno-1378	QO	vclaim-sno-trump-biden-assassination-shot	1	46.15384615384615	SimBa
tweet-sno-1378	QO	vclaim-sno-twitter-cammo-trump-covid	1	37.5	SimBa
tweet-sno-1378	QO	vclaim-sno-trump-death-hoax	1	35.714285714285715	SimBa
tweet-sno-1378	QO	vclaim-sno-disney-pixar-boo	1	35.714285714285715	SimBa
tweet-sno-1378	QO	vclaim-sno-trump-sign-hollywood-los-angeles	1	34.48275862068965	SimBa
tweet-sno-1379	QO	vclaim-sno-biden-admit-voter-fraud	1	45.16129032258064	SimBa
tweet-sno-1379	QO	vclaim-sno-biden-executive-order-dictator	1	34.146341463414636	SimBa
tweet-sno-1379	QO	vclaim-sno-huckabee-letter-biden-fraud	1	32.432432432432435	SimBa
tweet-sno-1379	QO	vclaim-sno-joe-biden-ask-reporter-junkie	1	30.769230769230774	SimBa
tweet-sno-1379	QO	vclaim-sno-biden-black-man-invented-lightbulb	1	29.268292682926827	SimBa
tweet-sno-1380	QO	vclaim-sno-biden-harris-crowd-face-mask	1	27.11864406779661	SimBa
tweet-sno-1380	QO	vclaim-sno-president-trump-booed-world-series	1	25.53191489361702	SimBa
tweet-sno-1380	QO	vclaim-sno-trump-deport-aoc-omar	1	25.0	SimBa
tweet-sno-1380	QO	vclaim-sno-trump-admin-seizing-ppe	1	25.0	SimBa
tweet-sno-1380	QO	vclaim-sno-bringing-a-gun-to-a-knife-fight	1	24.48979591836735	SimBa
tweet-sno-1381	QO	vclaim-sno-merriam-webster-barrett-sexual	1	27.272727272727273	SimBa
tweet-sno-1381	QO	vclaim-sno-emordnilap-palindrome	1	25.53191489361702	SimBa
tweet-sno-1381	QO	vclaim-sno-biden-executive-order-dictator	1	25.0	SimBa
tweet-sno-1381	QO	vclaim-sno-irregardless-merriam-webster	1	25.0	SimBa
tweet-sno-1381	QO	vclaim-sno-ps-and-qs	1	24.561403508771928	SimBa
tweet-sno-1382	QO	vclaim-sno-27-republicans-endorse-biden	1	32.0	SimBa
tweet-sno-1382	QO	vclaim-sno-fake-aoc-purge-tweet	1	28.0	SimBa
tweet-sno-1382	QO	vclaim-sno-biden-indian-americans	1	26.41509433962264	SimBa
tweet-sno-1382	QO	vclaim-sno-biden-antifa-courageous-americans	1	25.0	SimBa
tweet-sno-1382	QO	vclaim-sno-biden-350-million-americans-vaccinated	1	25.0	SimBa
tweet-sno-1383	QO	vclaim-sno-mitch-mcconnells-hands	1	25.0	SimBa
tweet-sno-1383	QO	vclaim-sno-disney-pixar-boo	1	24.242424242424242	SimBa
tweet-sno-1383	QO	vclaim-sno-mcconnell-democrats-no-victories	1	23.80952380952381	SimBa
tweet-sno-1383	QO	vclaim-sno-jane-fonda-covid-gods-gift	1	22.857142857142858	SimBa
tweet-sno-1383	QO	vclaim-sno-gummi-bears-car-wax	1	22.857142857142858	SimBa
tweet-sno-1384	QO	vclaim-sno-nurse-gop-convention-shooting	1	38.888888888888886	SimBa
tweet-sno-1384	QO	vclaim-sno-disney-pixar-boo	1	28.571428571428573	SimBa
tweet-sno-1384	QO	vclaim-sno-sargento-recall-fake-news	1	28.571428571428573	SimBa
tweet-sno-1384	QO	vclaim-sno-gwyneth-paltrow-goop-covid-advice	1	27.77777777777778	SimBa
tweet-sno-1384	QO	vclaim-sno-cnn-justine-damond	1	26.315789473684212	SimBa
tweet-sno-1385	QO	vclaim-sno-jane-fonda-covid-gods-gift	1	86.66666666666667	SimBa
tweet-sno-1385	QO	vclaim-sno-bar-owner-biden-ad	1	45.0	SimBa
tweet-sno-1385	QO	vclaim-sno-biden-kneel-national-anthem	1	44.44444444444444	SimBa
tweet-sno-1385	QO	vclaim-sno-hunter-biden-flipped-fbi	1	43.75	SimBa
tweet-sno-1385	QO	vclaim-sno-bidens-win-lie-of-the-year	1	42.42424242424242	SimBa
tweet-sno-1386	QO	vclaim-sno-biden-ban-fracking	1	50.0	SimBa
tweet-sno-1386	QO	vclaim-sno-trump-biden-assassination-shot	1	50.0	SimBa
tweet-sno-1386	QO	vclaim-sno-biden-admit-voter-fraud	1	48.0	SimBa
tweet-sno-1386	QO	vclaim-sno-trump-executive-order-biden	1	43.75	SimBa
tweet-sno-1386	QO	vclaim-sno-golfing-trump-election-results	1	42.85714285714286	SimBa
tweet-sno-1387	QO	vclaim-sno-trump-sign-hollywood-los-angeles	1	32.6530612244898	SimBa
tweet-sno-1387	QO	vclaim-sno-blm-deputies-compton	1	28.125	SimBa
tweet-sno-1387	QO	vclaim-sno-jfk-plot-in-this-country-to-enslave	1	28.07017543859649	SimBa
tweet-sno-1387	QO	vclaim-sno-tiktok-oh-no-song	1	28.0	SimBa
tweet-sno-1387	QO	vclaim-sno-covid-nyc-tokyo	1	27.586206896551722	SimBa
tweet-sno-1388	QO	vclaim-sno-karen-pence-mask-debate	1	42.85714285714286	SimBa
tweet-sno-1388	QO	vclaim-sno-donald-trump-purge-slogan	1	40.0	SimBa
tweet-sno-1388	QO	vclaim-sno-tiktok-oh-no-song	1	38.70967741935483	SimBa
tweet-sno-1388	QO	vclaim-sno-horngus-of-a-dongfish	1	38.70967741935483	SimBa
tweet-sno-1388	QO	vclaim-sno-trump-sign-hollywood-los-angeles	1	38.70967741935483	SimBa
tweet-sno-1389	QO	vclaim-sno-trump-sign-hollywood-los-angeles	1	45.714285714285715	SimBa
tweet-sno-1389	QO	vclaim-sno-trump-flag-american-flag-capitol	1	29.411764705882355	SimBa
tweet-sno-1389	QO	vclaim-sno-twitter-cammo-trump-covid	1	29.268292682926827	SimBa
tweet-sno-1389	QO	vclaim-sno-ice-twitter-account-disappear	1	29.268292682926827	SimBa
tweet-sno-1389	QO	vclaim-sno-disney-pixar-boo	1	27.027027027027025	SimBa
tweet-sno-1390	QO	vclaim-sno-kamala-harris-protests	1	55.55555555555556	SimBa
tweet-sno-1390	QO	vclaim-sno-trump-stimulus-package-election	1	34.04255319148936	SimBa
tweet-sno-1390	QO	vclaim-sno-ayn-rand-quote	1	31.81818181818182	SimBa
tweet-sno-1390	QO	vclaim-sno-bootleg-pull	1	30.76923076923077	SimBa
tweet-sno-1390	QO	vclaim-sno-rush-limbaugh-covid-common-cold	1	29.166666666666668	SimBa
tweet-sno-1391	QO	vclaim-sno-biden-trump-dregs-society	1	66.66666666666667	SimBa
tweet-sno-1391	QO	vclaim-sno-biden-antifa-courageous-americans	1	46.15384615384616	SimBa
tweet-sno-1391	QO	vclaim-sno-biden-trump-xenophobic	1	45.714285714285715	SimBa
tweet-sno-1391	QO	vclaim-sno-cbs-latinos-trump-biden	1	44.44444444444444	SimBa
tweet-sno-1391	QO	vclaim-sno-biden-stepped-up-capital-gains	1	43.24324324324324	SimBa
tweet-sno-1392	QO	vclaim-sno-biden-pandemic-black-women-grocery	1	31.578947368421055	SimBa
tweet-sno-1392	QO	vclaim-sno-biden-admit-voter-fraud	1	27.586206896551722	SimBa
tweet-sno-1392	QO	vclaim-sno-cannabis-poisoning-death	1	26.666666666666668	SimBa
tweet-sno-1392	QO	vclaim-sno-ice-twitter-account-disappear	1	26.315789473684212	SimBa
tweet-sno-1392	QO	vclaim-sno-biden-executive-order-dictator	1	26.315789473684212	SimBa
tweet-sno-1393	QO	vclaim-sno-clinton-mccabe-donation	1	47.61904761904762	SimBa
tweet-sno-1393	QO	vclaim-sno-fbi-illegal-wiretap-trump-apology	1	27.906976744186046	SimBa
tweet-sno-1393	QO	vclaim-sno-trump-clinton-satisfy	1	27.272727272727273	SimBa
tweet-sno-1393	QO	vclaim-sno-hillary-clinton-noose	1	27.272727272727273	SimBa
tweet-sno-1393	QO	vclaim-sno-kkk-endorses-hillary-clinton	1	27.272727272727273	SimBa
tweet-sno-1394	QO	vclaim-sno-twitter-cammo-trump-covid	1	25.53191489361702	SimBa
tweet-sno-1394	QO	vclaim-sno-drug-law-lobbying-by-corrections-corporation-of-america	1	23.52941176470588	SimBa
tweet-sno-1394	QO	vclaim-sno-disney-pixar-boo	1	23.255813953488374	SimBa
tweet-sno-1394	QO	vclaim-sno-fema-harvey-vaccines	1	22.72727272727273	SimBa
tweet-sno-1394	QO	vclaim-sno-tiktok-oh-no-song	1	22.72727272727273	SimBa
tweet-sno-1395	QO	vclaim-sno-gay-men-proud-boys-hashtag	1	30.76923076923077	SimBa
tweet-sno-1395	QO	vclaim-sno-ice-twitter-account-disappear	1	24.137931034482758	SimBa
tweet-sno-1395	QO	vclaim-sno-can-you-vote-online-with-a-hashtag	1	24.0	SimBa
tweet-sno-1395	QO	vclaim-sno-lynched-oklahoma-media	1	22.950819672131146	SimBa
tweet-sno-1395	QO	vclaim-sno-blm-gasoline-fire	1	21.052631578947366	SimBa
tweet-sno-1396	QO	vclaim-sno-twitter-cammo-trump-covid	1	27.906976744186046	SimBa
tweet-sno-1396	QO	vclaim-sno-trump-protesters-cans-of-soup	1	27.272727272727273	SimBa
tweet-sno-1396	QO	vclaim-sno-bringing-a-gun-to-a-knife-fight	1	27.027027027027025	SimBa
tweet-sno-1396	QO	vclaim-sno-trump-michelle-obama-11-billion	1	26.315789473684212	SimBa
tweet-sno-1396	QO	vclaim-sno-disney-pixar-boo	1	25.641025641025642	SimBa
tweet-sno-1397	QO	vclaim-sno-biden-executive-order-dictator	1	37.83783783783784	SimBa
tweet-sno-1397	QO	vclaim-sno-ps-and-qs	1	36.8421052631579	SimBa
tweet-sno-1397	QO	vclaim-sno-footie-loose	1	36.36363636363636	SimBa
tweet-sno-1397	QO	vclaim-sno-strung-beads	1	34.285714285714285	SimBa
tweet-sno-1397	QO	vclaim-sno-ice-citizens-academy-civilians	1	33.333333333333336	SimBa
tweet-sno-1398	QO	vclaim-sno-amy-coney-barrett-rhodes-scholar	1	48.0	SimBa
tweet-sno-1398	QO	vclaim-sno-barrett-nword-opinion	1	31.578947368421055	SimBa
tweet-sno-1398	QO	vclaim-sno-trump-healthcare-lesley-stahl	1	31.111111111111114	SimBa
tweet-sno-1398	QO	vclaim-sno-disney-pixar-boo	1	29.411764705882355	SimBa
tweet-sno-1398	QO	vclaim-sno-amy-coney-barrett	1	28.57142857142857	SimBa
tweet-sno-1399	QO	vclaim-sno-biden-fail-condemn-antifa	1	34.48275862068965	SimBa
tweet-sno-1399	QO	vclaim-sno-biden-antifa-courageous-americans	1	30.769230769230774	SimBa
tweet-sno-1399	QO	vclaim-sno-kohls-blm-black-lives-matter	1	28.571428571428573	SimBa
tweet-sno-1399	QO	vclaim-sno-disney-pixar-boo	1	28.571428571428573	SimBa
tweet-sno-1399	QO	vclaim-sno-biden-meeting-no-masks	1	27.77777777777778	SimBa
tweet-sno-1400	QO	vclaim-sno-trump-condemn-white-supremacists	1	26.08695652173913	SimBa
tweet-sno-1400	QO	vclaim-sno-disney-pixar-boo	1	22.22222222222222	SimBa
tweet-sno-1400	QO	vclaim-sno-ice-citizens-academy-civilians	1	22.22222222222222	SimBa
tweet-sno-1400	QO	vclaim-sno-kratom-banned-by-the-dea	1	22.22222222222222	SimBa
tweet-sno-1400	QO	vclaim-sno-mail-in-ballots-ditch-wisconsin	1	21.73913043478261	SimBa
tweet-sno-1401	QO	vclaim-sno-trump-back-to-africa	1	32.0	SimBa
tweet-sno-1401	QO	vclaim-sno-bloomberg-buy-trump-debt	1	28.0	SimBa
tweet-sno-1401	QO	vclaim-sno-trump-biden-assassination-shot	1	26.923076923076923	SimBa
tweet-sno-1401	QO	vclaim-sno-twitter-disable-engagement-trump	1	25.454545454545453	SimBa
tweet-sno-1401	QO	vclaim-sno-trump-executive-order-biden	1	25.0	SimBa
