tweet-sno-1200	QO	vclaim-sno-lady-gaga-oreo	1	22.56950799005501	SimBa
tweet-sno-1200	QO	vclaim-sno-red-velvet-oreos	1	21.037582605445312	SimBa
tweet-sno-1200	QO	vclaim-sno-amazon-holiday-shopping	1	19.503917282322327	SimBa
tweet-sno-1200	QO	vclaim-sno-xbox-playstation-ps5-congrats	1	18.55588321281936	SimBa
tweet-sno-1200	QO	vclaim-sno-black-raspberry-chocolate-chip-oreos	1	17.859113202385462	SimBa
tweet-sno-1201	QO	vclaim-sno-biden-executive-order-dictator	1	47.85703256428711	SimBa
tweet-sno-1201	QO	vclaim-sno-biden-signing-blank-papers	1	34.298355625681026	SimBa
tweet-sno-1201	QO	vclaim-sno-biden-violate-mask-mandate	1	34.15081199113279	SimBa
tweet-sno-1201	QO	vclaim-sno-mitch-mcconnell-one-of-my-proudest-moments	1	33.505370278168236	SimBa
tweet-sno-1201	QO	vclaim-sno-trump-executive-order-biden	1	32.6902345048541	SimBa
tweet-sno-1202	QO	vclaim-sno-biden-executive-order-dictator	1	49.40991534680842	SimBa
tweet-sno-1202	QO	vclaim-sno-obama-do-something-about-president	1	30.06372911957296	SimBa
tweet-sno-1202	QO	vclaim-sno-jimmy-carter-functioning-democracy	1	29.1036856711775	SimBa
tweet-sno-1202	QO	vclaim-sno-bloc-the-vote	1	28.583201896824605	SimBa
tweet-sno-1202	QO	vclaim-sno-biden-second-amendment-phony	1	28.373648426438887	SimBa
tweet-sno-1203	QO	vclaim-sno-farmers-protest-india-flag	1	31.284848079724892	SimBa
tweet-sno-1203	QO	vclaim-sno-capture-the-flag	1	29.9763797993078	SimBa
tweet-sno-1203	QO	vclaim-sno-swastika-flag-trump-pence-michigan	1	27.89329544376314	SimBa
tweet-sno-1203	QO	vclaim-sno-welcome-to-calexico	1	27.18374597259988	SimBa
tweet-sno-1203	QO	vclaim-sno-trump-flag-american-flag-capitol	1	26.85862894412784	SimBa
tweet-sno-1204	QO	vclaim-sno-biden-bans-china-virus	1	54.182016699002034	SimBa
tweet-sno-1204	QO	vclaim-sno-biden-abortion-exec-order	1	37.021514577260945	SimBa
tweet-sno-1204	QO	vclaim-sno-president-obama-assault-weapon-ban	1	36.54962977294164	SimBa
tweet-sno-1204	QO	vclaim-sno-trump-ban-travel-china-pandemic	1	36.37736073761113	SimBa
tweet-sno-1204	QO	vclaim-sno-biden-violate-mask-mandate	1	36.256954308186714	SimBa
tweet-sno-1205	QO	vclaim-sno-trump-office-former-president	1	50.171872864945996	SimBa
tweet-sno-1205	QO	vclaim-sno-trump-diet-coke-button-oval	1	35.75477135973685	SimBa
tweet-sno-1205	QO	vclaim-sno-oval-office-fumigated-after-trump	1	34.47422098789358	SimBa
tweet-sno-1205	QO	vclaim-sno-secret-service-adds-emotional-protection-division	1	33.95242337987126	SimBa
tweet-sno-1205	QO	vclaim-sno-obama-trump-transition-letter	1	33.55187548513162	SimBa
tweet-sno-1206	QO	vclaim-sno-trump-office-former-president	1	52.80268978211649	SimBa
tweet-sno-1206	QO	vclaim-sno-donald-trump-remain-apprentice-inauguration	1	38.49976814303397	SimBa
tweet-sno-1206	QO	vclaim-sno-trump-leave-office	1	35.49395264807405	SimBa
tweet-sno-1206	QO	vclaim-sno-obama-trump-transition-letter	1	34.924446024236154	SimBa
tweet-sno-1206	QO	vclaim-sno-trump-faith-based-initiative	1	34.90553915015189	SimBa
tweet-sno-1207	QO	vclaim-sno-cocaine-smuggled-in-bananas	1	34.42757879669099	SimBa
tweet-sno-1207	QO	vclaim-sno-mule-dear	1	27.062394651958176	SimBa
tweet-sno-1207	QO	vclaim-sno-meth-ebola-contamination	1	26.099982802582986	SimBa
tweet-sno-1207	QO	vclaim-sno-mexico-seizes-us-cocaine	1	25.89731254189947	SimBa
tweet-sno-1207	QO	vclaim-sno-cocaine-on-money	1	24.61111921580728	SimBa
tweet-sno-1208	QO	vclaim-sno-national-guard-parking-garage	1	33.482951991700226	SimBa
tweet-sno-1208	QO	vclaim-sno-barack-obama-in-afghanistan	1	27.173629258850998	SimBa
tweet-sno-1208	QO	vclaim-sno-cue-balls	1	26.89465981530466	SimBa
tweet-sno-1208	QO	vclaim-sno-marines-corps-rebuke-pelosi	1	26.621904346956097	SimBa
tweet-sno-1208	QO	vclaim-sno-biden-troops-stupid-bastards	1	26.32369028648992	SimBa
tweet-sno-1209	QO	vclaim-sno-sleepy-eyes-anti-semitic-slur	1	36.49701941299641	SimBa
tweet-sno-1209	QO	vclaim-sno-schumer-tweet-china-travel	1	35.369910206499696	SimBa
tweet-sno-1209	QO	vclaim-sno-trump-letter-schumer	1	34.38756811736812	SimBa
tweet-sno-1209	QO	vclaim-sno-schumer-erection-senate-floor	1	33.58736621607709	SimBa
tweet-sno-1209	QO	vclaim-sno-california-burn-democrats	1	32.97884043423625	SimBa
tweet-sno-1210	QO	vclaim-sno-schumer-erection-senate-floor	1	36.89811449832227	SimBa
tweet-sno-1210	QO	vclaim-sno-chuck-schumer-kissing-a-girl	1	27.579054961174577	SimBa
tweet-sno-1210	QO	vclaim-sno-mcconnell-trump-attack-capitol	1	27.56444450460294	SimBa
tweet-sno-1210	QO	vclaim-sno-did-john-mccain-accidentally-vote-no-on-aca-repeal	1	26.702659818219875	SimBa
tweet-sno-1210	QO	vclaim-sno-chuck-schumer-resigns-disgrace	1	26.271595892995922	SimBa
tweet-sno-1211	QO	vclaim-sno-schumer-erection-senate-floor	1	41.588558257641346	SimBa
tweet-sno-1211	QO	vclaim-sno-mcconnell-trump-attack-capitol	1	38.11328873714391	SimBa
tweet-sno-1211	QO	vclaim-sno-trump-letter-schumer	1	32.66434005573425	SimBa
tweet-sno-1211	QO	vclaim-sno-republican-senators-up-shits-creek	1	30.72001747232975	SimBa
tweet-sno-1211	QO	vclaim-sno-rick-wiles-trump-impeachment	1	30.618335361194973	SimBa
tweet-sno-1212	QO	vclaim-sno-schumer-erection-senate-floor	1	33.45870814575522	SimBa
tweet-sno-1212	QO	vclaim-sno-bernie-sanders-trump-shirts	1	28.78558095295616	SimBa
tweet-sno-1212	QO	vclaim-sno-schumer-daughter-cheerleader	1	27.704520097939763	SimBa
tweet-sno-1212	QO	vclaim-sno-chuck-schumer-heidi-fleiss	1	27.14443154825536	SimBa
tweet-sno-1212	QO	vclaim-sno-schumer-tweet-china-travel	1	27.067231335908577	SimBa
tweet-sno-1213	QO	vclaim-sno-schumer-erection-senate-floor	1	33.339623070170155	SimBa
tweet-sno-1213	QO	vclaim-sno-obama-white-house-statue	1	26.30177050298904	SimBa
tweet-sno-1213	QO	vclaim-sno-does-schumer-have-concealed-permit	1	25.960691824568414	SimBa
tweet-sno-1213	QO	vclaim-sno-schumer-500k-donation	1	23.842353043912105	SimBa
tweet-sno-1213	QO	vclaim-sno-mencken-white-house-quote	1	23.827101582897964	SimBa
tweet-sno-1214	QO	vclaim-sno-schumer-erection-senate-floor	1	39.43506183293455	SimBa
tweet-sno-1214	QO	vclaim-sno-bernie-sanders-loser-meme	1	26.833254525050585	SimBa
tweet-sno-1214	QO	vclaim-sno-donald-trump-lincoln-success	1	25.715131321094134	SimBa
tweet-sno-1214	QO	vclaim-sno-trump-biden-resident-meme	1	25.210350657003772	SimBa
tweet-sno-1214	QO	vclaim-sno-greta-thunberg-capitol-rioter	1	24.970489312085146	SimBa
tweet-sno-1215	QO	vclaim-sno-bernice-king-mlk-day-instagram	1	40.79253087765746	SimBa
tweet-sno-1215	QO	vclaim-sno-kamala-harris-plagiarize-mlk	1	25.82153427958577	SimBa
tweet-sno-1215	QO	vclaim-sno-instagod	1	25.60255707265926	SimBa
tweet-sno-1215	QO	vclaim-sno-i-have-a-what	1	24.9849012996115	SimBa
tweet-sno-1215	QO	vclaim-sno-principal-all-lives-matter-bhm	1	24.148172260114578	SimBa
tweet-sno-1216	QO	vclaim-sno-mypillow-discount-codes-qanon	1	33.13614600120113	SimBa
tweet-sno-1216	QO	vclaim-sno-trump-fail-to-denounce-qanon	1	26.95363125033447	SimBa
tweet-sno-1216	QO	vclaim-sno-mypillow-antifa-temptresses	1	26.20147667115237	SimBa
tweet-sno-1216	QO	vclaim-sno-trump-defeats-covid19-coin	1	25.378381594634092	SimBa
tweet-sno-1216	QO	vclaim-sno-donald-trump-watches-gorilla-channel	1	25.203875382556728	SimBa
tweet-sno-1217	QO	vclaim-sno-tesla-hiring-complaints-elon-musk	1	34.79456153148957	SimBa
tweet-sno-1217	QO	vclaim-sno-elon-musk-illegal-immigrant	1	24.813678841945954	SimBa
tweet-sno-1217	QO	vclaim-sno-elon-musk-billboard	1	23.61158755206593	SimBa
tweet-sno-1217	QO	vclaim-sno-elon-musk-buy-facebook	1	22.64533940501447	SimBa
tweet-sno-1217	QO	vclaim-sno-trump-threatening-robocalls	1	22.271118573684465	SimBa
tweet-sno-1218	QO	vclaim-sno-downy-unstopables-warmer-warning	1	31.803373329771198	SimBa
tweet-sno-1218	QO	vclaim-sno-do-scented-candles-cause-cancer	1	31.498356762168136	SimBa
tweet-sno-1218	QO	vclaim-sno-crayon-candle	1	30.04408873078918	SimBa
tweet-sno-1218	QO	vclaim-sno-gwyneth-paltrow-vagina-candle	1	27.602231350840977	SimBa
tweet-sno-1218	QO	vclaim-sno-gwyneth-vagina-candle-explode	1	26.709337470121625	SimBa
tweet-sno-1219	QO	vclaim-sno-marjorie-taylor-greene-twitter	1	51.71671699702616	SimBa
tweet-sno-1219	QO	vclaim-sno-twitter-marjorie-taylor-greene	1	45.42886797223745	SimBa
tweet-sno-1219	QO	vclaim-sno-did-twitter-lock-trumps-account	1	39.70724654399409	SimBa
tweet-sno-1219	QO	vclaim-sno-twitter-warning-trumps-tweet	1	35.701961853231104	SimBa
tweet-sno-1219	QO	vclaim-sno-trump-twitter-john-barron-1946	1	35.5912269596831	SimBa
tweet-sno-1220	QO	vclaim-sno-burger-king-logo-new	1	39.840725503035955	SimBa
tweet-sno-1220	QO	vclaim-sno-yumbo-drop	1	27.407815471076013	SimBa
tweet-sno-1220	QO	vclaim-sno-walter-wetzel-redskins-logo	1	25.58179685754989	SimBa
tweet-sno-1220	QO	vclaim-sno-subservient-chicken	1	24.787793504139376	SimBa
tweet-sno-1220	QO	vclaim-sno-donald-trump-swastika-logo	1	24.235890323308915	SimBa
tweet-sno-1221	QO	vclaim-sno-covid-vaccine-throw-away	1	33.41272842189039	SimBa
tweet-sno-1221	QO	vclaim-sno-doj-most-dangerous-vaccine	1	33.358924592155994	SimBa
tweet-sno-1221	QO	vclaim-sno-new-york-covid-vaccine-preregister	1	31.712615946097237	SimBa
tweet-sno-1221	QO	vclaim-sno-ny-hospitals-unvaccinated-parents	1	31.655377511099157	SimBa
tweet-sno-1221	QO	vclaim-sno-brooklyn-refusing-vaccinate-pets	1	30.15620140224636	SimBa
tweet-sno-1222	QO	vclaim-sno-trump-jr-impeached-deplorable	1	31.32152111929192	SimBa
tweet-sno-1222	QO	vclaim-sno-trump-clinton-satisfy	1	25.9182305375344	SimBa
tweet-sno-1222	QO	vclaim-sno-clinton-federal-racketeering-charges	1	25.292493434286833	SimBa
tweet-sno-1222	QO	vclaim-sno-hillary-clinton-noose	1	24.912679173840566	SimBa
tweet-sno-1222	QO	vclaim-sno-bill-clinton-allegations-disqualify	1	24.8757473717704	SimBa
tweet-sno-1223	QO	vclaim-sno-armie-hammer-cannibal-lifestyle	1	29.257105271230532	SimBa
tweet-sno-1223	QO	vclaim-sno-blood-rave-uses-real-blood	1	21.40646002074273	SimBa
tweet-sno-1223	QO	vclaim-sno-keanu-reeves-blood-drinking	1	20.605140445600657	SimBa
tweet-sno-1223	QO	vclaim-sno-boyfriend-corpses-medical-condition	1	20.024673098104774	SimBa
tweet-sno-1223	QO	vclaim-sno-bath-salts-genitals-microwave	1	19.86074419555282	SimBa
tweet-sno-1224	QO	vclaim-sno-indian-flag-capitol-riots	1	26.735817480837518	SimBa
tweet-sno-1224	QO	vclaim-sno-capitol-riot-no-fly-list	1	26.295795549037955	SimBa
tweet-sno-1224	QO	vclaim-sno-raz-simone-guns	1	26.049349004236092	SimBa
tweet-sno-1224	QO	vclaim-sno-donald-trump-protester-isis-video	1	25.8508056084156	SimBa
tweet-sno-1224	QO	vclaim-sno-capitol-window-wave-video	1	25.83587074952372	SimBa
tweet-sno-1225	QO	vclaim-sno-syringe-cakes	1	44.20242421543443	SimBa
tweet-sno-1225	QO	vclaim-sno-germanely-chocolate-cake	1	26.845141714893153	SimBa
tweet-sno-1225	QO	vclaim-sno-lolli-pox	1	22.552376069382287	SimBa
tweet-sno-1225	QO	vclaim-sno-nazi-flag-menorah-hanukkah	1	22.26188604093405	SimBa
tweet-sno-1225	QO	vclaim-sno-hammy-hanukkah	1	22.17004363919073	SimBa
tweet-sno-1226	QO	vclaim-sno-trump-carved-manatees-back	1	41.054418183301664	SimBa
tweet-sno-1226	QO	vclaim-sno-dermophis-donaldtrumpi-amphibian-trump	1	30.462304239407057	SimBa
tweet-sno-1226	QO	vclaim-sno-florida-invasive-species	1	28.338382314739274	SimBa
tweet-sno-1226	QO	vclaim-sno-trump-cecil-lion-wildlife-conservation-council	1	27.468306775183972	SimBa
tweet-sno-1226	QO	vclaim-sno-peta-lobster-rescue-in-nebraska-kills-captive-creatures	1	26.649129217298125	SimBa
tweet-sno-1227	QO	vclaim-sno-mary-miller-hitler	1	33.36356898710462	SimBa
tweet-sno-1227	QO	vclaim-sno-trumps-rnc-speech-plagiarized-hitler	1	28.099839635469447	SimBa
tweet-sno-1227	QO	vclaim-sno-trump-hitler-heritage-tweet	1	27.48252381793531	SimBa
tweet-sno-1227	QO	vclaim-sno-liselotte-hubner-donald-trump	1	24.63987816614621	SimBa
tweet-sno-1227	QO	vclaim-sno-michelle-obama-copied-her-2008-dnc-speech-from-saul-alinsky	1	24.42124704180189	SimBa
tweet-sno-1228	QO	vclaim-sno-mary-miller-hitler	1	42.509568396008355	SimBa
tweet-sno-1228	QO	vclaim-sno-make-germany-great-again	1	27.201840602523127	SimBa
tweet-sno-1228	QO	vclaim-sno-liselotte-hubner-donald-trump	1	26.813124483992944	SimBa
tweet-sno-1228	QO	vclaim-sno-1922-new-york-times-hitler	1	26.664147645644622	SimBa
tweet-sno-1228	QO	vclaim-sno-to-conquer-a-nation	1	26.45097780865219	SimBa
tweet-sno-1229	QO	vclaim-sno-capitol-riot-no-fly-list	1	36.04824807535094	SimBa
tweet-sno-1229	QO	vclaim-sno-trump-mob-capitol	1	31.698472566780897	SimBa
tweet-sno-1229	QO	vclaim-sno-zip-cuffs-capitol-riots	1	29.077260480753473	SimBa
tweet-sno-1229	QO	vclaim-sno-rioters-capitol-flagpole	1	27.782038610239688	SimBa
tweet-sno-1229	QO	vclaim-sno-tucker-carlson-capitol-attack	1	27.563154817506025	SimBa
tweet-sno-1230	QO	vclaim-sno-capitol-riot-taser-death	1	32.859157598445435	SimBa
tweet-sno-1230	QO	vclaim-sno-getting-the-hang-of-it	1	30.10438531231884	SimBa
tweet-sno-1230	QO	vclaim-sno-lethal-indirection	1	28.962170946096897	SimBa
tweet-sno-1230	QO	vclaim-sno-selfie-taken-dead-coworker	1	26.966106540445285	SimBa
tweet-sno-1230	QO	vclaim-sno-george-zimmerman-found-dead-2	1	25.67858837950103	SimBa
tweet-sno-1231	QO	vclaim-sno-mobile-phone-sim-card-swap	1	33.42416537422596	SimBa
tweet-sno-1231	QO	vclaim-sno-irs-stimulus-check-1200	1	32.387386067013054	SimBa
tweet-sno-1231	QO	vclaim-sno-can-you-hear-me-scam	1	32.106496226176866	SimBa
tweet-sno-1231	QO	vclaim-sno-9-0-phone-scam	1	30.208938850735294	SimBa
tweet-sno-1231	QO	vclaim-sno-parcel-delivery-service	1	29.858082673520016	SimBa
tweet-sno-1232	QO	vclaim-sno-warnock-arrested-capitol-praying	1	41.92749866860663	SimBa
tweet-sno-1232	QO	vclaim-sno-capitol-riot-mace-police	1	30.253367697606443	SimBa
tweet-sno-1232	QO	vclaim-sno-rioters-capitol-flagpole	1	29.990120460726057	SimBa
tweet-sno-1232	QO	vclaim-sno-npr-riot-article-before-riot	1	29.949081895885794	SimBa
tweet-sno-1232	QO	vclaim-sno-newspaper-rioters-photo-antifa	1	29.656237817816542	SimBa
tweet-sno-1233	QO	vclaim-sno-tomi-lahren-biden-supporters-loot	1	36.51331689290544	SimBa
tweet-sno-1233	QO	vclaim-sno-truckers-strike-thanksgiving	1	30.918404426265333	SimBa
tweet-sno-1233	QO	vclaim-sno-trump-tell-supporters-storm	1	29.881670744421456	SimBa
tweet-sno-1233	QO	vclaim-sno-antifa-flyer-trump-supporters	1	29.264465414756888	SimBa
tweet-sno-1233	QO	vclaim-sno-militia-bidens-inauguration	1	28.796275530496672	SimBa
tweet-sno-1234	QO	vclaim-sno-two-women-save-electoral-votes	1	33.48666145407988	SimBa
tweet-sno-1234	QO	vclaim-sno-ballots-georgia-senate	1	30.086330930505827	SimBa
tweet-sno-1234	QO	vclaim-sno-military-absentee-ballots-clinton	1	29.260228643312985	SimBa
tweet-sno-1234	QO	vclaim-sno-shots-fired-capitol	1	28.030787638374363	SimBa
tweet-sno-1234	QO	vclaim-sno-georgia-suitcases	1	27.984609937238652	SimBa
tweet-sno-1235	QO	vclaim-sno-two-women-save-electoral-votes	1	36.62514992409786	SimBa
tweet-sno-1235	QO	vclaim-sno-william-golding-on-women	1	24.758154034850495	SimBa
tweet-sno-1235	QO	vclaim-sno-hillary-clinton-victims-of-war	1	24.372687477145217	SimBa
tweet-sno-1235	QO	vclaim-sno-hillary-clinton-sharia-law	1	23.27914111112867	SimBa
tweet-sno-1235	QO	vclaim-sno-electoral-votes-rejected-congress	1	22.76598454121773	SimBa
tweet-sno-1236	QO	vclaim-sno-trump-riot-camp-auschwitz-shirt	1	27.471611909809596	SimBa
tweet-sno-1236	QO	vclaim-sno-troop-loops	1	25.455136645078824	SimBa
tweet-sno-1236	QO	vclaim-sno-nazi-shooting-baby	1	24.743185173109783	SimBa
tweet-sno-1236	QO	vclaim-sno-high-school-prom-nazi-salute	1	23.941928256183363	SimBa
tweet-sno-1236	QO	vclaim-sno-amazon-auschwitz-decorations	1	23.76301433627709	SimBa
tweet-sno-1237	QO	vclaim-sno-aoc-capitol-attack	1	37.29956910621943	SimBa
tweet-sno-1237	QO	vclaim-sno-trump-riot-camp-auschwitz-shirt	1	33.727450758413774	SimBa
tweet-sno-1237	QO	vclaim-sno-ivanka-mob-patriots-tweet	1	33.48803548735992	SimBa
tweet-sno-1237	QO	vclaim-sno-mary-miller-hitler	1	32.546128019690755	SimBa
tweet-sno-1237	QO	vclaim-sno-capitol-riot-podium	1	31.796194763236564	SimBa
tweet-sno-1238	QO	vclaim-sno-elizabeth-knoxville-onion-towel	1	28.061119299415303	SimBa
tweet-sno-1238	QO	vclaim-sno-aoc-capitol-attack	1	25.706266775416875	SimBa
tweet-sno-1238	QO	vclaim-sno-nurse-gop-convention-shooting	1	24.160542150796807	SimBa
tweet-sno-1238	QO	vclaim-sno-katy-perry-grammys-handcuffs	1	23.646519616307096	SimBa
tweet-sno-1238	QO	vclaim-sno-hillary-barnwell-body-double	1	23.00365912663942	SimBa
tweet-sno-1239	QO	vclaim-sno-giuliani-rally-speech	1	30.31651930152881	SimBa
tweet-sno-1239	QO	vclaim-sno-quantum-blockchain-watermark-vote	1	27.29939559642692	SimBa
tweet-sno-1239	QO	vclaim-sno-georgia-signature-audit	1	26.675242276061212	SimBa
tweet-sno-1239	QO	vclaim-sno-california-unlawful-ballots	1	26.48643879923752	SimBa
tweet-sno-1239	QO	vclaim-sno-democrats-file-treason-charges-against-trump	1	25.383478372300353	SimBa
tweet-sno-1240	QO	vclaim-sno-national-guard-trump-mob	1	58.13059890236229	SimBa
tweet-sno-1240	QO	vclaim-sno-flag-protest-baltimore	1	40.96589931675416	SimBa
tweet-sno-1240	QO	vclaim-sno-lincoln-memorial-defaced-protesters	1	40.85443728419616	SimBa
tweet-sno-1240	QO	vclaim-sno-attempted-robbery-target-field	1	40.11381550637922	SimBa
tweet-sno-1240	QO	vclaim-sno-troops-guarding-lincoln-memorial	1	39.64086237047595	SimBa
tweet-sno-1241	QO	vclaim-sno-trump-threaten-federal-buildings	1	41.23572984192874	SimBa
tweet-sno-1241	QO	vclaim-sno-law-charges-protesters-with-terrorism	1	30.259546900513214	SimBa
tweet-sno-1241	QO	vclaim-sno-portland-protesters-burn-bibles	1	27.016283866554424	SimBa
tweet-sno-1241	QO	vclaim-sno-mike-pence-tweet	1	26.509874002756675	SimBa
tweet-sno-1241	QO	vclaim-sno-portland-ban-urinals-buildings	1	26.47648914225068	SimBa
tweet-sno-1242	QO	vclaim-sno-twitter-delete-trump-account-racism	1	30.04838344573732	SimBa
tweet-sno-1242	QO	vclaim-sno-pence-trump-twitter-jan-6-riots	1	29.876211144281434	SimBa
tweet-sno-1242	QO	vclaim-sno-trump-lose-followers-first-time	1	27.30966628548433	SimBa
tweet-sno-1242	QO	vclaim-sno-trump-boycott-chinese-restaurants	1	26.890654956567317	SimBa
tweet-sno-1242	QO	vclaim-sno-trump-navajo-twitter	1	26.201156538634145	SimBa
tweet-sno-1243	QO	vclaim-sno-confederate-flag-capitol-dc	1	44.0504852645646	SimBa
tweet-sno-1243	QO	vclaim-sno-trump-flag-american-flag-capitol	1	36.65897993323853	SimBa
tweet-sno-1243	QO	vclaim-sno-russian-flag-texas-capitol	1	34.698526503710674	SimBa
tweet-sno-1243	QO	vclaim-sno-indian-flag-capitol-riots	1	34.19555959932858	SimBa
tweet-sno-1243	QO	vclaim-sno-kevin-seefried-democrat-biden	1	33.62445549690107	SimBa
tweet-sno-1244	QO	vclaim-sno-confederate-flag-capitol-dc	1	36.5692068102715	SimBa
tweet-sno-1244	QO	vclaim-sno-flag-flap-2	1	32.464745956565594	SimBa
tweet-sno-1244	QO	vclaim-sno-red-ensign-scare	1	30.971810562692102	SimBa
tweet-sno-1244	QO	vclaim-sno-trump-flag-american-flag-capitol	1	30.267467443167796	SimBa
tweet-sno-1244	QO	vclaim-sno-russian-flag-texas-capitol	1	30.263850403697077	SimBa
tweet-sno-1245	QO	vclaim-sno-kevin-seefried-democrat-biden	1	45.46342800689844	SimBa
tweet-sno-1245	QO	vclaim-sno-trump-flag-american-flag-capitol	1	45.115375879245924	SimBa
tweet-sno-1245	QO	vclaim-sno-confederate-flag-capitol-dc	1	42.10501772742212	SimBa
tweet-sno-1245	QO	vclaim-sno-capitol-police-selfie	1	40.26040277042391	SimBa
tweet-sno-1245	QO	vclaim-sno-capitol-riot-podium	1	39.103533729582765	SimBa
tweet-sno-1246	QO	vclaim-sno-cross-erected-capitol-building	1	44.573588346802524	SimBa
tweet-sno-1246	QO	vclaim-sno-police-flashbang-smoke-capitol	1	27.870191381271397	SimBa
tweet-sno-1246	QO	vclaim-sno-national-capital	1	27.470277784115726	SimBa
tweet-sno-1246	QO	vclaim-sno-pride-flag-us-embassy-vatican	1	27.219304099682898	SimBa
tweet-sno-1246	QO	vclaim-sno-trump-flag-american-flag-capitol	1	26.833916193558654	SimBa
tweet-sno-1247	QO	vclaim-sno-chip-off-the-old-salk	1	31.470070524909968	SimBa
tweet-sno-1247	QO	vclaim-sno-covid-detecting-microchip	1	26.980244677755515	SimBa
tweet-sno-1247	QO	vclaim-sno-diabetes-vaccine	1	26.925739476619036	SimBa
tweet-sno-1247	QO	vclaim-sno-canine-vaccine-covid-19	1	26.562934897893523	SimBa
tweet-sno-1247	QO	vclaim-sno-cuba-cancer-vaccine	1	26.434653524268786	SimBa
tweet-sno-1248	QO	vclaim-sno-snow-los-angeles	1	30.772770412048846	SimBa
tweet-sno-1248	QO	vclaim-sno-rainbow-mountains-real	1	28.50672980019811	SimBa
tweet-sno-1248	QO	vclaim-sno-gods-painting	1	28.13896744716479	SimBa
tweet-sno-1248	QO	vclaim-sno-farm-below-mountain	1	27.885156914898396	SimBa
tweet-sno-1248	QO	vclaim-sno-clouds-over-california-wildfires	1	27.02787991362989	SimBa
tweet-sno-1249	QO	vclaim-sno-snow-los-angeles	1	28.342191857721588	SimBa
tweet-sno-1249	QO	vclaim-sno-record-snowfall-in-oswego	1	26.995674524919956	SimBa
tweet-sno-1249	QO	vclaim-sno-devastating-snowfall-predicted-nw-montana-early-2018	1	25.347284187819373	SimBa
tweet-sno-1249	QO	vclaim-sno-snowfall-in-the-sahara	1	24.924585431996817	SimBa
tweet-sno-1249	QO	vclaim-sno-keyser-snowze	1	23.68203441979971	SimBa
tweet-sno-1250	QO	vclaim-sno-pennsylvania-205000-votes	1	52.77202012110392	SimBa
tweet-sno-1250	QO	vclaim-sno-simple-math-on-biden-votes	1	40.23004702947283	SimBa
tweet-sno-1250	QO	vclaim-sno-ballots-lancaster-pa	1	39.25046215014048	SimBa
tweet-sno-1250	QO	vclaim-sno-erie-pennsylvania-trump-ballots	1	38.237818013504274	SimBa
tweet-sno-1250	QO	vclaim-sno-300000-wisconsin-voters-turned-away-due-to-voter-id-laws	1	37.908487482987894	SimBa
tweet-sno-1251	QO	vclaim-sno-pennsylvania-205000-votes	1	39.975003039038945	SimBa
tweet-sno-1251	QO	vclaim-sno-georgia-ballots-likely-ineligible	1	36.230800701195555	SimBa
tweet-sno-1251	QO	vclaim-sno-georgia-signature-audit	1	34.92283286636916	SimBa
tweet-sno-1251	QO	vclaim-sno-ballots-lancaster-pa	1	34.42023604450277	SimBa
tweet-sno-1251	QO	vclaim-sno-pa-mailin-votes-ballots	1	32.6152513023546	SimBa
tweet-sno-1252	QO	vclaim-sno-coronavirus-test-donate-blood	1	27.56696811055131	SimBa
tweet-sno-1252	QO	vclaim-sno-flu-vaccine-covid-buttar	1	26.844853031794518	SimBa
tweet-sno-1252	QO	vclaim-sno-covid-flu-tamiflu	1	26.633455610771733	SimBa
tweet-sno-1252	QO	vclaim-sno-covid-vax-false-hiv	1	26.33511238571925	SimBa
tweet-sno-1252	QO	vclaim-sno-ticketmaster-negative-covid-test	1	25.37354855570199	SimBa
tweet-sno-1253	QO	vclaim-sno-scott-walker-pizza	1	23.96824620496218	SimBa
tweet-sno-1253	QO	vclaim-sno-trevor-lawrence-white-house-meal	1	21.23465859672089	SimBa
tweet-sno-1253	QO	vclaim-sno-alex-acosta-family-photograph	1	19.829535716287676	SimBa
tweet-sno-1253	QO	vclaim-sno-fda-homeless-shelter-donations	1	19.12459193222437	SimBa
tweet-sno-1253	QO	vclaim-sno-dominos-pizza-saves-life	1	18.915116911990516	SimBa
tweet-sno-1254	QO	vclaim-sno-swimming-pool-wonderful-life	1	27.811844285073178	SimBa
tweet-sno-1254	QO	vclaim-sno-student-suspended-pretending-transgender-locker-room	1	25.113853493765987	SimBa
tweet-sno-1254	QO	vclaim-sno-covington-catholic-black-paint	1	21.93147656048272	SimBa
tweet-sno-1254	QO	vclaim-sno-room-service	1	21.6227171816422	SimBa
tweet-sno-1254	QO	vclaim-sno-world39s-largest-swimming-pool	1	21.41233460126032	SimBa
tweet-sno-1255	QO	vclaim-sno-swimming-pool-wonderful-life	1	37.93182743543198	SimBa
tweet-sno-1255	QO	vclaim-sno-world39s-largest-swimming-pool	1	23.974062077069135	SimBa
tweet-sno-1255	QO	vclaim-sno-disney-matterhorn-basketball-court	1	21.833135204810972	SimBa
tweet-sno-1255	QO	vclaim-sno-brock-turner-prison-pool	1	18.679249158228032	SimBa
tweet-sno-1255	QO	vclaim-sno-freeway-chickens	1	18.666250493411102	SimBa
tweet-sno-1256	QO	vclaim-sno-kfc-gaming-console	1	29.849277127574307	SimBa
tweet-sno-1256	QO	vclaim-sno-among-us-chicken-nugget-sale	1	20.864193227336116	SimBa
tweet-sno-1256	QO	vclaim-sno-barbie-ouija-board	1	20.717728369238394	SimBa
tweet-sno-1256	QO	vclaim-sno-chick-fil-a-tiktok-nuggets-recipe	1	20.475414543275214	SimBa
tweet-sno-1256	QO	vclaim-sno-subservient-chicken	1	20.39530038181156	SimBa
tweet-sno-1257	QO	vclaim-sno-graham-buttigieg-repent	1	39.399914730205225	SimBa
tweet-sno-1257	QO	vclaim-sno-rush-limbaugh-marriage-children	1	29.920240322242783	SimBa
tweet-sno-1257	QO	vclaim-sno-gay-bible	1	28.702467802519134	SimBa
tweet-sno-1257	QO	vclaim-sno-mike-pence-able-bodied	1	28.58852801735374	SimBa
tweet-sno-1257	QO	vclaim-sno-houston-hustle	1	28.184180656112282	SimBa
tweet-sno-1258	QO	vclaim-sno-tom-brady-ppp	1	31.94055180091517	SimBa
tweet-sno-1258	QO	vclaim-sno-osteen-coronavirus-loan	1	28.468244576220396	SimBa
tweet-sno-1258	QO	vclaim-sno-joel-osteen-donald-trump	1	25.609564590463503	SimBa
tweet-sno-1258	QO	vclaim-sno-a-shady-giveaway	1	25.04551767923189	SimBa
tweet-sno-1258	QO	vclaim-sno-obama-kanye-chicago-bush	1	24.643286400822525	SimBa
tweet-sno-1259	QO	vclaim-sno-vatican-nativity	1	34.96521906204228	SimBa
tweet-sno-1259	QO	vclaim-sno-belgian-town-removes-nativity-scene-appease-four-muslim-residents	1	24.912555227698952	SimBa
tweet-sno-1259	QO	vclaim-sno-facebook-santa-jesus-image	1	22.5320508620945	SimBa
tweet-sno-1259	QO	vclaim-sno-nativity-seen	1	21.472651624312086	SimBa
tweet-sno-1259	QO	vclaim-sno-no-nativity-scenes-white-house	1	21.385583408588918	SimBa
tweet-sno-1260	QO	vclaim-sno-cyberpunk-2077-refunds	1	44.288062077172846	SimBa
tweet-sno-1260	QO	vclaim-sno-all-work-and-no-playstation	1	23.272684532592674	SimBa
tweet-sno-1260	QO	vclaim-sno-xbox-playstation-ps5-congrats	1	23.188563291062213	SimBa
tweet-sno-1260	QO	vclaim-sno-amazon-issues-credits-in-e-book-settlement	1	23.182706482472735	SimBa
tweet-sno-1260	QO	vclaim-sno-best-buy-gift-card-scam	1	22.740875721228953	SimBa
tweet-sno-1261	QO	vclaim-sno-cyberpunk-2077-refunds	1	48.296886046614745	SimBa
tweet-sno-1261	QO	vclaim-sno-xbox-playstation-ps5-congrats	1	22.519131007676254	SimBa
tweet-sno-1261	QO	vclaim-sno-all-work-and-no-playstation	1	19.94414879146348	SimBa
tweet-sno-1261	QO	vclaim-sno-consumer-rebate-program	1	19.926348201873054	SimBa
tweet-sno-1261	QO	vclaim-sno-amazon-issues-credits-in-e-book-settlement	1	19.781375078838025	SimBa
tweet-sno-1262	QO	vclaim-sno-extraterrestrial-material-asteroid	1	25.369556001054853	SimBa
tweet-sno-1262	QO	vclaim-sno-nobel-laureate-tasuku-honjo-covid	1	20.832252703233497	SimBa
tweet-sno-1262	QO	vclaim-sno-mars-real-audio	1	20.581660261843513	SimBa
tweet-sno-1262	QO	vclaim-sno-80-million-year-old-shark	1	20.34634583205804	SimBa
tweet-sno-1262	QO	vclaim-sno-li-meng-yan-covid-19-lab	1	19.742364250294372	SimBa
tweet-sno-1263	QO	vclaim-sno-supreme-court-erupt-shouting-match	1	34.52817912576349	SimBa
tweet-sno-1263	QO	vclaim-sno-justice-roberts-impeachment-vote	1	29.04162637450849	SimBa
tweet-sno-1263	QO	vclaim-sno-republican-senators-up-shits-creek	1	27.400116101710438	SimBa
tweet-sno-1263	QO	vclaim-sno-cruz-skeptical-scalia-death	1	27.25648520346572	SimBa
tweet-sno-1263	QO	vclaim-sno-supreme-court-justices-stand	1	26.62333126686604	SimBa
tweet-sno-1264	QO	vclaim-sno-schitts-creek-motel-seattle	1	35.86490132695013	SimBa
tweet-sno-1264	QO	vclaim-sno-houses-in-unusual-places	1	20.996329507592883	SimBa
tweet-sno-1264	QO	vclaim-sno-sex-doll-funeral-home	1	20.77060031056355	SimBa
tweet-sno-1264	QO	vclaim-sno-insane-cliff-house	1	20.177528608494825	SimBa
tweet-sno-1264	QO	vclaim-sno-eagle-scout-nuclear-reactor	1	20.128106664778027	SimBa
tweet-sno-1265	QO	vclaim-sno-schitts-creek-motel-seattle	1	44.61554084321949	SimBa
tweet-sno-1265	QO	vclaim-sno-moira-rose-home-alone	1	31.559353326009578	SimBa
tweet-sno-1265	QO	vclaim-sno-tarzan-and-tarzana	1	22.79341730236321	SimBa
tweet-sno-1265	QO	vclaim-sno-tunnel-from-bedroom-to-pub	1	22.721423056275448	SimBa
tweet-sno-1265	QO	vclaim-sno-secret-room-new-york-apartment	1	22.36820451957555	SimBa
tweet-sno-1266	QO	vclaim-sno-popular-vote-totals-rigged	1	39.36486903785706	SimBa
tweet-sno-1266	QO	vclaim-sno-cnn-and-msnbc-ratings	1	32.922800178480834	SimBa
tweet-sno-1266	QO	vclaim-sno-romney-votes-switched-obama	1	32.30011312925878	SimBa
tweet-sno-1266	QO	vclaim-sno-simple-math-on-biden-votes	1	31.98695892938511	SimBa
tweet-sno-1266	QO	vclaim-sno-everylegalvote-2020-election	1	31.802398237244677	SimBa
tweet-sno-1267	QO	vclaim-sno-the-north-face-refuse-jackets	1	46.55629662932536	SimBa
tweet-sno-1267	QO	vclaim-sno-big-oil	1	28.089587370430902	SimBa
tweet-sno-1267	QO	vclaim-sno-ace-hardware-stands-against-standing-rock	1	24.868330095935242	SimBa
tweet-sno-1267	QO	vclaim-sno-barging-in	1	24.58741012201845	SimBa
tweet-sno-1267	QO	vclaim-sno-gas-station-shuns-serviceman	1	24.103265194720134	SimBa
tweet-sno-1268	QO	vclaim-sno-alex-jones-biden-removed	1	56.599008693489424	SimBa
tweet-sno-1268	QO	vclaim-sno-biden-trump-dregs-society	1	37.98052221715071	SimBa
tweet-sno-1268	QO	vclaim-sno-biden-america-is-dead	1	37.68201888818017	SimBa
tweet-sno-1268	QO	vclaim-sno-fake-aoc-purge-tweet	1	36.30871453513347	SimBa
tweet-sno-1268	QO	vclaim-sno-biden-second-amendment-obsolete	1	35.975220871662486	SimBa
tweet-sno-1269	QO	vclaim-sno-allstate-island-real	1	39.88248528005606	SimBa
tweet-sno-1269	QO	vclaim-sno-penis-island	1	24.892196510818813	SimBa
tweet-sno-1269	QO	vclaim-sno-spongebob-epstein-island-address	1	24.47535382569775	SimBa
tweet-sno-1269	QO	vclaim-sno-dog-island	1	24.279751256570698	SimBa
tweet-sno-1269	QO	vclaim-sno-violin-island-in-costa-rica	1	24.102851749634432	SimBa
tweet-sno-1270	QO	vclaim-sno-allstate-island-real	1	32.551847162653125	SimBa
tweet-sno-1270	QO	vclaim-sno-violin-island-in-costa-rica	1	23.363309583225508	SimBa
tweet-sno-1270	QO	vclaim-sno-penis-island	1	21.95170985459735	SimBa
tweet-sno-1270	QO	vclaim-sno-dog-island	1	20.91303301524993	SimBa
tweet-sno-1270	QO	vclaim-sno-spongebob-epstein-island-address	1	20.52366775908078	SimBa
tweet-sno-1271	QO	vclaim-sno-federal-holiday-christmas-eve	1	65.48827691100765	SimBa
tweet-sno-1271	QO	vclaim-sno-trump-hunting-bald-eagles	1	39.228353650917555	SimBa
tweet-sno-1271	QO	vclaim-sno-playing-christmas-music-federal-crime	1	37.92649285800598	SimBa
tweet-sno-1271	QO	vclaim-sno-trump-checks-to-retirees	1	36.74903559568487	SimBa
tweet-sno-1271	QO	vclaim-sno-trump-order-popular-vote-winner	1	35.75631011994471	SimBa
tweet-sno-1272	QO	vclaim-sno-disney-sister-act-3	1	44.45623380791511	SimBa
tweet-sno-1272	QO	vclaim-sno-step-brothers-2-hoax	1	29.414359710043954	SimBa
tweet-sno-1272	QO	vclaim-sno-did-disney-announce-bedknobs-broomsticks	1	28.870998501632965	SimBa
tweet-sno-1272	QO	vclaim-sno-new-twilight-movie-jacob-renesmee	1	28.672041882875853	SimBa
tweet-sno-1272	QO	vclaim-sno-brokeback-mountain-remake	1	27.881340690431177	SimBa
tweet-sno-1273	QO	vclaim-sno-when-is-hocus-pocus-2-coming-out	1	44.1387388465964	SimBa
tweet-sno-1273	QO	vclaim-sno-hocus-pocus-2	1	41.40251931072248	SimBa
tweet-sno-1273	QO	vclaim-sno-beetlejuice-2-coming-soon	1	39.49914236563843	SimBa
tweet-sno-1273	QO	vclaim-sno-disney-pixar-boo	1	31.42954506703065	SimBa
tweet-sno-1273	QO	vclaim-sno-napoleon-dynamite-sequel	1	30.880543595509387	SimBa
tweet-sno-1274	QO	vclaim-sno-chick-fil-a-long-lines-lawsuit	1	40.373259643443554	SimBa
tweet-sno-1274	QO	vclaim-sno-white-front	1	27.35128652035703	SimBa
tweet-sno-1274	QO	vclaim-sno-chick-fil-a-sunday-tradition	1	26.819579775166044	SimBa
tweet-sno-1274	QO	vclaim-sno-cant-be-yelped	1	26.756549517421185	SimBa
tweet-sno-1274	QO	vclaim-sno-mcdonalds-supports-chick-fil-a	1	26.39782814086495	SimBa
tweet-sno-1275	QO	vclaim-sno-costco-rotisserie-chicken-cheap	1	77.80592391761806	SimBa
tweet-sno-1275	QO	vclaim-sno-boston-market-coupon	1	27.99432612170867	SimBa
tweet-sno-1275	QO	vclaim-sno-costco-lying-about-cage-free-eggs	1	26.970833077266647	SimBa
tweet-sno-1275	QO	vclaim-sno-costco-coupon-scam	1	25.309197401562248	SimBa
tweet-sno-1275	QO	vclaim-sno-costco-founder-kill-hotdogs	1	25.193572375998382	SimBa
tweet-sno-1276	QO	vclaim-sno-ia-fl-oh-election-loss	1	42.401277507847375	SimBa
tweet-sno-1276	QO	vclaim-sno-won-both-ohio-florida-lost	1	36.20822484977618	SimBa
tweet-sno-1276	QO	vclaim-sno-november-6th	1	31.900196598739488	SimBa
tweet-sno-1276	QO	vclaim-sno-biden-306-electoral-votes	1	29.871960052619606	SimBa
tweet-sno-1276	QO	vclaim-sno-iowa-caucus-coin-toss	1	28.901757685027498	SimBa
tweet-sno-1277	QO	vclaim-sno-apartment-radiator-pandemic-spread	1	46.23910981579541	SimBa
tweet-sno-1277	QO	vclaim-sno-handkerchiefs-kissing-covid	1	29.705210648805405	SimBa
tweet-sno-1277	QO	vclaim-sno-1918-quarantine-ad-for-phone	1	28.93120166320976	SimBa
tweet-sno-1277	QO	vclaim-sno-fauci-blame-flu-deaths-1918	1	27.4726463479497	SimBa
tweet-sno-1277	QO	vclaim-sno-cat-spanish-flu-mask	1	25.93777200587034	SimBa
tweet-sno-1278	QO	vclaim-sno-mcdonalds-breakfast-frozen-eggs	1	35.768104863756086	SimBa
tweet-sno-1278	QO	vclaim-sno-swap-meat	1	28.111798389456972	SimBa
tweet-sno-1278	QO	vclaim-sno-man-sue-mcdonalds-depressed-eating-happy-meal	1	26.02526374328589	SimBa
tweet-sno-1278	QO	vclaim-sno-not-lovin39-it	1	25.322604141847965	SimBa
tweet-sno-1278	QO	vclaim-sno-fact-check-mcdonalds-creates-nutella-burger	1	25.005791515861308	SimBa
tweet-sno-1279	QO	vclaim-sno-gohmert-tooth-fall-out	1	57.28080569807296	SimBa
tweet-sno-1279	QO	vclaim-sno-not-my-teeth	1	28.003861267539634	SimBa
tweet-sno-1279	QO	vclaim-sno-boyfriend-pull-teeth	1	27.8590778142941	SimBa
tweet-sno-1279	QO	vclaim-sno-obama-reporter-press-conference	1	27.67761007332442	SimBa
tweet-sno-1279	QO	vclaim-sno-will-smith-teeth-knocked-out	1	25.917330105738603	SimBa
tweet-sno-1280	QO	vclaim-sno-biden-harris-disease-disagreed	1	74.66816864603932	SimBa
tweet-sno-1280	QO	vclaim-sno-harris-biden-blog-post	1	39.17446192932917	SimBa
tweet-sno-1280	QO	vclaim-sno-joe-biden-civil-rights-quote	1	36.83300285900258	SimBa
tweet-sno-1280	QO	vclaim-sno-joe-biden-beat-biden	1	35.89129453207622	SimBa
tweet-sno-1280	QO	vclaim-sno-biden-say-president-harris	1	35.84817979472538	SimBa
tweet-sno-1281	QO	vclaim-sno-indiana-jones-saxophone	1	41.79474007578416	SimBa
tweet-sno-1281	QO	vclaim-sno-father-abandon-family-avalanche	1	25.84731588834594	SimBa
tweet-sno-1281	QO	vclaim-sno-airpods-explode-hospital	1	22.718711929233315	SimBa
tweet-sno-1281	QO	vclaim-sno-american-pie	1	22.661690599283354	SimBa
tweet-sno-1281	QO	vclaim-sno-foo-fighters-west-wing	1	22.49396062262757	SimBa
tweet-sno-1282	QO	vclaim-sno-indiana-jones-saxophone	1	52.99296175871854	SimBa
tweet-sno-1282	QO	vclaim-sno-police-saxophone-machine-gun	1	22.767902701698453	SimBa
tweet-sno-1282	QO	vclaim-sno-delayed-grantification	1	22.09696343655	SimBa
tweet-sno-1282	QO	vclaim-sno-shark-tale	1	19.652642671470915	SimBa
tweet-sno-1282	QO	vclaim-sno-james-brown-diplomatic-immunity	1	19.410199562789337	SimBa
tweet-sno-1283	QO	vclaim-sno-indiana-jones-saxophone	1	51.96649965380273	SimBa
tweet-sno-1283	QO	vclaim-sno-harrison-ford-trump-han-solo	1	21.433517685044457	SimBa
tweet-sno-1283	QO	vclaim-sno-michael-jordan-lebron-james-goat	1	20.84164618236383	SimBa
tweet-sno-1283	QO	vclaim-sno-police-saxophone-machine-gun	1	20.559914366506632	SimBa
tweet-sno-1283	QO	vclaim-sno-firearms-and-the-man	1	20.446393685421945	SimBa
tweet-sno-1284	QO	vclaim-sno-indiana-jones-saxophone	1	38.009379426871554	SimBa
tweet-sno-1284	QO	vclaim-sno-harrison-ford-trump-han-solo	1	30.741641593040015	SimBa
tweet-sno-1284	QO	vclaim-sno-james-earl-jones-star-wars-london-segregation	1	23.55809744946138	SimBa
tweet-sno-1284	QO	vclaim-sno-harrison-ford-holding-a-trump-sign	1	23.535607114232775	SimBa
tweet-sno-1284	QO	vclaim-sno-justin-bieber-han-solo	1	23.27693947540262	SimBa
tweet-sno-1285	QO	vclaim-sno-florida-rebekah-jones-raid	1	29.12247511811211	SimBa
tweet-sno-1285	QO	vclaim-sno-seattle-police-confiscate-mans-guns-without-warrant	1	28.198997677921685	SimBa
tweet-sno-1285	QO	vclaim-sno-fbi-wasserman-schultz-home	1	23.738183474175177	SimBa
tweet-sno-1285	QO	vclaim-sno-snopes-staff-members-arrested-law-enforcement-raid	1	23.444697079021537	SimBa
tweet-sno-1285	QO	vclaim-sno-connecticut-gun-confiscation	1	22.539006528626054	SimBa
tweet-sno-1286	QO	vclaim-sno-nasa-sally-ride-100-tampons	1	54.28663680631438	SimBa
tweet-sno-1286	QO	vclaim-sno-spacesuit-envy	1	34.50487928478061	SimBa
tweet-sno-1286	QO	vclaim-sno-nasa-hillary-clinton-astronaut	1	28.50531548922367	SimBa
tweet-sno-1286	QO	vclaim-sno-recalled-tampons-zombie-ants	1	27.336873285848416	SimBa
tweet-sno-1286	QO	vclaim-sno-the-write-stuff	1	26.697921193744286	SimBa
tweet-sno-1287	QO	vclaim-sno-my-pleasure-chick-fil-a	1	40.48352611765153	SimBa
tweet-sno-1287	QO	vclaim-sno-taco-bell-two-dollar	1	26.95567973820133	SimBa
tweet-sno-1287	QO	vclaim-sno-critter-fritter	1	25.564664068309476	SimBa
tweet-sno-1287	QO	vclaim-sno-fake-wendys-chili-rumor	1	24.041611455005715	SimBa
tweet-sno-1287	QO	vclaim-sno-caleb-lee-pizza-hut	1	23.836512008880348	SimBa
tweet-sno-1288	QO	vclaim-sno-my-pleasure-chick-fil-a	1	52.20945269247039	SimBa
tweet-sno-1288	QO	vclaim-sno-chick-fil-a-promotions	1	32.50571188140993	SimBa
tweet-sno-1288	QO	vclaim-sno-chick-fil-a-meal-promo	1	31.669547167496248	SimBa
tweet-sno-1288	QO	vclaim-sno-chick-fil-a-gift-basket	1	31.13623841633443	SimBa
tweet-sno-1288	QO	vclaim-sno-chick-fil-a-coupon-scam	1	29.341246231976147	SimBa
tweet-sno-1289	QO	vclaim-sno-my-pleasure-chick-fil-a	1	42.171753838803575	SimBa
tweet-sno-1289	QO	vclaim-sno-chick-fil-a-meal-promo	1	24.240716833587797	SimBa
tweet-sno-1289	QO	vclaim-sno-chick-fil-a-promotions	1	23.857625501747464	SimBa
tweet-sno-1289	QO	vclaim-sno-chick-fil-a-food-stranded-storm	1	23.155799806388536	SimBa
tweet-sno-1289	QO	vclaim-sno-chick-fil-a-long-lines-lawsuit	1	22.682387043509934	SimBa
tweet-sno-1290	QO	vclaim-sno-my-pleasure-chick-fil-a	1	45.66966804183133	SimBa
tweet-sno-1290	QO	vclaim-sno-chick-fil-a-meal-promo	1	24.781183072985286	SimBa
tweet-sno-1290	QO	vclaim-sno-chick-fil-a-gift-basket	1	24.423822054926152	SimBa
tweet-sno-1290	QO	vclaim-sno-chick-fil-a-promotions	1	22.51219709108353	SimBa
tweet-sno-1290	QO	vclaim-sno-georgia-lawmaker-go-back-claim	1	21.78454526033974	SimBa
tweet-sno-1291	QO	vclaim-sno-biden-covid-vaccine	1	46.625320936886745	SimBa
tweet-sno-1291	QO	vclaim-sno-biden-vaccines-hurricane-protect	1	39.07809523330896	SimBa
tweet-sno-1291	QO	vclaim-sno-biden-tweet-pandemic	1	36.1236649296526	SimBa
tweet-sno-1291	QO	vclaim-sno-did-trump-praise-covid-19-vaccines	1	35.73215029120874	SimBa
tweet-sno-1291	QO	vclaim-sno-trump-promise-vaccine-election-day	1	35.41488431098969	SimBa
tweet-sno-1292	QO	vclaim-sno-matt-putz	1	38.29710536365573	SimBa
tweet-sno-1292	QO	vclaim-sno-new-jersey-ballot-tax-returns	1	25.937133976198016	SimBa
tweet-sno-1292	QO	vclaim-sno-chris-christie-vetoes-equal-pay	1	23.439620534418015	SimBa
tweet-sno-1292	QO	vclaim-sno-trump-sue-wisconsin	1	23.149258947833825	SimBa
tweet-sno-1292	QO	vclaim-sno-matt-gaetz-mug-shot	1	22.966165896990255	SimBa
tweet-sno-1293	QO	vclaim-sno-chick-fil-a-sunday-tradition	1	29.411830908462512	SimBa
tweet-sno-1293	QO	vclaim-sno-chick-fil-open-sundays	1	28.631608927326674	SimBa
tweet-sno-1293	QO	vclaim-sno-christian-owned-airlines-change-wing-light-colors-to-celebrate-christmas	1	27.968362998629463	SimBa
tweet-sno-1293	QO	vclaim-sno-chick-fil-a-food-stranded-storm	1	27.771429287526864	SimBa
tweet-sno-1293	QO	vclaim-sno-chick-fil-a-gift-basket	1	24.623513470495475	SimBa
tweet-sno-1294	QO	vclaim-sno-drake-scented-candles	1	42.58377235314098	SimBa
tweet-sno-1294	QO	vclaim-sno-gwyneth-paltrow-vagina-candle	1	32.650331262782124	SimBa
tweet-sno-1294	QO	vclaim-sno-kfc-really-create-chicken-scented-candle	1	28.729963558189475	SimBa
tweet-sno-1294	QO	vclaim-sno-aint-no-prophet	1	21.246913560470546	SimBa
tweet-sno-1294	QO	vclaim-sno-mcdonalds-quarter-pounder-candles	1	18.71787599450556	SimBa
tweet-sno-1295	QO	vclaim-sno-flash-player-no-longer-supported	1	37.46530208043902	SimBa
tweet-sno-1295	QO	vclaim-sno-is-minecraft-shutting-down	1	22.12671345919023	SimBa
tweet-sno-1295	QO	vclaim-sno-ruby-tuesday-closing	1	18.91352592162673	SimBa
tweet-sno-1295	QO	vclaim-sno-target-holiday-stores	1	18.48631058802353	SimBa
tweet-sno-1295	QO	vclaim-sno-nasa-blackout-warning	1	17.97705352995741	SimBa
tweet-sno-1296	QO	vclaim-sno-flash-player-no-longer-supported	1	41.04096614250517	SimBa
tweet-sno-1296	QO	vclaim-sno-boob-youtube	1	21.237972804363658	SimBa
tweet-sno-1296	QO	vclaim-sno-is-minecraft-shutting-down	1	20.05740613097128	SimBa
tweet-sno-1296	QO	vclaim-sno-toys-r-us-closing-locations-not-accepting-gift-cards	1	18.463876663410062	SimBa
tweet-sno-1296	QO	vclaim-sno-snapchat-shutting-end-2017-prank	1	18.307629806071997	SimBa
tweet-sno-1297	QO	vclaim-sno-flash-player-no-longer-supported	1	44.225973996743406	SimBa
tweet-sno-1297	QO	vclaim-sno-boob-youtube	1	29.689694165324987	SimBa
tweet-sno-1297	QO	vclaim-sno-facebook-ban-livestreamed-music	1	25.348989956813213	SimBa
tweet-sno-1297	QO	vclaim-sno-is-minecraft-shutting-down	1	22.89699687338151	SimBa
tweet-sno-1297	QO	vclaim-sno-facebook-search-porn	1	22.641062388487235	SimBa
tweet-sno-1298	QO	vclaim-sno-santa-covid-exemption-ireland	1	38.831226657942395	SimBa
tweet-sno-1298	QO	vclaim-sno-code-for-pedophiles-on-toys	1	28.08815967413644	SimBa
tweet-sno-1298	QO	vclaim-sno-santas-canadian-postal-code	1	25.52735080500664	SimBa
tweet-sno-1298	QO	vclaim-sno-track-meet	1	24.65777550675198	SimBa
tweet-sno-1298	QO	vclaim-sno-gender-neutral-santa-survey	1	24.55778275519171	SimBa
tweet-sno-1299	QO	vclaim-sno-monolith-california	1	31.66068592725628	SimBa
tweet-sno-1299	QO	vclaim-sno-monolith-found-utah	1	29.024724257108737	SimBa
tweet-sno-1299	QO	vclaim-sno-firefall-fire-waterfall	1	23.651679452598668	SimBa
tweet-sno-1299	QO	vclaim-sno-area-51-raid-images	1	23.084836923798534	SimBa
tweet-sno-1299	QO	vclaim-sno-firenado-in-california	1	22.960773392785033	SimBa
tweet-sno-1300	QO	vclaim-sno-king-louis-xiv-fetish-birth	1	35.615444130046654	SimBa
tweet-sno-1300	QO	vclaim-sno-the-promiscuous-cheerleader	1	25.667616711025453	SimBa
tweet-sno-1300	QO	vclaim-sno-funny-names	1	25.13572373235131	SimBa
tweet-sno-1300	QO	vclaim-sno-shania-jones-cross-eyed-arrest	1	25.058063412706396	SimBa
tweet-sno-1300	QO	vclaim-sno-anthony-bouchard-romeo-juliet	1	24.30476652853659	SimBa
tweet-sno-1301	QO	vclaim-sno-loser-lawn-trump-golf-course	1	26.485500246326563	SimBa
tweet-sno-1301	QO	vclaim-sno-bad-lie-golf-joke	1	20.547210219816	SimBa
tweet-sno-1301	QO	vclaim-sno-tom-brady-election-white-house	1	20.185099108285936	SimBa
tweet-sno-1301	QO	vclaim-sno-cornyn-votes-puerto-rico	1	19.0397943039832	SimBa
tweet-sno-1301	QO	vclaim-sno-could-trump-defy-popular-vote	1	18.854131787877776	SimBa
tweet-sno-1302	QO	vclaim-sno-johns-hopkins-covid-deaths	1	52.87146548914643	SimBa
tweet-sno-1302	QO	vclaim-sno-covid19-two-deaths	1	30.834990581127578	SimBa
tweet-sno-1302	QO	vclaim-sno-cdc-mortality-statistics	1	29.64578806663331	SimBa
tweet-sno-1302	QO	vclaim-sno-flu-kills-more-people-covid-19	1	29.318059571443843	SimBa
tweet-sno-1302	QO	vclaim-sno-cdc-death-figures	1	28.336730753963465	SimBa
tweet-sno-1303	QO	vclaim-sno-leonardo-dicaprio-disney-channel	1	28.309570896057934	SimBa
tweet-sno-1303	QO	vclaim-sno-words-of-wisdom	1	21.350898219266533	SimBa
tweet-sno-1303	QO	vclaim-sno-72-hour-challenge	1	20.858677983480092	SimBa
tweet-sno-1303	QO	vclaim-sno-no-lackin-challenge	1	18.44320003425036	SimBa
tweet-sno-1303	QO	vclaim-sno-friends-movie-trailer-real	1	18.37801658639088	SimBa
tweet-sno-1304	QO	vclaim-sno-leonardo-dicaprio-disney-channel	1	28.799294717992506	SimBa
tweet-sno-1304	QO	vclaim-sno-minkus-became-chanel-west-coast	1	24.90381082375756	SimBa
tweet-sno-1304	QO	vclaim-sno-betty-white-in-her-20s-photo	1	24.673720331264995	SimBa
tweet-sno-1304	QO	vclaim-sno-moira-rose-home-alone	1	23.99240513468587	SimBa
tweet-sno-1304	QO	vclaim-sno-catch-me-outside-girl-arrested	1	22.168222945292136	SimBa
tweet-sno-1305	QO	vclaim-sno-leonardo-dicaprio-disney-channel	1	28.246190988140874	SimBa
tweet-sno-1305	QO	vclaim-sno-72-hour-challenge	1	21.385595898830587	SimBa
tweet-sno-1305	QO	vclaim-sno-scarface-remake-leonardo-dicaprio	1	20.234205851270037	SimBa
tweet-sno-1305	QO	vclaim-sno-playgirl-trump-contest	1	19.262201254827243	SimBa
tweet-sno-1305	QO	vclaim-sno-preteen-mom	1	18.459005395470577	SimBa
tweet-sno-1306	QO	vclaim-sno-georgia-signature-audit	1	32.61147478361376	SimBa
tweet-sno-1306	QO	vclaim-sno-georgia-runoff-residency	1	28.432831244600695	SimBa
tweet-sno-1306	QO	vclaim-sno-trump-georgia-runoff	1	26.589423748841863	SimBa
tweet-sno-1306	QO	vclaim-sno-legislatures-override-electors	1	26.530509393516024	SimBa
tweet-sno-1306	QO	vclaim-sno-georgia-on-my-mind	1	26.187401132933925	SimBa
tweet-sno-1307	QO	vclaim-sno-trump-detroit-voters-2020	1	34.32800509002858	SimBa
tweet-sno-1307	QO	vclaim-sno-more-votes-than-voters-in-detroit	1	33.590744868439636	SimBa
tweet-sno-1307	QO	vclaim-sno-georgia-ballots-likely-ineligible	1	28.19964197918599	SimBa
tweet-sno-1307	QO	vclaim-sno-ghost-voters-in-29-states	1	24.775518877543632	SimBa
tweet-sno-1307	QO	vclaim-sno-mail-in-ballot-voter-fraud	1	24.70820637537556	SimBa
tweet-sno-1308	QO	vclaim-sno-trump-pardon-turkey-election	1	54.60965051773008	SimBa
tweet-sno-1308	QO	vclaim-sno-trump-recount-battleground-states	1	33.168573069661676	SimBa
tweet-sno-1308	QO	vclaim-sno-won-both-ohio-florida-lost	1	32.50715904398768	SimBa
tweet-sno-1308	QO	vclaim-sno-could-trump-defy-popular-vote	1	31.720292601189573	SimBa
tweet-sno-1308	QO	vclaim-sno-ia-fl-oh-election-loss	1	31.46845650041699	SimBa
tweet-sno-1309	QO	vclaim-sno-alaska-town-60-days-without-sun	1	37.31172527672635	SimBa
tweet-sno-1309	QO	vclaim-sno-sun-lockdown	1	31.472169010231227	SimBa
tweet-sno-1309	QO	vclaim-sno-will-tonight-be-the-darkest-night-in-500-years	1	29.422617477483453	SimBa
tweet-sno-1309	QO	vclaim-sno-trump-comet-meteor-shower-eclipse	1	28.32268677746346	SimBa
tweet-sno-1309	QO	vclaim-sno-saturn-close-to-earth-meme	1	28.28074521711047	SimBa
tweet-sno-1310	QO	vclaim-sno-florida-air-force-robotic-dogs	1	45.23088126231704	SimBa
tweet-sno-1310	QO	vclaim-sno-army-working-dogs-satire	1	30.78392270929594	SimBa
tweet-sno-1310	QO	vclaim-sno-a-new-breed-of-gunner	1	25.766938659624447	SimBa
tweet-sno-1310	QO	vclaim-sno-biden-major-dog-rescue-white-house	1	25.434857915514023	SimBa
tweet-sno-1310	QO	vclaim-sno-marine-corps-dog-adoptions	1	24.061359180361823	SimBa
tweet-sno-1311	QO	vclaim-sno-20000-dead-voters-in-pennsylvania	1	48.57403969425502	SimBa
tweet-sno-1311	QO	vclaim-sno-more-votes-than-voters-in-detroit	1	40.542545157013635	SimBa
tweet-sno-1311	QO	vclaim-sno-wisconsin-vote-dump	1	39.35426521829231	SimBa
tweet-sno-1311	QO	vclaim-sno-biden-admit-voter-fraud	1	38.84702754621704	SimBa
tweet-sno-1311	QO	vclaim-sno-trump-biden-vote-dumps	1	38.387935652065664	SimBa
tweet-sno-1312	QO	vclaim-sno-christmas-tree-owl	1	36.290277943250416	SimBa
tweet-sno-1312	QO	vclaim-sno-snowy-owl-130-years	1	27.975423228666585	SimBa
tweet-sno-1312	QO	vclaim-sno-owl-having-an-orgasm	1	25.854167835679426	SimBa
tweet-sno-1312	QO	vclaim-sno-catapulted-cat	1	23.859034780239803	SimBa
tweet-sno-1312	QO	vclaim-sno-koala-rescued-from-aussie-fire	1	23.342559542656538	SimBa
tweet-sno-1313	QO	vclaim-sno-wisconsin-vote-dump	1	46.07589091600985	SimBa
tweet-sno-1313	QO	vclaim-sno-trump-biden-vote-dumps	1	37.3810279154314	SimBa
tweet-sno-1313	QO	vclaim-sno-gallup-poll-electoral-fraud	1	36.82921103589137	SimBa
tweet-sno-1313	QO	vclaim-sno-300000-wisconsin-voters-turned-away-due-to-voter-id-laws	1	36.60404272175617	SimBa
tweet-sno-1313	QO	vclaim-sno-biden-break-obamas-vote-record	1	35.95048021894624	SimBa
tweet-sno-1314	QO	vclaim-sno-dominion-servers-germany-seized	1	44.87883203817581	SimBa
tweet-sno-1314	QO	vclaim-sno-facebook-analytics-electoral-map-shows-trump-sweep	1	34.596286945249204	SimBa
tweet-sno-1314	QO	vclaim-sno-12th-amendment-path-to-victory	1	32.25380194255506	SimBa
tweet-sno-1314	QO	vclaim-sno-trump-clinton-counties-won	1	32.105320479925936	SimBa
tweet-sno-1314	QO	vclaim-sno-everylegalvote-2020-election	1	30.43160690083529	SimBa
tweet-sno-1315	QO	vclaim-sno-dominion-servers-germany-seized	1	42.20975520829247	SimBa
tweet-sno-1315	QO	vclaim-sno-facebook-analytics-electoral-map-shows-trump-sweep	1	32.21118511212361	SimBa
tweet-sno-1315	QO	vclaim-sno-trump-server-tied-to-russian-bank	1	27.86768378849167	SimBa
tweet-sno-1315	QO	vclaim-sno-trump-clinton-counties-won	1	27.237335283856364	SimBa
tweet-sno-1315	QO	vclaim-sno-george-soros-trump-will-win-popular-vote-by-a-landslide-but-clinton-victory-a-done-deal	1	26.27763759134743	SimBa
tweet-sno-1316	QO	vclaim-sno-cuomo-vaccine-bad-news-trump	1	45.535772048071095	SimBa
tweet-sno-1316	QO	vclaim-sno-trump-covid-19-vaccination	1	31.843449148859868	SimBa
tweet-sno-1316	QO	vclaim-sno-trump-governors-covid-19	1	31.498264300193583	SimBa
tweet-sno-1316	QO	vclaim-sno-did-trump-praise-covid-19-vaccines	1	31.48397218699104	SimBa
tweet-sno-1316	QO	vclaim-sno-vaccine-biden-trump	1	31.114092029150285	SimBa
tweet-sno-1317	QO	vclaim-sno-cornyn-votes-puerto-rico	1	54.62828591546487	SimBa
tweet-sno-1317	QO	vclaim-sno-uncounted-california-ballots	1	34.08844439467015	SimBa
tweet-sno-1317	QO	vclaim-sno-florida-moves-for-full-recount-of-state-votes-over-massive-voter-fraud	1	30.43395593574896	SimBa
tweet-sno-1317	QO	vclaim-sno-alabama-doug-jones-ballots	1	28.33442318772147	SimBa
tweet-sno-1317	QO	vclaim-sno-ghost-voters-in-29-states	1	27.446146841416297	SimBa
tweet-sno-1318	QO	vclaim-sno-floyd-county-georgia-votes	1	38.77153532251667	SimBa
tweet-sno-1318	QO	vclaim-sno-broward-county-fraud-voters-votes	1	37.856930780240546	SimBa
tweet-sno-1318	QO	vclaim-sno-pa-mailin-votes-ballots	1	36.98059006302843	SimBa
tweet-sno-1318	QO	vclaim-sno-georgia-signature-audit	1	34.5196243502601	SimBa
tweet-sno-1318	QO	vclaim-sno-pennsylvania-205000-votes	1	33.236009856405204	SimBa
tweet-sno-1319	QO	vclaim-sno-floyd-county-georgia-votes	1	52.31893548742707	SimBa
tweet-sno-1319	QO	vclaim-sno-georgia-dekalb-reject-mail-ballots	1	38.042851961345846	SimBa
tweet-sno-1319	QO	vclaim-sno-georgia-signature-audit	1	38.03395104584067	SimBa
tweet-sno-1319	QO	vclaim-sno-erie-pennsylvania-trump-ballots	1	37.511093613499696	SimBa
tweet-sno-1319	QO	vclaim-sno-ballots-lancaster-pa	1	37.16736590841893	SimBa
tweet-sno-1320	QO	vclaim-sno-biden-trump-inauguration-crowd	1	36.40773213563018	SimBa
tweet-sno-1320	QO	vclaim-sno-maga-trump-million-march	1	35.50782319442189	SimBa
tweet-sno-1320	QO	vclaim-sno-pennsylvania-trump-rally	1	34.47457971380278	SimBa
tweet-sno-1320	QO	vclaim-sno-trump-rally-crowd-66000	1	31.75070143233852	SimBa
tweet-sno-1320	QO	vclaim-sno-simple-math-on-biden-votes	1	31.73884585300923	SimBa
tweet-sno-1321	QO	vclaim-sno-newsmax-biden-pence	1	50.01085517976924	SimBa
tweet-sno-1321	QO	vclaim-sno-mike-pence-to-resign	1	39.44947216123115	SimBa
tweet-sno-1321	QO	vclaim-sno-gowdy-pence-2020	1	39.05913141444586	SimBa
tweet-sno-1321	QO	vclaim-sno-vp-pelosi	1	35.144080658054776	SimBa
tweet-sno-1321	QO	vclaim-sno-mike-pence-blames-media-for-trump-controversies	1	34.67894066466307	SimBa
tweet-sno-1322	QO	vclaim-sno-newsmax-biden-pence	1	48.386702720667415	SimBa
tweet-sno-1322	QO	vclaim-sno-mike-pence-blames-media-for-trump-controversies	1	32.32196406271793	SimBa
tweet-sno-1322	QO	vclaim-sno-trump-considering-resignation	1	32.25445355463628	SimBa
tweet-sno-1322	QO	vclaim-sno-mike-pence-to-resign	1	31.32082813472823	SimBa
tweet-sno-1322	QO	vclaim-sno-boring-mike-pence	1	30.135810527790742	SimBa
tweet-sno-1323	QO	vclaim-sno-newsmax-biden-pence	1	50.15682131295743	SimBa
tweet-sno-1323	QO	vclaim-sno-mike-pence-blames-media-for-trump-controversies	1	35.15694687706538	SimBa
tweet-sno-1323	QO	vclaim-sno-mike-pence-to-resign	1	34.14093461812772	SimBa
tweet-sno-1323	QO	vclaim-sno-boring-mike-pence	1	33.60344832793801	SimBa
tweet-sno-1323	QO	vclaim-sno-trump-noble-prize-tweets	1	32.45884141719995	SimBa
tweet-sno-1324	QO	vclaim-sno-rnc-chairwoman-deleted-tweet	1	43.08649901716369	SimBa
tweet-sno-1324	QO	vclaim-sno-fake-aoc-purge-tweet	1	36.282133721284	SimBa
tweet-sno-1324	QO	vclaim-sno-tomi-lahren-biden-supporters-loot	1	36.21264459760702	SimBa
tweet-sno-1324	QO	vclaim-sno-trump-biden-resident-meme	1	34.802957800083355	SimBa
tweet-sno-1324	QO	vclaim-sno-bidens-win-lie-of-the-year	1	34.762015256581584	SimBa
tweet-sno-1325	QO	vclaim-sno-raising-canes-chicken-bankruptcy	1	58.47859477032875	SimBa
tweet-sno-1325	QO	vclaim-sno-dunkin-donuts-bankruptcy-prank	1	32.05142365469024	SimBa
tweet-sno-1325	QO	vclaim-sno-nordstrom-chapter-11-baio-boycott	1	30.600155763381743	SimBa
tweet-sno-1325	QO	vclaim-sno-did-nfl-team-declare-bankruptcy-protests	1	26.046781268697504	SimBa
tweet-sno-1325	QO	vclaim-sno-643000-bankruptcies-in-the-u-s-every-year-due-to-medical-bills	1	23.42919943860163	SimBa
tweet-sno-1326	QO	vclaim-sno-raising-canes-chicken-bankruptcy	1	30.915575037306148	SimBa
tweet-sno-1326	QO	vclaim-sno-usps-closing-due-to-covid-19	1	21.23738126577348	SimBa
tweet-sno-1326	QO	vclaim-sno-dunkin-donuts-bankruptcy-prank	1	20.96681017036084	SimBa
tweet-sno-1326	QO	vclaim-sno-7up-discontinued	1	20.635064194309518	SimBa
tweet-sno-1326	QO	vclaim-sno-tgi-fridays-deal	1	20.573574536610366	SimBa
tweet-sno-1327	QO	vclaim-sno-debby-ryan-heart-attack	1	28.913217250444188	SimBa
tweet-sno-1327	QO	vclaim-sno-charlie-sheen-death-hoax	1	27.42878264187344	SimBa
tweet-sno-1327	QO	vclaim-sno-chevy-chase-death-hoax	1	27.19822308060778	SimBa
tweet-sno-1327	QO	vclaim-sno-sherri-shepherd-death-hoax	1	26.892406006382537	SimBa
tweet-sno-1327	QO	vclaim-sno-clint-eastwood-death-hoax	1	26.459804702700435	SimBa
tweet-sno-1328	QO	vclaim-sno-xbox-playstation-ps5-congrats	1	32.8942925381992	SimBa
tweet-sno-1328	QO	vclaim-sno-all-work-and-no-playstation	1	19.655344832660035	SimBa
tweet-sno-1328	QO	vclaim-sno-apples-blast-from-the-past	1	17.85836391631342	SimBa
tweet-sno-1328	QO	vclaim-sno-cyberpunk-2077-refunds	1	17.712692160026545	SimBa
tweet-sno-1328	QO	vclaim-sno-ninja-turtles-shredders-revenge	1	17.345182803106812	SimBa
tweet-sno-1329	QO	vclaim-sno-xbox-playstation-ps5-congrats	1	32.70750320025955	SimBa
tweet-sno-1329	QO	vclaim-sno-microsoft-own-patent-666	1	18.840487266919766	SimBa
tweet-sno-1329	QO	vclaim-sno-cyberpunk-2077-refunds	1	17.310813690575834	SimBa
tweet-sno-1329	QO	vclaim-sno-would-you-have-invested	1	17.106650810007537	SimBa
tweet-sno-1329	QO	vclaim-sno-amazon-holiday-shopping	1	15.168150306454985	SimBa
tweet-sno-1330	QO	vclaim-sno-ice-twitter-account-disappear	1	34.73549897462305	SimBa
tweet-sno-1330	QO	vclaim-sno-nps-twitter-account-shut-down	1	25.795217699584484	SimBa
tweet-sno-1330	QO	vclaim-sno-loser-com-trump-wikipedia-page	1	23.334525697363077	SimBa
tweet-sno-1330	QO	vclaim-sno-twitter-shutting-down-in-2017	1	23.033154941603286	SimBa
tweet-sno-1330	QO	vclaim-sno-trump-twitter-john-barron-1946	1	22.36707784519207	SimBa
tweet-sno-1331	QO	vclaim-sno-ice-twitter-account-disappear	1	54.220954648968515	SimBa
tweet-sno-1331	QO	vclaim-sno-new-york-ice-agent-suicide-note	1	32.97764549654623	SimBa
tweet-sno-1331	QO	vclaim-sno-ice-detain-michigan-doctor-40-years-u-s	1	32.879223541968294	SimBa
tweet-sno-1331	QO	vclaim-sno-nps-twitter-account-shut-down	1	29.079267957159892	SimBa
tweet-sno-1331	QO	vclaim-sno-ice-citizens-academy-civilians	1	27.93199707235143	SimBa
tweet-sno-1332	QO	vclaim-sno-veterans-national-parks-lifetime	1	48.95712614869319	SimBa
tweet-sno-1332	QO	vclaim-sno-free-meals-for-veterans	1	35.37358222613679	SimBa
tweet-sno-1332	QO	vclaim-sno-trump-veterans-free-health-care	1	30.31874353245644	SimBa
tweet-sno-1332	QO	vclaim-sno-trump-salary-military-cemeteries	1	27.535882124536524	SimBa
tweet-sno-1332	QO	vclaim-sno-confederate-soldiers-veterans	1	26.331440060516496	SimBa
tweet-sno-1333	QO	vclaim-sno-covid-vaccine-funded-by-trump	1	41.649457789203765	SimBa
tweet-sno-1333	QO	vclaim-sno-did-trump-praise-covid-19-vaccines	1	34.61270903603023	SimBa
tweet-sno-1333	QO	vclaim-sno-cuba-cancer-vaccine	1	31.403591388910893	SimBa
tweet-sno-1333	QO	vclaim-sno-covid-vaccine-female-sterilization	1	31.021697834908984	SimBa
tweet-sno-1333	QO	vclaim-sno-trump-promise-vaccine-election-day	1	30.4799396122436	SimBa
tweet-sno-1334	QO	vclaim-sno-covid-vaccine-funded-by-trump	1	45.518159125024496	SimBa
tweet-sno-1334	QO	vclaim-sno-did-trump-praise-covid-19-vaccines	1	32.79036654261735	SimBa
tweet-sno-1334	QO	vclaim-sno-covid-good-news-list-accurate	1	30.09800708443544	SimBa
tweet-sno-1334	QO	vclaim-sno-doj-most-dangerous-vaccine	1	29.416242795773357	SimBa
tweet-sno-1334	QO	vclaim-sno-trump-promise-vaccine-election-day	1	28.662834136413146	SimBa
tweet-sno-1335	QO	vclaim-sno-biden-hat-trump-maga	1	41.92659464546892	SimBa
tweet-sno-1335	QO	vclaim-sno-biden-trump-dregs-society	1	32.9963946646898	SimBa
tweet-sno-1335	QO	vclaim-sno-listen-to-scientists	1	32.530669830471844	SimBa
tweet-sno-1335	QO	vclaim-sno-twitter-biden-negative-news	1	32.12032821560903	SimBa
tweet-sno-1335	QO	vclaim-sno-biden-second-amendment-obsolete	1	31.939964909910287	SimBa
tweet-sno-1336	QO	vclaim-sno-biden-major-dog-rescue-white-house	1	59.89990255098466	SimBa
tweet-sno-1336	QO	vclaim-sno-biden-team-statement-dog	1	45.38173133723664	SimBa
tweet-sno-1336	QO	vclaim-sno-biden-dog-major-indoguration	1	45.371504892061516	SimBa
tweet-sno-1336	QO	vclaim-sno-biden-dogs-kicked-out-white-house	1	43.43041598054135	SimBa
tweet-sno-1336	QO	vclaim-sno-biden-dogs-trump-chew-toy	1	34.310246963155144	SimBa
tweet-sno-1337	QO	vclaim-sno-trump-golf-rallies-coronavirus	1	40.50729009476378	SimBa
tweet-sno-1337	QO	vclaim-sno-golfing-trump-election-results	1	40.50527754099268	SimBa
tweet-sno-1337	QO	vclaim-sno-pence-trump-coronavirus-test	1	34.81742354127987	SimBa
tweet-sno-1337	QO	vclaim-sno-donald-trump-golf-course	1	34.620565140222276	SimBa
tweet-sno-1337	QO	vclaim-sno-trump-tulsa-rally-covid19-test	1	34.408546006443814	SimBa
tweet-sno-1338	QO	vclaim-sno-bannon-fauci-wray-head-pikes	1	53.36715805312647	SimBa
tweet-sno-1338	QO	vclaim-sno-steve-bannon-predicts-obama	1	36.84751280719928	SimBa
tweet-sno-1338	QO	vclaim-sno-bannon-leninist-destroy-state	1	33.19085926921788	SimBa
tweet-sno-1338	QO	vclaim-sno-bannon-hell-capitol-attack	1	33.18786921279344	SimBa
tweet-sno-1338	QO	vclaim-sno-clyburn-articles-impeachment	1	31.85460601153288	SimBa
tweet-sno-1339	QO	vclaim-sno-gray-wolves-endangered-trump	1	37.67816333366583	SimBa
tweet-sno-1339	QO	vclaim-sno-trump-whales-sea-turtles	1	30.204820265850636	SimBa
tweet-sno-1339	QO	vclaim-sno-trump-cecil-lion-wildlife-conservation-council	1	29.511262087297435	SimBa
tweet-sno-1339	QO	vclaim-sno-trump-animal-cruelty	1	29.49331515389778	SimBa
tweet-sno-1339	QO	vclaim-sno-trump-wampanoag-land	1	28.958206474794117	SimBa
tweet-sno-1340	QO	vclaim-sno-pa-worker-filling-ballots	1	49.53186932880388	SimBa
tweet-sno-1340	QO	vclaim-sno-broward-county-blank-ballots	1	35.82094237869401	SimBa
tweet-sno-1340	QO	vclaim-sno-ballots-video-voter-fraud-trump	1	33.8210223553047	SimBa
tweet-sno-1340	QO	vclaim-sno-atlanta-georgia-voter-fraud-video	1	32.99936014634047	SimBa
tweet-sno-1340	QO	vclaim-sno-erie-pennsylvania-trump-ballots	1	32.18000866742888	SimBa
tweet-sno-1341	QO	vclaim-sno-stop-the-count-chant	1	46.28247119390141	SimBa
tweet-sno-1341	QO	vclaim-sno-trump-vote-twice-north-carolina	1	35.71325203194272	SimBa
tweet-sno-1341	QO	vclaim-sno-trump-rally-chant	1	33.78894797917448	SimBa
tweet-sno-1341	QO	vclaim-sno-make-america-white-again-trump	1	31.88659939024464	SimBa
tweet-sno-1341	QO	vclaim-sno-popular-vote-totals-rigged	1	31.8414177368255	SimBa
tweet-sno-1342	QO	vclaim-sno-trump-recount-battleground-states	1	62.731759173558196	SimBa
tweet-sno-1342	QO	vclaim-sno-florida-moves-for-full-recount-of-state-votes-over-massive-voter-fraud	1	32.462883988534806	SimBa
tweet-sno-1342	QO	vclaim-sno-george-soros-controls-smartmatic-voting-machines-in-16-states	1	32.344247373715376	SimBa
tweet-sno-1342	QO	vclaim-sno-poll-watchers-2020-election	1	32.03860158560566	SimBa
tweet-sno-1342	QO	vclaim-sno-georgia-signature-audit	1	31.898064882800483	SimBa
tweet-sno-1343	QO	vclaim-sno-sharpie-trump-ballots-arizona	1	39.770980977661125	SimBa
tweet-sno-1343	QO	vclaim-sno-texas-vote-switching	1	33.63650528765826	SimBa
tweet-sno-1343	QO	vclaim-sno-millions-mail-in-ballots	1	33.281327620711934	SimBa
tweet-sno-1343	QO	vclaim-sno-virginia-vote-switch	1	33.060489690742905	SimBa
tweet-sno-1343	QO	vclaim-sno-vote-for-trump-or-else	1	32.53651329882975	SimBa
tweet-sno-1344	QO	vclaim-sno-sharpie-trump-ballots-arizona	1	52.628095912442824	SimBa
tweet-sno-1344	QO	vclaim-sno-california-unlawful-ballots	1	36.29955262506703	SimBa
tweet-sno-1344	QO	vclaim-sno-millions-mail-in-ballots	1	36.037179905031785	SimBa
tweet-sno-1344	QO	vclaim-sno-georgia-signature-audit	1	34.60394511954301	SimBa
tweet-sno-1344	QO	vclaim-sno-pa-mailin-votes-ballots	1	33.662900254046136	SimBa
tweet-sno-1345	QO	vclaim-sno-sharpie-trump-ballots-arizona	1	42.33584721153129	SimBa
tweet-sno-1345	QO	vclaim-sno-wisconsin-vote-dump	1	37.32985195157591	SimBa
tweet-sno-1345	QO	vclaim-sno-millions-mail-in-ballots	1	36.26858695634322	SimBa
tweet-sno-1345	QO	vclaim-sno-machine-voting-pens-switching-votes	1	35.56781973532012	SimBa
tweet-sno-1345	QO	vclaim-sno-ballots-video-voter-fraud-trump	1	34.89548849759492	SimBa
tweet-sno-1346	QO	vclaim-sno-saved-whale-says-thanks	1	28.150085302817303	SimBa
tweet-sno-1346	QO	vclaim-sno-fisherman-survived-inside-whale-for-three-days	1	27.171928609188047	SimBa
tweet-sno-1346	QO	vclaim-sno-killer-whale	1	25.634125337170374	SimBa
tweet-sno-1346	QO	vclaim-sno-big-gulp	1	24.410796740718382	SimBa
tweet-sno-1346	QO	vclaim-sno-orchestra-whale-video-fake	1	23.986001189347352	SimBa
tweet-sno-1347	QO	vclaim-sno-humpback-whale-eat-kayaker	1	37.697180601342154	SimBa
tweet-sno-1347	QO	vclaim-sno-big-gulp	1	36.732639018087745	SimBa
tweet-sno-1347	QO	vclaim-sno-killer-whale	1	34.21247380047741	SimBa
tweet-sno-1347	QO	vclaim-sno-photograph-kayak-orcas	1	33.92409390869472	SimBa
tweet-sno-1347	QO	vclaim-sno-blue-whale-under-rowboat	1	30.952359881923005	SimBa
tweet-sno-1348	QO	vclaim-sno-biden-black-athletes-green-mile	1	30.729482665491954	SimBa
tweet-sno-1348	QO	vclaim-sno-quayle-quotes	1	25.759348799332777	SimBa
tweet-sno-1348	QO	vclaim-sno-jackie-robinson-anthem	1	25.056975610890312	SimBa
tweet-sno-1348	QO	vclaim-sno-black-americans-super-predators	1	23.58627242929368	SimBa
tweet-sno-1348	QO	vclaim-sno-biden-racial-jungle-quote	1	23.215910322942495	SimBa
tweet-sno-1349	QO	vclaim-sno-kamala-harris-pearls-election-day	1	31.69898768195582	SimBa
tweet-sno-1349	QO	vclaim-sno-hillary-clinton-embraces-the-woman-card	1	21.219684561912082	SimBa
tweet-sno-1349	QO	vclaim-sno-monica-lewinsky-voting-for-hillary-clinton	1	20.71452093073664	SimBa
tweet-sno-1349	QO	vclaim-sno-kamala-harris-protests	1	19.466360990621766	SimBa
tweet-sno-1349	QO	vclaim-sno-27-republicans-endorse-biden	1	18.71922148895833	SimBa
tweet-sno-1350	QO	vclaim-sno-amish-buggies-trump	1	35.32342933471374	SimBa
tweet-sno-1350	QO	vclaim-sno-amish-trump-presidential-victory	1	33.82211547853468	SimBa
tweet-sno-1350	QO	vclaim-sno-12th-amendment-path-to-victory	1	27.054529227717467	SimBa
tweet-sno-1350	QO	vclaim-sno-amish-community-puppy-mills	1	25.23126343396539	SimBa
tweet-sno-1350	QO	vclaim-sno-trump-tulsa-rally-covid19-test	1	25.207192789457643	SimBa
tweet-sno-1351	QO	vclaim-sno-omar-minnesota-register-vote	1	31.732206207580177	SimBa
tweet-sno-1351	QO	vclaim-sno-strawman-poll	1	27.820619057768617	SimBa
tweet-sno-1351	QO	vclaim-sno-ghost-voters-in-29-states	1	26.124357137691682	SimBa
tweet-sno-1351	QO	vclaim-sno-uber-lyft-free-rides-polls	1	25.764566410404125	SimBa
tweet-sno-1351	QO	vclaim-sno-phoney-voting	1	24.98980831135021	SimBa
tweet-sno-1352	QO	vclaim-sno-hunter-biden-flipped-fbi	1	33.562942921173835	SimBa
tweet-sno-1352	QO	vclaim-sno-c-span-video-joe-biden-ukraine	1	32.72889928179373	SimBa
tweet-sno-1352	QO	vclaim-sno-joe-biden-war-hero-story	1	31.967188574863926	SimBa
tweet-sno-1352	QO	vclaim-sno-bar-owner-biden-ad	1	31.62084232354254	SimBa
tweet-sno-1352	QO	vclaim-sno-black-americans-super-predators	1	30.80259911691264	SimBa
tweet-sno-1353	QO	vclaim-sno-hunter-biden-flipped-fbi	1	50.80138740361989	SimBa
tweet-sno-1353	QO	vclaim-sno-c-span-video-joe-biden-ukraine	1	32.93172837605848	SimBa
tweet-sno-1353	QO	vclaim-sno-hunter-biden-discharge	1	32.1554859117942	SimBa
tweet-sno-1353	QO	vclaim-sno-biden-lie-wife-killed-drunk-driver	1	31.380159641853925	SimBa
tweet-sno-1353	QO	vclaim-sno-hunter-biden-dead-overdose-hoax	1	30.425191875170903	SimBa
tweet-sno-1354	QO	vclaim-sno-hunter-biden-flipped-fbi	1	39.16464921161656	SimBa
tweet-sno-1354	QO	vclaim-sno-hunter-biden-dead-overdose-hoax	1	34.69955588899977	SimBa
tweet-sno-1354	QO	vclaim-sno-ivanka-trump-hunter-biden	1	34.58236021744304	SimBa
tweet-sno-1354	QO	vclaim-sno-biden-endorses-romney-for-president	1	33.861342557506774	SimBa
tweet-sno-1354	QO	vclaim-sno-joe-biden-stutter	1	32.93754827686793	SimBa
tweet-sno-1355	QO	vclaim-sno-hunter-biden-flipped-fbi	1	26.492548681230012	SimBa
tweet-sno-1355	QO	vclaim-sno-ivanka-trump-hunter-biden	1	20.03518020292733	SimBa
tweet-sno-1355	QO	vclaim-sno-joe-biden-endorsement	1	18.230084853539967	SimBa
tweet-sno-1355	QO	vclaim-sno-bar-owner-biden-ad	1	17.706122410752783	SimBa
tweet-sno-1355	QO	vclaim-sno-real-clear-politics-biden	1	17.69998445902438	SimBa
tweet-sno-1356	QO	vclaim-sno-hunter-biden-flipped-fbi	1	42.42397574884324	SimBa
tweet-sno-1356	QO	vclaim-sno-biden-admit-voter-fraud	1	32.258013454930996	SimBa
tweet-sno-1356	QO	vclaim-sno-hunter-biden-dead-overdose-hoax	1	32.07575549076568	SimBa
tweet-sno-1356	QO	vclaim-sno-c-span-video-joe-biden-ukraine	1	31.949297745092473	SimBa
tweet-sno-1356	QO	vclaim-sno-fake-biden-arrest-warrant	1	31.75582013375001	SimBa
tweet-sno-1357	QO	vclaim-sno-armed-trump-fans-biden-bus	1	43.85452695028952	SimBa
tweet-sno-1357	QO	vclaim-sno-fbi-trump-biden-bus	1	36.54166365411526	SimBa
tweet-sno-1357	QO	vclaim-sno-truckers-strike-thanksgiving	1	31.31028690814005	SimBa
tweet-sno-1357	QO	vclaim-sno-anti-trump-protesters-bused-into-austin	1	30.793025028803896	SimBa
tweet-sno-1357	QO	vclaim-sno-trump-tell-supporters-storm	1	30.63031169145736	SimBa
tweet-sno-1358	QO	vclaim-sno-fbi-trump-biden-bus	1	40.02014620242875	SimBa
tweet-sno-1358	QO	vclaim-sno-anti-trump-protesters-bused-into-austin	1	35.6009428382859	SimBa
tweet-sno-1358	QO	vclaim-sno-armed-trump-fans-biden-bus	1	35.04357991572692	SimBa
tweet-sno-1358	QO	vclaim-sno-trucked-voters-in-pa	1	28.4265741913795	SimBa
tweet-sno-1358	QO	vclaim-sno-bus-crash-super-tuesday	1	28.09269945077896	SimBa
tweet-sno-1359	QO	vclaim-sno-armed-trump-fans-biden-bus	1	41.991701628067865	SimBa
tweet-sno-1359	QO	vclaim-sno-fbi-trump-biden-bus	1	39.67702990731649	SimBa
tweet-sno-1359	QO	vclaim-sno-run-over-trump-protesters	1	36.647168893207834	SimBa
tweet-sno-1359	QO	vclaim-sno-trump-mob-capitol	1	36.05204454865017	SimBa
tweet-sno-1359	QO	vclaim-sno-antifa-flyer-trump-supporters	1	32.97347722259012	SimBa
tweet-sno-1360	QO	vclaim-sno-fbi-trump-biden-bus	1	39.15722815137471	SimBa
tweet-sno-1360	QO	vclaim-sno-armed-trump-fans-biden-bus	1	33.92034825895654	SimBa
tweet-sno-1360	QO	vclaim-sno-bus-crash-super-tuesday	1	33.25861241524112	SimBa
tweet-sno-1360	QO	vclaim-sno-anti-trump-protesters-bused-into-austin	1	31.32060304074226	SimBa
tweet-sno-1360	QO	vclaim-sno-truckers-strike-thanksgiving	1	29.304479395930493	SimBa
tweet-sno-1361	QO	vclaim-sno-democratic-congressmen-busted-planning-assassinate-trump	1	31.41502459379137	SimBa
tweet-sno-1361	QO	vclaim-sno-trump-biden-assassination-shot	1	29.732968859912244	SimBa
tweet-sno-1361	QO	vclaim-sno-deadly-chase-down	1	29.492724515084465	SimBa
tweet-sno-1361	QO	vclaim-sno-fbi-50-states-armed-protest	1	29.46678206856537	SimBa
tweet-sno-1361	QO	vclaim-sno-left-wing-mob-violence	1	29.259397429120867	SimBa
tweet-sno-1362	QO	vclaim-sno-sean-connery-trump-golf-course	1	38.68309701504241	SimBa
tweet-sno-1362	QO	vclaim-sno-sean-connery-net-worth	1	26.48113857267452	SimBa
tweet-sno-1362	QO	vclaim-sno-keanu-reeves-trump-successful-man	1	24.50503741245123	SimBa
tweet-sno-1362	QO	vclaim-sno-bill-murray-death-notice	1	24.312809436240446	SimBa
tweet-sno-1362	QO	vclaim-sno-hackman-trump-president	1	24.25473780823628	SimBa
tweet-sno-1363	QO	vclaim-sno-taco-bell-mexican-pizza	1	33.80038138228806	SimBa
tweet-sno-1363	QO	vclaim-sno-taco-bell-closing	1	31.592986653957084	SimBa
tweet-sno-1363	QO	vclaim-sno-taco-bell-menu-change	1	30.940963842090202	SimBa
tweet-sno-1363	QO	vclaim-sno-taco-bell-closing-2020	1	28.82583237387331	SimBa
tweet-sno-1363	QO	vclaim-sno-empty-chipotle-employees	1	25.780229226984734	SimBa
tweet-sno-1364	QO	vclaim-sno-taco-bell-mexican-pizza	1	35.26523277313821	SimBa
tweet-sno-1364	QO	vclaim-sno-taco-bell-menu-change	1	28.023393987162667	SimBa
tweet-sno-1364	QO	vclaim-sno-pizza-hut-papa-johns-gm-strike	1	25.294069465433708	SimBa
tweet-sno-1364	QO	vclaim-sno-pizza-is-good-for-you	1	25.169377364412398	SimBa
tweet-sno-1364	QO	vclaim-sno-taco-bell-closing-2020	1	24.281940728392613	SimBa
tweet-sno-1365	QO	vclaim-sno-taco-bell-mexican-pizza	1	33.90631264202871	SimBa
tweet-sno-1365	QO	vclaim-sno-taco-bell-menu-change	1	25.629733266658036	SimBa
tweet-sno-1365	QO	vclaim-sno-pizza-is-good-for-you	1	24.857014903785135	SimBa
tweet-sno-1365	QO	vclaim-sno-mcpizza	1	24.774171212363964	SimBa
tweet-sno-1365	QO	vclaim-sno-taco-bell-major-changes	1	24.0249097658733	SimBa
tweet-sno-1366	QO	vclaim-sno-mcpizza	1	34.200905660241325	SimBa
tweet-sno-1366	QO	vclaim-sno-taco-bell-mexican-pizza	1	32.12723265214886	SimBa
tweet-sno-1366	QO	vclaim-sno-taco-bell-menu-change	1	28.416162194653815	SimBa
tweet-sno-1366	QO	vclaim-sno-pizza-is-good-for-you	1	27.470429449774436	SimBa
tweet-sno-1366	QO	vclaim-sno-pizza-vending-machine	1	26.51987097854968	SimBa
tweet-sno-1367	QO	vclaim-sno-taco-bell-mexican-pizza	1	36.72207544672292	SimBa
tweet-sno-1367	QO	vclaim-sno-taco-bell-closing	1	32.28665095895575	SimBa
tweet-sno-1367	QO	vclaim-sno-taco-bell-closing-2020	1	29.497772877256907	SimBa
tweet-sno-1367	QO	vclaim-sno-meat-your-maker	1	28.88092671390323	SimBa
tweet-sno-1367	QO	vclaim-sno-taco-bell-menu-change	1	27.892011084739238	SimBa
tweet-sno-1368	QO	vclaim-sno-cheesecake-factory-closing-rumor	1	31.822954233809998	SimBa
tweet-sno-1368	QO	vclaim-sno-whataburger-closing-its-doors	1	30.562616112377725	SimBa
tweet-sno-1368	QO	vclaim-sno-subway-pizza-hut-closing	1	29.99998982495023	SimBa
tweet-sno-1368	QO	vclaim-sno-taco-bell-mexican-pizza	1	29.853749902305456	SimBa
tweet-sno-1368	QO	vclaim-sno-red-lobster-closing	1	28.7676141632028	SimBa
tweet-sno-1369	QO	vclaim-sno-cheesecake-factory-closing-rumor	1	35.14354156529303	SimBa
tweet-sno-1369	QO	vclaim-sno-subway-pizza-hut-closing	1	29.306500446002914	SimBa
tweet-sno-1369	QO	vclaim-sno-taco-bell-closing-2020	1	29.014371570271802	SimBa
tweet-sno-1369	QO	vclaim-sno-olive-garden-closing	1	28.257101006888348	SimBa
tweet-sno-1369	QO	vclaim-sno-not-lovin39-it	1	28.21045814427857	SimBa
tweet-sno-1370	QO	vclaim-sno-cheesecake-factory-closing-rumor	1	34.79600865650124	SimBa
tweet-sno-1370	QO	vclaim-sno-trump-food-assistance-700000	1	27.744128762902125	SimBa
tweet-sno-1370	QO	vclaim-sno-subway-pizza-hut-closing	1	27.65033539387407	SimBa
tweet-sno-1370	QO	vclaim-sno-outback-trump-supporters	1	27.64220422095683	SimBa
tweet-sno-1370	QO	vclaim-sno-red-lobster-closing	1	27.57021286924838	SimBa
tweet-sno-1371	QO	vclaim-sno-cheesecake-factory-closing-rumor	1	66.98955063603928	SimBa
tweet-sno-1371	QO	vclaim-sno-red-lobster-closing	1	39.52964215676192	SimBa
tweet-sno-1371	QO	vclaim-sno-taco-bell-closing	1	39.30967327781171	SimBa
tweet-sno-1371	QO	vclaim-sno-big-lots-closing	1	36.51164994321896	SimBa
tweet-sno-1371	QO	vclaim-sno-dunkin-donuts-bankruptcy-prank	1	35.14136779329641	SimBa
tweet-sno-1372	QO	vclaim-sno-cheesecake-factory-closing-rumor	1	50.333433039367996	SimBa
tweet-sno-1372	QO	vclaim-sno-dunkin-donuts-bankruptcy-prank	1	38.60906990945427	SimBa
tweet-sno-1372	QO	vclaim-sno-subway-pizza-hut-closing	1	34.98350176327853	SimBa
tweet-sno-1372	QO	vclaim-sno-facebook-closure	1	34.7013670867321	SimBa
tweet-sno-1372	QO	vclaim-sno-red-lobster-closing	1	33.97955214891545	SimBa
tweet-sno-1373	QO	vclaim-sno-cheesecake-factory-closing-rumor	1	37.52162782230387	SimBa
tweet-sno-1373	QO	vclaim-sno-whataburger-closing-its-doors	1	26.88802285337081	SimBa
tweet-sno-1373	QO	vclaim-sno-not-lovin39-it	1	26.46315914700967	SimBa
tweet-sno-1373	QO	vclaim-sno-taco-bell-closing	1	26.344304767983523	SimBa
tweet-sno-1373	QO	vclaim-sno-dunkin-donuts-bankruptcy-prank	1	26.164320261352962	SimBa
tweet-sno-1374	QO	vclaim-sno-cheesecake-factory-closing-rumor	1	69.93000833345624	SimBa
tweet-sno-1374	QO	vclaim-sno-taco-bell-closing	1	45.568293701669724	SimBa
tweet-sno-1374	QO	vclaim-sno-red-lobster-closing	1	40.07195654416674	SimBa
tweet-sno-1374	QO	vclaim-sno-whataburger-closing-its-doors	1	34.52743403919724	SimBa
tweet-sno-1374	QO	vclaim-sno-olive-garden-closing	1	34.4975647171332	SimBa
tweet-sno-1375	QO	vclaim-sno-cheesecake-factory-closing-rumor	1	46.877952754028996	SimBa
tweet-sno-1375	QO	vclaim-sno-cheesecake-factory-gift-card	1	25.85854454100665	SimBa
tweet-sno-1375	QO	vclaim-sno-red-lobster-closing	1	23.792800079081758	SimBa
tweet-sno-1375	QO	vclaim-sno-whataburger-closing-its-doors	1	22.175586103904777	SimBa
tweet-sno-1375	QO	vclaim-sno-taco-bell-closing	1	21.380010611399964	SimBa
tweet-sno-1376	QO	vclaim-sno-girl-scouts-congratulate-barrett	1	30.665538034746305	SimBa
tweet-sno-1376	QO	vclaim-sno-twitter-warning-trumps-tweet	1	29.298023623771137	SimBa
tweet-sno-1376	QO	vclaim-sno-trump-noble-prize-tweets	1	28.12176499897226	SimBa
tweet-sno-1376	QO	vclaim-sno-marjorie-taylor-greene-twitter	1	27.89304920577562	SimBa
tweet-sno-1376	QO	vclaim-sno-pelosi-tweet-chinatown-tourism	1	27.37948852518198	SimBa
tweet-sno-1377	QO	vclaim-sno-aoc-gop-sad-stupid-vanity-fair	1	30.614607490396658	SimBa
tweet-sno-1377	QO	vclaim-sno-nancy-pelosi-wrap-up-smear	1	25.23074034561241	SimBa
tweet-sno-1377	QO	vclaim-sno-candace-owens-pelosi-capitol	1	24.722635181489327	SimBa
tweet-sno-1377	QO	vclaim-sno-1998-trump-people-quote	1	24.445958946411288	SimBa
tweet-sno-1377	QO	vclaim-sno-hillary-clinton-stupid-quote	1	23.924483801158505	SimBa
tweet-sno-1378	QO	vclaim-sno-isis-called-for-assassination-of-barron-trump	1	50.14871247054591	SimBa
tweet-sno-1378	QO	vclaim-sno-trump-biden-assassination-shot	1	46.953344466986124	SimBa
tweet-sno-1378	QO	vclaim-sno-trump-pedophiles-death-penalty	1	43.06585259609697	SimBa
tweet-sno-1378	QO	vclaim-sno-listen-to-scientists	1	38.20718291571456	SimBa
tweet-sno-1378	QO	vclaim-sno-bob-beckel-julian-assange	1	38.05261398739196	SimBa
tweet-sno-1379	QO	vclaim-sno-biden-admit-voter-fraud	1	41.956921479016486	SimBa
tweet-sno-1379	QO	vclaim-sno-trump-biden-vote-dumps	1	39.23860802554278	SimBa
tweet-sno-1379	QO	vclaim-sno-huckabee-letter-biden-fraud	1	37.9770327732552	SimBa
tweet-sno-1379	QO	vclaim-sno-wisconsin-vote-dump	1	36.69204451643561	SimBa
tweet-sno-1379	QO	vclaim-sno-simple-math-on-biden-votes	1	36.22323678230859	SimBa
tweet-sno-1380	QO	vclaim-sno-trump-tweet-obama-8-years	1	39.56997137858009	SimBa
tweet-sno-1380	QO	vclaim-sno-2009-trump-tweet-pandemic	1	39.0272728898591	SimBa
tweet-sno-1380	QO	vclaim-sno-experts-officials-pandemic-2018	1	38.61480668756732	SimBa
tweet-sno-1380	QO	vclaim-sno-biden-tweet-pandemic	1	37.922270960271234	SimBa
tweet-sno-1380	QO	vclaim-sno-obama-wait-swine-flu-n1h1	1	35.80494349583691	SimBa
tweet-sno-1381	QO	vclaim-sno-merriam-webster-barrett-sexual	1	39.714223617981	SimBa
tweet-sno-1381	QO	vclaim-sno-irregardless-merriam-webster	1	29.67039610533341	SimBa
tweet-sno-1381	QO	vclaim-sno-fascism-corporations-corporatism-dictionary	1	28.694820350657043	SimBa
tweet-sno-1381	QO	vclaim-sno-doj-change-domestic-violence-definition	1	24.515791515788504	SimBa
tweet-sno-1381	QO	vclaim-sno-merriam-webster-definition-racism	1	24.264179714606495	SimBa
tweet-sno-1382	QO	vclaim-sno-black-americans-super-predators	1	32.071529920860684	SimBa
tweet-sno-1382	QO	vclaim-sno-joe-biden-put-yall-back-in-chains	1	30.504098955752383	SimBa
tweet-sno-1382	QO	vclaim-sno-joe-biden-n-word-recorded-speech	1	29.675904567503572	SimBa
tweet-sno-1382	QO	vclaim-sno-elijah-cummings-said-democrats-gave-black-people-the-right-to-vote	1	29.28709017629336	SimBa
tweet-sno-1382	QO	vclaim-sno-karl-rove-biden-inauguration	1	28.755896442230366	SimBa
tweet-sno-1383	QO	vclaim-sno-mitch-mcconnells-hands	1	39.68222659222495	SimBa
tweet-sno-1383	QO	vclaim-sno-did-c-span-insult-mitch-mcconnell	1	25.819799501616576	SimBa
tweet-sno-1383	QO	vclaim-sno-mcconnell-voting-photobomb	1	25.713663799919217	SimBa
tweet-sno-1383	QO	vclaim-sno-mcconnell-trump-attack-capitol	1	24.272896549737325	SimBa
tweet-sno-1383	QO	vclaim-sno-supreme-court-flip-flop	1	24.10810389583387	SimBa
tweet-sno-1384	QO	vclaim-sno-nurse-gop-convention-shooting	1	33.61422279619448	SimBa
tweet-sno-1384	QO	vclaim-sno-police-arrest-jesus-campos	1	29.67198670977248	SimBa
tweet-sno-1384	QO	vclaim-sno-morgue-employee-arrested-pimping	1	29.53651575702326	SimBa
tweet-sno-1384	QO	vclaim-sno-newark-woman-arrested-for-assaulting-killing-son-with-toy	1	28.975783369027276	SimBa
tweet-sno-1384	QO	vclaim-sno-catch-me-outside-girl-arrested	1	28.4455515589466	SimBa
tweet-sno-1385	QO	vclaim-sno-jane-fonda-covid-gods-gift	1	59.19059975522348	SimBa
tweet-sno-1385	QO	vclaim-sno-greene-biden-mark-of-the-beast	1	37.03836286561493	SimBa
tweet-sno-1385	QO	vclaim-sno-harris-biden-blog-post	1	35.09214339863105	SimBa
tweet-sno-1385	QO	vclaim-sno-biden-say-president-harris	1	34.086373363007326	SimBa
tweet-sno-1385	QO	vclaim-sno-biden-second-amendment-obsolete	1	33.29079994607594	SimBa
tweet-sno-1386	QO	vclaim-sno-biden-ban-fracking	1	44.40343151023795	SimBa
tweet-sno-1386	QO	vclaim-sno-harris-biden-blog-post	1	42.03510025429234	SimBa
tweet-sno-1386	QO	vclaim-sno-kamala-harris-call-biden-racist	1	35.97754824264773	SimBa
tweet-sno-1386	QO	vclaim-sno-biden-say-president-harris	1	35.683465875075726	SimBa
tweet-sno-1386	QO	vclaim-sno-biden-harris-burning-flag	1	35.12056209987409	SimBa
tweet-sno-1387	QO	vclaim-sno-kennedy-nixon-virtual-debate-1960	1	36.848001041101185	SimBa
tweet-sno-1387	QO	vclaim-sno-1956-republican-platform	1	25.232058388832893	SimBa
tweet-sno-1387	QO	vclaim-sno-jfk-the-crown-speech	1	24.97658632500533	SimBa
tweet-sno-1387	QO	vclaim-sno-confessions-of-a-republican	1	24.194405716233046	SimBa
tweet-sno-1387	QO	vclaim-sno-home-alone-world-trade-center	1	24.088638921663925	SimBa
tweet-sno-1388	QO	vclaim-sno-karen-pence-mask-debate	1	31.429524375168967	SimBa
tweet-sno-1388	QO	vclaim-sno-karen-pence-school-lgbt	1	26.075104366572184	SimBa
tweet-sno-1388	QO	vclaim-sno-mike-pence-tweet	1	25.690210185414674	SimBa
tweet-sno-1388	QO	vclaim-sno-red-mask-blue-mask-covid	1	25.43461446457855	SimBa
tweet-sno-1388	QO	vclaim-sno-pence-nasa-do-not-touch	1	25.310387762711713	SimBa
tweet-sno-1389	QO	vclaim-sno-trump-sign-hollywood-los-angeles	1	40.938902932123405	SimBa
tweet-sno-1389	QO	vclaim-sno-trump-made-america-the-best-sign	1	29.44087244528419	SimBa
tweet-sno-1389	QO	vclaim-sno-trump-christ-billboard-st-louis	1	28.280813945093243	SimBa
tweet-sno-1389	QO	vclaim-sno-baracco-clintez-trump-star	1	28.217355346035433	SimBa
tweet-sno-1389	QO	vclaim-sno-trump-train-stuck-under-bridge	1	27.48445336934502	SimBa
tweet-sno-1390	QO	vclaim-sno-kamala-harris-protests	1	54.933688397114224	SimBa
tweet-sno-1390	QO	vclaim-sno-tomi-lahren-biden-supporters-loot	1	34.11606728886098	SimBa
tweet-sno-1390	QO	vclaim-sno-fake-aoc-purge-tweet	1	32.58902785133109	SimBa
tweet-sno-1390	QO	vclaim-sno-antifa-flyer-trump-supporters	1	32.37946902550792	SimBa
tweet-sno-1390	QO	vclaim-sno-mike-pence-tweet	1	31.30706645177159	SimBa
tweet-sno-1391	QO	vclaim-sno-biden-trump-dregs-society	1	65.19233398989587	SimBa
tweet-sno-1391	QO	vclaim-sno-biden-trump-xenophobic	1	47.384246208112685	SimBa
tweet-sno-1391	QO	vclaim-sno-biden-second-amendment-obsolete	1	45.31263101506296	SimBa
tweet-sno-1391	QO	vclaim-sno-biden-doocy-stupid-bitch	1	44.535043307206536	SimBa
tweet-sno-1391	QO	vclaim-sno-biden-troops-stupid-bastards	1	44.04040554341421	SimBa
tweet-sno-1392	QO	vclaim-sno-biden-pandemic-black-women-grocery	1	38.47269975577893	SimBa
tweet-sno-1392	QO	vclaim-sno-biden-kenosha-black-looting	1	25.168352191156785	SimBa
tweet-sno-1392	QO	vclaim-sno-joe-biden-ancestors-own-slaves	1	23.755330469107165	SimBa
tweet-sno-1392	QO	vclaim-sno-joe-biden-put-yall-back-in-chains	1	22.93592479436848	SimBa
tweet-sno-1392	QO	vclaim-sno-black-americans-super-predators	1	22.70978186545112	SimBa
tweet-sno-1393	QO	vclaim-sno-clinton-mccabe-donation	1	47.642456261080575	SimBa
tweet-sno-1393	QO	vclaim-sno-comey-clinton-foundation	1	34.73065912168009	SimBa
tweet-sno-1393	QO	vclaim-sno-hillary-clinton-arrested-fbi-hoax	1	33.40173297208285	SimBa
tweet-sno-1393	QO	vclaim-sno-james-comey-seth-rich	1	32.519186338511005	SimBa
tweet-sno-1393	QO	vclaim-sno-clinton-hard-drive-destruction	1	32.44549084426229	SimBa
tweet-sno-1394	QO	vclaim-sno-gay-men-proud-boys-hashtag	1	31.452228324268468	SimBa
tweet-sno-1394	QO	vclaim-sno-condom-snorting-challenge	1	27.13269676991572	SimBa
tweet-sno-1394	QO	vclaim-sno-are-people-adopting-pit-bulls-euthanizing	1	23.568621251519538	SimBa
tweet-sno-1394	QO	vclaim-sno-wisconsin-transgender-students-force-to-wear-green-bracelets	1	23.18148554853269	SimBa
tweet-sno-1394	QO	vclaim-sno-gay-jesus-film	1	22.931137023263506	SimBa
tweet-sno-1395	QO	vclaim-sno-gay-men-proud-boys-hashtag	1	48.063253933970984	SimBa
tweet-sno-1395	QO	vclaim-sno-roger-stone-proud-boys	1	24.737210106226083	SimBa
tweet-sno-1395	QO	vclaim-sno-can-you-vote-online-with-a-hashtag	1	24.645810351258667	SimBa
tweet-sno-1395	QO	vclaim-sno-republican-dean-browning-gay	1	24.51306921207005	SimBa
tweet-sno-1395	QO	vclaim-sno-stop-the-steal-gay-communists	1	23.54589757545628	SimBa
tweet-sno-1396	QO	vclaim-sno-bikers-trump-praying-walter-reed	1	40.72552546634004	SimBa
tweet-sno-1396	QO	vclaim-sno-motorcycle-group-trump-inauguration	1	33.0186377749724	SimBa
tweet-sno-1396	QO	vclaim-sno-photograph-shows-100000-bikers-at-trump-rally	1	32.99461999838586	SimBa
tweet-sno-1396	QO	vclaim-sno-bikers-kavanaugh-support-video	1	32.681815822061544	SimBa
tweet-sno-1396	QO	vclaim-sno-amish-buggies-trump	1	31.85240418191953	SimBa
tweet-sno-1397	QO	vclaim-sno-trump-covid-fundraising	1	29.566188305247678	SimBa
tweet-sno-1397	QO	vclaim-sno-venmo-scam	1	26.834959407090857	SimBa
tweet-sno-1397	QO	vclaim-sno-paypal-twitter-jar-address	1	24.41855332287147	SimBa
tweet-sno-1397	QO	vclaim-sno-trump-army-fundraising-email	1	23.763204784569954	SimBa
tweet-sno-1397	QO	vclaim-sno-american-cancer-society-hoax	1	23.484229609272603	SimBa
tweet-sno-1398	QO	vclaim-sno-amy-coney-barrett-rhodes-scholar	1	47.52053510804841	SimBa
tweet-sno-1398	QO	vclaim-sno-kamala-harris-berkeley-busing	1	27.633970087682805	SimBa
tweet-sno-1398	QO	vclaim-sno-meryl-streep-fired	1	27.095962672851186	SimBa
tweet-sno-1398	QO	vclaim-sno-michelle-obamas-fake-degrees	1	25.823547125634047	SimBa
tweet-sno-1398	QO	vclaim-sno-barrett-nword-opinion	1	25.800448446928822	SimBa
tweet-sno-1399	QO	vclaim-sno-biden-antifa-courageous-americans	1	30.87958265488095	SimBa
tweet-sno-1399	QO	vclaim-sno-biden-fail-condemn-antifa	1	28.007961624995467	SimBa
tweet-sno-1399	QO	vclaim-sno-antifa-mugshots-charlottesville	1	27.6595302290428	SimBa
tweet-sno-1399	QO	vclaim-sno-paul-ryan-endorsed-antifa	1	27.535698650527642	SimBa
tweet-sno-1399	QO	vclaim-sno-six-antifa-beatup-video	1	27.36914669576042	SimBa
tweet-sno-1400	QO	vclaim-sno-trump-condemn-white-supremacists	1	37.42504920916481	SimBa
tweet-sno-1400	QO	vclaim-sno-trump-white-nationalists-us-press-conference	1	28.016576498713224	SimBa
tweet-sno-1400	QO	vclaim-sno-iowa-congressman-retweet-white-supremacist	1	27.158354880470597	SimBa
tweet-sno-1400	QO	vclaim-sno-trump-terror-watch-program	1	26.23653645085062	SimBa
tweet-sno-1400	QO	vclaim-sno-america-first-ku-klux-klan-slogan	1	26.2118735337011	SimBa
tweet-sno-1401	QO	vclaim-sno-bloomberg-pay-florida-felons-vote	1	31.193635698655267	SimBa
tweet-sno-1401	QO	vclaim-sno-did-joe-frazier-vote-pa	1	30.41417078548634	SimBa
tweet-sno-1401	QO	vclaim-sno-bloomberg-campaign-prisoners	1	28.486773840998744	SimBa
tweet-sno-1401	QO	vclaim-sno-michael-bloomberg-donald-trump	1	27.440831206609843	SimBa
tweet-sno-1401	QO	vclaim-sno-joe-morrissey-receptionist	1	27.431839691101942	SimBa
