tweet-sno-1200	QO	vclaim-sno-lady-gaga-oreo	1	45.13901598011002	SimBa
tweet-sno-1200	QO	vclaim-sno-red-velvet-oreos	1	37.075165210890624	SimBa
tweet-sno-1200	QO	vclaim-sno-amazon-holiday-shopping	1	36.56881017440075	SimBa
tweet-sno-1200	QO	vclaim-sno-black-raspberry-chocolate-chip-oreos	1	35.718226404770924	SimBa
tweet-sno-1200	QO	vclaim-sno-xbox-playstation-ps5-congrats	1	32.85644727670255	SimBa
tweet-sno-1201	QO	vclaim-sno-biden-executive-order-dictator	1	70.71406512857422	SimBa
tweet-sno-1201	QO	vclaim-sno-biden-violate-mask-mandate	1	60.89421657485817	SimBa
tweet-sno-1201	QO	vclaim-sno-mcconnell-democrats-no-victories	1	54.406503956018376	SimBa
tweet-sno-1201	QO	vclaim-sno-biden-signing-blank-papers	1	54.31099696564776	SimBa
tweet-sno-1201	QO	vclaim-sno-trump-executive-order-biden	1	54.26935789859708	SimBa
tweet-sno-1202	QO	vclaim-sno-biden-executive-order-dictator	1	64.85756654267344	SimBa
tweet-sno-1202	QO	vclaim-sno-jimmy-carter-functioning-democracy	1	50.207371342355	SimBa
tweet-sno-1202	QO	vclaim-sno-bloc-the-vote	1	49.00313848752676	SimBa
tweet-sno-1202	QO	vclaim-sno-biden-second-amendment-phony	1	47.65638776196868	SimBa
tweet-sno-1202	QO	vclaim-sno-biden-president-elect-office	1	46.97105864712555	SimBa
tweet-sno-1203	QO	vclaim-sno-farmers-protest-india-flag	1	56.80046539021902	SimBa
tweet-sno-1203	QO	vclaim-sno-capture-the-flag	1	55.50831515417116	SimBa
tweet-sno-1203	QO	vclaim-sno-911-wwii-memorial-vandalized	1	50.23058261838844	SimBa
tweet-sno-1203	QO	vclaim-sno-confederate-flag-capitol-dc	1	49.99580582342102	SimBa
tweet-sno-1203	QO	vclaim-sno-defaced-abolitionist-statue	1	49.89614550293098	SimBa
tweet-sno-1204	QO	vclaim-sno-biden-bans-china-virus	1	85.78338823671375	SimBa
tweet-sno-1204	QO	vclaim-sno-trump-ban-travel-china-pandemic	1	58.46900718950796	SimBa
tweet-sno-1204	QO	vclaim-sno-biden-violate-mask-mandate	1	56.88890861637343	SimBa
tweet-sno-1204	QO	vclaim-sno-power-grid-executive-order	1	56.106340169059166	SimBa
tweet-sno-1204	QO	vclaim-sno-trump-executive-order-biden	1	55.18935650115682	SimBa
tweet-sno-1205	QO	vclaim-sno-trump-office-former-president	1	72.21874572989199	SimBa
tweet-sno-1205	QO	vclaim-sno-obama-trump-transition-letter	1	57.103750970263235	SimBa
tweet-sno-1205	QO	vclaim-sno-oval-office-fumigated-after-trump	1	54.13362716097235	SimBa
tweet-sno-1205	QO	vclaim-sno-trump-diet-coke-button-oval	1	52.27877348870446	SimBa
tweet-sno-1205	QO	vclaim-sno-donald-trump-appoints-kanye-west-to-cabinet-position	1	52.14828363953774	SimBa
tweet-sno-1206	QO	vclaim-sno-trump-office-former-president	1	76.71649067534409	SimBa
tweet-sno-1206	QO	vclaim-sno-trump-social-media-order	1	55.91654749539504	SimBa
tweet-sno-1206	QO	vclaim-sno-trump-revoke-executive-order	1	54.03435235246342	SimBa
tweet-sno-1206	QO	vclaim-sno-obama-trump-transition-letter	1	52.54119974078	SimBa
tweet-sno-1206	QO	vclaim-sno-donald-trump-appoints-kanye-west-to-cabinet-position	1	52.413333459071566	SimBa
tweet-sno-1207	QO	vclaim-sno-cocaine-smuggled-in-bananas	1	61.44775018597456	SimBa
tweet-sno-1207	QO	vclaim-sno-mule-dear	1	50.89898285230345	SimBa
tweet-sno-1207	QO	vclaim-sno-cocaine-on-money	1	49.22223843161456	SimBa
tweet-sno-1207	QO	vclaim-sno-cia-crossing-border-cocaine	1	48.5999644175875	SimBa
tweet-sno-1207	QO	vclaim-sno-mexico-seizes-us-cocaine	1	48.09092138009524	SimBa
tweet-sno-1208	QO	vclaim-sno-national-guard-parking-garage	1	54.637136860112776	SimBa
tweet-sno-1208	QO	vclaim-sno-biden-troops-stupid-bastards	1	46.49353441913369	SimBa
tweet-sno-1208	QO	vclaim-sno-president-biden-flags-removed-oval	1	44.6485252633596	SimBa
tweet-sno-1208	QO	vclaim-sno-barack-obama-in-afghanistan	1	44.511192943931505	SimBa
tweet-sno-1208	QO	vclaim-sno-delta-force-biden-ukraine	1	43.947026471479994	SimBa
tweet-sno-1209	QO	vclaim-sno-trump-letter-schumer	1	57.66402512362512	SimBa
tweet-sno-1209	QO	vclaim-sno-schumer-tweet-china-travel	1	57.40648707966606	SimBa
tweet-sno-1209	QO	vclaim-sno-schumer-erection-senate-floor	1	55.746161003582756	SimBa
tweet-sno-1209	QO	vclaim-sno-mcconnell-trump-attack-capitol	1	54.391905795383224	SimBa
tweet-sno-1209	QO	vclaim-sno-amy-schumer-arrested	1	52.47095717069023	SimBa
tweet-sno-1210	QO	vclaim-sno-schumer-erection-senate-floor	1	56.29622899664454	SimBa
tweet-sno-1210	QO	vclaim-sno-does-schumer-have-concealed-permit	1	42.14955563710202	SimBa
tweet-sno-1210	QO	vclaim-sno-chuck-schumer-resigns-disgrace	1	41.114620357420414	SimBa
tweet-sno-1210	QO	vclaim-sno-chuck-schumer-kissing-a-girl	1	40.006594770834006	SimBa
tweet-sno-1210	QO	vclaim-sno-trump-tweets-photo-genitals	1	39.70169420682515	SimBa
tweet-sno-1211	QO	vclaim-sno-schumer-erection-senate-floor	1	64.02818034506993	SimBa
tweet-sno-1211	QO	vclaim-sno-mcconnell-trump-attack-capitol	1	59.1534067425805	SimBa
tweet-sno-1211	QO	vclaim-sno-republican-senators-up-shits-creek	1	54.77336827799284	SimBa
tweet-sno-1211	QO	vclaim-sno-trump-letter-schumer	1	51.3286801114685	SimBa
tweet-sno-1211	QO	vclaim-sno-chuck-schumer-resigns-disgrace	1	50.669076488809765	SimBa
tweet-sno-1212	QO	vclaim-sno-schumer-erection-senate-floor	1	57.16131873053483	SimBa
tweet-sno-1212	QO	vclaim-sno-schumer-daughter-cheerleader	1	38.26618305302239	SimBa
tweet-sno-1212	QO	vclaim-sno-does-schumer-have-concealed-permit	1	37.623286522732876	SimBa
tweet-sno-1212	QO	vclaim-sno-did-c-span-insult-mitch-mcconnell	1	37.46787084847654	SimBa
tweet-sno-1212	QO	vclaim-sno-jeff-foxworthy-democrats-trump	1	37.12905444005577	SimBa
tweet-sno-1213	QO	vclaim-sno-schumer-erection-senate-floor	1	52.133791594885764	SimBa
tweet-sno-1213	QO	vclaim-sno-does-schumer-have-concealed-permit	1	42.3975741253273	SimBa
tweet-sno-1213	QO	vclaim-sno-obama-white-house-statue	1	40.358643046794406	SimBa
tweet-sno-1213	QO	vclaim-sno-mencken-white-house-quote	1	37.850281597168475	SimBa
tweet-sno-1213	QO	vclaim-sno-leftist-activists-statue-theodore-roosevelt	1	37.20449246154374	SimBa
tweet-sno-1214	QO	vclaim-sno-schumer-erection-senate-floor	1	57.44155223729768	SimBa
tweet-sno-1214	QO	vclaim-sno-hillary-laughs-as-under-god-removed-from-pledge	1	43.026322392892965	SimBa
tweet-sno-1214	QO	vclaim-sno-bernie-sanders-loser-meme	1	42.555397938990055	SimBa
tweet-sno-1214	QO	vclaim-sno-biden-pandemic-statement	1	42.3906203541646	SimBa
tweet-sno-1214	QO	vclaim-sno-trump-biden-resident-meme	1	42.31259320589943	SimBa
tweet-sno-1215	QO	vclaim-sno-bernice-king-mlk-day-instagram	1	69.58506175531492	SimBa
tweet-sno-1215	QO	vclaim-sno-i-have-a-what	1	49.969802599223	SimBa
tweet-sno-1215	QO	vclaim-sno-melania-michelle-mlk-message	1	47.75912964521023	SimBa
tweet-sno-1215	QO	vclaim-sno-kamala-harris-plagiarize-mlk	1	44.235661151764134	SimBa
tweet-sno-1215	QO	vclaim-sno-jerry-falwell-racist-photo	1	43.27997978363285	SimBa
tweet-sno-1216	QO	vclaim-sno-mypillow-discount-codes-qanon	1	53.96459969470996	SimBa
tweet-sno-1216	QO	vclaim-sno-trump-defeats-covid19-coin	1	40.756763189268185	SimBa
tweet-sno-1216	QO	vclaim-sno-trump-hotel-anti-cnn-petitions	1	40.457485662099174	SimBa
tweet-sno-1216	QO	vclaim-sno-trump-profit-covid-19	1	40.333823866010796	SimBa
tweet-sno-1216	QO	vclaim-sno-donald-trump-watches-gorilla-channel	1	40.26282322888157	SimBa
tweet-sno-1217	QO	vclaim-sno-tesla-hiring-complaints-elon-musk	1	65.42245639631247	SimBa
tweet-sno-1217	QO	vclaim-sno-elon-musk-illegal-immigrant	1	45.279531596935385	SimBa
tweet-sno-1217	QO	vclaim-sno-elon-musk-billboard	1	44.19287207382883	SimBa
tweet-sno-1217	QO	vclaim-sno-elon-musk-buy-facebook	1	42.34950233944071	SimBa
tweet-sno-1217	QO	vclaim-sno-jeff-goldblum-musk-zuckerberg	1	36.984610184121685	SimBa
tweet-sno-1218	QO	vclaim-sno-do-scented-candles-cause-cancer	1	53.19279195570882	SimBa
tweet-sno-1218	QO	vclaim-sno-downy-unstopables-warmer-warning	1	51.106746659542395	SimBa
tweet-sno-1218	QO	vclaim-sno-crayon-candle	1	50.8289182023191	SimBa
tweet-sno-1218	QO	vclaim-sno-gwyneth-vagina-candle-explode	1	48.73117494024325	SimBa
tweet-sno-1218	QO	vclaim-sno-gwyneth-paltrow-vagina-candle	1	47.6572928903612	SimBa
tweet-sno-1219	QO	vclaim-sno-marjorie-taylor-greene-twitter	1	77.94323791562095	SimBa
tweet-sno-1219	QO	vclaim-sno-twitter-marjorie-taylor-greene	1	72.52440261114157	SimBa
tweet-sno-1219	QO	vclaim-sno-did-twitter-lock-trumps-account	1	58.65977610685611	SimBa
tweet-sno-1219	QO	vclaim-sno-twitter-delete-trump-account-racism	1	55.37988749911774	SimBa
tweet-sno-1219	QO	vclaim-sno-snl-writer-suspended-tweet-barron	1	54.65357858185277	SimBa
tweet-sno-1220	QO	vclaim-sno-burger-king-logo-new	1	64.12589545051635	SimBa
tweet-sno-1220	QO	vclaim-sno-yumbo-drop	1	47.12332324984433	SimBa
tweet-sno-1220	QO	vclaim-sno-subservient-chicken	1	43.806356239047986	SimBa
tweet-sno-1220	QO	vclaim-sno-whataburger-changing-colors	1	40.15219002876427	SimBa
tweet-sno-1220	QO	vclaim-sno-donald-trump-swastika-logo	1	40.1384473132845	SimBa
tweet-sno-1221	QO	vclaim-sno-covid-vaccine-throw-away	1	60.15879017711411	SimBa
tweet-sno-1221	QO	vclaim-sno-ny-hospitals-unvaccinated-parents	1	52.44118980480701	SimBa
tweet-sno-1221	QO	vclaim-sno-new-york-covid-vaccine-preregister	1	52.31412078108336	SimBa
tweet-sno-1221	QO	vclaim-sno-doj-most-dangerous-vaccine	1	49.476469873967154	SimBa
tweet-sno-1221	QO	vclaim-sno-brooklyn-refusing-vaccinate-pets	1	47.40917699804111	SimBa
tweet-sno-1222	QO	vclaim-sno-trump-jr-impeached-deplorable	1	55.976375571917174	SimBa
tweet-sno-1222	QO	vclaim-sno-clinton-federal-racketeering-charges	1	50.584986868573665	SimBa
tweet-sno-1222	QO	vclaim-sno-bill-clinton-allegations-disqualify	1	49.7514947435408	SimBa
tweet-sno-1222	QO	vclaim-sno-trump-impeachment-votes	1	48.69329144117438	SimBa
tweet-sno-1222	QO	vclaim-sno-bill-clinton-said-hillary-suffered-more-than-those-guys-in-benghazi	1	47.72233454432546	SimBa
tweet-sno-1223	QO	vclaim-sno-armie-hammer-cannibal-lifestyle	1	52.79992482817535	SimBa
tweet-sno-1223	QO	vclaim-sno-bath-salts-genitals-microwave	1	39.72148839110564	SimBa
tweet-sno-1223	QO	vclaim-sno-woman-forces-genitals-eat	1	39.421011786468085	SimBa
tweet-sno-1223	QO	vclaim-sno-blood-rave-uses-real-blood	1	39.364644179416494	SimBa
tweet-sno-1223	QO	vclaim-sno-ynw-melly-stabbed-death-prison	1	39.06006645409824	SimBa
tweet-sno-1224	QO	vclaim-sno-indian-flag-capitol-riots	1	43.05496829500837	SimBa
tweet-sno-1224	QO	vclaim-sno-capitol-riot-no-fly-list	1	42.38750946542285	SimBa
tweet-sno-1224	QO	vclaim-sno-jayapal-maskless-congress	1	41.062127238017695	SimBa
tweet-sno-1224	QO	vclaim-sno-raz-simone-guns	1	40.77794329149105	SimBa
tweet-sno-1224	QO	vclaim-sno-little-timmy-facebook-flag	1	40.50371227934142	SimBa
tweet-sno-1225	QO	vclaim-sno-syringe-cakes	1	75.24695369402674	SimBa
tweet-sno-1225	QO	vclaim-sno-germanely-chocolate-cake	1	47.62967736918024	SimBa
tweet-sno-1225	QO	vclaim-sno-parade-grounds	1	39.70247060360214	SimBa
tweet-sno-1225	QO	vclaim-sno-hammy-hanukkah	1	39.211882150176336	SimBa
tweet-sno-1225	QO	vclaim-sno-lolli-pox	1	38.43808547209791	SimBa
tweet-sno-1226	QO	vclaim-sno-trump-carved-manatees-back	1	67.29402155178852	SimBa
tweet-sno-1226	QO	vclaim-sno-dermophis-donaldtrumpi-amphibian-trump	1	49.0602016991531	SimBa
tweet-sno-1226	QO	vclaim-sno-florida-invasive-species	1	47.41750537021929	SimBa
tweet-sno-1226	QO	vclaim-sno-first-chicago-alligator	1	42.385679594473366	SimBa
tweet-sno-1226	QO	vclaim-sno-call-police-new-guinea-flatworm	1	41.62699402372968	SimBa
tweet-sno-1227	QO	vclaim-sno-mary-miller-hitler	1	56.523056341556185	SimBa
tweet-sno-1227	QO	vclaim-sno-trumps-rnc-speech-plagiarized-hitler	1	46.44358170996328	SimBa
tweet-sno-1227	QO	vclaim-sno-trump-hitler-heritage-tweet	1	45.44123811206109	SimBa
tweet-sno-1227	QO	vclaim-sno-liselotte-hubner-donald-trump	1	44.83531188784798	SimBa
tweet-sno-1227	QO	vclaim-sno-make-germany-great-again	1	43.62383432638261	SimBa
tweet-sno-1228	QO	vclaim-sno-mary-miller-hitler	1	62.57015720017998	SimBa
tweet-sno-1228	QO	vclaim-sno-make-germany-great-again	1	45.70802903113321	SimBa
tweet-sno-1228	QO	vclaim-sno-liselotte-hubner-donald-trump	1	45.46298366186344	SimBa
tweet-sno-1228	QO	vclaim-sno-trump-hitler-heritage-tweet	1	44.90817764456634	SimBa
tweet-sno-1228	QO	vclaim-sno-to-conquer-a-nation	1	44.206303443391334	SimBa
tweet-sno-1229	QO	vclaim-sno-capitol-riot-no-fly-list	1	59.275983330189064	SimBa
tweet-sno-1229	QO	vclaim-sno-reconnaissance-tours	1	45.73995924231034	SimBa
tweet-sno-1229	QO	vclaim-sno-trump-mob-capitol	1	45.448227184843844	SimBa
tweet-sno-1229	QO	vclaim-sno-adam-schiff-lax	1	45.418315379664335	SimBa
tweet-sno-1229	QO	vclaim-sno-democratic-congressmen-busted-planning-assassinate-trump	1	44.73439000600946	SimBa
tweet-sno-1230	QO	vclaim-sno-capitol-riot-taser-death	1	53.85390841722986	SimBa
tweet-sno-1230	QO	vclaim-sno-getting-the-hang-of-it	1	51.25354674404066	SimBa
tweet-sno-1230	QO	vclaim-sno-lethal-indirection	1	49.591008558860466	SimBa
tweet-sno-1230	QO	vclaim-sno-the-last-laughs-on-him	1	44.535356690438974	SimBa
tweet-sno-1230	QO	vclaim-sno-selfie-taken-dead-coworker	1	44.12829151226312	SimBa
tweet-sno-1231	QO	vclaim-sno-can-you-hear-me-scam	1	53.76523125832388	SimBa
tweet-sno-1231	QO	vclaim-sno-9-0-phone-scam	1	53.63821668452144	SimBa
tweet-sno-1231	QO	vclaim-sno-irs-stimulus-check-1200	1	52.27477213402611	SimBa
tweet-sno-1231	QO	vclaim-sno-mobile-phone-sim-card-swap	1	51.69681559693676	SimBa
tweet-sno-1231	QO	vclaim-sno-parcel-delivery-service	1	51.382832013706704	SimBa
tweet-sno-1232	QO	vclaim-sno-warnock-arrested-capitol-praying	1	63.85499733721327	SimBa
tweet-sno-1232	QO	vclaim-sno-npr-riot-article-before-riot	1	51.70144248029618	SimBa
tweet-sno-1232	QO	vclaim-sno-aoc-capitol-attack	1	50.56174935110086	SimBa
tweet-sno-1232	QO	vclaim-sno-rioters-capitol-flagpole	1	50.3028215666134	SimBa
tweet-sno-1232	QO	vclaim-sno-capitol-riot-podium	1	48.46607783488273	SimBa
tweet-sno-1233	QO	vclaim-sno-tomi-lahren-biden-supporters-loot	1	57.15361791279502	SimBa
tweet-sno-1233	QO	vclaim-sno-truckers-strike-thanksgiving	1	51.836808852530666	SimBa
tweet-sno-1233	QO	vclaim-sno-trump-tell-supporters-storm	1	50.239531965033386	SimBa
tweet-sno-1233	QO	vclaim-sno-fake-aoc-purge-tweet	1	49.798969719656114	SimBa
tweet-sno-1233	QO	vclaim-sno-trump-stock-market-prediction	1	48.18583509615257	SimBa
tweet-sno-1234	QO	vclaim-sno-two-women-save-electoral-votes	1	56.33502503581933	SimBa
tweet-sno-1234	QO	vclaim-sno-poll-watchers-2020-election	1	48.77264080095237	SimBa
tweet-sno-1234	QO	vclaim-sno-ballots-georgia-senate	1	48.54475488426747	SimBa
tweet-sno-1234	QO	vclaim-sno-georgia-suitcases	1	47.63588654114397	SimBa
tweet-sno-1234	QO	vclaim-sno-virginia-vote-switch	1	46.161983721624985	SimBa
tweet-sno-1235	QO	vclaim-sno-two-women-save-electoral-votes	1	61.00540188901205	SimBa
tweet-sno-1235	QO	vclaim-sno-georgia-suitcases	1	36.993008413303436	SimBa
tweet-sno-1235	QO	vclaim-sno-all-female-senate-snowstorm	1	36.922951695923146	SimBa
tweet-sno-1235	QO	vclaim-sno-george-orwell-people-accomplices	1	36.8765047937504	SimBa
tweet-sno-1235	QO	vclaim-sno-hillary-clinton-victims-of-war	1	36.55025300307092	SimBa
tweet-sno-1236	QO	vclaim-sno-trump-riot-camp-auschwitz-shirt	1	48.163562802670036	SimBa
tweet-sno-1236	QO	vclaim-sno-troop-loops	1	44.352896240977316	SimBa
tweet-sno-1236	QO	vclaim-sno-trump-armbands	1	44.15524416526732	SimBa
tweet-sno-1236	QO	vclaim-sno-antifa-nazi-flags	1	43.89758449263654	SimBa
tweet-sno-1236	QO	vclaim-sno-high-school-prom-nazi-salute	1	42.88385651236673	SimBa
tweet-sno-1237	QO	vclaim-sno-aoc-capitol-attack	1	55.68021929351994	SimBa
tweet-sno-1237	QO	vclaim-sno-police-hold-hand-trump-riot	1	48.64345656477871	SimBa
tweet-sno-1237	QO	vclaim-sno-capitol-riot-podium	1	48.20777414185774	SimBa
tweet-sno-1237	QO	vclaim-sno-ivanka-mob-patriots-tweet	1	46.387835680602194	SimBa
tweet-sno-1237	QO	vclaim-sno-trump-mob-capitol	1	46.022331774038534	SimBa
tweet-sno-1238	QO	vclaim-sno-elizabeth-knoxville-onion-towel	1	48.622238598830606	SimBa
tweet-sno-1238	QO	vclaim-sno-aoc-capitol-attack	1	39.784626574089565	SimBa
tweet-sno-1238	QO	vclaim-sno-hillary-barnwell-body-double	1	37.3116660793658	SimBa
tweet-sno-1238	QO	vclaim-sno-queen-yellow-facemask	1	37.07578491806433	SimBa
tweet-sno-1238	QO	vclaim-sno-nurse-gop-convention-shooting	1	36.69317732484943	SimBa
tweet-sno-1239	QO	vclaim-sno-giuliani-rally-speech	1	45.87894024240188	SimBa
tweet-sno-1239	QO	vclaim-sno-quantum-blockchain-watermark-vote	1	43.78798038204303	SimBa
tweet-sno-1239	QO	vclaim-sno-california-unlawful-ballots	1	42.62805001226814	SimBa
tweet-sno-1239	QO	vclaim-sno-straight-ticket	1	41.20003934211549	SimBa
tweet-sno-1239	QO	vclaim-sno-my-cousin-vinny-giuliani	1	41.17800649289469	SimBa
tweet-sno-1240	QO	vclaim-sno-national-guard-trump-mob	1	78.33016332196595	SimBa
tweet-sno-1240	QO	vclaim-sno-troops-guarding-lincoln-memorial	1	65.48862129267604	SimBa
tweet-sno-1240	QO	vclaim-sno-lincoln-memorial-defaced-protesters	1	63.52705638657413	SimBa
tweet-sno-1240	QO	vclaim-sno-flag-protest-baltimore	1	58.59846530017499	SimBa
tweet-sno-1240	QO	vclaim-sno-racist-protesters-protected-black-policeman	1	57.4249309868397	SimBa
tweet-sno-1241	QO	vclaim-sno-trump-threaten-federal-buildings	1	64.28964150203929	SimBa
tweet-sno-1241	QO	vclaim-sno-law-charges-protesters-with-terrorism	1	52.97192398970567	SimBa
tweet-sno-1241	QO	vclaim-sno-lawmakers-criminalize-peaceful-protest	1	51.1491289944653	SimBa
tweet-sno-1241	QO	vclaim-sno-defaced-abolitionist-statue	1	46.12683797367674	SimBa
tweet-sno-1241	QO	vclaim-sno-mike-pence-tweet	1	45.08324006900541	SimBa
tweet-sno-1242	QO	vclaim-sno-twitter-delete-trump-account-racism	1	56.393063187770935	SimBa
tweet-sno-1242	QO	vclaim-sno-pence-trump-twitter-jan-6-riots	1	56.04871858485917	SimBa
tweet-sno-1242	QO	vclaim-sno-trump-lose-followers-first-time	1	51.393526119355755	SimBa
tweet-sno-1242	QO	vclaim-sno-mike-pence-to-resign	1	48.39674083028768	SimBa
tweet-sno-1242	QO	vclaim-sno-nps-twitter-account-shut-down	1	48.35345140175563	SimBa
tweet-sno-1243	QO	vclaim-sno-confederate-flag-capitol-dc	1	70.24382767198634	SimBa
tweet-sno-1243	QO	vclaim-sno-aoc-confederate-flag-richmond	1	62.42070594169231	SimBa
tweet-sno-1243	QO	vclaim-sno-troops-guarding-lincoln-memorial	1	57.75084997001011	SimBa
tweet-sno-1243	QO	vclaim-sno-trump-flag-american-flag-capitol	1	56.6512931998104	SimBa
tweet-sno-1243	QO	vclaim-sno-kevin-seefried-democrat-biden	1	56.137799882691034	SimBa
tweet-sno-1244	QO	vclaim-sno-confederate-flag-capitol-dc	1	61.138413620543005	SimBa
tweet-sno-1244	QO	vclaim-sno-trump-flag-american-flag-capitol	1	53.39207774347845	SimBa
tweet-sno-1244	QO	vclaim-sno-russian-flag-texas-capitol	1	52.83539311508646	SimBa
tweet-sno-1244	QO	vclaim-sno-mike-pence-confederate-flag	1	52.236715555353044	SimBa
tweet-sno-1244	QO	vclaim-sno-kevin-seefried-democrat-biden	1	51.78740020841214	SimBa
tweet-sno-1245	QO	vclaim-sno-confederate-flag-capitol-dc	1	66.81873110701815	SimBa
tweet-sno-1245	QO	vclaim-sno-kevin-seefried-democrat-biden	1	66.43706009542953	SimBa
tweet-sno-1245	QO	vclaim-sno-trump-flag-american-flag-capitol	1	62.958024485764575	SimBa
tweet-sno-1245	QO	vclaim-sno-aoc-confederate-flag-richmond	1	58.85098593996128	SimBa
tweet-sno-1245	QO	vclaim-sno-capitol-police-selfie	1	58.520805540847824	SimBa
tweet-sno-1246	QO	vclaim-sno-cross-erected-capitol-building	1	65.14717669360505	SimBa
tweet-sno-1246	QO	vclaim-sno-cross-ayed	1	43.82524573947126	SimBa
tweet-sno-1246	QO	vclaim-sno-national-capital	1	43.40209402976991	SimBa
tweet-sno-1246	QO	vclaim-sno-trump-flag-american-flag-capitol	1	43.32300480091041	SimBa
tweet-sno-1246	QO	vclaim-sno-westboro-hero	1	43.12945651928416	SimBa
tweet-sno-1247	QO	vclaim-sno-chip-off-the-old-salk	1	48.940141049819935	SimBa
tweet-sno-1247	QO	vclaim-sno-covid-5g-chip-diagram	1	46.18646646638077	SimBa
tweet-sno-1247	QO	vclaim-sno-canine-vaccine-covid-19	1	45.43356210347935	SimBa
tweet-sno-1247	QO	vclaim-sno-covid-detecting-microchip	1	42.19578347315809	SimBa
tweet-sno-1247	QO	vclaim-sno-did-trump-praise-covid-19-vaccines	1	41.88678571434217	SimBa
tweet-sno-1248	QO	vclaim-sno-snow-los-angeles	1	51.78944326312208	SimBa
tweet-sno-1248	QO	vclaim-sno-gods-painting	1	51.01477699959274	SimBa
tweet-sno-1248	QO	vclaim-sno-rainbow-mountains-real	1	49.321151908088524	SimBa
tweet-sno-1248	QO	vclaim-sno-does-photo-show-skull-face	1	47.93512438589753	SimBa
tweet-sno-1248	QO	vclaim-sno-clouds-over-california-wildfires	1	46.738686656528074	SimBa
tweet-sno-1249	QO	vclaim-sno-record-snowfall-in-oswego	1	47.74134904983991	SimBa
tweet-sno-1249	QO	vclaim-sno-snow-los-angeles	1	45.320747351806816	SimBa
tweet-sno-1249	QO	vclaim-sno-snowfall-in-the-sahara	1	42.70631372113649	SimBa
tweet-sno-1249	QO	vclaim-sno-nepal-avalanche	1	42.143563373803175	SimBa
tweet-sno-1249	QO	vclaim-sno-devastating-snowfall-predicted-nw-montana-early-2018	1	39.82500315824744	SimBa
tweet-sno-1250	QO	vclaim-sno-pennsylvania-205000-votes	1	79.07345200691373	SimBa
tweet-sno-1250	QO	vclaim-sno-erie-pennsylvania-trump-ballots	1	62.52214765491553	SimBa
tweet-sno-1250	QO	vclaim-sno-pa-mailin-votes-ballots	1	61.8997520941528	SimBa
tweet-sno-1250	QO	vclaim-sno-ballots-lancaster-pa	1	61.83425763361429	SimBa
tweet-sno-1250	QO	vclaim-sno-trump-wins-pennsylvania	1	61.324438380817085	SimBa
tweet-sno-1251	QO	vclaim-sno-georgia-signature-audit	1	60.411703468587376	SimBa
tweet-sno-1251	QO	vclaim-sno-ballots-lancaster-pa	1	56.59557412982187	SimBa
tweet-sno-1251	QO	vclaim-sno-pennsylvania-205000-votes	1	55.50556163363345	SimBa
tweet-sno-1251	QO	vclaim-sno-georgia-ballots-likely-ineligible	1	54.279783220572924	SimBa
tweet-sno-1251	QO	vclaim-sno-ga-senator-counting-pa	1	53.60800308379719	SimBa
tweet-sno-1252	QO	vclaim-sno-flu-vaccine-covid-buttar	1	48.28430065818363	SimBa
tweet-sno-1252	QO	vclaim-sno-covid-vax-false-hiv	1	47.58547900872663	SimBa
tweet-sno-1252	QO	vclaim-sno-covid-flu-tamiflu	1	47.46980977226811	SimBa
tweet-sno-1252	QO	vclaim-sno-coronavirus-test-donate-blood	1	45.6101266972931	SimBa
tweet-sno-1252	QO	vclaim-sno-ticketmaster-negative-covid-test	1	43.89778204291083	SimBa
tweet-sno-1253	QO	vclaim-sno-scott-walker-pizza	1	40.24418471761667	SimBa
tweet-sno-1253	QO	vclaim-sno-dominos-pizza-saves-life	1	34.75331074705795	SimBa
tweet-sno-1253	QO	vclaim-sno-alex-acosta-family-photograph	1	33.5052252787292	SimBa
tweet-sno-1253	QO	vclaim-sno-goya-ceo-praise-trump	1	33.409639792245954	SimBa
tweet-sno-1253	QO	vclaim-sno-elon-musk-buca-di-beppo	1	33.13618036944882	SimBa
tweet-sno-1254	QO	vclaim-sno-swimming-pool-wonderful-life	1	38.95702190347969	SimBa
tweet-sno-1254	QO	vclaim-sno-student-suspended-pretending-transgender-locker-room	1	36.59134335116834	SimBa
tweet-sno-1254	QO	vclaim-sno-girls-impregnated-swimming-in-pool	1	33.74571053641285	SimBa
tweet-sno-1254	QO	vclaim-sno-world39s-largest-swimming-pool	1	33.44966920252064	SimBa
tweet-sno-1254	QO	vclaim-sno-brock-turner-prison-pool	1	32.732502101637465	SimBa
tweet-sno-1255	QO	vclaim-sno-swimming-pool-wonderful-life	1	54.93342231272442	SimBa
tweet-sno-1255	QO	vclaim-sno-world39s-largest-swimming-pool	1	32.796609002623114	SimBa
tweet-sno-1255	QO	vclaim-sno-disney-matterhorn-basketball-court	1	30.845757589109127	SimBa
tweet-sno-1255	QO	vclaim-sno-bowl-o-bama	1	30.180658674811504	SimBa
tweet-sno-1255	QO	vclaim-sno-disgust-and-loathing-in-las-vegas	1	28.319281536092063	SimBa
tweet-sno-1256	QO	vclaim-sno-kfc-gaming-console	1	50.0211349003099	SimBa
tweet-sno-1256	QO	vclaim-sno-kfc-really-create-chicken-scented-candle	1	33.23940011516016	SimBa
tweet-sno-1256	QO	vclaim-sno-viral-molten-copper-big-mac	1	33.05942856877031	SimBa
tweet-sno-1256	QO	vclaim-sno-chick-fil-a-tiktok-nuggets-recipe	1	32.12729967478572	SimBa
tweet-sno-1256	QO	vclaim-sno-krispy-kreme-lube	1	31.55900371836517	SimBa
tweet-sno-1257	QO	vclaim-sno-graham-buttigieg-repent	1	57.6459833065643	SimBa
tweet-sno-1257	QO	vclaim-sno-billy-graham-say-homosexuals-castrated	1	50.48468843912385	SimBa
tweet-sno-1257	QO	vclaim-sno-biden-christians-lgbtq-rights	1	48.87174237563069	SimBa
tweet-sno-1257	QO	vclaim-sno-mike-pence-able-bodied	1	46.72929484067763	SimBa
tweet-sno-1257	QO	vclaim-sno-evangelical-trump-gay	1	46.02224116549844	SimBa
tweet-sno-1258	QO	vclaim-sno-tom-brady-ppp	1	47.66488738561412	SimBa
tweet-sno-1258	QO	vclaim-sno-a-shady-giveaway	1	44.20868241728731	SimBa
tweet-sno-1258	QO	vclaim-sno-samuel-l-jackson-rappers-tweet	1	44.12684874389449	SimBa
tweet-sno-1258	QO	vclaim-sno-osteen-coronavirus-loan	1	42.65077486672651	SimBa
tweet-sno-1258	QO	vclaim-sno-funny-money-2	1	40.449093352350424	SimBa
tweet-sno-1259	QO	vclaim-sno-vatican-nativity	1	59.93043812408456	SimBa
tweet-sno-1259	QO	vclaim-sno-facebook-santa-jesus-image	1	45.064101724189	SimBa
tweet-sno-1259	QO	vclaim-sno-belgian-town-removes-nativity-scene-appease-four-muslim-residents	1	41.825110455397905	SimBa
tweet-sno-1259	QO	vclaim-sno-pope-francis-abuse-great-accuser	1	39.38257466975893	SimBa
tweet-sno-1259	QO	vclaim-sno-no-nativity-scenes-white-house	1	39.32289095510887	SimBa
tweet-sno-1260	QO	vclaim-sno-cyberpunk-2077-refunds	1	71.55484755860101	SimBa
tweet-sno-1260	QO	vclaim-sno-amazon-issues-credits-in-e-book-settlement	1	38.20214765882302	SimBa
tweet-sno-1260	QO	vclaim-sno-many-unhappy-returns	1	38.08903342450217	SimBa
tweet-sno-1260	QO	vclaim-sno-all-work-and-no-playstation	1	37.773439240623944	SimBa
tweet-sno-1260	QO	vclaim-sno-best-buy-gift-card-scam	1	37.638614187555945	SimBa
tweet-sno-1261	QO	vclaim-sno-cyberpunk-2077-refunds	1	75.31717634854864	SimBa
tweet-sno-1261	QO	vclaim-sno-xbox-playstation-ps5-congrats	1	35.947352924443415	SimBa
tweet-sno-1261	QO	vclaim-sno-amazon-issues-credits-in-e-book-settlement	1	33.79351938844528	SimBa
tweet-sno-1261	QO	vclaim-sno-all-work-and-no-playstation	1	33.221630916260295	SimBa
tweet-sno-1261	QO	vclaim-sno-costco-policy-change	1	32.97445340359184	SimBa
tweet-sno-1262	QO	vclaim-sno-extraterrestrial-material-asteroid	1	41.436786420714355	SimBa
tweet-sno-1262	QO	vclaim-sno-nobel-laureate-tasuku-honjo-covid	1	37.01334261576932	SimBa
tweet-sno-1262	QO	vclaim-sno-mars-real-audio	1	34.641581393252245	SimBa
tweet-sno-1262	QO	vclaim-sno-li-meng-yan-covid-19-lab	1	34.566695713703496	SimBa
tweet-sno-1262	QO	vclaim-sno-new-species-green-capybara	1	33.01162035583799	SimBa
tweet-sno-1263	QO	vclaim-sno-supreme-court-erupt-shouting-match	1	57.19195147186595	SimBa
tweet-sno-1263	QO	vclaim-sno-justice-roberts-impeachment-vote	1	48.08325274901698	SimBa
tweet-sno-1263	QO	vclaim-sno-republican-senators-up-shits-creek	1	45.871660774849445	SimBa
tweet-sno-1263	QO	vclaim-sno-supreme-court-justices-stand	1	45.6709049579745	SimBa
tweet-sno-1263	QO	vclaim-sno-obamacare-decision	1	44.83610875294164	SimBa
tweet-sno-1264	QO	vclaim-sno-schitts-creek-motel-seattle	1	56.83618563262367	SimBa
tweet-sno-1264	QO	vclaim-sno-redneck-mansion	1	34.71198126921203	SimBa
tweet-sno-1264	QO	vclaim-sno-sex-doll-funeral-home	1	33.20786728779377	SimBa
tweet-sno-1264	QO	vclaim-sno-sanders-vermont-mansion	1	31.66789591447217	SimBa
tweet-sno-1264	QO	vclaim-sno-celebrity-moving-small-towns	1	31.300499355492562	SimBa
tweet-sno-1265	QO	vclaim-sno-schitts-creek-motel-seattle	1	68.26333975095511	SimBa
tweet-sno-1265	QO	vclaim-sno-moira-rose-home-alone	1	43.44657550447817	SimBa
tweet-sno-1265	QO	vclaim-sno-secret-room-new-york-apartment	1	35.3614090391511	SimBa
tweet-sno-1265	QO	vclaim-sno-glove-thy-neighbor	1	35.03664599176415	SimBa
tweet-sno-1265	QO	vclaim-sno-tarzan-and-tarzana	1	33.99263170617569	SimBa
tweet-sno-1266	QO	vclaim-sno-popular-vote-totals-rigged	1	64.72973807571412	SimBa
tweet-sno-1266	QO	vclaim-sno-crook-county	1	56.99645833065908	SimBa
tweet-sno-1266	QO	vclaim-sno-cnn-and-msnbc-ratings	1	55.84560035696167	SimBa
tweet-sno-1266	QO	vclaim-sno-simple-math-on-biden-votes	1	55.64058452543689	SimBa
tweet-sno-1266	QO	vclaim-sno-texas-vote-switching	1	55.17703157179358	SimBa
tweet-sno-1267	QO	vclaim-sno-the-north-face-refuse-jackets	1	71.4909716370291	SimBa
tweet-sno-1267	QO	vclaim-sno-ace-hardware-stands-against-standing-rock	1	46.28838432980152	SimBa
tweet-sno-1267	QO	vclaim-sno-gas-station-shuns-serviceman	1	40.514222697132574	SimBa
tweet-sno-1267	QO	vclaim-sno-big-oil	1	39.51250807419514	SimBa
tweet-sno-1267	QO	vclaim-sno-timberland-ceo-boots	1	38.9261280358522	SimBa
tweet-sno-1268	QO	vclaim-sno-alex-jones-biden-removed	1	74.96272326933179	SimBa
tweet-sno-1268	QO	vclaim-sno-biden-trump-xenophobic	1	59.545167728847304	SimBa
tweet-sno-1268	QO	vclaim-sno-biden-trump-dregs-society	1	58.461044434301414	SimBa
tweet-sno-1268	QO	vclaim-sno-listen-to-scientists	1	57.82340580826041	SimBa
tweet-sno-1268	QO	vclaim-sno-trump-biden-assassination-shot	1	57.79966041025875	SimBa
tweet-sno-1269	QO	vclaim-sno-allstate-island-real	1	62.37366621228604	SimBa
tweet-sno-1269	QO	vclaim-sno-penis-island	1	41.4510596883043	SimBa
tweet-sno-1269	QO	vclaim-sno-dog-island	1	38.559502513141396	SimBa
tweet-sno-1269	QO	vclaim-sno-spongebob-epstein-island-address	1	37.52213622282407	SimBa
tweet-sno-1269	QO	vclaim-sno-violin-island-in-costa-rica	1	37.09459238815775	SimBa
tweet-sno-1270	QO	vclaim-sno-allstate-island-real	1	53.33898844295331	SimBa
tweet-sno-1270	QO	vclaim-sno-penis-island	1	38.189133994908985	SimBa
tweet-sno-1270	QO	vclaim-sno-violin-island-in-costa-rica	1	35.91580835564021	SimBa
tweet-sno-1270	QO	vclaim-sno-spongebob-epstein-island-address	1	32.351683344248514	SimBa
tweet-sno-1270	QO	vclaim-sno-epstein-alive-new-mexico	1	32.25712792508811	SimBa
tweet-sno-1271	QO	vclaim-sno-federal-holiday-christmas-eve	1	89.04106995104755	SimBa
tweet-sno-1271	QO	vclaim-sno-war-on-christmas-monument	1	57.24970186910358	SimBa
tweet-sno-1271	QO	vclaim-sno-playing-christmas-music-federal-crime	1	57.10298571601196	SimBa
tweet-sno-1271	QO	vclaim-sno-fake-trump-tweet	1	53.845379460079585	SimBa
tweet-sno-1271	QO	vclaim-sno-trump-stimulus-package-election	1	52.340682043463005	SimBa
tweet-sno-1272	QO	vclaim-sno-disney-sister-act-3	1	74.3291342824969	SimBa
tweet-sno-1272	QO	vclaim-sno-step-brothers-2-hoax	1	50.93398257798265	SimBa
tweet-sno-1272	QO	vclaim-sno-did-disney-announce-bedknobs-broomsticks	1	47.215681213792244	SimBa
tweet-sno-1272	QO	vclaim-sno-new-twilight-movie-jacob-renesmee	1	46.5332729549409	SimBa
tweet-sno-1272	QO	vclaim-sno-when-is-hocus-pocus-2-coming-out	1	46.32836471269281	SimBa
tweet-sno-1273	QO	vclaim-sno-when-is-hocus-pocus-2-coming-out	1	68.2774776931928	SimBa
tweet-sno-1273	QO	vclaim-sno-hocus-pocus-2	1	66.58882240522874	SimBa
tweet-sno-1273	QO	vclaim-sno-beetlejuice-2-coming-soon	1	55.664951397943526	SimBa
tweet-sno-1273	QO	vclaim-sno-disney-pixar-boo	1	48.57337584834701	SimBa
tweet-sno-1273	QO	vclaim-sno-twilight-saga-moonlight-glow	1	46.33681474197298	SimBa
tweet-sno-1274	QO	vclaim-sno-chick-fil-a-long-lines-lawsuit	1	69.63540817577599	SimBa
tweet-sno-1274	QO	vclaim-sno-man-kicked-buffet-sues	1	45.62790338298664	SimBa
tweet-sno-1274	QO	vclaim-sno-fear-of-a-black-thursday	1	45.15272053251822	SimBa
tweet-sno-1274	QO	vclaim-sno-southern-baptist-convention-buys-chick-fil	1	44.46446672754894	SimBa
tweet-sno-1274	QO	vclaim-sno-chick-fil-a-sunday-tradition	1	42.769594332940784	SimBa
tweet-sno-1275	QO	vclaim-sno-costco-rotisserie-chicken-cheap	1	95.08553204576242	SimBa
tweet-sno-1275	QO	vclaim-sno-costco-lying-about-cage-free-eggs	1	45.83355804642518	SimBa
tweet-sno-1275	QO	vclaim-sno-costco-founder-kill-hotdogs	1	43.490593027858836	SimBa
tweet-sno-1275	QO	vclaim-sno-boston-market-coupon	1	42.83075750657524	SimBa
tweet-sno-1275	QO	vclaim-sno-costco-coupon-scam	1	41.316069221729144	SimBa
tweet-sno-1276	QO	vclaim-sno-november-6th	1	60.85921672689074	SimBa
tweet-sno-1276	QO	vclaim-sno-ia-fl-oh-election-loss	1	60.47823069137043	SimBa
tweet-sno-1276	QO	vclaim-sno-won-both-ohio-florida-lost	1	54.46773175083441	SimBa
tweet-sno-1276	QO	vclaim-sno-hillary-clintons-popular-vote-win-came-entirely-from-california	1	52.458805487501756	SimBa
tweet-sno-1276	QO	vclaim-sno-biden-306-electoral-votes	1	52.4268469345075	SimBa
tweet-sno-1277	QO	vclaim-sno-apartment-radiator-pandemic-spread	1	78.84185599522718	SimBa
tweet-sno-1277	QO	vclaim-sno-handkerchiefs-kissing-covid	1	46.077087964277474	SimBa
tweet-sno-1277	QO	vclaim-sno-empire-state-building-coronavirus	1	44.79432769444252	SimBa
tweet-sno-1277	QO	vclaim-sno-1918-quarantine-ad-for-phone	1	44.226039690055885	SimBa
tweet-sno-1277	QO	vclaim-sno-dutch-restaurants-pods-covid	1	42.39160076118287	SimBa
tweet-sno-1278	QO	vclaim-sno-mcdonalds-breakfast-frozen-eggs	1	63.843902035204486	SimBa
tweet-sno-1278	QO	vclaim-sno-not-lovin39-it	1	47.788065426553075	SimBa
tweet-sno-1278	QO	vclaim-sno-something-eggstra	1	46.97919156905843	SimBa
tweet-sno-1278	QO	vclaim-sno-long-live-timbits	1	43.86473228586827	SimBa
tweet-sno-1278	QO	vclaim-sno-swap-meat	1	43.723596778913944	SimBa
tweet-sno-1279	QO	vclaim-sno-gohmert-tooth-fall-out	1	85.39494472947925	SimBa
tweet-sno-1279	QO	vclaim-sno-will-smith-teeth-knocked-out	1	45.16799354481054	SimBa
tweet-sno-1279	QO	vclaim-sno-steve-bannon-bloody-lip	1	41.60818289609791	SimBa
tweet-sno-1279	QO	vclaim-sno-trey-gowdy-nancy-pelosi	1	41.047126161334404	SimBa
tweet-sno-1279	QO	vclaim-sno-not-my-teeth	1	40.62310715046388	SimBa
tweet-sno-1280	QO	vclaim-sno-biden-harris-disease-disagreed	1	90.71564763690623	SimBa
tweet-sno-1280	QO	vclaim-sno-harris-biden-blog-post	1	60.34892385865834	SimBa
tweet-sno-1280	QO	vclaim-sno-joe-biden-civil-rights-quote	1	58.28139033338978	SimBa
tweet-sno-1280	QO	vclaim-sno-kamala-harris-call-biden-racist	1	57.927164284352116	SimBa
tweet-sno-1280	QO	vclaim-sno-biden-say-president-harris	1	56.60201996680926	SimBa
tweet-sno-1281	QO	vclaim-sno-indiana-jones-saxophone	1	66.19817580374223	SimBa
tweet-sno-1281	QO	vclaim-sno-andrew-lincoln-andes-flight	1	36.31856686388453	SimBa
tweet-sno-1281	QO	vclaim-sno-delayed-grantification	1	36.19378847262709	SimBa
tweet-sno-1281	QO	vclaim-sno-war-of-the-worlds	1	34.37663023395421	SimBa
tweet-sno-1281	QO	vclaim-sno-doomsday-planes-trump-covid	1	33.89720541082212	SimBa
tweet-sno-1282	QO	vclaim-sno-indiana-jones-saxophone	1	79.31925685077042	SimBa
tweet-sno-1282	QO	vclaim-sno-imperial-march-uk-trump	1	34.38890355828423	SimBa
tweet-sno-1282	QO	vclaim-sno-delayed-grantification	1	32.07271475188787	SimBa
tweet-sno-1282	QO	vclaim-sno-police-saxophone-machine-gun	1	30.829923050455733	SimBa
tweet-sno-1282	QO	vclaim-sno-shine-my-shoes	1	30.822081603556562	SimBa
tweet-sno-1283	QO	vclaim-sno-indiana-jones-saxophone	1	78.93299930760546	SimBa
tweet-sno-1283	QO	vclaim-sno-james-earl-jones-star-wars-london-segregation	1	33.354058422712626	SimBa
tweet-sno-1283	QO	vclaim-sno-harrison-ford-trump-han-solo	1	33.1896160152502	SimBa
tweet-sno-1283	QO	vclaim-sno-al-powell-nakatomi-plaza	1	31.859264730629945	SimBa
tweet-sno-1283	QO	vclaim-sno-imperial-march-uk-trump	1	31.728576028645776	SimBa
tweet-sno-1284	QO	vclaim-sno-indiana-jones-saxophone	1	57.83694067192492	SimBa
tweet-sno-1284	QO	vclaim-sno-harrison-ford-trump-han-solo	1	42.33434701586726	SimBa
tweet-sno-1284	QO	vclaim-sno-justin-bieber-han-solo	1	40.55387895080524	SimBa
tweet-sno-1284	QO	vclaim-sno-lennon-guitar-spock-elvis	1	40.18475369771905	SimBa
tweet-sno-1284	QO	vclaim-sno-harrison-ford-holding-a-trump-sign	1	38.737880895132214	SimBa
tweet-sno-1285	QO	vclaim-sno-florida-rebekah-jones-raid	1	46.76954040015865	SimBa
tweet-sno-1285	QO	vclaim-sno-seattle-police-confiscate-mans-guns-without-warrant	1	44.85953381738183	SimBa
tweet-sno-1285	QO	vclaim-sno-fbi-wasserman-schultz-home	1	42.1192240912075	SimBa
tweet-sno-1285	QO	vclaim-sno-connecticut-gun-confiscation	1	41.30442815159173	SimBa
tweet-sno-1285	QO	vclaim-sno-snopes-staff-members-arrested-law-enforcement-raid	1	39.19708646573538	SimBa
tweet-sno-1286	QO	vclaim-sno-nasa-sally-ride-100-tampons	1	79.1615089067464	SimBa
tweet-sno-1286	QO	vclaim-sno-spacesuit-envy	1	57.34309190289455	SimBa
tweet-sno-1286	QO	vclaim-sno-nasa-hillary-clinton-astronaut	1	44.94166546120596	SimBa
tweet-sno-1286	QO	vclaim-sno-recalled-tampons-zombie-ants	1	42.809339792035814	SimBa
tweet-sno-1286	QO	vclaim-sno-spider-in-tampon	1	39.64232446115753	SimBa
tweet-sno-1287	QO	vclaim-sno-my-pleasure-chick-fil-a	1	65.17757855109254	SimBa
tweet-sno-1287	QO	vclaim-sno-taco-bell-two-dollar	1	44.820450385493565	SimBa
tweet-sno-1287	QO	vclaim-sno-critter-fritter	1	42.654751865432516	SimBa
tweet-sno-1287	QO	vclaim-sno-fake-wendys-chili-rumor	1	40.390915217703736	SimBa
tweet-sno-1287	QO	vclaim-sno-burger-king-customers-manager	1	39.6952970492717	SimBa
tweet-sno-1288	QO	vclaim-sno-my-pleasure-chick-fil-a	1	80.50586190667991	SimBa
tweet-sno-1288	QO	vclaim-sno-chick-fil-a-promotions	1	60.2495190009151	SimBa
tweet-sno-1288	QO	vclaim-sno-chick-fil-a-meal-promo	1	58.89464989054805	SimBa
tweet-sno-1288	QO	vclaim-sno-chick-fil-a-gift-basket	1	58.19084417960763	SimBa
tweet-sno-1288	QO	vclaim-sno-chick-fil-a-coupon-scam	1	54.33466637699577	SimBa
tweet-sno-1289	QO	vclaim-sno-my-pleasure-chick-fil-a	1	64.83131255565593	SimBa
tweet-sno-1289	QO	vclaim-sno-chick-fil-a-meal-promo	1	40.14810033384226	SimBa
tweet-sno-1289	QO	vclaim-sno-chick-fil-a-long-lines-lawsuit	1	39.959368681614464	SimBa
tweet-sno-1289	QO	vclaim-sno-chick-fil-a-promotions	1	38.624341912585834	SimBa
tweet-sno-1289	QO	vclaim-sno-chick-fil-a-gift-basket	1	38.56564008686841	SimBa
tweet-sno-1290	QO	vclaim-sno-my-pleasure-chick-fil-a	1	68.422669416996	SimBa
tweet-sno-1290	QO	vclaim-sno-chick-fil-a-gift-basket	1	40.68437880372986	SimBa
tweet-sno-1290	QO	vclaim-sno-chick-fil-a-meal-promo	1	40.67347725708168	SimBa
tweet-sno-1290	QO	vclaim-sno-chick-fil-a-promotions	1	40.47893963671251	SimBa
tweet-sno-1290	QO	vclaim-sno-putty-strife	1	40.172365263847745	SimBa
tweet-sno-1291	QO	vclaim-sno-biden-covid-vaccine	1	75.94294956608118	SimBa
tweet-sno-1291	QO	vclaim-sno-biden-vaccines-hurricane-protect	1	67.0450793555068	SimBa
tweet-sno-1291	QO	vclaim-sno-trump-promise-vaccine-election-day	1	58.96536184231837	SimBa
tweet-sno-1291	QO	vclaim-sno-biden-covid-vaccine-2	1	58.937642076300364	SimBa
tweet-sno-1291	QO	vclaim-sno-did-trump-praise-covid-19-vaccines	1	58.60715772527462	SimBa
tweet-sno-1292	QO	vclaim-sno-matt-putz	1	58.22686378853595	SimBa
tweet-sno-1292	QO	vclaim-sno-new-jersey-ballot-tax-returns	1	40.965177043305125	SimBa
tweet-sno-1292	QO	vclaim-sno-chris-christie-vetoes-equal-pay	1	39.03610381393407	SimBa
tweet-sno-1292	QO	vclaim-sno-furious-christie-refuses-to-pick-up-trumps-dry-cleaning	1	38.53095661009904	SimBa
tweet-sno-1292	QO	vclaim-sno-arnim-zola-congress-trump	1	35.965581495037306	SimBa
tweet-sno-1293	QO	vclaim-sno-chick-fil-a-sunday-tradition	1	50.252233245496456	SimBa
tweet-sno-1293	QO	vclaim-sno-chick-fil-open-sundays	1	48.92988452132001	SimBa
tweet-sno-1293	QO	vclaim-sno-chick-fil-a-food-stranded-storm	1	46.719329163289025	SimBa
tweet-sno-1293	QO	vclaim-sno-christian-owned-airlines-change-wing-light-colors-to-celebrate-christmas	1	46.180628436283314	SimBa
tweet-sno-1293	QO	vclaim-sno-my-pleasure-chick-fil-a	1	42.318981786911266	SimBa
tweet-sno-1294	QO	vclaim-sno-drake-scented-candles	1	65.16754470628196	SimBa
tweet-sno-1294	QO	vclaim-sno-gwyneth-paltrow-vagina-candle	1	42.72001736427393	SimBa
tweet-sno-1294	QO	vclaim-sno-kfc-really-create-chicken-scented-candle	1	38.70992711637895	SimBa
tweet-sno-1294	QO	vclaim-sno-mcdonalds-quarter-pounder-candles	1	31.052773265606866	SimBa
tweet-sno-1294	QO	vclaim-sno-aint-no-prophet	1	30.72912123858815	SimBa
tweet-sno-1295	QO	vclaim-sno-flash-player-no-longer-supported	1	58.93060416087803	SimBa
tweet-sno-1295	QO	vclaim-sno-is-minecraft-shutting-down	1	32.71496537991892	SimBa
tweet-sno-1295	QO	vclaim-sno-facebook-search-porn	1	31.37006741969875	SimBa
tweet-sno-1295	QO	vclaim-sno-nasa-blackout-warning	1	29.704107059914815	SimBa
tweet-sno-1295	QO	vclaim-sno-facebook-ban-livestreamed-music	1	29.125141470917583	SimBa
tweet-sno-1296	QO	vclaim-sno-flash-player-no-longer-supported	1	62.08193228501034	SimBa
tweet-sno-1296	QO	vclaim-sno-is-minecraft-shutting-down	1	31.02390317103347	SimBa
tweet-sno-1296	QO	vclaim-sno-snapchat-shutting-end-2017-prank	1	30.554653551537932	SimBa
tweet-sno-1296	QO	vclaim-sno-nasa-blackout-warning	1	30.228565343797264	SimBa
tweet-sno-1296	QO	vclaim-sno-obamaphones-to-be-cut-off	1	29.995030299215564	SimBa
tweet-sno-1297	QO	vclaim-sno-flash-player-no-longer-supported	1	70.95194799348681	SimBa
tweet-sno-1297	QO	vclaim-sno-boob-youtube	1	45.42589995855695	SimBa
tweet-sno-1297	QO	vclaim-sno-facebook-search-porn	1	43.615458110307806	SimBa
tweet-sno-1297	QO	vclaim-sno-facebook-ban-livestreamed-music	1	43.55512277076928	SimBa
tweet-sno-1297	QO	vclaim-sno-is-minecraft-shutting-down	1	41.34954930231858	SimBa
tweet-sno-1298	QO	vclaim-sno-santa-covid-exemption-ireland	1	64.93518058861207	SimBa
tweet-sno-1298	QO	vclaim-sno-santas-canadian-postal-code	1	43.36239391770559	SimBa
tweet-sno-1298	QO	vclaim-sno-track-meet	1	43.193102033912126	SimBa
tweet-sno-1298	QO	vclaim-sno-trick-or-treat-age-limit	1	39.577533908714805	SimBa
tweet-sno-1298	QO	vclaim-sno-the-physics-of-santa-and-his-reindeer	1	38.6142164675464	SimBa
tweet-sno-1299	QO	vclaim-sno-monolith-california	1	56.869758951286755	SimBa
tweet-sno-1299	QO	vclaim-sno-monolith-found-utah	1	48.674448514217474	SimBa
tweet-sno-1299	QO	vclaim-sno-firefall-fire-waterfall	1	41.053358905197335	SimBa
tweet-sno-1299	QO	vclaim-sno-super-moon	1	40.04414513445492	SimBa
tweet-sno-1299	QO	vclaim-sno-rainbow-mountains-real	1	38.89300976468022	SimBa
tweet-sno-1300	QO	vclaim-sno-king-louis-xiv-fetish-birth	1	63.011710177901534	SimBa
tweet-sno-1300	QO	vclaim-sno-pregnant-from-3d-film	1	42.97281298177265	SimBa
tweet-sno-1300	QO	vclaim-sno-pat-robertson-oral-sex-coronavirus	1	42.763428577932885	SimBa
tweet-sno-1300	QO	vclaim-sno-funny-names	1	41.820743239350506	SimBa
tweet-sno-1300	QO	vclaim-sno-shania-jones-cross-eyed-arrest	1	41.66542260006068	SimBa
tweet-sno-1301	QO	vclaim-sno-loser-lawn-trump-golf-course	1	40.77587854143361	SimBa
tweet-sno-1301	QO	vclaim-sno-tom-brady-election-white-house	1	35.37019821657187	SimBa
tweet-sno-1301	QO	vclaim-sno-bad-lie-golf-joke	1	33.951563296774864	SimBa
tweet-sno-1301	QO	vclaim-sno-donald-trump-golf-course	1	33.228996142566174	SimBa
tweet-sno-1301	QO	vclaim-sno-could-trump-defy-popular-vote	1	32.04788621726499	SimBa
tweet-sno-1302	QO	vclaim-sno-johns-hopkins-covid-deaths	1	70.8592100480603	SimBa
tweet-sno-1302	QO	vclaim-sno-covid19-two-deaths	1	50.85917035144435	SimBa
tweet-sno-1302	QO	vclaim-sno-china-cellphones-coronavirus	1	45.33371634582684	SimBa
tweet-sno-1302	QO	vclaim-sno-coronavirus-cure-bryant	1	45.30213689208961	SimBa
tweet-sno-1302	QO	vclaim-sno-norway-vaccine-deaths	1	43.99106523823107	SimBa
tweet-sno-1303	QO	vclaim-sno-leonardo-dicaprio-disney-channel	1	48.28580845878254	SimBa
tweet-sno-1303	QO	vclaim-sno-chicago-purge-murders	1	33.729500877814814	SimBa
tweet-sno-1303	QO	vclaim-sno-scarface-remake-leonardo-dicaprio	1	29.98589065517672	SimBa
tweet-sno-1303	QO	vclaim-sno-72-hour-challenge	1	27.8284670780713	SimBa
tweet-sno-1303	QO	vclaim-sno-no-lackin-challenge	1	27.58407448710537	SimBa
tweet-sno-1304	QO	vclaim-sno-leonardo-dicaprio-disney-channel	1	49.90628174367732	SimBa
tweet-sno-1304	QO	vclaim-sno-minkus-became-chanel-west-coast	1	41.11196947360207	SimBa
tweet-sno-1304	QO	vclaim-sno-betty-white-in-her-20s-photo	1	39.091030406119735	SimBa
tweet-sno-1304	QO	vclaim-sno-playgirl-trump-contest	1	39.02761986145046	SimBa
tweet-sno-1304	QO	vclaim-sno-catch-me-outside-girl-arrested	1	38.67606853209371	SimBa
tweet-sno-1305	QO	vclaim-sno-leonardo-dicaprio-disney-channel	1	45.77809626199603	SimBa
tweet-sno-1305	QO	vclaim-sno-chicago-purge-murders	1	36.29588671069535	SimBa
tweet-sno-1305	QO	vclaim-sno-scarface-remake-leonardo-dicaprio	1	34.016798799314266	SimBa
tweet-sno-1305	QO	vclaim-sno-mike-tyson-time-traveler	1	33.306011307859535	SimBa
tweet-sno-1305	QO	vclaim-sno-no-lackin-challenge	1	32.87187521806227	SimBa
tweet-sno-1306	QO	vclaim-sno-georgia-signature-audit	1	54.87812198102061	SimBa
tweet-sno-1306	QO	vclaim-sno-georgia-runoff-residency	1	45.001255709540374	SimBa
tweet-sno-1306	QO	vclaim-sno-georgia-primary-election-fraud	1	43.60502458626529	SimBa
tweet-sno-1306	QO	vclaim-sno-biden-ossoff-warnock-checks-2000	1	42.831001979299316	SimBa
tweet-sno-1306	QO	vclaim-sno-teamkraken-georgia-injunction	1	42.42201303941748	SimBa
tweet-sno-1307	QO	vclaim-sno-trump-detroit-voters-2020	1	63.39285228532033	SimBa
tweet-sno-1307	QO	vclaim-sno-more-votes-than-voters-in-detroit	1	59.86441656614756	SimBa
tweet-sno-1307	QO	vclaim-sno-20000-dead-voters-in-pennsylvania	1	44.484147612904614	SimBa
tweet-sno-1307	QO	vclaim-sno-ghost-voters-in-29-states	1	44.42283262688214	SimBa
tweet-sno-1307	QO	vclaim-sno-simple-math-on-biden-votes	1	44.298366675710376	SimBa
tweet-sno-1308	QO	vclaim-sno-trump-pardon-turkey-election	1	75.88596770212683	SimBa
tweet-sno-1308	QO	vclaim-sno-could-trump-defy-popular-vote	1	50.32583110401849	SimBa
tweet-sno-1308	QO	vclaim-sno-trump-described-the-electoral-college-as-a-disaster	1	50.16563187192715	SimBa
tweet-sno-1308	QO	vclaim-sno-obama-signs-executive-order-declaring-investigation-into-election-results	1	49.971024933730035	SimBa
tweet-sno-1308	QO	vclaim-sno-trump-turkey-pardons-reversed	1	48.700860131356016	SimBa
tweet-sno-1309	QO	vclaim-sno-alaska-town-60-days-without-sun	1	60.33773626773842	SimBa
tweet-sno-1309	QO	vclaim-sno-sun-lockdown	1	47.84999839782095	SimBa
tweet-sno-1309	QO	vclaim-sno-will-tonight-be-the-darkest-night-in-500-years	1	45.51190162163357	SimBa
tweet-sno-1309	QO	vclaim-sno-wolf-moon-january	1	44.80171702203877	SimBa
tweet-sno-1309	QO	vclaim-sno-15-days-darkness-november	1	42.46087338153193	SimBa
tweet-sno-1310	QO	vclaim-sno-florida-air-force-robotic-dogs	1	72.81470370110466	SimBa
tweet-sno-1310	QO	vclaim-sno-army-working-dogs-satire	1	58.11956955652291	SimBa
tweet-sno-1310	QO	vclaim-sno-marine-corps-dog-adoptions	1	45.092415330420614	SimBa
tweet-sno-1310	QO	vclaim-sno-nypd-robot-dogs-police	1	40.71640472283079	SimBa
tweet-sno-1310	QO	vclaim-sno-a-new-breed-of-gunner	1	39.995415780787354	SimBa
tweet-sno-1311	QO	vclaim-sno-20000-dead-voters-in-pennsylvania	1	74.69909979667331	SimBa
tweet-sno-1311	QO	vclaim-sno-wisconsin-vote-dump	1	69.61762134567553	SimBa
tweet-sno-1311	QO	vclaim-sno-trump-biden-vote-dumps	1	67.51661204487206	SimBa
tweet-sno-1311	QO	vclaim-sno-more-votes-than-voters-in-detroit	1	65.39881580422335	SimBa
tweet-sno-1311	QO	vclaim-sno-ghost-voters-in-29-states	1	64.75491909481785	SimBa
tweet-sno-1312	QO	vclaim-sno-christmas-tree-owl	1	59.247222553167504	SimBa
tweet-sno-1312	QO	vclaim-sno-snowy-owl-130-years	1	45.694436200922915	SimBa
tweet-sno-1312	QO	vclaim-sno-owl-having-an-orgasm	1	43.70833567135885	SimBa
tweet-sno-1312	QO	vclaim-sno-stuffed-owlets	1	40.69318357470438	SimBa
tweet-sno-1312	QO	vclaim-sno-catapulted-cat	1	39.823332718374346	SimBa
tweet-sno-1313	QO	vclaim-sno-wisconsin-vote-dump	1	76.59622627646414	SimBa
tweet-sno-1313	QO	vclaim-sno-trump-biden-vote-dumps	1	63.892490613471494	SimBa
tweet-sno-1313	QO	vclaim-sno-gallup-poll-electoral-fraud	1	61.15842207178274	SimBa
tweet-sno-1313	QO	vclaim-sno-300000-wisconsin-voters-turned-away-due-to-voter-id-laws	1	58.31446842223575	SimBa
tweet-sno-1313	QO	vclaim-sno-real-clear-politics-biden	1	55.10162853906594	SimBa
tweet-sno-1314	QO	vclaim-sno-dominion-servers-germany-seized	1	68.82743151821208	SimBa
tweet-sno-1314	QO	vclaim-sno-facebook-analytics-electoral-map-shows-trump-sweep	1	58.77590722383174	SimBa
tweet-sno-1314	QO	vclaim-sno-trump-clinton-counties-won	1	55.70000266197954	SimBa
tweet-sno-1314	QO	vclaim-sno-12th-amendment-path-to-victory	1	53.396492773999	SimBa
tweet-sno-1314	QO	vclaim-sno-everylegalvote-2020-election	1	53.17090610936289	SimBa
tweet-sno-1315	QO	vclaim-sno-dominion-servers-germany-seized	1	65.90099189806642	SimBa
tweet-sno-1315	QO	vclaim-sno-facebook-analytics-electoral-map-shows-trump-sweep	1	54.42237022424722	SimBa
tweet-sno-1315	QO	vclaim-sno-trump-server-tied-to-russian-bank	1	47.73536757698334	SimBa
tweet-sno-1315	QO	vclaim-sno-trump-clinton-counties-won	1	47.5781188435748	SimBa
tweet-sno-1315	QO	vclaim-sno-dhs-12m-trump-votes	1	46.296849940353695	SimBa
tweet-sno-1316	QO	vclaim-sno-cuomo-vaccine-bad-news-trump	1	76.07154409614219	SimBa
tweet-sno-1316	QO	vclaim-sno-fauci-warn-surprise-outbreak	1	56.82631626588412	SimBa
tweet-sno-1316	QO	vclaim-sno-did-pfizers-vp-blow-whistle-gardasil	1	54.71456932984974	SimBa
tweet-sno-1316	QO	vclaim-sno-trump-governors-covid-19	1	54.485890302514825	SimBa
tweet-sno-1316	QO	vclaim-sno-trump-public-officials-pay	1	53.96035449507862	SimBa
tweet-sno-1317	QO	vclaim-sno-cornyn-votes-puerto-rico	1	72.04726950534835	SimBa
tweet-sno-1317	QO	vclaim-sno-uncounted-california-ballots	1	55.98176683812078	SimBa
tweet-sno-1317	QO	vclaim-sno-florida-moves-for-full-recount-of-state-votes-over-massive-voter-fraud	1	52.35727357362558	SimBa
tweet-sno-1317	QO	vclaim-sno-alabama-doug-jones-ballots	1	49.5259892325858	SimBa
tweet-sno-1317	QO	vclaim-sno-mail-in-ballots-missing	1	49.12458736289946	SimBa
tweet-sno-1318	QO	vclaim-sno-floyd-county-georgia-votes	1	57.87093949749235	SimBa
tweet-sno-1318	QO	vclaim-sno-georgia-signature-audit	1	55.31375850444178	SimBa
tweet-sno-1318	QO	vclaim-sno-georgia-ballots-likely-ineligible	1	54.920779168295994	SimBa
tweet-sno-1318	QO	vclaim-sno-pa-mailin-votes-ballots	1	54.395962734752516	SimBa
tweet-sno-1318	QO	vclaim-sno-ballots-lancaster-pa	1	53.58928720625492	SimBa
tweet-sno-1319	QO	vclaim-sno-floyd-county-georgia-votes	1	81.30453764152081	SimBa
tweet-sno-1319	QO	vclaim-sno-georgia-signature-audit	1	62.60636363014288	SimBa
tweet-sno-1319	QO	vclaim-sno-georgia-dekalb-reject-mail-ballots	1	61.192086901415095	SimBa
tweet-sno-1319	QO	vclaim-sno-ballots-lancaster-pa	1	60.04901753112357	SimBa
tweet-sno-1319	QO	vclaim-sno-ballots-georgia-senate	1	59.19663582246943	SimBa
tweet-sno-1320	QO	vclaim-sno-maga-trump-million-march	1	60.146081171452465	SimBa
tweet-sno-1320	QO	vclaim-sno-biden-trump-inauguration-crowd	1	60.049506824451846	SimBa
tweet-sno-1320	QO	vclaim-sno-pennsylvania-trump-rally	1	54.66344514189128	SimBa
tweet-sno-1320	QO	vclaim-sno-simple-math-on-biden-votes	1	54.588802817129576	SimBa
tweet-sno-1320	QO	vclaim-sno-trump-rally-crowd-66000	1	54.410493773767946	SimBa
tweet-sno-1321	QO	vclaim-sno-newsmax-biden-pence	1	77.44106519824815	SimBa
tweet-sno-1321	QO	vclaim-sno-gowdy-pence-2020	1	66.45159616222504	SimBa
tweet-sno-1321	QO	vclaim-sno-mike-pence-to-resign	1	65.69139715265098	SimBa
tweet-sno-1321	QO	vclaim-sno-vp-pelosi	1	60.288161316109544	SimBa
tweet-sno-1321	QO	vclaim-sno-did-trump-concede	1	57.90476391067426	SimBa
tweet-sno-1322	QO	vclaim-sno-newsmax-biden-pence	1	76.77340544133483	SimBa
tweet-sno-1322	QO	vclaim-sno-trump-considering-resignation	1	60.342240442605885	SimBa
tweet-sno-1322	QO	vclaim-sno-mike-pence-blames-media-for-trump-controversies	1	58.29472177622951	SimBa
tweet-sno-1322	QO	vclaim-sno-mike-pence-to-resign	1	52.83773470082901	SimBa
tweet-sno-1322	QO	vclaim-sno-rather-ends-retirement-donald-trump	1	52.34053053783729	SimBa
tweet-sno-1323	QO	vclaim-sno-newsmax-biden-pence	1	73.89854828629223	SimBa
tweet-sno-1323	QO	vclaim-sno-mike-pence-blames-media-for-trump-controversies	1	57.58662102685804	SimBa
tweet-sno-1323	QO	vclaim-sno-mike-pence-to-resign	1	54.94853590292211	SimBa
tweet-sno-1323	QO	vclaim-sno-newsweek-report-trump-impeachment	1	53.66681502547945	SimBa
tweet-sno-1323	QO	vclaim-sno-gowdy-pence-2020	1	51.20495951800862	SimBa
tweet-sno-1324	QO	vclaim-sno-rnc-chairwoman-deleted-tweet	1	70.78838264971199	SimBa
tweet-sno-1324	QO	vclaim-sno-tomi-lahren-biden-supporters-loot	1	59.925289195214035	SimBa
tweet-sno-1324	QO	vclaim-sno-trump-biden-resident-meme	1	57.484703478954586	SimBa
tweet-sno-1324	QO	vclaim-sno-fake-aoc-purge-tweet	1	56.348051226351785	SimBa
tweet-sno-1324	QO	vclaim-sno-joe-biden-beat-biden	1	55.66548338205956	SimBa
tweet-sno-1325	QO	vclaim-sno-raising-canes-chicken-bankruptcy	1	76.9571895406575	SimBa
tweet-sno-1325	QO	vclaim-sno-dunkin-donuts-bankruptcy-prank	1	44.10284730938048	SimBa
tweet-sno-1325	QO	vclaim-sno-drink-and-a-nod	1	41.565440617121865	SimBa
tweet-sno-1325	QO	vclaim-sno-nordstrom-chapter-11-baio-boycott	1	41.200311526763485	SimBa
tweet-sno-1325	QO	vclaim-sno-643000-bankruptcies-in-the-u-s-every-year-due-to-medical-bills	1	39.71554173434612	SimBa
tweet-sno-1326	QO	vclaim-sno-raising-canes-chicken-bankruptcy	1	53.831150074612296	SimBa
tweet-sno-1326	QO	vclaim-sno-wendys-heartbreaking-announcement	1	37.82956859446951	SimBa
tweet-sno-1326	QO	vclaim-sno-taco-bell-closing-2020	1	37.15246072831532	SimBa
tweet-sno-1326	QO	vclaim-sno-dunkin-donuts-bankruptcy-prank	1	35.03706861658375	SimBa
tweet-sno-1326	QO	vclaim-sno-643000-bankruptcies-in-the-u-s-every-year-due-to-medical-bills	1	34.89257512578077	SimBa
tweet-sno-1327	QO	vclaim-sno-debby-ryan-heart-attack	1	41.15976783422171	SimBa
tweet-sno-1327	QO	vclaim-sno-drake-is-not-dead	1	40.475422902593785	SimBa
tweet-sno-1327	QO	vclaim-sno-chevy-chase-death-hoax	1	39.39644616121556	SimBa
tweet-sno-1327	QO	vclaim-sno-clint-eastwood-death-hoax	1	39.28324576903724	SimBa
tweet-sno-1327	QO	vclaim-sno-lethal-indirection	1	38.8176390283303	SimBa
tweet-sno-1328	QO	vclaim-sno-xbox-playstation-ps5-congrats	1	53.66737295518629	SimBa
tweet-sno-1328	QO	vclaim-sno-all-work-and-no-playstation	1	34.18248453711494	SimBa
tweet-sno-1328	QO	vclaim-sno-cyberpunk-2077-refunds	1	29.17538432005309	SimBa
tweet-sno-1328	QO	vclaim-sno-ninja-turtles-shredders-revenge	1	28.97607989192791	SimBa
tweet-sno-1328	QO	vclaim-sno-sony	1	25.201519568551667	SimBa
tweet-sno-1329	QO	vclaim-sno-xbox-playstation-ps5-congrats	1	57.72269870821141	SimBa
tweet-sno-1329	QO	vclaim-sno-cyberpunk-2077-refunds	1	30.454960714485	SimBa
tweet-sno-1329	QO	vclaim-sno-amazon-holiday-shopping	1	30.33630061290997	SimBa
tweet-sno-1329	QO	vclaim-sno-microsoft-own-patent-666	1	30.273567126432127	SimBa
tweet-sno-1329	QO	vclaim-sno-would-you-have-invested	1	28.65774606445952	SimBa
tweet-sno-1330	QO	vclaim-sno-ice-twitter-account-disappear	1	58.04242652067467	SimBa
tweet-sno-1330	QO	vclaim-sno-nps-twitter-account-shut-down	1	42.76690598740426	SimBa
tweet-sno-1330	QO	vclaim-sno-twitter-delete-trump-account-racism	1	36.74574533465118	SimBa
tweet-sno-1330	QO	vclaim-sno-trump-twitter-john-barron-1946	1	35.64324659947505	SimBa
tweet-sno-1330	QO	vclaim-sno-loser-com-trump-wikipedia-page	1	35.557940283615046	SimBa
tweet-sno-1331	QO	vclaim-sno-ice-twitter-account-disappear	1	77.19190929793703	SimBa
tweet-sno-1331	QO	vclaim-sno-nps-twitter-account-shut-down	1	52.89537801958294	SimBa
tweet-sno-1331	QO	vclaim-sno-did-twitter-lock-trumps-account	1	45.05209308597718	SimBa
tweet-sno-1331	QO	vclaim-sno-pelosi-tweet-chinatown-tourism	1	43.98452947618357	SimBa
tweet-sno-1331	QO	vclaim-sno-new-york-ice-agent-suicide-note	1	43.37464583180214	SimBa
tweet-sno-1332	QO	vclaim-sno-veterans-national-parks-lifetime	1	77.45970684284093	SimBa
tweet-sno-1332	QO	vclaim-sno-free-meals-for-veterans	1	55.52977314792575	SimBa
tweet-sno-1332	QO	vclaim-sno-trump-veterans-free-health-care	1	50.83356549628543	SimBa
tweet-sno-1332	QO	vclaim-sno-holiday-mail-heroes	1	44.492162122354166	SimBa
tweet-sno-1332	QO	vclaim-sno-trump-salary-military-cemeteries	1	44.35747853478733	SimBa
tweet-sno-1333	QO	vclaim-sno-covid-vaccine-funded-by-trump	1	66.63224891174087	SimBa
tweet-sno-1333	QO	vclaim-sno-did-trump-praise-covid-19-vaccines	1	58.69910228258678	SimBa
tweet-sno-1333	QO	vclaim-sno-cuba-cancer-vaccine	1	53.051085216846175	SimBa
tweet-sno-1333	QO	vclaim-sno-cuomo-vaccine-bad-news-trump	1	52.23030239476487	SimBa
tweet-sno-1333	QO	vclaim-sno-white-front-2	1	51.02606368593966	SimBa
tweet-sno-1334	QO	vclaim-sno-covid-vaccine-funded-by-trump	1	67.22679444052518	SimBa
tweet-sno-1334	QO	vclaim-sno-did-trump-praise-covid-19-vaccines	1	55.72157815565723	SimBa
tweet-sno-1334	QO	vclaim-sno-covid-good-news-list-accurate	1	49.851186582663985	SimBa
tweet-sno-1334	QO	vclaim-sno-cuomo-vaccine-bad-news-trump	1	49.579567365151775	SimBa
tweet-sno-1334	QO	vclaim-sno-trump-beautiful-covid-19-vaccine	1	49.139381173950596	SimBa
tweet-sno-1335	QO	vclaim-sno-biden-hat-trump-maga	1	68.06371560672731	SimBa
tweet-sno-1335	QO	vclaim-sno-listen-to-scientists	1	54.25052885013288	SimBa
tweet-sno-1335	QO	vclaim-sno-biden-trump-dregs-society	1	54.22808344702666	SimBa
tweet-sno-1335	QO	vclaim-sno-trump-biden-resident-meme	1	53.752079971068085	SimBa
tweet-sno-1335	QO	vclaim-sno-biden-trump-xenophobic	1	53.08633517379075	SimBa
tweet-sno-1336	QO	vclaim-sno-biden-major-dog-rescue-white-house	1	87.98162328378751	SimBa
tweet-sno-1336	QO	vclaim-sno-biden-dog-major-indoguration	1	67.4096764507897	SimBa
tweet-sno-1336	QO	vclaim-sno-biden-team-statement-dog	1	65.76346267447327	SimBa
tweet-sno-1336	QO	vclaim-sno-biden-dogs-kicked-out-white-house	1	62.722900926599934	SimBa
tweet-sno-1336	QO	vclaim-sno-paws-act-veterans-ptsd-service-dogs	1	59.01089388286432	SimBa
tweet-sno-1337	QO	vclaim-sno-trump-golf-rallies-coronavirus	1	65.92024056688605	SimBa
tweet-sno-1337	QO	vclaim-sno-golfing-trump-election-results	1	63.01055508198536	SimBa
tweet-sno-1337	QO	vclaim-sno-donald-trump-golf-course	1	56.47517283363604	SimBa
tweet-sno-1337	QO	vclaim-sno-trump-obama-golf	1	54.2407993596116	SimBa
tweet-sno-1337	QO	vclaim-sno-trump-more-testing-look-bad	1	54.01074735826247	SimBa
tweet-sno-1338	QO	vclaim-sno-bannon-fauci-wray-head-pikes	1	74.42662379856063	SimBa
tweet-sno-1338	QO	vclaim-sno-steve-bannon-predicts-obama	1	58.07002561439856	SimBa
tweet-sno-1338	QO	vclaim-sno-clyburn-articles-impeachment	1	53.90529045443831	SimBa
tweet-sno-1338	QO	vclaim-sno-isis-called-for-assassination-of-barron-trump	1	53.303685165495935	SimBa
tweet-sno-1338	QO	vclaim-sno-bannon-hell-capitol-attack	1	52.52958457943303	SimBa
tweet-sno-1339	QO	vclaim-sno-gray-wolves-endangered-trump	1	61.07061238161737	SimBa
tweet-sno-1339	QO	vclaim-sno-trump-whales-sea-turtles	1	52.40964053170127	SimBa
tweet-sno-1339	QO	vclaim-sno-trump-hunting-bald-eagles	1	48.07261724601496	SimBa
tweet-sno-1339	QO	vclaim-sno-obama-gives-kill-order-for-bald-eagles	1	47.93161300760843	SimBa
tweet-sno-1339	QO	vclaim-sno-trump-animal-cruelty	1	46.70592855340959	SimBa
tweet-sno-1340	QO	vclaim-sno-pa-worker-filling-ballots	1	74.925807623125	SimBa
tweet-sno-1340	QO	vclaim-sno-broward-county-blank-ballots	1	53.784741900245166	SimBa
tweet-sno-1340	QO	vclaim-sno-strawman-poll	1	51.81266687787722	SimBa
tweet-sno-1340	QO	vclaim-sno-ballots-video-voter-fraud-trump	1	50.400665400264565	SimBa
tweet-sno-1340	QO	vclaim-sno-erie-pennsylvania-trump-ballots	1	49.36001733485775	SimBa
tweet-sno-1341	QO	vclaim-sno-stop-the-count-chant	1	71.87528721538902	SimBa
tweet-sno-1341	QO	vclaim-sno-trump-vote-twice-north-carolina	1	60.31539295277433	SimBa
tweet-sno-1341	QO	vclaim-sno-trump-rally-chant	1	55.45668383713684	SimBa
tweet-sno-1341	QO	vclaim-sno-erie-pennsylvania-trump-ballots	1	54.77011730478609	SimBa
tweet-sno-1341	QO	vclaim-sno-machine-voting-pens-switching-votes	1	54.76623481897287	SimBa
tweet-sno-1342	QO	vclaim-sno-trump-recount-battleground-states	1	69.90796279156083	SimBa
tweet-sno-1342	QO	vclaim-sno-florida-moves-for-full-recount-of-state-votes-over-massive-voter-fraud	1	52.1598105302611	SimBa
tweet-sno-1342	QO	vclaim-sno-straight-ticket	1	50.82485093015817	SimBa
tweet-sno-1342	QO	vclaim-sno-georgia-signature-audit	1	50.15976612923733	SimBa
tweet-sno-1342	QO	vclaim-sno-why-ohio	1	49.106385703961514	SimBa
tweet-sno-1343	QO	vclaim-sno-sharpie-trump-ballots-arizona	1	67.63720005056035	SimBa
tweet-sno-1343	QO	vclaim-sno-ballot-envelopes-reveal-party	1	64.22740276039846	SimBa
tweet-sno-1343	QO	vclaim-sno-millions-mail-in-ballots	1	62.21482915446735	SimBa
tweet-sno-1343	QO	vclaim-sno-virginia-vote-switch	1	61.57552483603126	SimBa
tweet-sno-1343	QO	vclaim-sno-texas-vote-switching	1	60.75127144488173	SimBa
tweet-sno-1344	QO	vclaim-sno-sharpie-trump-ballots-arizona	1	80.25619182488565	SimBa
tweet-sno-1344	QO	vclaim-sno-california-unlawful-ballots	1	58.64561687804103	SimBa
tweet-sno-1344	QO	vclaim-sno-millions-mail-in-ballots	1	57.07435981006357	SimBa
tweet-sno-1344	QO	vclaim-sno-ballots-lancaster-pa	1	55.69885582632014	SimBa
tweet-sno-1344	QO	vclaim-sno-texas-vote-switching	1	55.691098065139784	SimBa
tweet-sno-1345	QO	vclaim-sno-sharpie-trump-ballots-arizona	1	66.48987624124439	SimBa
tweet-sno-1345	QO	vclaim-sno-wisconsin-vote-dump	1	62.41480594396815	SimBa
tweet-sno-1345	QO	vclaim-sno-millions-mail-in-ballots	1	59.77121646587793	SimBa
tweet-sno-1345	QO	vclaim-sno-california-unlawful-ballots	1	59.129498882692765	SimBa
tweet-sno-1345	QO	vclaim-sno-virginia-vote-switch	1	58.53029745544441	SimBa
tweet-sno-1346	QO	vclaim-sno-saved-whale-says-thanks	1	48.60786291332691	SimBa
tweet-sno-1346	QO	vclaim-sno-fisherman-survived-inside-whale-for-three-days	1	43.9990296321692	SimBa
tweet-sno-1346	QO	vclaim-sno-killer-whale	1	43.72108086301999	SimBa
tweet-sno-1346	QO	vclaim-sno-big-gulp	1	43.36704802689131	SimBa
tweet-sno-1346	QO	vclaim-sno-humpback-whale-eat-kayaker	1	42.01835012172147	SimBa
tweet-sno-1347	QO	vclaim-sno-humpback-whale-eat-kayaker	1	69.51200826150784	SimBa
tweet-sno-1347	QO	vclaim-sno-big-gulp	1	68.01073258163004	SimBa
tweet-sno-1347	QO	vclaim-sno-killer-whale	1	62.869392045399266	SimBa
tweet-sno-1347	QO	vclaim-sno-photograph-kayak-orcas	1	62.07895704815867	SimBa
tweet-sno-1347	QO	vclaim-sno-blue-whale-under-rowboat	1	58.13113485818563	SimBa
tweet-sno-1348	QO	vclaim-sno-biden-black-athletes-green-mile	1	47.760335193997605	SimBa
tweet-sno-1348	QO	vclaim-sno-biden-racial-jungle-quote	1	39.38956712475823	SimBa
tweet-sno-1348	QO	vclaim-sno-joe-biden-ancestors-own-slaves	1	37.66635180431261	SimBa
tweet-sno-1348	QO	vclaim-sno-jackie-robinson-anthem	1	37.25680836463777	SimBa
tweet-sno-1348	QO	vclaim-sno-quayle-quotes	1	37.04501338813924	SimBa
tweet-sno-1349	QO	vclaim-sno-kamala-harris-pearls-election-day	1	55.55483810900968	SimBa
tweet-sno-1349	QO	vclaim-sno-hillary-clinton-embraces-the-woman-card	1	42.439369123824164	SimBa
tweet-sno-1349	QO	vclaim-sno-monica-lewinsky-voting-for-hillary-clinton	1	38.30404186147328	SimBa
tweet-sno-1349	QO	vclaim-sno-hillary-clintons-premature-celebration	1	35.40167178751266	SimBa
tweet-sno-1349	QO	vclaim-sno-hillary-clinton-and-draftourdaughters	1	34.39229535166555	SimBa
tweet-sno-1350	QO	vclaim-sno-amish-trump-presidential-victory	1	60.97756429040268	SimBa
tweet-sno-1350	QO	vclaim-sno-amish-buggies-trump	1	56.361144383713196	SimBa
tweet-sno-1350	QO	vclaim-sno-televangelist-threatens-civil-war	1	44.370305639703176	SimBa
tweet-sno-1350	QO	vclaim-sno-12th-amendment-path-to-victory	1	43.23949323804363	SimBa
tweet-sno-1350	QO	vclaim-sno-amish-community-puppy-mills	1	41.37161777702168	SimBa
tweet-sno-1351	QO	vclaim-sno-omar-minnesota-register-vote	1	57.58205947398388	SimBa
tweet-sno-1351	QO	vclaim-sno-strawman-poll	1	45.11492232606355	SimBa
tweet-sno-1351	QO	vclaim-sno-uber-lyft-free-rides-polls	1	42.95770424937968	SimBa
tweet-sno-1351	QO	vclaim-sno-pence-op-ed-hr1-immigrants	1	42.291276144813324	SimBa
tweet-sno-1351	QO	vclaim-sno-phoney-voting	1	41.40818805127185	SimBa
tweet-sno-1352	QO	vclaim-sno-c-span-video-joe-biden-ukraine	1	56.98322229240102	SimBa
tweet-sno-1352	QO	vclaim-sno-joe-biden-war-hero-story	1	55.601043816394515	SimBa
tweet-sno-1352	QO	vclaim-sno-hunter-biden-flipped-fbi	1	54.398613115074944	SimBa
tweet-sno-1352	QO	vclaim-sno-bar-owner-biden-ad	1	52.30418464708508	SimBa
tweet-sno-1352	QO	vclaim-sno-black-americans-super-predators	1	51.60519823382528	SimBa
tweet-sno-1353	QO	vclaim-sno-hunter-biden-flipped-fbi	1	69.89545773406905	SimBa
tweet-sno-1353	QO	vclaim-sno-c-span-video-joe-biden-ukraine	1	56.05953518348951	SimBa
tweet-sno-1353	QO	vclaim-sno-hunter-biden-dead-overdose-hoax	1	50.850383750341805	SimBa
tweet-sno-1353	QO	vclaim-sno-hunter-biden-discharge	1	50.35748345149538	SimBa
tweet-sno-1353	QO	vclaim-sno-biden-admit-voter-fraud	1	49.97064415763427	SimBa
tweet-sno-1354	QO	vclaim-sno-hunter-biden-flipped-fbi	1	64.69293478686949	SimBa
tweet-sno-1354	QO	vclaim-sno-joe-biden-endorsement	1	57.209749291788825	SimBa
tweet-sno-1354	QO	vclaim-sno-joe-biden-beat-biden	1	54.21168605765536	SimBa
tweet-sno-1354	QO	vclaim-sno-hunter-biden-dead-overdose-hoax	1	54.01449639338415	SimBa
tweet-sno-1354	QO	vclaim-sno-joe-biden-ask-reporter-junkie	1	53.93940361956197	SimBa
tweet-sno-1355	QO	vclaim-sno-hunter-biden-flipped-fbi	1	48.985097362460024	SimBa
tweet-sno-1355	QO	vclaim-sno-joe-biden-endorsement	1	36.460169707079935	SimBa
tweet-sno-1355	QO	vclaim-sno-bar-owner-biden-ad	1	35.41224482150557	SimBa
tweet-sno-1355	QO	vclaim-sno-real-clear-politics-biden	1	35.39996891804876	SimBa
tweet-sno-1355	QO	vclaim-sno-biden-admit-voter-fraud	1	35.0443041717093	SimBa
tweet-sno-1356	QO	vclaim-sno-hunter-biden-flipped-fbi	1	65.80033245006743	SimBa
tweet-sno-1356	QO	vclaim-sno-c-span-video-joe-biden-ukraine	1	60.0524416440311	SimBa
tweet-sno-1356	QO	vclaim-sno-biden-admit-voter-fraud	1	58.26602690986199	SimBa
tweet-sno-1356	QO	vclaim-sno-fake-biden-arrest-warrant	1	57.26164026750002	SimBa
tweet-sno-1356	QO	vclaim-sno-biden-teleprompter-interview	1	52.84168981625544	SimBa
tweet-sno-1357	QO	vclaim-sno-armed-trump-fans-biden-bus	1	71.63762532915047	SimBa
tweet-sno-1357	QO	vclaim-sno-fbi-trump-biden-bus	1	61.01436179098914	SimBa
tweet-sno-1357	QO	vclaim-sno-anti-trump-protesters-bused-into-austin	1	54.443192914750654	SimBa
tweet-sno-1357	QO	vclaim-sno-truckers-strike-thanksgiving	1	54.04914524485153	SimBa
tweet-sno-1357	QO	vclaim-sno-bus-crash-super-tuesday	1	51.08793278472857	SimBa
tweet-sno-1358	QO	vclaim-sno-fbi-trump-biden-bus	1	65.7545781191432	SimBa
tweet-sno-1358	QO	vclaim-sno-anti-trump-protesters-bused-into-austin	1	60.3323204591805	SimBa
tweet-sno-1358	QO	vclaim-sno-armed-trump-fans-biden-bus	1	55.801445545739554	SimBa
tweet-sno-1358	QO	vclaim-sno-trucked-voters-in-pa	1	50.730699403167165	SimBa
tweet-sno-1358	QO	vclaim-sno-decalcification	1	50.53210677716973	SimBa
tweet-sno-1359	QO	vclaim-sno-armed-trump-fans-biden-bus	1	64.37556011888083	SimBa
tweet-sno-1359	QO	vclaim-sno-fbi-trump-biden-bus	1	64.25972019199146	SimBa
tweet-sno-1359	QO	vclaim-sno-run-over-trump-protesters	1	59.96100445308234	SimBa
tweet-sno-1359	QO	vclaim-sno-virginia-gun-rally-staged	1	54.33216734744381	SimBa
tweet-sno-1359	QO	vclaim-sno-trump-mob-capitol	1	51.695925831994224	SimBa
tweet-sno-1360	QO	vclaim-sno-fbi-trump-biden-bus	1	63.31445630274943	SimBa
tweet-sno-1360	QO	vclaim-sno-anti-trump-protesters-bused-into-austin	1	54.74646923937926	SimBa
tweet-sno-1360	QO	vclaim-sno-bus-crash-super-tuesday	1	54.01722483048223	SimBa
tweet-sno-1360	QO	vclaim-sno-armed-trump-fans-biden-bus	1	49.89197856919513	SimBa
tweet-sno-1360	QO	vclaim-sno-moving-truck-cspan	1	48.283987769173415	SimBa
tweet-sno-1361	QO	vclaim-sno-fbi-50-states-armed-protest	1	50.4229258392584	SimBa
tweet-sno-1361	QO	vclaim-sno-virginia-gun-rally-staged	1	50.40668223896512	SimBa
tweet-sno-1361	QO	vclaim-sno-left-wing-mob-violence	1	49.823142684328694	SimBa
tweet-sno-1361	QO	vclaim-sno-biden-tucker-carlson-white-men	1	49.22565137105727	SimBa
tweet-sno-1361	QO	vclaim-sno-deadly-chase-down	1	48.459133240695245	SimBa
tweet-sno-1362	QO	vclaim-sno-sean-connery-trump-golf-course	1	65.66406637051034	SimBa
tweet-sno-1362	QO	vclaim-sno-sean-connery-net-worth	1	46.36887055194245	SimBa
tweet-sno-1362	QO	vclaim-sno-bill-murray-death-notice	1	42.80037615403429	SimBa
tweet-sno-1362	QO	vclaim-sno-sean-penn-death-hoax	1	41.94159372249672	SimBa
tweet-sno-1362	QO	vclaim-sno-hackman-trump-president	1	41.646730518433344	SimBa
tweet-sno-1363	QO	vclaim-sno-taco-bell-mexican-pizza	1	58.509853673667024	SimBa
tweet-sno-1363	QO	vclaim-sno-taco-bell-closing	1	56.04311616505703	SimBa
tweet-sno-1363	QO	vclaim-sno-taco-bell-menu-change	1	51.16764196989469	SimBa
tweet-sno-1363	QO	vclaim-sno-taco-bell-closing-2020	1	49.65166474774662	SimBa
tweet-sno-1363	QO	vclaim-sno-taco-cabana-sign-donald-trump-prank	1	46.118560651497276	SimBa
tweet-sno-1364	QO	vclaim-sno-taco-bell-mexican-pizza	1	63.863798879609746	SimBa
tweet-sno-1364	QO	vclaim-sno-taco-bell-menu-change	1	52.20063412817149	SimBa
tweet-sno-1364	QO	vclaim-sno-taco-bell-closing-2020	1	48.563881456785225	SimBa
tweet-sno-1364	QO	vclaim-sno-taco-cabana-sign-donald-trump-prank	1	48.12552039075772	SimBa
tweet-sno-1364	QO	vclaim-sno-taco-bell-major-changes	1	47.545658184095736	SimBa
tweet-sno-1365	QO	vclaim-sno-taco-bell-mexican-pizza	1	58.721716193148325	SimBa
tweet-sno-1365	QO	vclaim-sno-taco-bell-menu-change	1	47.926133199982736	SimBa
tweet-sno-1365	QO	vclaim-sno-taco-bell-closing-2020	1	47.51400735204149	SimBa
tweet-sno-1365	QO	vclaim-sno-taco-bell-closing	1	46.5410411104661	SimBa
tweet-sno-1365	QO	vclaim-sno-meat-your-maker	1	46.319540605441986	SimBa
tweet-sno-1366	QO	vclaim-sno-taco-bell-mexican-pizza	1	60.55076160059402	SimBa
tweet-sno-1366	QO	vclaim-sno-mcpizza	1	58.87800179667313	SimBa
tweet-sno-1366	QO	vclaim-sno-taco-bell-menu-change	1	52.28686984385308	SimBa
tweet-sno-1366	QO	vclaim-sno-taco-bell-cinammon-twists-pasta	1	52.23438484459382	SimBa
tweet-sno-1366	QO	vclaim-sno-taco-bell-closing-2020	1	51.92969399417525	SimBa
tweet-sno-1367	QO	vclaim-sno-taco-bell-mexican-pizza	1	65.75184320113814	SimBa
tweet-sno-1367	QO	vclaim-sno-taco-bell-menu-change	1	55.784022169478476	SimBa
tweet-sno-1367	QO	vclaim-sno-taco-bell-closing	1	54.5733019179115	SimBa
tweet-sno-1367	QO	vclaim-sno-taco-bell-closing-2020	1	53.439990198958256	SimBa
tweet-sno-1367	QO	vclaim-sno-meat-your-maker	1	50.35444602039905	SimBa
tweet-sno-1368	QO	vclaim-sno-cheesecake-factory-closing-rumor	1	52.93162275333428	SimBa
tweet-sno-1368	QO	vclaim-sno-taco-bell-closing-2020	1	49.99740983308479	SimBa
tweet-sno-1368	QO	vclaim-sno-subway-pizza-hut-closing	1	49.285693935614745	SimBa
tweet-sno-1368	QO	vclaim-sno-taco-bell-mexican-pizza	1	47.94279392225797	SimBa
tweet-sno-1368	QO	vclaim-sno-taco-bell-closing	1	47.195325162296434	SimBa
tweet-sno-1369	QO	vclaim-sno-cheesecake-factory-closing-rumor	1	59.17597201947494	SimBa
tweet-sno-1369	QO	vclaim-sno-taco-bell-closing-2020	1	49.457314569115034	SimBa
tweet-sno-1369	QO	vclaim-sno-wendys-heartbreaking-announcement	1	49.33816891197351	SimBa
tweet-sno-1369	QO	vclaim-sno-subway-pizza-hut-closing	1	47.501889780894714	SimBa
tweet-sno-1369	QO	vclaim-sno-ruby-tuesday-closing	1	45.11841566427912	SimBa
tweet-sno-1370	QO	vclaim-sno-cheesecake-factory-closing-rumor	1	59.38793568034943	SimBa
tweet-sno-1370	QO	vclaim-sno-car-czar	1	48.65646743841305	SimBa
tweet-sno-1370	QO	vclaim-sno-trump-food-assistance-700000	1	47.941087714483494	SimBa
tweet-sno-1370	QO	vclaim-sno-outback-trump-supporters	1	47.737238630592906	SimBa
tweet-sno-1370	QO	vclaim-sno-subway-pizza-hut-closing	1	47.30067078774814	SimBa
tweet-sno-1371	QO	vclaim-sno-cheesecake-factory-closing-rumor	1	87.82525511823242	SimBa
tweet-sno-1371	QO	vclaim-sno-taco-bell-closing	1	60.972287732094	SimBa
tweet-sno-1371	QO	vclaim-sno-red-lobster-closing	1	60.011665265904796	SimBa
tweet-sno-1371	QO	vclaim-sno-whataburger-closing-its-doors	1	57.753615054279365	SimBa
tweet-sno-1371	QO	vclaim-sno-not-lovin39-it	1	53.693939947719024	SimBa
tweet-sno-1372	QO	vclaim-sno-cheesecake-factory-closing-rumor	1	79.61423449978862	SimBa
tweet-sno-1372	QO	vclaim-sno-red-lobster-closing	1	56.42064275936937	SimBa
tweet-sno-1372	QO	vclaim-sno-taco-bell-closing	1	56.36752436859413	SimBa
tweet-sno-1372	QO	vclaim-sno-whataburger-closing-its-doors	1	51.09023654108199	SimBa
tweet-sno-1372	QO	vclaim-sno-dunkin-donuts-bankruptcy-prank	1	50.90235034522433	SimBa
tweet-sno-1373	QO	vclaim-sno-cheesecake-factory-closing-rumor	1	70.04325564460774	SimBa
tweet-sno-1373	QO	vclaim-sno-whataburger-closing-its-doors	1	48.77604570674162	SimBa
tweet-sno-1373	QO	vclaim-sno-red-lobster-closing	1	48.62040570668516	SimBa
tweet-sno-1373	QO	vclaim-sno-taco-bell-closing	1	47.92670477406229	SimBa
tweet-sno-1373	QO	vclaim-sno-walmart-closing-every-store	1	45.01569660869286	SimBa
tweet-sno-1374	QO	vclaim-sno-cheesecake-factory-closing-rumor	1	87.4790642859601	SimBa
tweet-sno-1374	QO	vclaim-sno-taco-bell-closing	1	64.21351048026253	SimBa
tweet-sno-1374	QO	vclaim-sno-red-lobster-closing	1	61.39391308833347	SimBa
tweet-sno-1374	QO	vclaim-sno-whataburger-closing-its-doors	1	58.71004049218758	SimBa
tweet-sno-1374	QO	vclaim-sno-subway-pizza-hut-closing	1	54.80473009929954	SimBa
tweet-sno-1375	QO	vclaim-sno-cheesecake-factory-closing-rumor	1	58.04161979377228	SimBa
tweet-sno-1375	QO	vclaim-sno-mcpizza	1	41.67778817956082	SimBa
tweet-sno-1375	QO	vclaim-sno-red-lobster-closing	1	38.88994798425047	SimBa
tweet-sno-1375	QO	vclaim-sno-not-lovin39-it	1	38.877633263327034	SimBa
tweet-sno-1375	QO	vclaim-sno-whataburger-closing-its-doors	1	38.795616652254	SimBa
tweet-sno-1376	QO	vclaim-sno-girl-scouts-congratulate-barrett	1	50.39357606949261	SimBa
tweet-sno-1376	QO	vclaim-sno-marjorie-taylor-greene-twitter	1	48.09379071924354	SimBa
tweet-sno-1376	QO	vclaim-sno-twitter-marjorie-taylor-greene	1	47.129524637993896	SimBa
tweet-sno-1376	QO	vclaim-sno-twitter-delete-trump-account-racism	1	45.748499928324925	SimBa
tweet-sno-1376	QO	vclaim-sno-spooked-clinton-campaign-manager-deleted-tweets	1	45.41599777359717	SimBa
tweet-sno-1377	QO	vclaim-sno-aoc-gop-sad-stupid-vanity-fair	1	51.506992758571094	SimBa
tweet-sno-1377	QO	vclaim-sno-hillary-clinton-stupid-quote	1	44.62316115070411	SimBa
tweet-sno-1377	QO	vclaim-sno-good-grief	1	43.7801669817672	SimBa
tweet-sno-1377	QO	vclaim-sno-nancy-pelosi-wrap-up-smear	1	43.31862354836768	SimBa
tweet-sno-1377	QO	vclaim-sno-bernie-sanders-trump-shirts	1	42.135034575534306	SimBa
tweet-sno-1378	QO	vclaim-sno-trump-biden-assassination-shot	1	69.90668893397225	SimBa
tweet-sno-1378	QO	vclaim-sno-isis-called-for-assassination-of-barron-trump	1	65.003307294033	SimBa
tweet-sno-1378	QO	vclaim-sno-donald-trump-plans-to-declare-war-on-americans	1	64.12903406941493	SimBa
tweet-sno-1378	QO	vclaim-sno-trump-pedophiles-death-penalty	1	62.60229342748805	SimBa
tweet-sno-1378	QO	vclaim-sno-trump-suicide-bombers-penalty	1	62.237643397606554	SimBa
tweet-sno-1379	QO	vclaim-sno-biden-admit-voter-fraud	1	69.6281286723187	SimBa
tweet-sno-1379	QO	vclaim-sno-trump-biden-vote-dumps	1	67.36610493997445	SimBa
tweet-sno-1379	QO	vclaim-sno-simple-math-on-biden-votes	1	60.68176768226424	SimBa
tweet-sno-1379	QO	vclaim-sno-wisconsin-vote-dump	1	59.49520014398233	SimBa
tweet-sno-1379	QO	vclaim-sno-huckabee-letter-biden-fraud	1	58.81120840365327	SimBa
tweet-sno-1380	QO	vclaim-sno-2009-trump-tweet-pandemic	1	65.19740292257534	SimBa
tweet-sno-1380	QO	vclaim-sno-experts-officials-pandemic-2018	1	64.72961337513463	SimBa
tweet-sno-1380	QO	vclaim-sno-trump-tweet-obama-8-years	1	60.174425515780875	SimBa
tweet-sno-1380	QO	vclaim-sno-trump-deflect-to-h1n1	1	55.58107051420376	SimBa
tweet-sno-1380	QO	vclaim-sno-biden-tweet-pandemic	1	55.474171550172095	SimBa
tweet-sno-1381	QO	vclaim-sno-merriam-webster-barrett-sexual	1	63.63897355175148	SimBa
tweet-sno-1381	QO	vclaim-sno-irregardless-merriam-webster	1	48.43170130157591	SimBa
tweet-sno-1381	QO	vclaim-sno-fascism-corporations-corporatism-dictionary	1	47.86583117750456	SimBa
tweet-sno-1381	QO	vclaim-sno-merriam-webster-definition-racism	1	42.64600648803652	SimBa
tweet-sno-1381	QO	vclaim-sno-oxford-junior-dictionary-words	1	40.23442894672988	SimBa
tweet-sno-1382	QO	vclaim-sno-elijah-cummings-said-democrats-gave-black-people-the-right-to-vote	1	55.00275178115815	SimBa
tweet-sno-1382	QO	vclaim-sno-joe-biden-n-word-recorded-speech	1	53.99466627786429	SimBa
tweet-sno-1382	QO	vclaim-sno-joe-biden-put-yall-back-in-chains	1	52.38750825633235	SimBa
tweet-sno-1382	QO	vclaim-sno-black-americans-super-predators	1	51.415787114448634	SimBa
tweet-sno-1382	QO	vclaim-sno-biden-n-word-senate	1	50.899468374866856	SimBa
tweet-sno-1383	QO	vclaim-sno-mitch-mcconnells-hands	1	64.54963836963509	SimBa
tweet-sno-1383	QO	vclaim-sno-mcconnell-voting-photobomb	1	44.01992019243103	SimBa
tweet-sno-1383	QO	vclaim-sno-did-c-span-insult-mitch-mcconnell	1	41.294771417026254	SimBa
tweet-sno-1383	QO	vclaim-sno-supreme-court-flip-flop	1	39.64477922023917	SimBa
tweet-sno-1383	QO	vclaim-sno-team-mitch-aoc	1	39.23219753795736	SimBa
tweet-sno-1384	QO	vclaim-sno-nurse-gop-convention-shooting	1	55.32368368762707	SimBa
tweet-sno-1384	QO	vclaim-sno-officer-nakia-jones-fired-after-viral-police-brutality-video	1	47.380978909421216	SimBa
tweet-sno-1384	QO	vclaim-sno-police-arrest-jesus-campos	1	46.186078682702856	SimBa
tweet-sno-1384	QO	vclaim-sno-cop-after-not-shooting-guy-knife	1	44.64461202091674	SimBa
tweet-sno-1384	QO	vclaim-sno-waitress-cop-tip	1	44.47187521975529	SimBa
tweet-sno-1385	QO	vclaim-sno-jane-fonda-covid-gods-gift	1	70.38119951044696	SimBa
tweet-sno-1385	QO	vclaim-sno-greene-biden-mark-of-the-beast	1	50.74339239789653	SimBa
tweet-sno-1385	QO	vclaim-sno-biden-pandemic-statement	1	46.66077349283551	SimBa
tweet-sno-1385	QO	vclaim-sno-fairfax-gave-biden-extra-votes	1	46.25334770970491	SimBa
tweet-sno-1385	QO	vclaim-sno-harris-biden-blog-post	1	46.18428679726211	SimBa
tweet-sno-1386	QO	vclaim-sno-biden-ban-fracking	1	73.99204820566109	SimBa
tweet-sno-1386	QO	vclaim-sno-harris-biden-blog-post	1	54.070200508584676	SimBa
tweet-sno-1386	QO	vclaim-sno-does-biden-support-green-new-deal	1	53.78723593931329	SimBa
tweet-sno-1386	QO	vclaim-sno-bernie-sanders-truck-ban	1	51.786708986614954	SimBa
tweet-sno-1386	QO	vclaim-sno-joe-biden-defund-police	1	51.01692990943339	SimBa
tweet-sno-1387	QO	vclaim-sno-kennedy-nixon-virtual-debate-1960	1	60.48845491239105	SimBa
tweet-sno-1387	QO	vclaim-sno-confessions-of-a-republican	1	39.15804220169686	SimBa
tweet-sno-1387	QO	vclaim-sno-diamond-silk-gop-convention	1	38.9153787438498	SimBa
tweet-sno-1387	QO	vclaim-sno-debate-secret-hand-signals	1	38.76811296580502	SimBa
tweet-sno-1387	QO	vclaim-sno-the-wire	1	38.73653367696506	SimBa
tweet-sno-1388	QO	vclaim-sno-karen-pence-mask-debate	1	49.95582294388632	SimBa
tweet-sno-1388	QO	vclaim-sno-karen-pence-school-lgbt	1	40.385502850791426	SimBa
tweet-sno-1388	QO	vclaim-sno-red-mask-blue-mask-covid	1	40.23093105681668	SimBa
tweet-sno-1388	QO	vclaim-sno-pence-nasa-do-not-touch	1	39.50966441431231	SimBa
tweet-sno-1388	QO	vclaim-sno-pantyhose-masks-covid-19	1	37.69629492011051	SimBa
tweet-sno-1389	QO	vclaim-sno-trump-sign-hollywood-los-angeles	1	64.37780586424681	SimBa
tweet-sno-1389	QO	vclaim-sno-trump-made-america-the-best-sign	1	45.723850153726275	SimBa
tweet-sno-1389	QO	vclaim-sno-trump-tower-kurd-banner	1	45.601943163733495	SimBa
tweet-sno-1389	QO	vclaim-sno-mount-rushmore-defaced-graffiti	1	45.29741126834655	SimBa
tweet-sno-1389	QO	vclaim-sno-trump-christ-billboard-st-louis	1	45.19799152655012	SimBa
tweet-sno-1390	QO	vclaim-sno-kamala-harris-protests	1	70.80487679422845	SimBa
tweet-sno-1390	QO	vclaim-sno-tomi-lahren-biden-supporters-loot	1	57.93801693066314	SimBa
tweet-sno-1390	QO	vclaim-sno-left-wing-mob-violence	1	54.470905950724244	SimBa
tweet-sno-1390	QO	vclaim-sno-antifa-flyer-trump-supporters	1	54.09227138434918	SimBa
tweet-sno-1390	QO	vclaim-sno-mike-pence-tweet	1	53.23913290354318	SimBa
tweet-sno-1391	QO	vclaim-sno-biden-trump-dregs-society	1	80.38466797979173	SimBa
tweet-sno-1391	QO	vclaim-sno-biden-trump-xenophobic	1	68.84256649029945	SimBa
tweet-sno-1391	QO	vclaim-sno-biden-troops-stupid-bastards	1	68.725972377151	SimBa
tweet-sno-1391	QO	vclaim-sno-joe-biden-no-empathy	1	65.16059896890866	SimBa
tweet-sno-1391	QO	vclaim-sno-listen-to-scientists	1	63.1650585010845	SimBa
tweet-sno-1392	QO	vclaim-sno-biden-pandemic-black-women-grocery	1	70.12721769337605	SimBa
tweet-sno-1392	QO	vclaim-sno-biden-kenosha-black-looting	1	45.45865560182577	SimBa
tweet-sno-1392	QO	vclaim-sno-joe-biden-put-yall-back-in-chains	1	43.49089720778458	SimBa
tweet-sno-1392	QO	vclaim-sno-joe-biden-ancestors-own-slaves	1	41.26066093821433	SimBa
tweet-sno-1392	QO	vclaim-sno-biden-blames-lazy-american-women	1	40.71484177210979	SimBa
tweet-sno-1393	QO	vclaim-sno-clinton-mccabe-donation	1	66.71348395073258	SimBa
tweet-sno-1393	QO	vclaim-sno-comey-clinton-foundation	1	58.35020713224907	SimBa
tweet-sno-1393	QO	vclaim-sno-james-comey-seth-rich	1	53.9272615659109	SimBa
tweet-sno-1393	QO	vclaim-sno-hillary-clinton-arrested-fbi-hoax	1	52.849977572072675	SimBa
tweet-sno-1393	QO	vclaim-sno-impeachment-consulting-fees	1	52.19292204916485	SimBa
tweet-sno-1394	QO	vclaim-sno-gay-men-proud-boys-hashtag	1	54.42988037735049	SimBa
tweet-sno-1394	QO	vclaim-sno-condom-snorting-challenge	1	42.400986760170426	SimBa
tweet-sno-1394	QO	vclaim-sno-gay-jesus-film	1	42.35350211670245	SimBa
tweet-sno-1394	QO	vclaim-sno-lgbtp-adding-letter	1	40.32958049152931	SimBa
tweet-sno-1394	QO	vclaim-sno-wisconsin-transgender-students-force-to-wear-green-bracelets	1	39.34542723741626	SimBa
tweet-sno-1395	QO	vclaim-sno-gay-men-proud-boys-hashtag	1	76.12650786794197	SimBa
tweet-sno-1395	QO	vclaim-sno-stop-the-steal-gay-communists	1	45.39687989667527	SimBa
tweet-sno-1395	QO	vclaim-sno-roger-stone-proud-boys	1	40.70249038789076	SimBa
tweet-sno-1395	QO	vclaim-sno-identifying-as-clovergender	1	40.193888686385094	SimBa
tweet-sno-1395	QO	vclaim-sno-lgbtp-adding-letter	1	39.336135219367165	SimBa
tweet-sno-1396	QO	vclaim-sno-bikers-trump-praying-walter-reed	1	67.49756256058706	SimBa
tweet-sno-1396	QO	vclaim-sno-photograph-shows-100000-bikers-at-trump-rally	1	58.489239996771715	SimBa
tweet-sno-1396	QO	vclaim-sno-motorcycle-group-trump-inauguration	1	53.537275549944795	SimBa
tweet-sno-1396	QO	vclaim-sno-bikers-kavanaugh-support-video	1	51.36363164412308	SimBa
tweet-sno-1396	QO	vclaim-sno-pray-bow-golden-trump-statue	1	49.08342059533001	SimBa
tweet-sno-1397	QO	vclaim-sno-trump-covid-fundraising	1	45.24348772160646	SimBa
tweet-sno-1397	QO	vclaim-sno-package-delivery-failure-virus	1	42.160656962715215	SimBa
tweet-sno-1397	QO	vclaim-sno-venmo-scam	1	41.16991881418171	SimBa
tweet-sno-1397	QO	vclaim-sno-trump-army-fundraising-email	1	39.63167272703465	SimBa
tweet-sno-1397	QO	vclaim-sno-safyre-terry-christmas-card	1	39.343612973277274	SimBa
tweet-sno-1398	QO	vclaim-sno-amy-coney-barrett-rhodes-scholar	1	61.7077368827635	SimBa
tweet-sno-1398	QO	vclaim-sno-michelle-obamas-fake-degrees	1	48.198818389199126	SimBa
tweet-sno-1398	QO	vclaim-sno-kamala-harris-berkeley-busing	1	46.177031084456516	SimBa
tweet-sno-1398	QO	vclaim-sno-indian-journalist-hoax-harvard	1	44.32247434520355	SimBa
tweet-sno-1398	QO	vclaim-sno-moore-accuser-yearbook	1	43.106612509667485	SimBa
tweet-sno-1399	QO	vclaim-sno-biden-antifa-courageous-americans	1	55.237426179327116	SimBa
tweet-sno-1399	QO	vclaim-sno-biden-fail-condemn-antifa	1	50.30163753570522	SimBa
tweet-sno-1399	QO	vclaim-sno-paul-ryan-endorsed-antifa	1	49.80823940631844	SimBa
tweet-sno-1399	QO	vclaim-sno-cnn-antifa-capitol-riot	1	47.72407787094356	SimBa
tweet-sno-1399	QO	vclaim-sno-six-antifa-beatup-video	1	47.23829339152084	SimBa
tweet-sno-1400	QO	vclaim-sno-trump-condemn-white-supremacists	1	62.60520045914595	SimBa
tweet-sno-1400	QO	vclaim-sno-iowa-congressman-retweet-white-supremacist	1	50.06139061200503	SimBa
tweet-sno-1400	QO	vclaim-sno-trump-white-nationalists-us-press-conference	1	49.65017427402219	SimBa
tweet-sno-1400	QO	vclaim-sno-america-first-ku-klux-klan-slogan	1	46.868191511846646	SimBa
tweet-sno-1400	QO	vclaim-sno-trump-beto-crowds-el-paso-victims	1	46.694188769042654	SimBa
tweet-sno-1401	QO	vclaim-sno-bloomberg-pay-florida-felons-vote	1	52.51072818743399	SimBa
tweet-sno-1401	QO	vclaim-sno-skinny-joey-merlino-biden	1	49.37148158486828	SimBa
tweet-sno-1401	QO	vclaim-sno-bloomberg-campaign-prisoners	1	48.27789550808444	SimBa
tweet-sno-1401	QO	vclaim-sno-michael-bloomberg-donald-trump	1	47.73880527036254	SimBa
tweet-sno-1401	QO	vclaim-sno-did-joe-frazier-vote-pa	1	45.67682641945753	SimBa
