tweet-sno-1200	QO	vclaim-sno-lady-gaga-oreo	1	75.01946439889994	SimBa
tweet-sno-1200	QO	vclaim-sno-red-velvet-oreos	1	50.22371645986286	SimBa
tweet-sno-1200	QO	vclaim-sno-black-raspberry-chocolate-chip-oreos	1	46.25154798859212	SimBa
tweet-sno-1200	QO	vclaim-sno-spam-oreos	1	46.239093428188724	SimBa
tweet-sno-1200	QO	vclaim-sno-oreos-fake-tweet	1	44.35444669442102	SimBa
tweet-sno-1201	QO	vclaim-sno-biden-executive-order-dictator	1	77.83785555168275	SimBa
tweet-sno-1201	QO	vclaim-sno-biden-signing-blank-papers	1	65.15323881660646	SimBa
tweet-sno-1201	QO	vclaim-sno-false-executive-orders	1	60.42887689623865	SimBa
tweet-sno-1201	QO	vclaim-sno-mcconnell-democrats-no-victories	1	58.08542614846905	SimBa
tweet-sno-1201	QO	vclaim-sno-biden-violate-mask-mandate	1	57.873063050748776	SimBa
tweet-sno-1202	QO	vclaim-sno-biden-executive-order-dictator	1	67.98229087800586	SimBa
tweet-sno-1202	QO	vclaim-sno-biden-signing-blank-papers	1	56.63543073540017	SimBa
tweet-sno-1202	QO	vclaim-sno-jimmy-carter-functioning-democracy	1	55.472167530838824	SimBa
tweet-sno-1202	QO	vclaim-sno-biden-pandemic-statement	1	52.80494781892443	SimBa
tweet-sno-1202	QO	vclaim-sno-devos-40-percent-more-than-half	1	51.7023549179119	SimBa
tweet-sno-1203	QO	vclaim-sno-farmers-protest-india-flag	1	73.29406394266175	SimBa
tweet-sno-1203	QO	vclaim-sno-capture-the-flag	1	57.3006168583988	SimBa
tweet-sno-1203	QO	vclaim-sno-indian-flag-capitol-riots	1	57.03581578696946	SimBa
tweet-sno-1203	QO	vclaim-sno-swastika-flag-trump-pence-michigan	1	51.860595170968935	SimBa
tweet-sno-1203	QO	vclaim-sno-million-maga-nazi-banner	1	51.07279407141938	SimBa
tweet-sno-1204	QO	vclaim-sno-biden-bans-china-virus	1	92.47930152666943	SimBa
tweet-sno-1204	QO	vclaim-sno-giuliani-sex-animals-covid	1	62.802573345436265	SimBa
tweet-sno-1204	QO	vclaim-sno-trump-china-transparency	1	61.982528947513124	SimBa
tweet-sno-1204	QO	vclaim-sno-biden-signing-blank-papers	1	60.68593650123739	SimBa
tweet-sno-1204	QO	vclaim-sno-trump-ban-travel-china-pandemic	1	60.54773665213866	SimBa
tweet-sno-1205	QO	vclaim-sno-trump-office-former-president	1	63.31676992085784	SimBa
tweet-sno-1205	QO	vclaim-sno-biden-president-elect-office	1	54.61776827795748	SimBa
tweet-sno-1205	QO	vclaim-sno-obama-attach-personal-message-letter-wrote-trump	1	54.061984200941914	SimBa
tweet-sno-1205	QO	vclaim-sno-trump-christmas-card-2021	1	53.93792906401564	SimBa
tweet-sno-1205	QO	vclaim-sno-obama-trump-transition-letter	1	53.57121940530194	SimBa
tweet-sno-1206	QO	vclaim-sno-trump-office-former-president	1	86.19582054785238	SimBa
tweet-sno-1206	QO	vclaim-sno-biden-president-elect-office	1	53.83724002196855	SimBa
tweet-sno-1206	QO	vclaim-sno-trump-national-guard-troops-hotel	1	53.19541013707987	SimBa
tweet-sno-1206	QO	vclaim-sno-oval-office-fumigated-after-trump	1	52.270350456355494	SimBa
tweet-sno-1206	QO	vclaim-sno-trump-twitter-john-barron-1946	1	51.71577317158423	SimBa
tweet-sno-1207	QO	vclaim-sno-cocaine-smuggled-in-bananas	1	81.8391700222436	SimBa
tweet-sno-1207	QO	vclaim-sno-seattle-crochet-cocaine	1	61.45519722799777	SimBa
tweet-sno-1207	QO	vclaim-sno-cocaine-on-money	1	59.81124213731871	SimBa
tweet-sno-1207	QO	vclaim-sno-mule-dear	1	58.21696445997624	SimBa
tweet-sno-1207	QO	vclaim-sno-coast-guard-shutdown-cocaine	1	58.09829881687878	SimBa
tweet-sno-1208	QO	vclaim-sno-biden-troops-stupid-bastards	1	56.24222407804115	SimBa
tweet-sno-1208	QO	vclaim-sno-national-guard-parking-garage	1	51.53755897179341	SimBa
tweet-sno-1208	QO	vclaim-sno-barack-obama-in-afghanistan	1	49.92271941905933	SimBa
tweet-sno-1208	QO	vclaim-sno-national-naval-hospital	1	49.52222580000822	SimBa
tweet-sno-1208	QO	vclaim-sno-cue-balls	1	49.3149462401482	SimBa
tweet-sno-1209	QO	vclaim-sno-schumer-erection-senate-floor	1	69.37090349761074	SimBa
tweet-sno-1209	QO	vclaim-sno-trump-tweets-photo-genitals	1	54.17433551919313	SimBa
tweet-sno-1209	QO	vclaim-sno-schumer-tweet-china-travel	1	51.245725241129435	SimBa
tweet-sno-1209	QO	vclaim-sno-trump-letter-schumer	1	49.78833330946657	SimBa
tweet-sno-1209	QO	vclaim-sno-presidential-erection	1	49.531568852475374	SimBa
tweet-sno-1210	QO	vclaim-sno-schumer-erection-senate-floor	1	68.85650352409493	SimBa
tweet-sno-1210	QO	vclaim-sno-presidential-erection	1	49.51524280048988	SimBa
tweet-sno-1210	QO	vclaim-sno-trump-tweets-photo-genitals	1	48.70036004096706	SimBa
tweet-sno-1210	QO	vclaim-sno-msnbc-pecker-chyron	1	47.68370879517163	SimBa
tweet-sno-1210	QO	vclaim-sno-ted-cruz-donald-trump-endorsement	1	47.20186197657783	SimBa
tweet-sno-1211	QO	vclaim-sno-schumer-erection-senate-floor	1	79.59929382206734	SimBa
tweet-sno-1211	QO	vclaim-sno-mcconnell-trump-attack-capitol	1	61.19217857765074	SimBa
tweet-sno-1211	QO	vclaim-sno-insurrection-act-trump	1	54.26818122086616	SimBa
tweet-sno-1211	QO	vclaim-sno-trump-letter-schumer	1	52.138768926574066	SimBa
tweet-sno-1211	QO	vclaim-sno-republican-senators-up-shits-creek	1	51.337899258894296	SimBa
tweet-sno-1212	QO	vclaim-sno-schumer-erection-senate-floor	1	73.25239702284205	SimBa
tweet-sno-1212	QO	vclaim-sno-presidential-erection	1	51.60937081258369	SimBa
tweet-sno-1212	QO	vclaim-sno-msnbc-pecker-chyron	1	50.079023825341594	SimBa
tweet-sno-1212	QO	vclaim-sno-trey-gowdy-nancy-pelosi	1	48.9025988094705	SimBa
tweet-sno-1212	QO	vclaim-sno-trump-tweets-photo-genitals	1	48.7221226171362	SimBa
tweet-sno-1213	QO	vclaim-sno-schumer-erection-senate-floor	1	70.74511883017782	SimBa
tweet-sno-1213	QO	vclaim-sno-presidential-erection	1	46.658568810943756	SimBa
tweet-sno-1213	QO	vclaim-sno-trump-tweets-photo-genitals	1	45.923855241480005	SimBa
tweet-sno-1213	QO	vclaim-sno-anatomically-incorrect	1	43.336176245673016	SimBa
tweet-sno-1213	QO	vclaim-sno-trump-letter-schumer	1	42.76711386183718	SimBa
tweet-sno-1214	QO	vclaim-sno-schumer-erection-senate-floor	1	75.47350922424651	SimBa
tweet-sno-1214	QO	vclaim-sno-biden-pandemic-statement	1	53.85135949640827	SimBa
tweet-sno-1214	QO	vclaim-sno-trump-plans-second-term	1	52.985700673089376	SimBa
tweet-sno-1214	QO	vclaim-sno-don-rickles-roasts-congress	1	50.4326466862	SimBa
tweet-sno-1214	QO	vclaim-sno-donald-trump-lincoln-success	1	48.93728546591678	SimBa
tweet-sno-1215	QO	vclaim-sno-bernice-king-mlk-day-instagram	1	67.3196086343829	SimBa
tweet-sno-1215	QO	vclaim-sno-i-have-a-what	1	53.726036960841505	SimBa
tweet-sno-1215	QO	vclaim-sno-allen-west-on-black-history-month	1	53.04063683125062	SimBa
tweet-sno-1215	QO	vclaim-sno-deray-mckesson-tweet-chicago	1	50.03462231057754	SimBa
tweet-sno-1215	QO	vclaim-sno-ammon-bundy-rosa-parks	1	49.57975277894071	SimBa
tweet-sno-1216	QO	vclaim-sno-mypillow-discount-codes-qanon	1	72.54840885427447	SimBa
tweet-sno-1216	QO	vclaim-sno-trump-fail-to-denounce-qanon	1	49.36922679861657	SimBa
tweet-sno-1216	QO	vclaim-sno-free-pastry-day-at-starbucks	1	45.232018815243755	SimBa
tweet-sno-1216	QO	vclaim-sno-attention-shoppers	1	44.27593479885184	SimBa
tweet-sno-1216	QO	vclaim-sno-bellsletstalk-fundraising	1	44.127549640061915	SimBa
tweet-sno-1217	QO	vclaim-sno-tesla-hiring-complaints-elon-musk	1	68.33454447086206	SimBa
tweet-sno-1217	QO	vclaim-sno-elon-musk-billboard	1	54.15844508767095	SimBa
tweet-sno-1217	QO	vclaim-sno-did-ceo-harley-davidson-trump-moron	1	44.796067579110385	SimBa
tweet-sno-1217	QO	vclaim-sno-kanye-west-elon-musk	1	44.66750965555653	SimBa
tweet-sno-1217	QO	vclaim-sno-harris-twitter-trump	1	44.10350626519745	SimBa
tweet-sno-1218	QO	vclaim-sno-gwyneth-paltrow-vagina-candle	1	68.6041128350301	SimBa
tweet-sno-1218	QO	vclaim-sno-gwyneth-vagina-candle-explode	1	66.85250414499478	SimBa
tweet-sno-1218	QO	vclaim-sno-do-scented-candles-cause-cancer	1	60.91574672295349	SimBa
tweet-sno-1218	QO	vclaim-sno-crayon-candle	1	50.130027791138964	SimBa
tweet-sno-1218	QO	vclaim-sno-downy-unstopables-warmer-warning	1	46.324482647412445	SimBa
tweet-sno-1219	QO	vclaim-sno-marjorie-taylor-greene-twitter	1	84.29859761179871	SimBa
tweet-sno-1219	QO	vclaim-sno-twitter-marjorie-taylor-greene	1	79.83764359536138	SimBa
tweet-sno-1219	QO	vclaim-sno-snl-writer-suspended-tweet-barron	1	60.06620815391577	SimBa
tweet-sno-1219	QO	vclaim-sno-did-twitter-lock-trumps-account	1	57.99559464740541	SimBa
tweet-sno-1219	QO	vclaim-sno-facebook-bernie-blackout	1	54.370168998196576	SimBa
tweet-sno-1220	QO	vclaim-sno-burger-king-logo-new	1	85.4261569234075	SimBa
tweet-sno-1220	QO	vclaim-sno-yumbo-drop	1	52.77975314027592	SimBa
tweet-sno-1220	QO	vclaim-sno-subservient-chicken	1	50.591411784847175	SimBa
tweet-sno-1220	QO	vclaim-sno-hail-satan-in-n-out-cup	1	48.099151996296015	SimBa
tweet-sno-1220	QO	vclaim-sno-donald-trump-swastika-logo	1	46.94802778216619	SimBa
tweet-sno-1221	QO	vclaim-sno-covid-vaccine-throw-away	1	65.81064507676057	SimBa
tweet-sno-1221	QO	vclaim-sno-cuomo-vaccine-bad-news-trump	1	65.28533839293378	SimBa
tweet-sno-1221	QO	vclaim-sno-cdc-halts-us-jj-covid-shots	1	62.25530135805468	SimBa
tweet-sno-1221	QO	vclaim-sno-conspiracy-video	1	60.620359682405415	SimBa
tweet-sno-1221	QO	vclaim-sno-new-york-covid-vaccine-preregister	1	60.54403515488451	SimBa
tweet-sno-1222	QO	vclaim-sno-trump-jr-impeached-deplorable	1	72.09040676639971	SimBa
tweet-sno-1222	QO	vclaim-sno-clinton-trump-deplorables-america	1	49.34494833535808	SimBa
tweet-sno-1222	QO	vclaim-sno-trump-peacefully-and-patriotically	1	49.30296034419215	SimBa
tweet-sno-1222	QO	vclaim-sno-clinton-federal-racketeering-charges	1	48.95594037657299	SimBa
tweet-sno-1222	QO	vclaim-sno-trump-impeachment-dow-jones	1	47.54263763011115	SimBa
tweet-sno-1223	QO	vclaim-sno-armie-hammer-cannibal-lifestyle	1	62.76115869778963	SimBa
tweet-sno-1223	QO	vclaim-sno-blood-rave-uses-real-blood	1	46.80407040166107	SimBa
tweet-sno-1223	QO	vclaim-sno-covid19-vaccination-cannibalism	1	44.560291282141364	SimBa
tweet-sno-1223	QO	vclaim-sno-hiv-infected-needle-attacks	1	39.99207987075819	SimBa
tweet-sno-1223	QO	vclaim-sno-cannibal-restaurant	1	39.683470204657056	SimBa
tweet-sno-1224	QO	vclaim-sno-indian-flag-capitol-riots	1	64.29714653296065	SimBa
tweet-sno-1224	QO	vclaim-sno-capitol-window-wave-video	1	53.35319797527296	SimBa
tweet-sno-1224	QO	vclaim-sno-raz-simone-guns	1	53.27013855907657	SimBa
tweet-sno-1224	QO	vclaim-sno-the-squad-dresses	1	48.523797091118205	SimBa
tweet-sno-1224	QO	vclaim-sno-farmers-protest-india-flag	1	47.33124875675816	SimBa
tweet-sno-1225	QO	vclaim-sno-syringe-cakes	1	80.87146269629193	SimBa
tweet-sno-1225	QO	vclaim-sno-germanely-chocolate-cake	1	51.77504366686916	SimBa
tweet-sno-1225	QO	vclaim-sno-parade-grounds	1	47.91510190312156	SimBa
tweet-sno-1225	QO	vclaim-sno-turkish-snack-bar-paralysis-tablet	1	46.52902837206554	SimBa
tweet-sno-1225	QO	vclaim-sno-ferrero-rocher-chocolates-maggots-video	1	43.826063759607734	SimBa
tweet-sno-1226	QO	vclaim-sno-trump-carved-manatees-back	1	85.37751284434056	SimBa
tweet-sno-1226	QO	vclaim-sno-trump-hunting-bald-eagles	1	55.49705964133089	SimBa
tweet-sno-1226	QO	vclaim-sno-trump-whales-sea-turtles	1	54.50858858817143	SimBa
tweet-sno-1226	QO	vclaim-sno-florida-manatee-bicycle-tire	1	53.822366404317215	SimBa
tweet-sno-1226	QO	vclaim-sno-scientific-paper-trump-turd	1	50.721904664107	SimBa
tweet-sno-1227	QO	vclaim-sno-mary-miller-hitler	1	72.08626608967421	SimBa
tweet-sno-1227	QO	vclaim-sno-trump-hitler-heritage-tweet	1	60.403547208680585	SimBa
tweet-sno-1227	QO	vclaim-sno-did-georgia-lawmaker-nazis-d-day	1	57.583643583406015	SimBa
tweet-sno-1227	QO	vclaim-sno-david-hogg-give-nazi-salute	1	55.06647200414627	SimBa
tweet-sno-1227	QO	vclaim-sno-jill-biden-nazi-flag	1	52.56663945090796	SimBa
tweet-sno-1228	QO	vclaim-sno-mary-miller-hitler	1	66.24927050544422	SimBa
tweet-sno-1228	QO	vclaim-sno-trump-hitler-heritage-tweet	1	56.75702577986377	SimBa
tweet-sno-1228	QO	vclaim-sno-hitler-control-quote	1	52.903069352248146	SimBa
tweet-sno-1228	QO	vclaim-sno-i-of-newt	1	51.93917901249847	SimBa
tweet-sno-1228	QO	vclaim-sno-sinclair-lewis-on-fascism	1	51.28153615789235	SimBa
tweet-sno-1229	QO	vclaim-sno-capitol-riot-no-fly-list	1	73.10219324486124	SimBa
tweet-sno-1229	QO	vclaim-sno-reconnaissance-tours	1	61.007259628826226	SimBa
tweet-sno-1229	QO	vclaim-sno-capitol-police-opened-gates	1	55.636143784632985	SimBa
tweet-sno-1229	QO	vclaim-sno-dhs-quietly-vanloads-border	1	54.881210231786405	SimBa
tweet-sno-1229	QO	vclaim-sno-feds-unmarked-vans-portland	1	52.35478543765102	SimBa
tweet-sno-1230	QO	vclaim-sno-capitol-riot-taser-death	1	61.68407277324499	SimBa
tweet-sno-1230	QO	vclaim-sno-chicago-code-blue-fb-meme	1	54.914123682007265	SimBa
tweet-sno-1230	QO	vclaim-sno-stun-of-a-gun	1	52.064719220278576	SimBa
tweet-sno-1230	QO	vclaim-sno-las-vegas-police-officer-shot	1	49.478313047904855	SimBa
tweet-sno-1230	QO	vclaim-sno-teen-boy-46-times	1	48.16713954591187	SimBa
tweet-sno-1231	QO	vclaim-sno-new-york-covid-vaccine-preregister	1	54.174396126267965	SimBa
tweet-sno-1231	QO	vclaim-sno-cell-phone-numbers-given-telemarketers	1	54.08026717882232	SimBa
tweet-sno-1231	QO	vclaim-sno-government-hotline	1	50.736231129910855	SimBa
tweet-sno-1231	QO	vclaim-sno-covid-vaccine-throw-away	1	50.65828710756223	SimBa
tweet-sno-1231	QO	vclaim-sno-fema-harvey-vaccines	1	49.8983144686296	SimBa
tweet-sno-1232	QO	vclaim-sno-warnock-arrested-capitol-praying	1	68.64427146720674	SimBa
tweet-sno-1232	QO	vclaim-sno-capitol-riot-podium	1	60.578901523312304	SimBa
tweet-sno-1232	QO	vclaim-sno-aoc-capitol-attack	1	54.06403184247542	SimBa
tweet-sno-1232	QO	vclaim-sno-hang-mike-pence-chant-capitol-riot	1	53.65685266708502	SimBa
tweet-sno-1232	QO	vclaim-sno-trump-tell-supporters-storm	1	53.55920992465231	SimBa
tweet-sno-1233	QO	vclaim-sno-tomi-lahren-biden-supporters-loot	1	74.285316369398	SimBa
tweet-sno-1233	QO	vclaim-sno-trump-tell-supporters-storm	1	55.28578111017525	SimBa
tweet-sno-1233	QO	vclaim-sno-truckers-strike-thanksgiving	1	51.837405848436866	SimBa
tweet-sno-1233	QO	vclaim-sno-trump-stock-market-prediction	1	51.73939175072143	SimBa
tweet-sno-1233	QO	vclaim-sno-hang-mike-pence-chant-capitol-riot	1	50.92615594788923	SimBa
tweet-sno-1234	QO	vclaim-sno-two-women-save-electoral-votes	1	70.25212978467744	SimBa
tweet-sno-1234	QO	vclaim-sno-wisconsin-vote-dump	1	57.56687337185093	SimBa
tweet-sno-1234	QO	vclaim-sno-erie-pennsylvania-trump-ballots	1	55.07732431242039	SimBa
tweet-sno-1234	QO	vclaim-sno-mail-in-ballots-missing	1	54.40988208835012	SimBa
tweet-sno-1234	QO	vclaim-sno-millions-mail-in-ballots	1	53.82445341547981	SimBa
tweet-sno-1235	QO	vclaim-sno-two-women-save-electoral-votes	1	70.74084108401313	SimBa
tweet-sno-1235	QO	vclaim-sno-did-odonnell-offer-bribes-to-senators	1	48.03301906086762	SimBa
tweet-sno-1235	QO	vclaim-sno-u-s-senate-candidate-missouri-womans-rights	1	47.433441029243795	SimBa
tweet-sno-1235	QO	vclaim-sno-congress-use-slush-fund-pay-17-million-women-sexually-harassed	1	47.06791228172076	SimBa
tweet-sno-1235	QO	vclaim-sno-174-democrats-tsa-vote	1	46.83257174878208	SimBa
tweet-sno-1236	QO	vclaim-sno-trump-riot-camp-auschwitz-shirt	1	64.53008090865602	SimBa
tweet-sno-1236	QO	vclaim-sno-troop-loops	1	55.93412965297666	SimBa
tweet-sno-1236	QO	vclaim-sno-trump-armbands	1	54.74608617084834	SimBa
tweet-sno-1236	QO	vclaim-sno-did-georgia-lawmaker-nazis-d-day	1	54.34746562886884	SimBa
tweet-sno-1236	QO	vclaim-sno-nazi-american-flags-real	1	52.26297553976668	SimBa
tweet-sno-1237	QO	vclaim-sno-aoc-capitol-attack	1	55.41781676208799	SimBa
tweet-sno-1237	QO	vclaim-sno-raz-simone-guns	1	53.704393738580926	SimBa
tweet-sno-1237	QO	vclaim-sno-police-hold-hand-trump-riot	1	53.61201935436763	SimBa
tweet-sno-1237	QO	vclaim-sno-capitol-riot-podium	1	51.74908268655298	SimBa
tweet-sno-1237	QO	vclaim-sno-ivanka-trump-said-if-donald-trump-wasnt-her-father-she-would-mace-him	1	51.43292935840572	SimBa
tweet-sno-1238	QO	vclaim-sno-elizabeth-knoxville-onion-towel	1	54.761618502831666	SimBa
tweet-sno-1238	QO	vclaim-sno-sarah-huckabee-sanders-kkk-robe-halloween	1	46.93859494576487	SimBa
tweet-sno-1238	QO	vclaim-sno-nurse-gop-convention-shooting	1	46.36742631063071	SimBa
tweet-sno-1238	QO	vclaim-sno-malia-obama-arrested-again	1	43.635613994318625	SimBa
tweet-sno-1238	QO	vclaim-sno-first-lady-of-the-lamp	1	43.02252030584267	SimBa
tweet-sno-1239	QO	vclaim-sno-giuliani-rally-speech	1	58.71204703397829	SimBa
tweet-sno-1239	QO	vclaim-sno-my-cousin-vinny-giuliani	1	56.32496011755107	SimBa
tweet-sno-1239	QO	vclaim-sno-atlanta-georgia-voter-fraud-video	1	54.311324461894415	SimBa
tweet-sno-1239	QO	vclaim-sno-erie-pennsylvania-trump-ballots	1	53.43620950800768	SimBa
tweet-sno-1239	QO	vclaim-sno-12th-amendment-path-to-victory	1	50.331181403830335	SimBa
tweet-sno-1240	QO	vclaim-sno-national-guard-trump-mob	1	84.58206939962254	SimBa
tweet-sno-1240	QO	vclaim-sno-lincoln-memorial-defaced-protesters	1	67.65606469139371	SimBa
tweet-sno-1240	QO	vclaim-sno-troops-guarding-lincoln-memorial	1	64.83631799546914	SimBa
tweet-sno-1240	QO	vclaim-sno-armed-black-militia-georgia-park	1	61.83273079152601	SimBa
tweet-sno-1240	QO	vclaim-sno-attempted-robbery-target-field	1	60.73037117844555	SimBa
tweet-sno-1241	QO	vclaim-sno-trump-threaten-federal-buildings	1	74.38682495550519	SimBa
tweet-sno-1241	QO	vclaim-sno-trump-mob-capitol	1	54.64710186502069	SimBa
tweet-sno-1241	QO	vclaim-sno-rioters-capitol-flagpole	1	54.29186367286712	SimBa
tweet-sno-1241	QO	vclaim-sno-kavanaugh-house-vandals	1	53.68337600491184	SimBa
tweet-sno-1241	QO	vclaim-sno-oval-office-trashed-capitol-riot	1	51.50485694452671	SimBa
tweet-sno-1242	QO	vclaim-sno-pence-trump-twitter-jan-6-riots	1	73.4441840793384	SimBa
tweet-sno-1242	QO	vclaim-sno-trump-lose-followers-first-time	1	59.676621163808576	SimBa
tweet-sno-1242	QO	vclaim-sno-pence-recaptured-after-fleeing-trump-campaign-bus	1	57.837221464066644	SimBa
tweet-sno-1242	QO	vclaim-sno-mike-pence-to-resign	1	56.05402327138671	SimBa
tweet-sno-1242	QO	vclaim-sno-boring-mike-pence	1	55.779957499492546	SimBa
tweet-sno-1243	QO	vclaim-sno-aoc-confederate-flag-richmond	1	67.88373019342498	SimBa
tweet-sno-1243	QO	vclaim-sno-confederate-flag-capitol-dc	1	67.26894857962026	SimBa
tweet-sno-1243	QO	vclaim-sno-million-maga-nazi-banner	1	64.4733079366381	SimBa
tweet-sno-1243	QO	vclaim-sno-kevin-seefried-democrat-biden	1	59.41263960675251	SimBa
tweet-sno-1243	QO	vclaim-sno-robert-e-lee-statue-spraypainted	1	58.897922817845306	SimBa
tweet-sno-1244	QO	vclaim-sno-confederate-flag-capitol-dc	1	65.0930192895549	SimBa
tweet-sno-1244	QO	vclaim-sno-million-maga-nazi-banner	1	60.49908039321929	SimBa
tweet-sno-1244	QO	vclaim-sno-mike-pence-confederate-flag	1	58.9112818513637	SimBa
tweet-sno-1244	QO	vclaim-sno-russian-flag-texas-capitol	1	57.864430771595664	SimBa
tweet-sno-1244	QO	vclaim-sno-aoc-confederate-flag-richmond	1	57.512548154427236	SimBa
tweet-sno-1245	QO	vclaim-sno-confederate-flag-capitol-dc	1	73.47921634624227	SimBa
tweet-sno-1245	QO	vclaim-sno-kevin-seefried-democrat-biden	1	69.36960856019014	SimBa
tweet-sno-1245	QO	vclaim-sno-aoc-confederate-flag-richmond	1	68.64055380006666	SimBa
tweet-sno-1245	QO	vclaim-sno-trump-flag-american-flag-capitol	1	61.59190880737282	SimBa
tweet-sno-1245	QO	vclaim-sno-mike-pence-confederate-flag	1	60.6866472287492	SimBa
tweet-sno-1246	QO	vclaim-sno-cross-erected-capitol-building	1	83.4010517235167	SimBa
tweet-sno-1246	QO	vclaim-sno-war-on-christmas-monument	1	60.040867018201084	SimBa
tweet-sno-1246	QO	vclaim-sno-trump-flag-american-flag-capitol	1	58.54825872210371	SimBa
tweet-sno-1246	QO	vclaim-sno-noose-hung-outside-capitol	1	53.22242900748263	SimBa
tweet-sno-1246	QO	vclaim-sno-trump-sign-hollywood-los-angeles	1	52.47445661835079	SimBa
tweet-sno-1247	QO	vclaim-sno-chip-off-the-old-salk	1	66.89011581366248	SimBa
tweet-sno-1247	QO	vclaim-sno-covid-5g-chip-diagram	1	64.28607643036966	SimBa
tweet-sno-1247	QO	vclaim-sno-covid-detecting-microchip	1	56.495273741432214	SimBa
tweet-sno-1247	QO	vclaim-sno-cov-19-inscribed-on-5g-board	1	56.28025775479608	SimBa
tweet-sno-1247	QO	vclaim-sno-bill-gates-id2020	1	55.53509573215803	SimBa
tweet-sno-1248	QO	vclaim-sno-snow-los-angeles	1	59.19089954899762	SimBa
tweet-sno-1248	QO	vclaim-sno-gods-painting	1	49.15741695593796	SimBa
tweet-sno-1248	QO	vclaim-sno-mount-st-helens	1	46.32272145390599	SimBa
tweet-sno-1248	QO	vclaim-sno-snowfall-in-saudi-arabia-desert	1	45.682411859468594	SimBa
tweet-sno-1248	QO	vclaim-sno-texas-arkansas-snow-removal-road	1	45.30807673241184	SimBa
tweet-sno-1249	QO	vclaim-sno-snow-los-angeles	1	59.07962667952752	SimBa
tweet-sno-1249	QO	vclaim-sno-devastating-snowfall-predicted-nw-montana-early-2018	1	52.79450744699745	SimBa
tweet-sno-1249	QO	vclaim-sno-keyser-snowze	1	52.51605815838267	SimBa
tweet-sno-1249	QO	vclaim-sno-record-snowfall-in-oswego	1	50.65089376532339	SimBa
tweet-sno-1249	QO	vclaim-sno-snowfall-in-saudi-arabia-desert	1	49.56830906628606	SimBa
tweet-sno-1250	QO	vclaim-sno-pennsylvania-205000-votes	1	80.7444594579447	SimBa
tweet-sno-1250	QO	vclaim-sno-20000-dead-voters-in-pennsylvania	1	70.56616126379191	SimBa
tweet-sno-1250	QO	vclaim-sno-ballots-lancaster-pa	1	67.81543179462908	SimBa
tweet-sno-1250	QO	vclaim-sno-trump-wins-pennsylvania	1	67.22807784443074	SimBa
tweet-sno-1250	QO	vclaim-sno-erie-pennsylvania-trump-ballots	1	65.35362399845188	SimBa
tweet-sno-1251	QO	vclaim-sno-georgia-signature-audit	1	63.23166138207934	SimBa
tweet-sno-1251	QO	vclaim-sno-georgia-dekalb-reject-mail-ballots	1	54.590491583373755	SimBa
tweet-sno-1251	QO	vclaim-sno-ga-senator-counting-pa	1	54.437078687175664	SimBa
tweet-sno-1251	QO	vclaim-sno-floyd-county-georgia-votes	1	53.0863102518923	SimBa
tweet-sno-1251	QO	vclaim-sno-pennsylvania-judge-legal-win-trump	1	50.9637970032814	SimBa
tweet-sno-1252	QO	vclaim-sno-covid-result-holiday-gatherings	1	68.20501607319054	SimBa
tweet-sno-1252	QO	vclaim-sno-ticketmaster-negative-covid-test	1	66.07537902901149	SimBa
tweet-sno-1252	QO	vclaim-sno-asymptomatic-covid-patients	1	55.66352216638097	SimBa
tweet-sno-1252	QO	vclaim-sno-covid-flu-tamiflu	1	55.34561951647537	SimBa
tweet-sno-1252	QO	vclaim-sno-america-rounding-the-turn-covid-19	1	52.72819291036572	SimBa
tweet-sno-1253	QO	vclaim-sno-scott-walker-pizza	1	54.37174173226751	SimBa
tweet-sno-1253	QO	vclaim-sno-elon-musk-buca-di-beppo	1	53.29547656594457	SimBa
tweet-sno-1253	QO	vclaim-sno-trump-turned-away-restaurant	1	48.87874978877002	SimBa
tweet-sno-1253	QO	vclaim-sno-trump-boycott-chinese-restaurants	1	44.03507598946695	SimBa
tweet-sno-1253	QO	vclaim-sno-ginni-thomas-buses	1	43.60995403569119	SimBa
tweet-sno-1254	QO	vclaim-sno-swimming-pool-wonderful-life	1	51.77643107850594	SimBa
tweet-sno-1254	QO	vclaim-sno-dandridge-drained-pool	1	43.19969715406786	SimBa
tweet-sno-1254	QO	vclaim-sno-brock-turner-prison-pool	1	42.9786870914847	SimBa
tweet-sno-1254	QO	vclaim-sno-girls-impregnated-swimming-in-pool	1	40.2893308002237	SimBa
tweet-sno-1254	QO	vclaim-sno-anti-sex-beds-2020-olympics	1	40.08296425288827	SimBa
tweet-sno-1255	QO	vclaim-sno-swimming-pool-wonderful-life	1	62.070730963806795	SimBa
tweet-sno-1255	QO	vclaim-sno-bowl-o-bama	1	39.8317035644484	SimBa
tweet-sno-1255	QO	vclaim-sno-world39s-largest-swimming-pool	1	38.54425471644607	SimBa
tweet-sno-1255	QO	vclaim-sno-family-matters-house	1	38.18233367082103	SimBa
tweet-sno-1255	QO	vclaim-sno-dandridge-drained-pool	1	37.18366481037288	SimBa
tweet-sno-1256	QO	vclaim-sno-kfc-gaming-console	1	59.039863139824945	SimBa
tweet-sno-1256	QO	vclaim-sno-subservient-chicken	1	44.29531935240802	SimBa
tweet-sno-1256	QO	vclaim-sno-trumpy-bear	1	43.24024857616797	SimBa
tweet-sno-1256	QO	vclaim-sno-chick-fil-a-tiktok-nuggets-recipe	1	42.52997989131725	SimBa
tweet-sno-1256	QO	vclaim-sno-yumbo-drop	1	40.817698784148924	SimBa
tweet-sno-1257	QO	vclaim-sno-graham-buttigieg-repent	1	71.51891061777077	SimBa
tweet-sno-1257	QO	vclaim-sno-billy-graham-say-homosexuals-castrated	1	58.52096103029217	SimBa
tweet-sno-1257	QO	vclaim-sno-mike-pence-able-bodied	1	54.0139836231843	SimBa
tweet-sno-1257	QO	vclaim-sno-cruz-no-gays-america	1	53.24496354481183	SimBa
tweet-sno-1257	QO	vclaim-sno-buttigieg-grenell-lgbt-cabinet	1	52.98220801059457	SimBa
tweet-sno-1258	QO	vclaim-sno-tom-brady-ppp	1	65.09897776323386	SimBa
tweet-sno-1258	QO	vclaim-sno-bloomberg-buy-trump-debt	1	46.977629713834034	SimBa
tweet-sno-1258	QO	vclaim-sno-trump-tweet-409k	1	46.75814824611939	SimBa
tweet-sno-1258	QO	vclaim-sno-trump-palin-endorsement	1	46.536126366530574	SimBa
tweet-sno-1258	QO	vclaim-sno-samuel-l-jackson-rappers-tweet	1	45.947993791208596	SimBa
tweet-sno-1259	QO	vclaim-sno-vatican-nativity	1	67.20012337693836	SimBa
tweet-sno-1259	QO	vclaim-sno-facebook-santa-jesus-image	1	52.507239941070274	SimBa
tweet-sno-1259	QO	vclaim-sno-belgian-town-removes-nativity-scene-appease-four-muslim-residents	1	47.816549453412584	SimBa
tweet-sno-1259	QO	vclaim-sno-no-nativity-scenes-white-house	1	47.452397161639524	SimBa
tweet-sno-1259	QO	vclaim-sno-nativity-seen	1	46.12022843859436	SimBa
tweet-sno-1260	QO	vclaim-sno-cyberpunk-2077-refunds	1	86.66158044995016	SimBa
tweet-sno-1260	QO	vclaim-sno-many-unhappy-returns	1	40.967774494174115	SimBa
tweet-sno-1260	QO	vclaim-sno-trump-campaign-donations-refunds	1	38.19156104386223	SimBa
tweet-sno-1260	QO	vclaim-sno-directv-nfl-refunds	1	35.60110814175614	SimBa
tweet-sno-1260	QO	vclaim-sno-tax-refunds-late-2021	1	35.34829011890841	SimBa
tweet-sno-1261	QO	vclaim-sno-cyberpunk-2077-refunds	1	88.8013785656485	SimBa
tweet-sno-1261	QO	vclaim-sno-many-unhappy-returns	1	41.27393408289917	SimBa
tweet-sno-1261	QO	vclaim-sno-trump-campaign-donations-refunds	1	40.35606793478546	SimBa
tweet-sno-1261	QO	vclaim-sno-directv-nfl-refunds	1	40.17656904979716	SimBa
tweet-sno-1261	QO	vclaim-sno-tax-refunds-late-2021	1	39.27948027688068	SimBa
tweet-sno-1262	QO	vclaim-sno-extraterrestrial-material-asteroid	1	57.582508358271454	SimBa
tweet-sno-1262	QO	vclaim-sno-human-sacrifice-captured-at-cern	1	35.32796131173696	SimBa
tweet-sno-1262	QO	vclaim-sno-killing-stone-split-evil-spirit	1	34.077863138005604	SimBa
tweet-sno-1262	QO	vclaim-sno-giants-in-japan	1	33.32549822666782	SimBa
tweet-sno-1262	QO	vclaim-sno-marijuana-alien-dna	1	33.095660543679585	SimBa
tweet-sno-1263	QO	vclaim-sno-supreme-court-erupt-shouting-match	1	68.17629142909139	SimBa
tweet-sno-1263	QO	vclaim-sno-rick-perry-speech	1	57.62986822857138	SimBa
tweet-sno-1263	QO	vclaim-sno-trump-described-the-electoral-college-as-a-disaster	1	54.48934432256939	SimBa
tweet-sno-1263	QO	vclaim-sno-colin-powell-supreme-court-quote	1	53.0328933860862	SimBa
tweet-sno-1263	QO	vclaim-sno-supreme-court-justices-stand	1	52.86823880411154	SimBa
tweet-sno-1264	QO	vclaim-sno-schitts-creek-motel-seattle	1	65.74714096675984	SimBa
tweet-sno-1264	QO	vclaim-sno-redneck-mansion	1	41.962794803445206	SimBa
tweet-sno-1264	QO	vclaim-sno-houses-in-unusual-places	1	38.26047428873864	SimBa
tweet-sno-1264	QO	vclaim-sno-french-bulldog-kentucky-mayor	1	37.44298719241925	SimBa
tweet-sno-1264	QO	vclaim-sno-luxury-rv-giveaway-scam	1	37.263387248031066	SimBa
tweet-sno-1265	QO	vclaim-sno-schitts-creek-motel-seattle	1	79.53960697822939	SimBa
tweet-sno-1265	QO	vclaim-sno-rose-garden-hedges-kkk	1	43.41617440983416	SimBa
tweet-sno-1265	QO	vclaim-sno-melania-trump-destroy-rose-garden	1	39.90787059383375	SimBa
tweet-sno-1265	QO	vclaim-sno-moira-rose-home-alone	1	39.1575001297873	SimBa
tweet-sno-1265	QO	vclaim-sno-insane-cliff-house	1	37.66532763877557	SimBa
tweet-sno-1266	QO	vclaim-sno-popular-vote-totals-rigged	1	64.1188077912489	SimBa
tweet-sno-1266	QO	vclaim-sno-simple-math-on-biden-votes	1	62.38588215966783	SimBa
tweet-sno-1266	QO	vclaim-sno-bidens-win-lie-of-the-year	1	56.95990862160094	SimBa
tweet-sno-1266	QO	vclaim-sno-everylegalvote-2020-election	1	55.15834596548551	SimBa
tweet-sno-1266	QO	vclaim-sno-could-trump-defy-popular-vote	1	52.94821725684523	SimBa
tweet-sno-1267	QO	vclaim-sno-the-north-face-refuse-jackets	1	76.56248920500117	SimBa
tweet-sno-1267	QO	vclaim-sno-panthera-masks	1	47.09792981452991	SimBa
tweet-sno-1267	QO	vclaim-sno-brown-shirts	1	46.94441780486744	SimBa
tweet-sno-1267	QO	vclaim-sno-ace-hardware-stands-against-standing-rock	1	46.85808681363495	SimBa
tweet-sno-1267	QO	vclaim-sno-kroger-blm-masks-flag-masks	1	46.78734292214506	SimBa
tweet-sno-1268	QO	vclaim-sno-alex-jones-biden-removed	1	67.0502412037574	SimBa
tweet-sno-1268	QO	vclaim-sno-biden-fail-condemn-antifa	1	54.981862235270725	SimBa
tweet-sno-1268	QO	vclaim-sno-trump-biden-assassination-shot	1	54.45506881252182	SimBa
tweet-sno-1268	QO	vclaim-sno-biden-trump-xenophobic	1	53.073142893498435	SimBa
tweet-sno-1268	QO	vclaim-sno-karl-rove-biden-inauguration	1	52.721020197923174	SimBa
tweet-sno-1269	QO	vclaim-sno-allstate-island-real	1	83.949299671688	SimBa
tweet-sno-1269	QO	vclaim-sno-spongebob-epstein-island-address	1	49.79640057752006	SimBa
tweet-sno-1269	QO	vclaim-sno-penis-island	1	46.890731957354056	SimBa
tweet-sno-1269	QO	vclaim-sno-dog-island	1	46.46214911691649	SimBa
tweet-sno-1269	QO	vclaim-sno-jacobs-well-dangerous-california	1	43.86561661047137	SimBa
tweet-sno-1270	QO	vclaim-sno-allstate-island-real	1	73.1739378364136	SimBa
tweet-sno-1270	QO	vclaim-sno-penis-island	1	43.59371495243825	SimBa
tweet-sno-1270	QO	vclaim-sno-dog-island	1	39.437591808511684	SimBa
tweet-sno-1270	QO	vclaim-sno-spongebob-epstein-island-address	1	37.75740911966765	SimBa
tweet-sno-1270	QO	vclaim-sno-moonrise-byron-bay-video	1	36.67557133757049	SimBa
tweet-sno-1271	QO	vclaim-sno-federal-holiday-christmas-eve	1	92.9086511792114	SimBa
tweet-sno-1271	QO	vclaim-sno-birthday-of-jesus	1	58.71999561843497	SimBa
tweet-sno-1271	QO	vclaim-sno-playing-christmas-music-federal-crime	1	56.10460681417826	SimBa
tweet-sno-1271	QO	vclaim-sno-war-on-christmas-monument	1	55.19303042432326	SimBa
tweet-sno-1271	QO	vclaim-sno-white-house-christmas	1	52.43335331887386	SimBa
tweet-sno-1272	QO	vclaim-sno-disney-sister-act-3	1	80.41750727600105	SimBa
tweet-sno-1272	QO	vclaim-sno-step-brothers-2-hoax	1	50.04890056083112	SimBa
tweet-sno-1272	QO	vclaim-sno-new-twilight-movie-jacob-renesmee	1	41.198423327711865	SimBa
tweet-sno-1272	QO	vclaim-sno-disney-live-action-hercules	1	39.23411450458254	SimBa
tweet-sno-1272	QO	vclaim-sno-disneys-princes	1	38.333418004788754	SimBa
tweet-sno-1273	QO	vclaim-sno-hocus-pocus-2	1	85.05693482343598	SimBa
tweet-sno-1273	QO	vclaim-sno-when-is-hocus-pocus-2-coming-out	1	85.02586719423473	SimBa
tweet-sno-1273	QO	vclaim-sno-harry-potter-2020-movie-trailer	1	52.11061194952107	SimBa
tweet-sno-1273	QO	vclaim-sno-tom-hanks-movie-netflix	1	49.8438755924656	SimBa
tweet-sno-1273	QO	vclaim-sno-disney-pixar-boo	1	49.769733170900935	SimBa
tweet-sno-1274	QO	vclaim-sno-chick-fil-a-long-lines-lawsuit	1	73.30354406722486	SimBa
tweet-sno-1274	QO	vclaim-sno-georgia-lawmaker-go-back-claim	1	48.33144619035604	SimBa
tweet-sno-1274	QO	vclaim-sno-man-sue-mcdonalds-depressed-eating-happy-meal	1	47.22114196610217	SimBa
tweet-sno-1274	QO	vclaim-sno-target-sues-hero-stabbing	1	46.925780555573816	SimBa
tweet-sno-1274	QO	vclaim-sno-chick-fil-a-crime-legislation	1	45.543336095210705	SimBa
tweet-sno-1275	QO	vclaim-sno-costco-rotisserie-chicken-cheap	1	95.72388596862457	SimBa
tweet-sno-1275	QO	vclaim-sno-costco-closing-stores	1	49.965069572602495	SimBa
tweet-sno-1275	QO	vclaim-sno-boston-market-coupon	1	48.373452348512515	SimBa
tweet-sno-1275	QO	vclaim-sno-costco-founder-kill-hotdogs	1	46.567171126891836	SimBa
tweet-sno-1275	QO	vclaim-sno-trump-quit-costco-letter	1	43.54152238844009	SimBa
tweet-sno-1276	QO	vclaim-sno-ia-fl-oh-election-loss	1	70.88302414929737	SimBa
tweet-sno-1276	QO	vclaim-sno-won-both-ohio-florida-lost	1	67.03502488590206	SimBa
tweet-sno-1276	QO	vclaim-sno-trump-clinton-counties-won	1	63.53656719404073	SimBa
tweet-sno-1276	QO	vclaim-sno-trump-recount-battleground-states	1	58.304457972636826	SimBa
tweet-sno-1276	QO	vclaim-sno-obama-campaign-candidates-2018	1	57.37379907605133	SimBa
tweet-sno-1277	QO	vclaim-sno-apartment-radiator-pandemic-spread	1	83.79350112440763	SimBa
tweet-sno-1277	QO	vclaim-sno-dutch-restaurants-pods-covid	1	48.97681509403646	SimBa
tweet-sno-1277	QO	vclaim-sno-cool-millions	1	48.82107170547374	SimBa
tweet-sno-1277	QO	vclaim-sno-cat-spanish-flu-mask	1	48.51019070813363	SimBa
tweet-sno-1277	QO	vclaim-sno-empire-state-building-coronavirus	1	48.38877122286791	SimBa
tweet-sno-1278	QO	vclaim-sno-mcdonalds-breakfast-frozen-eggs	1	61.06393494144915	SimBa
tweet-sno-1278	QO	vclaim-sno-mcdonalds-huge-changes	1	48.781123980256154	SimBa
tweet-sno-1278	QO	vclaim-sno-mcdonalds-mitten-cups	1	48.608039274297155	SimBa
tweet-sno-1278	QO	vclaim-sno-fact-check-mcdonalds-creates-nutella-burger	1	46.26213402497813	SimBa
tweet-sno-1278	QO	vclaim-sno-mcrib-tiktok-mcdonalds	1	45.60031602207102	SimBa
tweet-sno-1279	QO	vclaim-sno-gohmert-tooth-fall-out	1	78.77351194197696	SimBa
tweet-sno-1279	QO	vclaim-sno-steve-bannon-bloody-lip	1	48.7032014108711	SimBa
tweet-sno-1279	QO	vclaim-sno-trump-tweets-photo-genitals	1	48.05812884783391	SimBa
tweet-sno-1279	QO	vclaim-sno-trey-gowdy-nancy-pelosi	1	47.95225245494581	SimBa
tweet-sno-1279	QO	vclaim-sno-not-my-teeth	1	46.33335395272623	SimBa
tweet-sno-1280	QO	vclaim-sno-biden-harris-disease-disagreed	1	88.64396397448	SimBa
tweet-sno-1280	QO	vclaim-sno-joe-biden-civil-rights-quote	1	59.3470018015801	SimBa
tweet-sno-1280	QO	vclaim-sno-obama-do-something-about-president	1	58.2503812375048	SimBa
tweet-sno-1280	QO	vclaim-sno-cue-balls	1	57.30409174895102	SimBa
tweet-sno-1280	QO	vclaim-sno-harris-biden-blog-post	1	57.26863942287322	SimBa
tweet-sno-1281	QO	vclaim-sno-indiana-jones-saxophone	1	64.23121260598363	SimBa
tweet-sno-1281	QO	vclaim-sno-cut-to-the-encore	1	41.75969015772459	SimBa
tweet-sno-1281	QO	vclaim-sno-dj-khaled-break-horses-back	1	41.66478975187593	SimBa
tweet-sno-1281	QO	vclaim-sno-andys-coming	1	40.946746253918356	SimBa
tweet-sno-1281	QO	vclaim-sno-roger-stone-rap	1	40.44250719978967	SimBa
tweet-sno-1282	QO	vclaim-sno-indiana-jones-saxophone	1	84.02794764845561	SimBa
tweet-sno-1282	QO	vclaim-sno-roger-stone-rap	1	43.38533616188573	SimBa
tweet-sno-1282	QO	vclaim-sno-guitar-man	1	43.20684088864579	SimBa
tweet-sno-1282	QO	vclaim-sno-imperial-march-uk-trump	1	42.08984850260493	SimBa
tweet-sno-1282	QO	vclaim-sno-batman-tv-theme	1	41.8883408451328	SimBa
tweet-sno-1283	QO	vclaim-sno-indiana-jones-saxophone	1	78.87057868747695	SimBa
tweet-sno-1283	QO	vclaim-sno-roger-stone-rap	1	42.369492443950385	SimBa
tweet-sno-1283	QO	vclaim-sno-guitar-man	1	40.469727416465176	SimBa
tweet-sno-1283	QO	vclaim-sno-imperial-march-uk-trump	1	38.19111457021482	SimBa
tweet-sno-1283	QO	vclaim-sno-kobe-bryant-moonlight-sonata	1	38.12911404299864	SimBa
tweet-sno-1284	QO	vclaim-sno-indiana-jones-saxophone	1	65.44589323257257	SimBa
tweet-sno-1284	QO	vclaim-sno-james-earl-jones-star-wars-london-segregation	1	49.35933386039252	SimBa
tweet-sno-1284	QO	vclaim-sno-lennon-guitar-spock-elvis	1	47.57484156142906	SimBa
tweet-sno-1284	QO	vclaim-sno-justin-bieber-han-solo	1	47.05913648992961	SimBa
tweet-sno-1284	QO	vclaim-sno-harrison-ford-holding-a-trump-sign	1	46.98728966850474	SimBa
tweet-sno-1285	QO	vclaim-sno-florida-rebekah-jones-raid	1	56.45939428770911	SimBa
tweet-sno-1285	QO	vclaim-sno-department-of-justice-request-disruptj20	1	51.30842296031687	SimBa
tweet-sno-1285	QO	vclaim-sno-gowdy-custody-investigators-missing	1	50.99348097164387	SimBa
tweet-sno-1285	QO	vclaim-sno-feds-nancy-pelosi-raid	1	50.4825914432873	SimBa
tweet-sno-1285	QO	vclaim-sno-fbi-raids-cdc-vaccine-data	1	49.501333955375934	SimBa
tweet-sno-1286	QO	vclaim-sno-nasa-sally-ride-100-tampons	1	91.80058173829948	SimBa
tweet-sno-1286	QO	vclaim-sno-spacesuit-envy	1	56.01863171685929	SimBa
tweet-sno-1286	QO	vclaim-sno-sanitary-pad-warning	1	49.508925622291834	SimBa
tweet-sno-1286	QO	vclaim-sno-recalled-tampons-zombie-ants	1	42.33437720672421	SimBa
tweet-sno-1286	QO	vclaim-sno-frame-job	1	41.37891651108827	SimBa
tweet-sno-1287	QO	vclaim-sno-my-pleasure-chick-fil-a	1	71.19331666117013	SimBa
tweet-sno-1287	QO	vclaim-sno-chick-fil-a-promotions	1	44.010122593235714	SimBa
tweet-sno-1287	QO	vclaim-sno-georgia-lawmaker-go-back-claim	1	42.95079618109412	SimBa
tweet-sno-1287	QO	vclaim-sno-burger-king-tweet-women-kitchen	1	41.86378253454783	SimBa
tweet-sno-1287	QO	vclaim-sno-burger-king-customers-manager	1	41.20196807030435	SimBa
tweet-sno-1288	QO	vclaim-sno-my-pleasure-chick-fil-a	1	84.05763932705439	SimBa
tweet-sno-1288	QO	vclaim-sno-chick-fil-a-promotions	1	63.58920262981184	SimBa
tweet-sno-1288	QO	vclaim-sno-chick-fil-a-coupon-scam	1	57.63019790132954	SimBa
tweet-sno-1288	QO	vclaim-sno-chick-fil-a-meal-promo	1	57.40856975676236	SimBa
tweet-sno-1288	QO	vclaim-sno-chick-fil-a-food-stranded-storm	1	53.63753858451316	SimBa
tweet-sno-1289	QO	vclaim-sno-my-pleasure-chick-fil-a	1	70.0024936561458	SimBa
tweet-sno-1289	QO	vclaim-sno-chick-fil-a-promotions	1	52.07433891492783	SimBa
tweet-sno-1289	QO	vclaim-sno-facebook-cold-stone-pregnancy-discount	1	51.31338049369618	SimBa
tweet-sno-1289	QO	vclaim-sno-free-cone-day	1	48.015110136840875	SimBa
tweet-sno-1289	QO	vclaim-sno-free-cone-day-dq	1	47.85036152888102	SimBa
tweet-sno-1290	QO	vclaim-sno-my-pleasure-chick-fil-a	1	73.08899544552204	SimBa
tweet-sno-1290	QO	vclaim-sno-chick-fil-a-promotions	1	50.39772607962173	SimBa
tweet-sno-1290	QO	vclaim-sno-chick-fil-a-coupon-scam	1	47.01145350173012	SimBa
tweet-sno-1290	QO	vclaim-sno-burger-king-tweet-women-kitchen	1	46.52365960021785	SimBa
tweet-sno-1290	QO	vclaim-sno-chick-fil-a-meal-promo	1	45.91399499643997	SimBa
tweet-sno-1291	QO	vclaim-sno-biden-covid-vaccine	1	79.58824174330536	SimBa
tweet-sno-1291	QO	vclaim-sno-biden-covid-vaccine-2	1	72.89625312237145	SimBa
tweet-sno-1291	QO	vclaim-sno-trump-promise-vaccine-election-day	1	68.57415466341904	SimBa
tweet-sno-1291	QO	vclaim-sno-did-trump-praise-covid-19-vaccines	1	67.92037655895956	SimBa
tweet-sno-1291	QO	vclaim-sno-cuomo-vaccine-bad-news-trump	1	66.85790465404769	SimBa
tweet-sno-1292	QO	vclaim-sno-matt-putz	1	60.730682041285746	SimBa
tweet-sno-1292	QO	vclaim-sno-new-jersey-ballot-tax-returns	1	48.32347734805316	SimBa
tweet-sno-1292	QO	vclaim-sno-chris-christie-biden-stutter	1	47.70320544932694	SimBa
tweet-sno-1292	QO	vclaim-sno-bernie-sanders-jersey-ballot	1	47.22915195223671	SimBa
tweet-sno-1292	QO	vclaim-sno-did-georgia-lawmaker-nazis-d-day	1	45.81106180394205	SimBa
tweet-sno-1293	QO	vclaim-sno-christian-owned-airlines-change-wing-light-colors-to-celebrate-christmas	1	44.092614372951225	SimBa
tweet-sno-1293	QO	vclaim-sno-war-on-christmas-monument	1	42.097227028223315	SimBa
tweet-sno-1293	QO	vclaim-sno-cards-for-recovering-soldiers	1	38.21367217639779	SimBa
tweet-sno-1293	QO	vclaim-sno-airplane-train-runway	1	38.04329789988087	SimBa
tweet-sno-1293	QO	vclaim-sno-chick-fil-a-food-stranded-storm	1	37.85984062253745	SimBa
tweet-sno-1294	QO	vclaim-sno-drake-scented-candles	1	72.5765151565916	SimBa
tweet-sno-1294	QO	vclaim-sno-gwyneth-paltrow-vagina-candle	1	53.71124170064696	SimBa
tweet-sno-1294	QO	vclaim-sno-sean-combs-twitter-handle	1	44.06438436489781	SimBa
tweet-sno-1294	QO	vclaim-sno-trump-defeats-covid19-coin	1	41.11053702667129	SimBa
tweet-sno-1294	QO	vclaim-sno-kfc-really-create-chicken-scented-candle	1	41.07249778134315	SimBa
tweet-sno-1295	QO	vclaim-sno-flash-player-no-longer-supported	1	69.17382025834785	SimBa
tweet-sno-1295	QO	vclaim-sno-is-minecraft-shutting-down	1	35.06172281618778	SimBa
tweet-sno-1295	QO	vclaim-sno-netflix-to-be-discontinued	1	33.45340361440458	SimBa
tweet-sno-1295	QO	vclaim-sno-jojo-siwa-come-came-out-gay-lgbt	1	32.84881587565594	SimBa
tweet-sno-1295	QO	vclaim-sno-boob-youtube	1	31.860051105969234	SimBa
tweet-sno-1296	QO	vclaim-sno-flash-player-no-longer-supported	1	66.0139782206113	SimBa
tweet-sno-1296	QO	vclaim-sno-netflix-to-be-discontinued	1	38.77524748786995	SimBa
tweet-sno-1296	QO	vclaim-sno-mark-zuckerberg-closing-facebook	1	33.55845261919972	SimBa
tweet-sno-1296	QO	vclaim-sno-tokyo-set-off-fireworks-2020	1	33.39658870221298	SimBa
tweet-sno-1296	QO	vclaim-sno-boob-youtube	1	32.857104030597654	SimBa
tweet-sno-1297	QO	vclaim-sno-flash-player-no-longer-supported	1	76.52741858297132	SimBa
tweet-sno-1297	QO	vclaim-sno-boob-youtube	1	42.493903402155	SimBa
tweet-sno-1297	QO	vclaim-sno-netflix-friends	1	37.9580284687733	SimBa
tweet-sno-1297	QO	vclaim-sno-netflix-to-be-discontinued	1	36.97367510478109	SimBa
tweet-sno-1297	QO	vclaim-sno-facebook-search-porn	1	34.2487025228936	SimBa
tweet-sno-1298	QO	vclaim-sno-santa-covid-exemption-ireland	1	75.36075408389495	SimBa
tweet-sno-1298	QO	vclaim-sno-santas-canadian-postal-code	1	49.35126085651855	SimBa
tweet-sno-1298	QO	vclaim-sno-federal-holiday-christmas-eve	1	48.94595970409172	SimBa
tweet-sno-1298	QO	vclaim-sno-trump-christmas-card-2021	1	47.703908185783604	SimBa
tweet-sno-1298	QO	vclaim-sno-track-meet	1	46.97677679157244	SimBa
tweet-sno-1299	QO	vclaim-sno-monolith-california	1	73.78768955743341	SimBa
tweet-sno-1299	QO	vclaim-sno-monolith-found-utah	1	53.71954127156143	SimBa
tweet-sno-1299	QO	vclaim-sno-super-moon	1	46.50508045900141	SimBa
tweet-sno-1299	QO	vclaim-sno-firefall-fire-waterfall	1	46.13002281273629	SimBa
tweet-sno-1299	QO	vclaim-sno-is-virgin-of-guadalupe-living	1	43.04900708639175	SimBa
tweet-sno-1300	QO	vclaim-sno-king-louis-xiv-fetish-birth	1	88.46954231545084	SimBa
tweet-sno-1300	QO	vclaim-sno-centrifugal-birthing-apparatus	1	49.24365872936532	SimBa
tweet-sno-1300	QO	vclaim-sno-execute-babies	1	47.070934658336114	SimBa
tweet-sno-1300	QO	vclaim-sno-woman-has-dead-kitten-removed	1	46.724543665479004	SimBa
tweet-sno-1300	QO	vclaim-sno-inflatable-sex-doll	1	46.159836785275175	SimBa
tweet-sno-1301	QO	vclaim-sno-trump-rant-mar-a-lago	1	53.41834469806138	SimBa
tweet-sno-1301	QO	vclaim-sno-golfing-trump-election-results	1	51.156735216892876	SimBa
tweet-sno-1301	QO	vclaim-sno-loser-lawn-trump-golf-course	1	49.39566824761423	SimBa
tweet-sno-1301	QO	vclaim-sno-bells-in-paris-biden	1	47.53304771511817	SimBa
tweet-sno-1301	QO	vclaim-sno-tim-tebow-tweet	1	47.0004903591129	SimBa
tweet-sno-1302	QO	vclaim-sno-johns-hopkins-covid-deaths	1	86.99440391819383	SimBa
tweet-sno-1302	QO	vclaim-sno-coronavirus-cure-bryant	1	62.7025796161871	SimBa
tweet-sno-1302	QO	vclaim-sno-cdc-mortality-statistics	1	60.33656857917919	SimBa
tweet-sno-1302	QO	vclaim-sno-typical-year-covid-deaths	1	59.6672579737601	SimBa
tweet-sno-1302	QO	vclaim-sno-nwllab-moh-bulletin-coronavirus	1	58.400407997261105	SimBa
tweet-sno-1303	QO	vclaim-sno-leonardo-dicaprio-disney-channel	1	39.29823542441069	SimBa
tweet-sno-1303	QO	vclaim-sno-threes-a-shroud	1	32.7329738887975	SimBa
tweet-sno-1303	QO	vclaim-sno-transgender-teen-wrestling-title	1	31.712211478740173	SimBa
tweet-sno-1303	QO	vclaim-sno-sonny-tufts	1	31.284576248690144	SimBa
tweet-sno-1303	QO	vclaim-sno-preteen-mom	1	30.15380999342858	SimBa
tweet-sno-1304	QO	vclaim-sno-leonardo-dicaprio-disney-channel	1	57.7500707906411	SimBa
tweet-sno-1304	QO	vclaim-sno-katherine-web-kiss-cam	1	40.80707946467888	SimBa
tweet-sno-1304	QO	vclaim-sno-threes-a-shroud	1	37.26111655724982	SimBa
tweet-sno-1304	QO	vclaim-sno-bieber-smackdown	1	36.55121774712693	SimBa
tweet-sno-1304	QO	vclaim-sno-playgirl-trump-contest	1	36.430454985303754	SimBa
tweet-sno-1305	QO	vclaim-sno-leonardo-dicaprio-disney-channel	1	41.432255883682224	SimBa
tweet-sno-1305	QO	vclaim-sno-mike-tyson-time-traveler	1	38.81829923240488	SimBa
tweet-sno-1305	QO	vclaim-sno-bieber-smackdown	1	35.4726552668805	SimBa
tweet-sno-1305	QO	vclaim-sno-coin-toss-real	1	33.39061327729451	SimBa
tweet-sno-1305	QO	vclaim-sno-steve-buscemi-hellraiser	1	32.14383914955776	SimBa
tweet-sno-1306	QO	vclaim-sno-georgia-signature-audit	1	61.89067465937919	SimBa
tweet-sno-1306	QO	vclaim-sno-trump-governors-supplies	1	49.697066498401064	SimBa
tweet-sno-1306	QO	vclaim-sno-georgia-black-voter-registration	1	48.89362345276618	SimBa
tweet-sno-1306	QO	vclaim-sno-biden-ossoff-warnock-checks-2000	1	48.59707752885987	SimBa
tweet-sno-1306	QO	vclaim-sno-trump-georgia-runoff	1	48.19816002789271	SimBa
tweet-sno-1307	QO	vclaim-sno-trump-detroit-voters-2020	1	68.67270735191933	SimBa
tweet-sno-1307	QO	vclaim-sno-more-votes-than-voters-in-detroit	1	65.63279396490984	SimBa
tweet-sno-1307	QO	vclaim-sno-rumor-alert-biden-michigan-votes	1	58.413369171786385	SimBa
tweet-sno-1307	QO	vclaim-sno-detroit-voter-roll-lawsuit	1	56.91139007848483	SimBa
tweet-sno-1307	QO	vclaim-sno-pennsylvania-205000-votes	1	56.772100362418286	SimBa
tweet-sno-1308	QO	vclaim-sno-trump-pardon-turkey-election	1	69.08343016148456	SimBa
tweet-sno-1308	QO	vclaim-sno-trump-recount-battleground-states	1	54.51870307499408	SimBa
tweet-sno-1308	QO	vclaim-sno-trump-turkey-pardons-reversed	1	48.96392338470734	SimBa
tweet-sno-1308	QO	vclaim-sno-trump-mocks-trudeau-celebrating-thanksgiving-six-weeks-early	1	48.30457119577714	SimBa
tweet-sno-1308	QO	vclaim-sno-the-ungobbled-gobbler	1	47.473123263528535	SimBa
tweet-sno-1309	QO	vclaim-sno-alaska-town-60-days-without-sun	1	70.69205064954889	SimBa
tweet-sno-1309	QO	vclaim-sno-will-tonight-be-the-darkest-night-in-500-years	1	52.36261114031764	SimBa
tweet-sno-1309	QO	vclaim-sno-sun-lockdown	1	46.34954261844144	SimBa
tweet-sno-1309	QO	vclaim-sno-wolf-moon-january	1	45.090321718251694	SimBa
tweet-sno-1309	QO	vclaim-sno-15-days-darkness-november	1	43.467143704813594	SimBa
tweet-sno-1310	QO	vclaim-sno-florida-air-force-robotic-dogs	1	82.91318945156065	SimBa
tweet-sno-1310	QO	vclaim-sno-army-working-dogs-satire	1	55.9925332637775	SimBa
tweet-sno-1310	QO	vclaim-sno-marine-corps-dog-adoptions	1	46.72559122397521	SimBa
tweet-sno-1310	QO	vclaim-sno-biden-dog-major-indoguration	1	45.82425518466684	SimBa
tweet-sno-1310	QO	vclaim-sno-biden-major-dog-rescue-white-house	1	43.05139465829559	SimBa
tweet-sno-1311	QO	vclaim-sno-20000-dead-voters-in-pennsylvania	1	73.75685300165148	SimBa
tweet-sno-1311	QO	vclaim-sno-wisconsin-vote-dump	1	72.9739203393025	SimBa
tweet-sno-1311	QO	vclaim-sno-biden-admit-voter-fraud	1	71.49699308244232	SimBa
tweet-sno-1311	QO	vclaim-sno-trump-biden-vote-dumps	1	71.44576949141833	SimBa
tweet-sno-1311	QO	vclaim-sno-25-million-fraud-votes-for-clinton	1	68.33382442142305	SimBa
tweet-sno-1312	QO	vclaim-sno-christmas-tree-owl	1	78.41770181886606	SimBa
tweet-sno-1312	QO	vclaim-sno-snowy-owl-130-years	1	62.58804861608771	SimBa
tweet-sno-1312	QO	vclaim-sno-stuffed-owlets	1	54.65631243182646	SimBa
tweet-sno-1312	QO	vclaim-sno-rainbow-owl	1	52.18986883509801	SimBa
tweet-sno-1312	QO	vclaim-sno-owl-having-an-orgasm	1	47.15382178711971	SimBa
tweet-sno-1313	QO	vclaim-sno-wisconsin-vote-dump	1	78.39198090870883	SimBa
tweet-sno-1313	QO	vclaim-sno-trump-biden-vote-dumps	1	73.12084115754463	SimBa
tweet-sno-1313	QO	vclaim-sno-gallup-poll-electoral-fraud	1	61.69264488873137	SimBa
tweet-sno-1313	QO	vclaim-sno-simple-math-on-biden-votes	1	61.64533747570603	SimBa
tweet-sno-1313	QO	vclaim-sno-300000-wisconsin-voters-turned-away-due-to-voter-id-laws	1	57.88967196110486	SimBa
tweet-sno-1314	QO	vclaim-sno-dominion-servers-germany-seized	1	69.26324139076371	SimBa
tweet-sno-1314	QO	vclaim-sno-facebook-analytics-electoral-map-shows-trump-sweep	1	58.02931741975081	SimBa
tweet-sno-1314	QO	vclaim-sno-atlanta-georgia-voter-fraud-video	1	54.93909331079686	SimBa
tweet-sno-1314	QO	vclaim-sno-floyd-county-georgia-votes	1	54.70019857607743	SimBa
tweet-sno-1314	QO	vclaim-sno-trump-biden-vote-dumps	1	54.47757343491645	SimBa
tweet-sno-1315	QO	vclaim-sno-dominion-servers-germany-seized	1	64.764433304739	SimBa
tweet-sno-1315	QO	vclaim-sno-facebook-analytics-electoral-map-shows-trump-sweep	1	57.29912455792603	SimBa
tweet-sno-1315	QO	vclaim-sno-pennsylvania-205000-votes	1	49.76995552090664	SimBa
tweet-sno-1315	QO	vclaim-sno-dhs-12m-trump-votes	1	48.63566876849802	SimBa
tweet-sno-1315	QO	vclaim-sno-dominion-deleted-trump-votes	1	47.46055146128166	SimBa
tweet-sno-1316	QO	vclaim-sno-cuomo-vaccine-bad-news-trump	1	86.04810850682296	SimBa
tweet-sno-1316	QO	vclaim-sno-covid-vaccine-funded-by-trump	1	67.61108812508796	SimBa
tweet-sno-1316	QO	vclaim-sno-cdc-halts-us-jj-covid-shots	1	65.49546971905859	SimBa
tweet-sno-1316	QO	vclaim-sno-trump-covid-19-vaccination	1	62.7195800193139	SimBa
tweet-sno-1316	QO	vclaim-sno-did-trump-praise-covid-19-vaccines	1	62.425055308690766	SimBa
tweet-sno-1317	QO	vclaim-sno-cornyn-votes-puerto-rico	1	76.98828746315361	SimBa
tweet-sno-1317	QO	vclaim-sno-uncounted-california-ballots	1	60.84383591701786	SimBa
tweet-sno-1317	QO	vclaim-sno-dhs-12m-trump-votes	1	58.85242626820182	SimBa
tweet-sno-1317	QO	vclaim-sno-millions-mail-in-ballots	1	58.204091475599974	SimBa
tweet-sno-1317	QO	vclaim-sno-20000-dead-voters-in-pennsylvania	1	56.49288561122653	SimBa
tweet-sno-1318	QO	vclaim-sno-georgia-signature-audit	1	67.28410606056318	SimBa
tweet-sno-1318	QO	vclaim-sno-ballots-georgia-senate	1	65.21164530947847	SimBa
tweet-sno-1318	QO	vclaim-sno-floyd-county-georgia-votes	1	60.980197060302125	SimBa
tweet-sno-1318	QO	vclaim-sno-audit-the-vote	1	54.50775268375436	SimBa
tweet-sno-1318	QO	vclaim-sno-georgia-dekalb-reject-mail-ballots	1	54.250863240427904	SimBa
tweet-sno-1319	QO	vclaim-sno-floyd-county-georgia-votes	1	82.41286254181472	SimBa
tweet-sno-1319	QO	vclaim-sno-georgia-dekalb-reject-mail-ballots	1	69.92292373833268	SimBa
tweet-sno-1319	QO	vclaim-sno-ballots-georgia-senate	1	67.85261328202532	SimBa
tweet-sno-1319	QO	vclaim-sno-georgia-signature-audit	1	63.41063573613918	SimBa
tweet-sno-1319	QO	vclaim-sno-georgia-ballots-likely-ineligible	1	60.8097986865054	SimBa
tweet-sno-1320	QO	vclaim-sno-biden-trump-inauguration-crowd	1	63.92390079457172	SimBa
tweet-sno-1320	QO	vclaim-sno-pennsylvania-trump-rally	1	57.249440269067776	SimBa
tweet-sno-1320	QO	vclaim-sno-trump-rally-crowd-66000	1	54.13676832658134	SimBa
tweet-sno-1320	QO	vclaim-sno-crowd-at-trump-july-4-event	1	53.74381343715461	SimBa
tweet-sno-1320	QO	vclaim-sno-mike-pence-conservatives-womens-march	1	53.53125298862443	SimBa
tweet-sno-1321	QO	vclaim-sno-newsmax-biden-pence	1	68.04182358514564	SimBa
tweet-sno-1321	QO	vclaim-sno-gowdy-pence-2020	1	58.19455701405256	SimBa
tweet-sno-1321	QO	vclaim-sno-mike-pence-to-resign	1	55.306401919184424	SimBa
tweet-sno-1321	QO	vclaim-sno-did-trump-concede	1	53.945083548985004	SimBa
tweet-sno-1321	QO	vclaim-sno-trump-reinstated-belief	1	50.87275550466119	SimBa
tweet-sno-1322	QO	vclaim-sno-newsmax-biden-pence	1	81.41128262839061	SimBa
tweet-sno-1322	QO	vclaim-sno-trump-considering-resignation	1	60.90506872039243	SimBa
tweet-sno-1322	QO	vclaim-sno-trump-tweet-obama-scotus	1	52.26756247707161	SimBa
tweet-sno-1322	QO	vclaim-sno-trump-leave-office	1	52.238493935530364	SimBa
tweet-sno-1322	QO	vclaim-sno-rather-ends-retirement-donald-trump	1	52.23847555598016	SimBa
tweet-sno-1323	QO	vclaim-sno-newsmax-biden-pence	1	81.54435973292898	SimBa
tweet-sno-1323	QO	vclaim-sno-smooth-transition-trump	1	49.61493555569192	SimBa
tweet-sno-1323	QO	vclaim-sno-rather-ends-retirement-donald-trump	1	49.330155643896	SimBa
tweet-sno-1323	QO	vclaim-sno-trump-considering-resignation	1	49.23782750943872	SimBa
tweet-sno-1323	QO	vclaim-sno-mike-pence-to-resign	1	48.532985608242264	SimBa
tweet-sno-1324	QO	vclaim-sno-rnc-chairwoman-deleted-tweet	1	61.13496205398907	SimBa
tweet-sno-1324	QO	vclaim-sno-joe-biden-beat-biden	1	58.35269399148913	SimBa
tweet-sno-1324	QO	vclaim-sno-biden-faux-campaign-website	1	57.56930301077021	SimBa
tweet-sno-1324	QO	vclaim-sno-trump-biden-assassination-shot	1	56.18568413334432	SimBa
tweet-sno-1324	QO	vclaim-sno-27-republicans-endorse-biden	1	55.93945134616182	SimBa
tweet-sno-1325	QO	vclaim-sno-raising-canes-chicken-bankruptcy	1	68.01182788237618	SimBa
tweet-sno-1325	QO	vclaim-sno-wendys-heartbreaking-announcement	1	46.32035419996896	SimBa
tweet-sno-1325	QO	vclaim-sno-crew-cut	1	42.38431336399739	SimBa
tweet-sno-1325	QO	vclaim-sno-red-lobster-closing	1	41.839896480868674	SimBa
tweet-sno-1325	QO	vclaim-sno-knotts-berry-farm-fleeing	1	41.65778814584906	SimBa
tweet-sno-1326	QO	vclaim-sno-raising-canes-chicken-bankruptcy	1	49.088236301223255	SimBa
tweet-sno-1326	QO	vclaim-sno-wendys-heartbreaking-announcement	1	40.12103972563889	SimBa
tweet-sno-1326	QO	vclaim-sno-crew-cut	1	39.8274217379275	SimBa
tweet-sno-1326	QO	vclaim-sno-bannon-hell-capitol-attack	1	38.98874856414392	SimBa
tweet-sno-1326	QO	vclaim-sno-taco-bell-closing-2020	1	38.911274585433844	SimBa
tweet-sno-1327	QO	vclaim-sno-tweet-predict-kobe-death	1	43.1256067269264	SimBa
tweet-sno-1327	QO	vclaim-sno-death-rush-limbaugh-al-baghdadi	1	41.20922100137303	SimBa
tweet-sno-1327	QO	vclaim-sno-chicago-code-blue-fb-meme	1	40.946580992378465	SimBa
tweet-sno-1327	QO	vclaim-sno-nostradamus-covid-19	1	40.52177620438688	SimBa
tweet-sno-1327	QO	vclaim-sno-george-floyd-challenge	1	40.33299895224711	SimBa
tweet-sno-1328	QO	vclaim-sno-xbox-playstation-ps5-congrats	1	71.65244534802005	SimBa
tweet-sno-1328	QO	vclaim-sno-veterans-national-parks-lifetime	1	33.71052632682521	SimBa
tweet-sno-1328	QO	vclaim-sno-biden-maskless-birthday-video	1	33.608609049406844	SimBa
tweet-sno-1328	QO	vclaim-sno-russian-warship-us-navy	1	32.33500400872285	SimBa
tweet-sno-1328	QO	vclaim-sno-jupiter-saturn-christmas-star	1	32.16374372669073	SimBa
tweet-sno-1329	QO	vclaim-sno-xbox-playstation-ps5-congrats	1	72.38983018751608	SimBa
tweet-sno-1329	QO	vclaim-sno-cyberpunk-2077-refunds	1	36.91130974032822	SimBa
tweet-sno-1329	QO	vclaim-sno-sony	1	36.073280431840125	SimBa
tweet-sno-1329	QO	vclaim-sno-mario-execution-day-nintendo	1	33.335427976508456	SimBa
tweet-sno-1329	QO	vclaim-sno-amazon-holiday-shopping	1	33.224221160581436	SimBa
tweet-sno-1330	QO	vclaim-sno-ice-twitter-account-disappear	1	62.425207148573115	SimBa
tweet-sno-1330	QO	vclaim-sno-parler-russia	1	46.149008916867054	SimBa
tweet-sno-1330	QO	vclaim-sno-uss-al-gore-stuck-in-ice	1	43.835224716496526	SimBa
tweet-sno-1330	QO	vclaim-sno-nps-twitter-account-shut-down	1	43.587179957360455	SimBa
tweet-sno-1330	QO	vclaim-sno-icicle-texas-storms	1	42.50873366644845	SimBa
tweet-sno-1331	QO	vclaim-sno-ice-twitter-account-disappear	1	86.82069629256539	SimBa
tweet-sno-1331	QO	vclaim-sno-nps-twitter-account-shut-down	1	57.90055476192837	SimBa
tweet-sno-1331	QO	vclaim-sno-ice-arrest-los-angeles-mayor	1	51.70410870306169	SimBa
tweet-sno-1331	QO	vclaim-sno-ice-detain-michigan-doctor-40-years-u-s	1	48.065359017959594	SimBa
tweet-sno-1331	QO	vclaim-sno-did-biden-cancel-operation-talon	1	46.77111985198559	SimBa
tweet-sno-1332	QO	vclaim-sno-veterans-national-parks-lifetime	1	90.85808826439467	SimBa
tweet-sno-1332	QO	vclaim-sno-free-meals-for-veterans	1	49.01214628814974	SimBa
tweet-sno-1332	QO	vclaim-sno-trump-veterans-free-health-care	1	48.41204804789419	SimBa
tweet-sno-1332	QO	vclaim-sno-national-park-trump-wines	1	46.567477890554585	SimBa
tweet-sno-1332	QO	vclaim-sno-doubletree-hotel-military-sign	1	45.26738274231921	SimBa
tweet-sno-1333	QO	vclaim-sno-cuomo-vaccine-bad-news-trump	1	78.16121430599414	SimBa
tweet-sno-1333	QO	vclaim-sno-covid-vaccine-funded-by-trump	1	78.12931991551865	SimBa
tweet-sno-1333	QO	vclaim-sno-did-trump-praise-covid-19-vaccines	1	72.12464790632363	SimBa
tweet-sno-1333	QO	vclaim-sno-pence-conversation-coronavirus	1	65.50116123385955	SimBa
tweet-sno-1333	QO	vclaim-sno-trump-covid-19-vaccination	1	65.09801423840636	SimBa
tweet-sno-1334	QO	vclaim-sno-covid-vaccine-funded-by-trump	1	73.97285286487538	SimBa
tweet-sno-1334	QO	vclaim-sno-cuomo-vaccine-bad-news-trump	1	71.83308661460863	SimBa
tweet-sno-1334	QO	vclaim-sno-did-trump-praise-covid-19-vaccines	1	65.52422584023905	SimBa
tweet-sno-1334	QO	vclaim-sno-margaret-keenan-covid-vaccine	1	61.16087268623943	SimBa
tweet-sno-1334	QO	vclaim-sno-trump-beautiful-covid-19-vaccine	1	58.752125931655556	SimBa
tweet-sno-1335	QO	vclaim-sno-biden-hat-trump-maga	1	66.37422075859098	SimBa
tweet-sno-1335	QO	vclaim-sno-did-shooters-instagram-picture-maga-hat	1	51.81506336524174	SimBa
tweet-sno-1335	QO	vclaim-sno-27-republicans-endorse-biden	1	49.83853633524129	SimBa
tweet-sno-1335	QO	vclaim-sno-nascar-bans-maga-hats	1	49.82097586254029	SimBa
tweet-sno-1335	QO	vclaim-sno-trump-tell-supporters-storm	1	49.441420230392595	SimBa
tweet-sno-1336	QO	vclaim-sno-biden-major-dog-rescue-white-house	1	91.6608007626392	SimBa
tweet-sno-1336	QO	vclaim-sno-biden-dog-major-indoguration	1	72.5800173226283	SimBa
tweet-sno-1336	QO	vclaim-sno-biden-dogs-kicked-out-white-house	1	71.81276949785132	SimBa
tweet-sno-1336	QO	vclaim-sno-biden-team-statement-dog	1	66.77069959966506	SimBa
tweet-sno-1336	QO	vclaim-sno-biden-dogs-trump-chew-toy	1	64.55014199859265	SimBa
tweet-sno-1337	QO	vclaim-sno-trump-golf-rallies-coronavirus	1	75.94449055679527	SimBa
tweet-sno-1337	QO	vclaim-sno-donald-trump-golf-course	1	74.03754092467476	SimBa
tweet-sno-1337	QO	vclaim-sno-golfing-trump-election-results	1	70.94169796183834	SimBa
tweet-sno-1337	QO	vclaim-sno-picfat-trump-golfing-real	1	68.84881656900427	SimBa
tweet-sno-1337	QO	vclaim-sno-trump-obama-golf	1	67.27069119651117	SimBa
tweet-sno-1338	QO	vclaim-sno-bannon-fauci-wray-head-pikes	1	61.773139320525964	SimBa
tweet-sno-1338	QO	vclaim-sno-clyburn-articles-impeachment	1	54.171157911312584	SimBa
tweet-sno-1338	QO	vclaim-sno-jesse-watters-faucis-assassination	1	53.5364035291981	SimBa
tweet-sno-1338	QO	vclaim-sno-hang-mike-pence-chant-capitol-riot	1	52.42107155406178	SimBa
tweet-sno-1338	QO	vclaim-sno-trump-threaten-whistleblower	1	50.77281344630106	SimBa
tweet-sno-1339	QO	vclaim-sno-gray-wolves-endangered-trump	1	78.30070028638224	SimBa
tweet-sno-1339	QO	vclaim-sno-trump-whales-sea-turtles	1	59.275105791927764	SimBa
tweet-sno-1339	QO	vclaim-sno-trump-hunting-bald-eagles	1	58.73240345308087	SimBa
tweet-sno-1339	QO	vclaim-sno-obama-gives-kill-order-for-bald-eagles	1	56.63467347574333	SimBa
tweet-sno-1339	QO	vclaim-sno-trump-animal-cruelty	1	56.61757736694106	SimBa
tweet-sno-1340	QO	vclaim-sno-pa-worker-filling-ballots	1	78.69559361276657	SimBa
tweet-sno-1340	QO	vclaim-sno-erie-pennsylvania-trump-ballots	1	68.1159560342856	SimBa
tweet-sno-1340	QO	vclaim-sno-mail-in-voting-ballots	1	66.67661927343853	SimBa
tweet-sno-1340	QO	vclaim-sno-pa-mailin-votes-ballots	1	65.67128900818483	SimBa
tweet-sno-1340	QO	vclaim-sno-ballots-lancaster-pa	1	65.5248842069101	SimBa
tweet-sno-1341	QO	vclaim-sno-stop-the-count-chant	1	73.93646389451602	SimBa
tweet-sno-1341	QO	vclaim-sno-atlanta-georgia-voter-fraud-video	1	61.253716328761264	SimBa
tweet-sno-1341	QO	vclaim-sno-florida-moves-for-full-recount-of-state-votes-over-massive-voter-fraud	1	55.10112127247903	SimBa
tweet-sno-1341	QO	vclaim-sno-erie-pennsylvania-trump-ballots	1	54.935070437422965	SimBa
tweet-sno-1341	QO	vclaim-sno-trump-rally-chant	1	54.8122715479575	SimBa
tweet-sno-1342	QO	vclaim-sno-trump-recount-battleground-states	1	86.32038379991492	SimBa
tweet-sno-1342	QO	vclaim-sno-12th-amendment-path-to-victory	1	56.859516935895414	SimBa
tweet-sno-1342	QO	vclaim-sno-cornyn-votes-puerto-rico	1	56.42491358474757	SimBa
tweet-sno-1342	QO	vclaim-sno-obama-signs-executive-order-declaring-investigation-into-election-results	1	56.170195494228004	SimBa
tweet-sno-1342	QO	vclaim-sno-obama-do-something-about-president	1	54.33542484694678	SimBa
tweet-sno-1343	QO	vclaim-sno-sharpie-trump-ballots-arizona	1	70.08007249619118	SimBa
tweet-sno-1343	QO	vclaim-sno-ballot-envelopes-reveal-party	1	66.19552583857018	SimBa
tweet-sno-1343	QO	vclaim-sno-millions-mail-in-ballots	1	64.00477597639109	SimBa
tweet-sno-1343	QO	vclaim-sno-california-unlawful-ballots	1	63.31021524612015	SimBa
tweet-sno-1343	QO	vclaim-sno-machine-voting-pens-switching-votes	1	62.49426910545496	SimBa
tweet-sno-1344	QO	vclaim-sno-sharpie-trump-ballots-arizona	1	81.54202195889945	SimBa
tweet-sno-1344	QO	vclaim-sno-california-unlawful-ballots	1	61.66079207876104	SimBa
tweet-sno-1344	QO	vclaim-sno-ballots-lancaster-pa	1	60.41405779801785	SimBa
tweet-sno-1344	QO	vclaim-sno-pennsylvania-205000-votes	1	59.593904040785326	SimBa
tweet-sno-1344	QO	vclaim-sno-millions-mail-in-ballots	1	59.30034070398214	SimBa
tweet-sno-1345	QO	vclaim-sno-sharpie-trump-ballots-arizona	1	68.46338783621502	SimBa
tweet-sno-1345	QO	vclaim-sno-california-unlawful-ballots	1	67.41063563240208	SimBa
tweet-sno-1345	QO	vclaim-sno-ballots-video-voter-fraud-trump	1	66.89669972257941	SimBa
tweet-sno-1345	QO	vclaim-sno-millions-mail-in-ballots	1	64.33177044451229	SimBa
tweet-sno-1345	QO	vclaim-sno-atlanta-georgia-voter-fraud-video	1	64.03649602447996	SimBa
tweet-sno-1346	QO	vclaim-sno-fisherman-survived-inside-whale-for-three-days	1	59.458778925120804	SimBa
tweet-sno-1346	QO	vclaim-sno-big-gulp	1	57.08825775154395	SimBa
tweet-sno-1346	QO	vclaim-sno-killer-whale	1	54.973305184651934	SimBa
tweet-sno-1346	QO	vclaim-sno-saved-whale-says-thanks	1	53.842784167106316	SimBa
tweet-sno-1346	QO	vclaim-sno-humpback-whale-eat-kayaker	1	53.77097212017724	SimBa
tweet-sno-1347	QO	vclaim-sno-big-gulp	1	70.07813481471565	SimBa
tweet-sno-1347	QO	vclaim-sno-humpback-whale-eat-kayaker	1	66.13864217359827	SimBa
tweet-sno-1347	QO	vclaim-sno-photograph-kayak-orcas	1	63.02411399863791	SimBa
tweet-sno-1347	QO	vclaim-sno-killer-whale	1	59.60397075491707	SimBa
tweet-sno-1347	QO	vclaim-sno-blue-whale-under-rowboat	1	58.60883004298777	SimBa
tweet-sno-1348	QO	vclaim-sno-biden-black-athletes-green-mile	1	70.50688261528393	SimBa
tweet-sno-1348	QO	vclaim-sno-joe-biden-ancestors-own-slaves	1	58.671393696701955	SimBa
tweet-sno-1348	QO	vclaim-sno-biden-poor-kids-white-kids	1	57.80805039924167	SimBa
tweet-sno-1348	QO	vclaim-sno-biden-jerome-powell	1	57.0612191221444	SimBa
tweet-sno-1348	QO	vclaim-sno-biden-racial-jungle-quote	1	56.8431351526629	SimBa
tweet-sno-1349	QO	vclaim-sno-kamala-harris-pearls-election-day	1	61.517421528206015	SimBa
tweet-sno-1349	QO	vclaim-sno-bells-in-paris-biden	1	45.834239661493115	SimBa
tweet-sno-1349	QO	vclaim-sno-coat-hangers-ready	1	44.33535244841422	SimBa
tweet-sno-1349	QO	vclaim-sno-hillary-clintons-premature-celebration	1	43.68053816421842	SimBa
tweet-sno-1349	QO	vclaim-sno-jill-biden-nazi-flag	1	43.67717775108852	SimBa
tweet-sno-1350	QO	vclaim-sno-amish-buggies-trump	1	64.448759452197	SimBa
tweet-sno-1350	QO	vclaim-sno-amish-trump-presidential-victory	1	64.11647555504419	SimBa
tweet-sno-1350	QO	vclaim-sno-facebook-analytics-electoral-map-shows-trump-sweep	1	50.39561411462298	SimBa
tweet-sno-1350	QO	vclaim-sno-amish-community-puppy-mills	1	48.78599890754904	SimBa
tweet-sno-1350	QO	vclaim-sno-pennsylvania-trump-rally	1	43.87134637451403	SimBa
tweet-sno-1351	QO	vclaim-sno-omar-minnesota-register-vote	1	69.58331605872324	SimBa
tweet-sno-1351	QO	vclaim-sno-detroit-voter-roll-lawsuit	1	57.82375052097035	SimBa
tweet-sno-1351	QO	vclaim-sno-ghost-voters-in-29-states	1	50.324498321168285	SimBa
tweet-sno-1351	QO	vclaim-sno-pence-op-ed-hr1-immigrants	1	48.658429983115525	SimBa
tweet-sno-1351	QO	vclaim-sno-strawman-poll	1	48.08044317191531	SimBa
tweet-sno-1352	QO	vclaim-sno-hunter-biden-flipped-fbi	1	59.80184327239164	SimBa
tweet-sno-1352	QO	vclaim-sno-biden-jerome-powell	1	52.22830829296655	SimBa
tweet-sno-1352	QO	vclaim-sno-bidens-golfing-burisma-head	1	50.73415104487026	SimBa
tweet-sno-1352	QO	vclaim-sno-joe-biden-island	1	50.590291407674115	SimBa
tweet-sno-1352	QO	vclaim-sno-ivanka-trump-hunter-biden	1	50.17712536423107	SimBa
tweet-sno-1353	QO	vclaim-sno-hunter-biden-flipped-fbi	1	74.53958191675152	SimBa
tweet-sno-1353	QO	vclaim-sno-hunter-biden-dead-overdose-hoax	1	61.07183520136522	SimBa
tweet-sno-1353	QO	vclaim-sno-biden-admit-voter-fraud	1	56.96121077672748	SimBa
tweet-sno-1353	QO	vclaim-sno-trump-biden-assassination-shot	1	54.636708604633164	SimBa
tweet-sno-1353	QO	vclaim-sno-c-span-video-joe-biden-ukraine	1	53.86084677915179	SimBa
tweet-sno-1354	QO	vclaim-sno-hunter-biden-flipped-fbi	1	67.12030411492248	SimBa
tweet-sno-1354	QO	vclaim-sno-trump-biden-resident-meme	1	53.61128320620391	SimBa
tweet-sno-1354	QO	vclaim-sno-hunter-biden-dead-overdose-hoax	1	52.14533386781414	SimBa
tweet-sno-1354	QO	vclaim-sno-biden-boot-wrong-foot-forgot	1	51.46657703120864	SimBa
tweet-sno-1354	QO	vclaim-sno-ivanka-trump-hunter-biden	1	51.42552215526699	SimBa
tweet-sno-1355	QO	vclaim-sno-hunter-biden-flipped-fbi	1	45.55027806858304	SimBa
tweet-sno-1355	QO	vclaim-sno-bidens-golfing-burisma-head	1	38.06179547216671	SimBa
tweet-sno-1355	QO	vclaim-sno-covid-19-bat-quarters	1	37.17588613070855	SimBa
tweet-sno-1355	QO	vclaim-sno-liberals-hunt-conservatives-film	1	35.85996301687364	SimBa
tweet-sno-1355	QO	vclaim-sno-hunter-biden-dead-overdose-hoax	1	34.68797097168033	SimBa
tweet-sno-1356	QO	vclaim-sno-hunter-biden-flipped-fbi	1	67.8283265796769	SimBa
tweet-sno-1356	QO	vclaim-sno-biden-admit-voter-fraud	1	61.07758871851775	SimBa
tweet-sno-1356	QO	vclaim-sno-c-span-video-joe-biden-ukraine	1	56.344716079381605	SimBa
tweet-sno-1356	QO	vclaim-sno-biden-fail-condemn-antifa	1	54.8465886375075	SimBa
tweet-sno-1356	QO	vclaim-sno-trump-biden-resident-meme	1	54.196538173976386	SimBa
tweet-sno-1357	QO	vclaim-sno-armed-trump-fans-biden-bus	1	70.86178930856875	SimBa
tweet-sno-1357	QO	vclaim-sno-fbi-trump-biden-bus	1	62.1944895630551	SimBa
tweet-sno-1357	QO	vclaim-sno-trump-tell-supporters-storm	1	58.687485676129114	SimBa
tweet-sno-1357	QO	vclaim-sno-jill-biden-lunging-protect-joe	1	55.228025567825966	SimBa
tweet-sno-1357	QO	vclaim-sno-covid-19-trump-tulsa-rally-june	1	54.55325200411898	SimBa
tweet-sno-1358	QO	vclaim-sno-fbi-trump-biden-bus	1	72.90071258252962	SimBa
tweet-sno-1358	QO	vclaim-sno-decalcification	1	67.73053382227405	SimBa
tweet-sno-1358	QO	vclaim-sno-anti-trump-protesters-bused-into-austin	1	67.3124831719251	SimBa
tweet-sno-1358	QO	vclaim-sno-trucked-voters-in-pa	1	61.85142590717474	SimBa
tweet-sno-1358	QO	vclaim-sno-trump-train-stuck-under-bridge	1	61.61718126270007	SimBa
tweet-sno-1359	QO	vclaim-sno-fbi-trump-biden-bus	1	75.5509520711083	SimBa
tweet-sno-1359	QO	vclaim-sno-armed-trump-fans-biden-bus	1	74.80604276442025	SimBa
tweet-sno-1359	QO	vclaim-sno-run-over-trump-protesters	1	64.68694436261318	SimBa
tweet-sno-1359	QO	vclaim-sno-charlottesville-killer-radical-leftist	1	64.33246099402437	SimBa
tweet-sno-1359	QO	vclaim-sno-anti-trump-protesters-bused-into-austin	1	60.92903949253334	SimBa
tweet-sno-1360	QO	vclaim-sno-fbi-trump-biden-bus	1	72.19476852318579	SimBa
tweet-sno-1360	QO	vclaim-sno-anti-trump-protesters-bused-into-austin	1	60.922814675371725	SimBa
tweet-sno-1360	QO	vclaim-sno-armed-trump-fans-biden-bus	1	57.37921726844326	SimBa
tweet-sno-1360	QO	vclaim-sno-bus-crash-super-tuesday	1	54.391034170887195	SimBa
tweet-sno-1360	QO	vclaim-sno-bikers-kavanaugh-support-video	1	54.02326091801402	SimBa
tweet-sno-1361	QO	vclaim-sno-left-wing-mob-violence	1	57.54687176262503	SimBa
tweet-sno-1361	QO	vclaim-sno-fbi-trump-biden-bus	1	56.87028726544315	SimBa
tweet-sno-1361	QO	vclaim-sno-virginia-gun-rally-staged	1	55.52605553075789	SimBa
tweet-sno-1361	QO	vclaim-sno-armed-trump-fans-biden-bus	1	55.076760340943906	SimBa
tweet-sno-1361	QO	vclaim-sno-charlottesville-killer-radical-leftist	1	55.00750299701207	SimBa
tweet-sno-1362	QO	vclaim-sno-sean-connery-trump-golf-course	1	71.17382163908943	SimBa
tweet-sno-1362	QO	vclaim-sno-sean-connery-net-worth	1	56.95194583042537	SimBa
tweet-sno-1362	QO	vclaim-sno-sean-penn-death-hoax	1	54.0133702085092	SimBa
tweet-sno-1362	QO	vclaim-sno-trump-tiger-woods-speedy-recovery	1	51.78441285135108	SimBa
tweet-sno-1362	QO	vclaim-sno-man-killed-trump-immigration	1	51.41688225277938	SimBa
tweet-sno-1363	QO	vclaim-sno-taco-bell-menu-change	1	58.69074245260062	SimBa
tweet-sno-1363	QO	vclaim-sno-taco-bell-closing-2020	1	57.44972358031131	SimBa
tweet-sno-1363	QO	vclaim-sno-taco-cabana-sign-donald-trump-prank	1	56.795787875548	SimBa
tweet-sno-1363	QO	vclaim-sno-taco-bell-mexican-pizza	1	54.33436571722525	SimBa
tweet-sno-1363	QO	vclaim-sno-taco-bell-major-changes	1	53.69951473717304	SimBa
tweet-sno-1364	QO	vclaim-sno-taco-cabana-sign-donald-trump-prank	1	60.62529583348957	SimBa
tweet-sno-1364	QO	vclaim-sno-taco-bell-menu-change	1	58.496396597084214	SimBa
tweet-sno-1364	QO	vclaim-sno-taco-bell-major-changes	1	57.21434249415099	SimBa
tweet-sno-1364	QO	vclaim-sno-taco-bell-mexican-pizza	1	56.998065052293235	SimBa
tweet-sno-1364	QO	vclaim-sno-taco-bell-closing-2020	1	55.41204492590415	SimBa
tweet-sno-1365	QO	vclaim-sno-taco-bell-menu-change	1	59.868744387926085	SimBa
tweet-sno-1365	QO	vclaim-sno-taco-bell-closing-2020	1	58.95099261604892	SimBa
tweet-sno-1365	QO	vclaim-sno-taco-cabana-sign-donald-trump-prank	1	56.966254214541955	SimBa
tweet-sno-1365	QO	vclaim-sno-taco-bell-major-changes	1	55.92221613954895	SimBa
tweet-sno-1365	QO	vclaim-sno-taco-bell-mexican-pizza	1	54.40474295037998	SimBa
tweet-sno-1366	QO	vclaim-sno-taco-bell-menu-change	1	61.87796803746809	SimBa
tweet-sno-1366	QO	vclaim-sno-taco-bell-closing-2020	1	61.62900251300216	SimBa
tweet-sno-1366	QO	vclaim-sno-taco-cabana-sign-donald-trump-prank	1	57.3024359520788	SimBa
tweet-sno-1366	QO	vclaim-sno-taco-bell-mexican-pizza	1	55.62863927681392	SimBa
tweet-sno-1366	QO	vclaim-sno-taco-bell-major-changes	1	54.25180375612529	SimBa
tweet-sno-1367	QO	vclaim-sno-taco-bell-menu-change	1	63.90776078767673	SimBa
tweet-sno-1367	QO	vclaim-sno-taco-bell-closing-2020	1	61.773867161780316	SimBa
tweet-sno-1367	QO	vclaim-sno-taco-bell-mexican-pizza	1	59.370261594724404	SimBa
tweet-sno-1367	QO	vclaim-sno-taco-cabana-sign-donald-trump-prank	1	59.10782448737659	SimBa
tweet-sno-1367	QO	vclaim-sno-taco-bell-major-changes	1	59.004230490418394	SimBa
tweet-sno-1368	QO	vclaim-sno-cheesecake-factory-closing-rumor	1	55.05703867944496	SimBa
tweet-sno-1368	QO	vclaim-sno-taco-bell-closing-2020	1	54.41691775815964	SimBa
tweet-sno-1368	QO	vclaim-sno-taco-bell-major-changes	1	53.88830254522665	SimBa
tweet-sno-1368	QO	vclaim-sno-wendys-heartbreaking-announcement	1	52.986346471533	SimBa
tweet-sno-1368	QO	vclaim-sno-subway-pizza-hut-closing	1	52.12564114377999	SimBa
tweet-sno-1369	QO	vclaim-sno-cheesecake-factory-closing-rumor	1	63.45197845782372	SimBa
tweet-sno-1369	QO	vclaim-sno-wendys-heartbreaking-announcement	1	59.38960092226975	SimBa
tweet-sno-1369	QO	vclaim-sno-taco-bell-closing-2020	1	56.219579084443694	SimBa
tweet-sno-1369	QO	vclaim-sno-ruby-tuesday-closing	1	53.503297016739815	SimBa
tweet-sno-1369	QO	vclaim-sno-subway-pizza-hut-closing	1	52.15593445549042	SimBa
tweet-sno-1370	QO	vclaim-sno-olive-garden-trump-reelection	1	52.86496047331188	SimBa
tweet-sno-1370	QO	vclaim-sno-trump-911-small-business-fund	1	52.71281462372484	SimBa
tweet-sno-1370	QO	vclaim-sno-aoc-businesses-closed-tweet	1	51.976928852351655	SimBa
tweet-sno-1370	QO	vclaim-sno-trump-food-assistance-700000	1	51.301076160724335	SimBa
tweet-sno-1370	QO	vclaim-sno-cheesecake-factory-closing-rumor	1	51.150154476151556	SimBa
tweet-sno-1371	QO	vclaim-sno-cheesecake-factory-closing-rumor	1	72.63068982269377	SimBa
tweet-sno-1371	QO	vclaim-sno-wendys-heartbreaking-announcement	1	54.69338320577866	SimBa
tweet-sno-1371	QO	vclaim-sno-subway-pizza-hut-closing	1	54.35817754603709	SimBa
tweet-sno-1371	QO	vclaim-sno-trader-joes-april-fools-day	1	50.872035147243935	SimBa
tweet-sno-1371	QO	vclaim-sno-taco-bell-closing-2020	1	50.02200481699218	SimBa
tweet-sno-1372	QO	vclaim-sno-cheesecake-factory-closing-rumor	1	75.29690891321863	SimBa
tweet-sno-1372	QO	vclaim-sno-wendys-heartbreaking-announcement	1	57.8603189542498	SimBa
tweet-sno-1372	QO	vclaim-sno-subway-pizza-hut-closing	1	55.173847284746046	SimBa
tweet-sno-1372	QO	vclaim-sno-taco-bell-closing	1	52.822275175755486	SimBa
tweet-sno-1372	QO	vclaim-sno-taco-bell-closing-2020	1	52.79791625036736	SimBa
tweet-sno-1373	QO	vclaim-sno-cheesecake-factory-closing-rumor	1	65.147706331384	SimBa
tweet-sno-1373	QO	vclaim-sno-wendys-heartbreaking-announcement	1	55.54829777995519	SimBa
tweet-sno-1373	QO	vclaim-sno-knotts-berry-farm-fleeing	1	46.69735069874612	SimBa
tweet-sno-1373	QO	vclaim-sno-taco-bell-closing-2020	1	46.43323613527234	SimBa
tweet-sno-1373	QO	vclaim-sno-ruby-tuesday-closing	1	45.798624744721586	SimBa
tweet-sno-1374	QO	vclaim-sno-cheesecake-factory-closing-rumor	1	81.86617439942128	SimBa
tweet-sno-1374	QO	vclaim-sno-subway-pizza-hut-closing	1	62.1340632982724	SimBa
tweet-sno-1374	QO	vclaim-sno-wendys-heartbreaking-announcement	1	61.99719960175908	SimBa
tweet-sno-1374	QO	vclaim-sno-taco-bell-closing	1	60.27021044947066	SimBa
tweet-sno-1374	QO	vclaim-sno-mcdonalds-huge-changes	1	58.65303032261474	SimBa
tweet-sno-1375	QO	vclaim-sno-cheesecake-factory-closing-rumor	1	67.77245268360113	SimBa
tweet-sno-1375	QO	vclaim-sno-wendys-heartbreaking-announcement	1	52.593385364241975	SimBa
tweet-sno-1375	QO	vclaim-sno-taco-bell-closing-2020	1	50.944675851053475	SimBa
tweet-sno-1375	QO	vclaim-sno-subway-pizza-hut-closing	1	50.22865680410374	SimBa
tweet-sno-1375	QO	vclaim-sno-taco-bell-closing	1	48.39287547549389	SimBa
tweet-sno-1376	QO	vclaim-sno-spooked-clinton-campaign-manager-deleted-tweets	1	54.29740679491532	SimBa
tweet-sno-1376	QO	vclaim-sno-twitter-delete-trump-account-racism	1	52.85832830137883	SimBa
tweet-sno-1376	QO	vclaim-sno-michelle-obama-scrubs-twitter	1	52.41454149209365	SimBa
tweet-sno-1376	QO	vclaim-sno-jared-kushner-tweets-deleted	1	49.82412455826501	SimBa
tweet-sno-1376	QO	vclaim-sno-pelosi-tweet-chinatown-tourism	1	47.508968093570346	SimBa
tweet-sno-1377	QO	vclaim-sno-aoc-gop-sad-stupid-vanity-fair	1	63.98604688735834	SimBa
tweet-sno-1377	QO	vclaim-sno-melania-trump-wore-pussy-bow	1	56.462354985651494	SimBa
tweet-sno-1377	QO	vclaim-sno-pelosi-dress-trump-impeachments	1	52.040096540067324	SimBa
tweet-sno-1377	QO	vclaim-sno-clinton-memorial-day-actor	1	50.662393575511885	SimBa
tweet-sno-1377	QO	vclaim-sno-hillary-clinton-armani-jacket	1	50.46164115582145	SimBa
tweet-sno-1378	QO	vclaim-sno-trump-biden-assassination-shot	1	70.46625361550784	SimBa
tweet-sno-1378	QO	vclaim-sno-isis-called-for-assassination-of-barron-trump	1	61.62446922571897	SimBa
tweet-sno-1378	QO	vclaim-sno-trump-iran-tweets-obama	1	54.048337221094236	SimBa
tweet-sno-1378	QO	vclaim-sno-obama-attach-personal-message-letter-wrote-trump	1	53.43030775849223	SimBa
tweet-sno-1378	QO	vclaim-sno-trump-lincoln-dishonest	1	53.39002199162227	SimBa
tweet-sno-1379	QO	vclaim-sno-biden-admit-voter-fraud	1	68.0850079133757	SimBa
tweet-sno-1379	QO	vclaim-sno-wisconsin-vote-dump	1	65.56663331834784	SimBa
tweet-sno-1379	QO	vclaim-sno-gallup-poll-electoral-fraud	1	65.1185379825661	SimBa
tweet-sno-1379	QO	vclaim-sno-trump-biden-vote-dumps	1	62.768592124078445	SimBa
tweet-sno-1379	QO	vclaim-sno-huckabee-letter-biden-fraud	1	60.24503716914524	SimBa
tweet-sno-1380	QO	vclaim-sno-biden-tweet-pandemic	1	80.74531416166928	SimBa
tweet-sno-1380	QO	vclaim-sno-trump-tweet-obama-8-years	1	71.9965914936168	SimBa
tweet-sno-1380	QO	vclaim-sno-2009-trump-tweet-pandemic	1	71.75710191613317	SimBa
tweet-sno-1380	QO	vclaim-sno-experts-officials-pandemic-2018	1	70.75259423631492	SimBa
tweet-sno-1380	QO	vclaim-sno-obama-pandemic-preparedness-2014	1	68.64292594278265	SimBa
tweet-sno-1381	QO	vclaim-sno-merriam-webster-barrett-sexual	1	82.65287407656318	SimBa
tweet-sno-1381	QO	vclaim-sno-tedx-pedophilia-sexual-orientation	1	50.57038644905765	SimBa
tweet-sno-1381	QO	vclaim-sno-is-this-pedosexual-pride-sign-real	1	50.23161372216296	SimBa
tweet-sno-1381	QO	vclaim-sno-white-house-web-site-trump-changes	1	47.227124218040714	SimBa
tweet-sno-1381	QO	vclaim-sno-washington-state-to-teach-transgenderism-to-kindergartners	1	44.15383956106107	SimBa
tweet-sno-1382	QO	vclaim-sno-lbj-voting-democratic	1	55.4158673532212	SimBa
tweet-sno-1382	QO	vclaim-sno-joe-biden-n-word-recorded-speech	1	53.60657438417892	SimBa
tweet-sno-1382	QO	vclaim-sno-niger-innis	1	53.1791533136302	SimBa
tweet-sno-1382	QO	vclaim-sno-karl-rove-biden-inauguration	1	50.90010689478211	SimBa
tweet-sno-1382	QO	vclaim-sno-black-americans-super-predators	1	50.549107169657695	SimBa
tweet-sno-1383	QO	vclaim-sno-mitch-mcconnells-hands	1	75.04573202126039	SimBa
tweet-sno-1383	QO	vclaim-sno-trump-photoshopped-hands	1	49.29426909298446	SimBa
tweet-sno-1383	QO	vclaim-sno-mcconnell-voting-photobomb	1	48.364955935147066	SimBa
tweet-sno-1383	QO	vclaim-sno-mcconnell-democrats-no-victories	1	48.28399070576044	SimBa
tweet-sno-1383	QO	vclaim-sno-trump-touch-face-of-veteran	1	46.26520536909007	SimBa
tweet-sno-1384	QO	vclaim-sno-nurse-gop-convention-shooting	1	61.34511466391758	SimBa
tweet-sno-1384	QO	vclaim-sno-malia-obama-arrested-again	1	47.67545121330878	SimBa
tweet-sno-1384	QO	vclaim-sno-ann-coulter-arrested-using-womens-bathroom	1	47.64979223706525	SimBa
tweet-sno-1384	QO	vclaim-sno-fake-nurses	1	47.53566492898686	SimBa
tweet-sno-1384	QO	vclaim-sno-marjorie-greene-armed-high-school	1	46.11727602209492	SimBa
tweet-sno-1385	QO	vclaim-sno-jane-fonda-covid-gods-gift	1	80.38046957132221	SimBa
tweet-sno-1385	QO	vclaim-sno-greene-biden-mark-of-the-beast	1	59.757114000769064	SimBa
tweet-sno-1385	QO	vclaim-sno-biden-tweet-pandemic	1	55.42950748532066	SimBa
tweet-sno-1385	QO	vclaim-sno-biden-covid-vaccine-2	1	54.620430104803106	SimBa
tweet-sno-1385	QO	vclaim-sno-immigrants-covid-texas-abbott	1	53.95622883104774	SimBa
tweet-sno-1386	QO	vclaim-sno-biden-ban-fracking	1	76.14048717595972	SimBa
tweet-sno-1386	QO	vclaim-sno-does-biden-support-green-new-deal	1	56.19584778400911	SimBa
tweet-sno-1386	QO	vclaim-sno-trump-blm-150000-acres-fracking	1	55.02322605981229	SimBa
tweet-sno-1386	QO	vclaim-sno-aoc-democrats-eliminate-oil-gas	1	52.819992613654044	SimBa
tweet-sno-1386	QO	vclaim-sno-bernie-sanders-truck-ban	1	48.677904225470584	SimBa
tweet-sno-1387	QO	vclaim-sno-kennedy-nixon-virtual-debate-1960	1	61.732623596576516	SimBa
tweet-sno-1387	QO	vclaim-sno-diamond-silk-gop-convention	1	50.365598966091596	SimBa
tweet-sno-1387	QO	vclaim-sno-the-wire	1	50.09874472006246	SimBa
tweet-sno-1387	QO	vclaim-sno-trump-bloomberg-height	1	48.44108180802695	SimBa
tweet-sno-1387	QO	vclaim-sno-nancy-pelosi-with-jfk	1	47.92496603494738	SimBa
tweet-sno-1388	QO	vclaim-sno-karen-pence-mask-debate	1	59.33078058306438	SimBa
tweet-sno-1388	QO	vclaim-sno-biden-violate-mask-mandate	1	55.054724760170096	SimBa
tweet-sno-1388	QO	vclaim-sno-biden-harris-crowd-face-mask	1	52.102660950523706	SimBa
tweet-sno-1388	QO	vclaim-sno-jayapal-maskless-congress	1	49.71617138433064	SimBa
tweet-sno-1388	QO	vclaim-sno-rnc-masks-social-distancing	1	46.1887405253264	SimBa
tweet-sno-1389	QO	vclaim-sno-trump-sign-hollywood-los-angeles	1	78.78285590178325	SimBa
tweet-sno-1389	QO	vclaim-sno-god-bows-down-trump-sign	1	57.418725391143866	SimBa
tweet-sno-1389	QO	vclaim-sno-trump-christ-billboard-st-louis	1	56.36889698761607	SimBa
tweet-sno-1389	QO	vclaim-sno-trump-made-america-the-best-sign	1	56.11562159611967	SimBa
tweet-sno-1389	QO	vclaim-sno-russian-asbestos-trump_face	1	55.826780487731675	SimBa
tweet-sno-1390	QO	vclaim-sno-tomi-lahren-biden-supporters-loot	1	60.15637205885831	SimBa
tweet-sno-1390	QO	vclaim-sno-kamala-harris-protests	1	59.66720334817375	SimBa
tweet-sno-1390	QO	vclaim-sno-left-wing-mob-violence	1	57.38386761725612	SimBa
tweet-sno-1390	QO	vclaim-sno-clinton-trump-deplorables-america	1	53.87199114348762	SimBa
tweet-sno-1390	QO	vclaim-sno-deray-mckesson-and-the-summer-of-chaos	1	53.15659124933878	SimBa
tweet-sno-1391	QO	vclaim-sno-biden-trump-dregs-society	1	86.37420152218665	SimBa
tweet-sno-1391	QO	vclaim-sno-biden-troops-stupid-bastards	1	54.417787528347894	SimBa
tweet-sno-1391	QO	vclaim-sno-karl-rove-biden-inauguration	1	54.058296433567	SimBa
tweet-sno-1391	QO	vclaim-sno-biden-antifa-courageous-americans	1	53.78539299342668	SimBa
tweet-sno-1391	QO	vclaim-sno-trump-biden-resident-meme	1	53.36725048119783	SimBa
tweet-sno-1392	QO	vclaim-sno-biden-pandemic-black-women-grocery	1	70.02918247612475	SimBa
tweet-sno-1392	QO	vclaim-sno-melania-make-peace-with-the-blacks	1	58.01227842974522	SimBa
tweet-sno-1392	QO	vclaim-sno-palins-privilege	1	58.00281139298752	SimBa
tweet-sno-1392	QO	vclaim-sno-joe-biden-put-yall-back-in-chains	1	57.988861949194856	SimBa
tweet-sno-1392	QO	vclaim-sno-biden-kenosha-black-looting	1	57.74192605453115	SimBa
tweet-sno-1393	QO	vclaim-sno-trump-fine-stealing-veterans	1	58.6912384079843	SimBa
tweet-sno-1393	QO	vclaim-sno-adam-schiff-witnesses-testify	1	58.171818592390714	SimBa
tweet-sno-1393	QO	vclaim-sno-russia-paid-donald-trump-millions-of-dollars	1	57.651336016455836	SimBa
tweet-sno-1393	QO	vclaim-sno-clinton-mccabe-donation	1	55.98838465926325	SimBa
tweet-sno-1393	QO	vclaim-sno-trump-911-small-business-fund	1	54.178495725894884	SimBa
tweet-sno-1394	QO	vclaim-sno-gay-men-proud-boys-hashtag	1	64.56120459943556	SimBa
tweet-sno-1394	QO	vclaim-sno-gays-not-allowed	1	45.3091849013568	SimBa
tweet-sno-1394	QO	vclaim-sno-female-blackout-facebook	1	44.575669193075186	SimBa
tweet-sno-1394	QO	vclaim-sno-trump-to-ban-all-television-shows-that-promote-gay-activity	1	44.53516346667898	SimBa
tweet-sno-1394	QO	vclaim-sno-target-donating-100000-lgbt	1	41.64253601365906	SimBa
tweet-sno-1395	QO	vclaim-sno-gay-men-proud-boys-hashtag	1	76.55163455873341	SimBa
tweet-sno-1395	QO	vclaim-sno-proud-boys-mock-trump	1	56.275136928019734	SimBa
tweet-sno-1395	QO	vclaim-sno-alt-right-hail-trump-salute	1	52.98547506240555	SimBa
tweet-sno-1395	QO	vclaim-sno-republican-dean-browning-gay	1	50.50287018658685	SimBa
tweet-sno-1395	QO	vclaim-sno-stop-the-steal-gay-communists	1	49.69013678892511	SimBa
tweet-sno-1396	QO	vclaim-sno-bikers-trump-praying-walter-reed	1	78.75309491910484	SimBa
tweet-sno-1396	QO	vclaim-sno-photograph-shows-100000-bikers-at-trump-rally	1	61.77602092672776	SimBa
tweet-sno-1396	QO	vclaim-sno-motorcycle-group-trump-inauguration	1	58.9682516393363	SimBa
tweet-sno-1396	QO	vclaim-sno-bikers-kavanaugh-support-video	1	57.65430191392008	SimBa
tweet-sno-1396	QO	vclaim-sno-bikers-for-trump-tattoos	1	56.751203652657125	SimBa
tweet-sno-1397	QO	vclaim-sno-trump-covid-fundraising	1	67.47648240384852	SimBa
tweet-sno-1397	QO	vclaim-sno-safyre-terry-christmas-card	1	53.03991063475417	SimBa
tweet-sno-1397	QO	vclaim-sno-feds-tracking-support-audit-donald-trump	1	52.40971902067722	SimBa
tweet-sno-1397	QO	vclaim-sno-donald-trump-tax-return-hack	1	51.57235540304499	SimBa
tweet-sno-1397	QO	vclaim-sno-trump-did-not-donate-to-nambla	1	50.51619011455679	SimBa
tweet-sno-1398	QO	vclaim-sno-amy-coney-barrett-rhodes-scholar	1	73.93003430608385	SimBa
tweet-sno-1398	QO	vclaim-sno-michelle-obamas-fake-degrees	1	56.918892536437106	SimBa
tweet-sno-1398	QO	vclaim-sno-kamala-harris-berkeley-busing	1	51.04945195933658	SimBa
tweet-sno-1398	QO	vclaim-sno-elizabeth-warren-wealthy-native-american	1	48.78253314003449	SimBa
tweet-sno-1398	QO	vclaim-sno-coach-admissions-obama-tennis	1	48.728712294520406	SimBa
tweet-sno-1399	QO	vclaim-sno-biden-fail-condemn-antifa	1	73.12160082296244	SimBa
tweet-sno-1399	QO	vclaim-sno-biden-antifa-courageous-americans	1	59.61973371609035	SimBa
tweet-sno-1399	QO	vclaim-sno-paul-ryan-endorsed-antifa	1	58.45494123069006	SimBa
tweet-sno-1399	QO	vclaim-sno-trump-condemn-white-supremacists	1	57.822630212654744	SimBa
tweet-sno-1399	QO	vclaim-sno-mike-pence-tweet	1	57.20496778693286	SimBa
tweet-sno-1400	QO	vclaim-sno-trump-condemn-white-supremacists	1	59.055539043967556	SimBa
tweet-sno-1400	QO	vclaim-sno-iowa-congressman-retweet-white-supremacist	1	56.31806926228629	SimBa
tweet-sno-1400	QO	vclaim-sno-deray-mckesson-tweet-chicago	1	50.88773956671949	SimBa
tweet-sno-1400	QO	vclaim-sno-twitter-warning-trumps-tweet	1	49.99408624295678	SimBa
tweet-sno-1400	QO	vclaim-sno-sandberg-facebook-capitol-riot	1	49.932906428254675	SimBa
tweet-sno-1401	QO	vclaim-sno-bloomberg-campaign-prisoners	1	62.74493992745267	SimBa
tweet-sno-1401	QO	vclaim-sno-bloomberg-pay-florida-felons-vote	1	55.708003800554884	SimBa
tweet-sno-1401	QO	vclaim-sno-biden-admit-voter-fraud	1	54.66734421004731	SimBa
tweet-sno-1401	QO	vclaim-sno-wisconsin-vote-dump	1	53.8367753829313	SimBa
tweet-sno-1401	QO	vclaim-sno-skinny-joey-merlino-biden	1	52.12410402051666	SimBa
