tweet-sno-1200	QO	vclaim-sno-raspberry-ultra-drops	1	59.25925925925926	SimBa
tweet-sno-1200	QO	vclaim-sno-visine-diarrhea-prank	1	49.122807017543856	SimBa
tweet-sno-1200	QO	vclaim-sno-not-one-drop-bear-cub	1	49.056603773584904	SimBa
tweet-sno-1200	QO	vclaim-sno-abortion-rates-presidencies	1	48.148148148148145	SimBa
tweet-sno-1200	QO	vclaim-sno-air-jordans-price-drop	1	47.45762711864407	SimBa
tweet-sno-1201	QO	vclaim-sno-trump-executive-order-biden	1	44.736842105263165	SimBa
tweet-sno-1201	QO	vclaim-sno-celebrity-trump-obama-together	1	44.44444444444444	SimBa
tweet-sno-1201	QO	vclaim-sno-mark-cuban-millennials-quote	1	43.83561643835616	SimBa
tweet-sno-1201	QO	vclaim-sno-biden-executive-order-dictator	1	43.18181818181819	SimBa
tweet-sno-1201	QO	vclaim-sno-kamala-harris-guns-confiscation	1	42.69662921348315	SimBa
tweet-sno-1202	QO	vclaim-sno-monica-lewinsky-trump-tweet	1	75.26881720430107	SimBa
tweet-sno-1202	QO	vclaim-sno-aoc-fdr-amendment	1	73.33333333333334	SimBa
tweet-sno-1202	QO	vclaim-sno-deadly-pullover	1	72.94117647058823	SimBa
tweet-sno-1202	QO	vclaim-sno-scaramucci-nude-photos-wife-revenge-divorce	1	72.09302325581396	SimBa
tweet-sno-1202	QO	vclaim-sno-immigrants-dna-tests-pay	1	70.96774193548387	SimBa
tweet-sno-1203	QO	vclaim-sno-california-naacp-want-replace-national-anthem	1	32.911392405063296	SimBa
tweet-sno-1203	QO	vclaim-sno-were-ar-15s-used-mass-shooting-aurora	1	32.0	SimBa
tweet-sno-1203	QO	vclaim-sno-reddit-rape-guidelines	1	31.42857142857143	SimBa
tweet-sno-1203	QO	vclaim-sno-us-air-traffic-video-from-9-11	1	30.37974683544304	SimBa
tweet-sno-1203	QO	vclaim-sno-head-shot	1	29.850746268656717	SimBa
tweet-sno-1204	QO	vclaim-sno-in-wake-of-election-obama-passes-executive-order-banning-all-fake-news-outlets	1	100.0	SimBa
tweet-sno-1204	QO	vclaim-sno-trump-eo-vaccine-ban	1	95.0	SimBa
tweet-sno-1204	QO	vclaim-sno-president-obama-assault-weapon-ban	1	92.6829268292683	SimBa
tweet-sno-1204	QO	vclaim-sno-brazilian-oil	1	91.42857142857143	SimBa
tweet-sno-1204	QO	vclaim-sno-biden-bans-china-virus	1	89.79591836734694	SimBa
tweet-sno-1205	QO	vclaim-sno-muslim-student-protest-trump	1	133.33333333333334	SimBa
tweet-sno-1205	QO	vclaim-sno-lego-rainbow-lgbtq-set	1	133.33333333333334	SimBa
tweet-sno-1205	QO	vclaim-sno-joe-biden-movie-set-oval-office	1	131.91489361702128	SimBa
tweet-sno-1205	QO	vclaim-sno-croatian-president-bikini	1	131.70731707317074	SimBa
tweet-sno-1205	QO	vclaim-sno-did-ben-carson-purchase-a-31000-dining-set-and-charge-it-to-hud	1	126.08695652173913	SimBa
tweet-sno-1206	QO	vclaim-sno-trump-blm-150000-acres-fracking	1	57.89473684210527	SimBa
tweet-sno-1206	QO	vclaim-sno-donald-trump-kent-state	1	50.0	SimBa
tweet-sno-1206	QO	vclaim-sno-trump-office-former-president	1	48.19277108433735	SimBa
tweet-sno-1206	QO	vclaim-sno-womens-march-assault-trump-flag	1	46.57534246575342	SimBa
tweet-sno-1206	QO	vclaim-sno-trump-military-votes-florida	1	42.857142857142854	SimBa
tweet-sno-1207	QO	vclaim-sno-niv-removed-bible-verses	1	22.72727272727273	SimBa
tweet-sno-1207	QO	vclaim-sno-cocaine-smuggled-in-bananas	1	22.22222222222222	SimBa
tweet-sno-1207	QO	vclaim-sno-kaleb-shriners-hospitals-death	1	20.833333333333336	SimBa
tweet-sno-1207	QO	vclaim-sno-pga-ban-trump-golf-course	1	20.689655172413794	SimBa
tweet-sno-1207	QO	vclaim-sno-zika-bananas-ecuador	1	19.23076923076923	SimBa
tweet-sno-1208	QO	vclaim-sno-jay-z-beyonce-buy-dmx-masters	1	30.769230769230766	SimBa
tweet-sno-1208	QO	vclaim-sno-joe-jackson-medal-of-honor-death	1	29.78723404255319	SimBa
tweet-sno-1208	QO	vclaim-sno-schumer-erection-senate-floor	1	29.41176470588235	SimBa
tweet-sno-1208	QO	vclaim-sno-moving-truck-cspan	1	28.571428571428573	SimBa
tweet-sno-1208	QO	vclaim-sno-david-perdue-white-power-sign	1	27.906976744186046	SimBa
tweet-sno-1209	QO	vclaim-sno-schumer-erection-senate-floor	1	46.42857142857143	SimBa
tweet-sno-1209	QO	vclaim-sno-ted-cruz-trump-violence-quote	1	45.45454545454546	SimBa
tweet-sno-1209	QO	vclaim-sno-ivanka-trump-news-network-parler	1	42.857142857142854	SimBa
tweet-sno-1209	QO	vclaim-sno-trump-inauguration-viewership	1	41.02564102564103	SimBa
tweet-sno-1209	QO	vclaim-sno-trump-terror-watch-program	1	41.02564102564103	SimBa
tweet-sno-1210	QO	vclaim-sno-caitlyn-serena	1	75.47169811320755	SimBa
tweet-sno-1210	QO	vclaim-sno-caitlin-serena	1	75.47169811320755	SimBa
tweet-sno-1210	QO	vclaim-sno-bristol-palin-black-people	1	69.0909090909091	SimBa
tweet-sno-1210	QO	vclaim-sno-elementary-my-dear-watson	1	66.66666666666666	SimBa
tweet-sno-1210	QO	vclaim-sno-donald-trump-tubman	1	65.51724137931033	SimBa
tweet-sno-1211	QO	vclaim-sno-schumer-erection-senate-floor	1	66.66666666666667	SimBa
tweet-sno-1211	QO	vclaim-sno-ted-cruz-trump-violence-quote	1	54.54545454545455	SimBa
tweet-sno-1211	QO	vclaim-sno-donald-trump-africans-lazy-stealing	1	52.307692307692314	SimBa
tweet-sno-1211	QO	vclaim-sno-trump-governors-supplies	1	50.70422535211267	SimBa
tweet-sno-1211	QO	vclaim-sno-trump-love-poorly-educated	1	50.0	SimBa
tweet-sno-1212	QO	vclaim-sno-sharpie-shock-challenge	1	110.20408163265306	SimBa
tweet-sno-1212	QO	vclaim-sno-stephanie-grisham-dui	1	109.52380952380952	SimBa
tweet-sno-1212	QO	vclaim-sno-donald-trump-military-training-quote	1	107.14285714285715	SimBa
tweet-sno-1212	QO	vclaim-sno-mcdonalds-getting-rid-dollar-menu	1	106.38297872340425	SimBa
tweet-sno-1212	QO	vclaim-sno-stephen-moore-child-labor	1	106.06060606060606	SimBa
tweet-sno-1213	QO	vclaim-sno-schumer-erection-senate-floor	1	31.460674157303373	SimBa
tweet-sno-1213	QO	vclaim-sno-ice-citizens-academy-civilians	1	21.50537634408602	SimBa
tweet-sno-1213	QO	vclaim-sno-wolf-moon-january	1	21.05263157894737	SimBa
tweet-sno-1213	QO	vclaim-sno-marlboro-cigarettes-production	1	21.05263157894737	SimBa
tweet-sno-1213	QO	vclaim-sno-boebert-taliban-building-back-better	1	20.930232558139537	SimBa
tweet-sno-1214	QO	vclaim-sno-hackman-trump-president	1	98.4126984126984	SimBa
tweet-sno-1214	QO	vclaim-sno-anthony-hopkins-breaking-bad	1	88.60759493670886	SimBa
tweet-sno-1214	QO	vclaim-sno-sarah-palin-russia-house	1	80.64516129032258	SimBa
tweet-sno-1214	QO	vclaim-sno-barry-wilmore-see-astronaut-ramirez-outside-the-space-station	1	77.41935483870967	SimBa
tweet-sno-1214	QO	vclaim-sno-biden-coca-cola-tweet	1	76.92307692307693	SimBa
tweet-sno-1215	QO	vclaim-sno-iowa-congressman-retweet-white-supremacist	1	30.18867924528302	SimBa
tweet-sno-1215	QO	vclaim-sno-facebook-39no-religion39-campaign	1	29.62962962962963	SimBa
tweet-sno-1215	QO	vclaim-sno-heather-wick-slavery-joke	1	29.09090909090909	SimBa
tweet-sno-1215	QO	vclaim-sno-baltimore-prosecutor-deletes-election-day-ballot-picture	1	29.09090909090909	SimBa
tweet-sno-1215	QO	vclaim-sno-candace-owens-pelosi-capitol	1	28.915662650602414	SimBa
tweet-sno-1216	QO	vclaim-sno-trump-criticize-obama-woodward	1	77.77777777777779	SimBa
tweet-sno-1216	QO	vclaim-sno-whats-in-a-name-2	1	72.52747252747254	SimBa
tweet-sno-1216	QO	vclaim-sno-ari-fleischer-covid	1	67.3076923076923	SimBa
tweet-sno-1216	QO	vclaim-sno-pelosi-dems-will-shut-it-all-down	1	62.62626262626263	SimBa
tweet-sno-1216	QO	vclaim-sno-white-house-press-secretary-say-wwii-vets-upset-japan-visit-get	1	62.264150943396224	SimBa
tweet-sno-1217	QO	vclaim-sno-mccormick-director-taco-relations	1	58.536585365853654	SimBa
tweet-sno-1217	QO	vclaim-sno-donald-trump-appoints-kanye-west-to-cabinet-position	1	52.631578947368425	SimBa
tweet-sno-1217	QO	vclaim-sno-paris-fined-hiring-many-women	1	52.17391304347826	SimBa
tweet-sno-1217	QO	vclaim-sno-department-of-homeland-security	1	51.282051282051285	SimBa
tweet-sno-1217	QO	vclaim-sno-sarah-sanders-roseanne-barr-job	1	48.78048780487805	SimBa
tweet-sno-1218	QO	vclaim-sno-lead-in-flint-bottled-water	1	57.83132530120483	SimBa
tweet-sno-1218	QO	vclaim-sno-hobby-lobby-cotton	1	54.32098765432099	SimBa
tweet-sno-1218	QO	vclaim-sno-the-seven-year-bitch	1	52.631578947368425	SimBa
tweet-sno-1218	QO	vclaim-sno-maxine-waters-north-korea	1	50.00000000000001	SimBa
tweet-sno-1218	QO	vclaim-sno-high-chair-to-heaven	1	47.19101123595506	SimBa
tweet-sno-1219	QO	vclaim-sno-thomas-jefferson-speech-condemns-free-press	1	74.35897435897436	SimBa
tweet-sno-1219	QO	vclaim-sno-is-nfls-free-speech-accurately-portrayed	1	66.66666666666667	SimBa
tweet-sno-1219	QO	vclaim-sno-paul-ryan-said-free-lunches-give-children-empty-souls	1	63.41463414634146	SimBa
tweet-sno-1219	QO	vclaim-sno-trump-more-testing-look-bad	1	60.526315789473685	SimBa
tweet-sno-1219	QO	vclaim-sno-trump-wind-windmills-fumes	1	60.24096385542169	SimBa
tweet-sno-1220	QO	vclaim-sno-bachelor-colton-underwood-gay	1	54.54545454545455	SimBa
tweet-sno-1220	QO	vclaim-sno-wearing-two-masks-covid	1	53.932584269662925	SimBa
tweet-sno-1220	QO	vclaim-sno-best-bathroom-in-america	1	50.549450549450555	SimBa
tweet-sno-1220	QO	vclaim-sno-burger-king-logo-new	1	50.0	SimBa
tweet-sno-1220	QO	vclaim-sno-nigerian-baby-born-with-message-of-christs-second-coming	1	49.35064935064935	SimBa
tweet-sno-1221	QO	vclaim-sno-did-sanders-supporters-throw-chairs-at-nevada-democratic-convention	1	46.808510638297875	SimBa
tweet-sno-1221	QO	vclaim-sno-trump-protesters-cans-of-soup	1	46.66666666666667	SimBa
tweet-sno-1221	QO	vclaim-sno-hillary-clinton-had-drunken-meltdown-after-losing-the-election	1	45.45454545454546	SimBa
tweet-sno-1221	QO	vclaim-sno-baby-carriage	1	44.89795918367347	SimBa
tweet-sno-1221	QO	vclaim-sno-space-station-orbit	1	44.44444444444444	SimBa
tweet-sno-1222	QO	vclaim-sno-trump-jr-impeached-deplorable	1	52.17391304347826	SimBa
tweet-sno-1222	QO	vclaim-sno-trump-discover-know-everything	1	42.5531914893617	SimBa
tweet-sno-1222	QO	vclaim-sno-tommy-lee-letter-to-trump	1	40.816326530612244	SimBa
tweet-sno-1222	QO	vclaim-sno-bloomberg-buy-trump-debt	1	39.02439024390244	SimBa
tweet-sno-1222	QO	vclaim-sno-trump-love-poorly-educated	1	39.02439024390244	SimBa
tweet-sno-1223	QO	vclaim-sno-armie-hammer-cannibal-lifestyle	1	47.05882352941176	SimBa
tweet-sno-1223	QO	vclaim-sno-soda-jerk	1	35.8974358974359	SimBa
tweet-sno-1223	QO	vclaim-sno-drink-young-blood-health	1	34.78260869565217	SimBa
tweet-sno-1223	QO	vclaim-sno-keanu-reeves-blood-drinking	1	33.333333333333336	SimBa
tweet-sno-1223	QO	vclaim-sno-legal-drinking-age-raised	1	33.33333333333333	SimBa
tweet-sno-1224	QO	vclaim-sno-indian-flag-capitol-riots	1	50.0	SimBa
tweet-sno-1224	QO	vclaim-sno-false-flag-operation	1	40.67796610169491	SimBa
tweet-sno-1224	QO	vclaim-sno-hillary-clinton-supporter-stands-on-american-flag	1	40.0	SimBa
tweet-sno-1224	QO	vclaim-sno-mike-pence-confederate-flag	1	40.0	SimBa
tweet-sno-1224	QO	vclaim-sno-capitol-window-wave-video	1	39.39393939393939	SimBa
tweet-sno-1225	QO	vclaim-sno-blasey-online-photos	1	39.34426229508197	SimBa
tweet-sno-1225	QO	vclaim-sno-2021-dodge-ram	1	37.68115942028985	SimBa
tweet-sno-1225	QO	vclaim-sno-ellison-antifa-book	1	37.68115942028985	SimBa
tweet-sno-1225	QO	vclaim-sno-groomsmen-supporting-a-paralyzed-man-at-his-wedding	1	37.5	SimBa
tweet-sno-1225	QO	vclaim-sno-woodward-bernstein-photo-nixon	1	37.5	SimBa
tweet-sno-1226	QO	vclaim-sno-trump-carved-manatees-back	1	67.53246753246754	SimBa
tweet-sno-1226	QO	vclaim-sno-spicer-spelling-covfefe	1	51.21951219512195	SimBa
tweet-sno-1226	QO	vclaim-sno-fox-news-profanity-laced-attack	1	49.411764705882355	SimBa
tweet-sno-1226	QO	vclaim-sno-tom-selleck-blue-bloods	1	48.275862068965516	SimBa
tweet-sno-1226	QO	vclaim-sno-merrick-garland-bill-barr-liar	1	45.45454545454546	SimBa
tweet-sno-1227	QO	vclaim-sno-elijah-cummings-said-democrats-gave-black-people-the-right-to-vote	1	57.62711864406779	SimBa
tweet-sno-1227	QO	vclaim-sno-new-jersey-brother-sister-marry	1	53.73134328358209	SimBa
tweet-sno-1227	QO	vclaim-sno-consumer-rebate-program	1	52.459016393442624	SimBa
tweet-sno-1227	QO	vclaim-sno-mary-miller-hitler	1	50.0	SimBa
tweet-sno-1227	QO	vclaim-sno-pope-francis-married-priests	1	47.27272727272727	SimBa
tweet-sno-1228	QO	vclaim-sno-mookie-wilson-dinosaurs	1	76.47058823529412	SimBa
tweet-sno-1228	QO	vclaim-sno-pelosi-illegal-immigration-quote	1	70.0	SimBa
tweet-sno-1228	QO	vclaim-sno-killing-stone-split-evil-spirit	1	67.56756756756756	SimBa
tweet-sno-1228	QO	vclaim-sno-mary-miller-hitler	1	67.46987951807229	SimBa
tweet-sno-1228	QO	vclaim-sno-bannon-hell-capitol-attack	1	65.1685393258427	SimBa
tweet-sno-1229	QO	vclaim-sno-light-fingered	1	72.72727272727272	SimBa
tweet-sno-1229	QO	vclaim-sno-killing-stone-split-evil-spirit	1	72.1311475409836	SimBa
tweet-sno-1229	QO	vclaim-sno-trump-riot-camp-auschwitz-shirt	1	71.1864406779661	SimBa
tweet-sno-1229	QO	vclaim-sno-breaking-a-mirror	1	70.58823529411764	SimBa
tweet-sno-1229	QO	vclaim-sno-football-player-broken-legs-hoax	1	70.37037037037037	SimBa
tweet-sno-1230	QO	vclaim-sno-did-washington-post-offer-accuse-roy-moore	1	41.55844155844156	SimBa
tweet-sno-1230	QO	vclaim-sno-demi-lovato-nonbinary	1	38.888888888888886	SimBa
tweet-sno-1230	QO	vclaim-sno-erma-bombecks-regrets	1	37.68115942028985	SimBa
tweet-sno-1230	QO	vclaim-sno-chevy-chase-death-hoax	1	36.92307692307693	SimBa
tweet-sno-1230	QO	vclaim-sno-social-security-changes-may-2016	1	35.61643835616438	SimBa
tweet-sno-1231	QO	vclaim-sno-mark-twain-quote-fear-media	1	84.11214953271028	SimBa
tweet-sno-1231	QO	vclaim-sno-buzzfeed-white-people-guns	1	75.29411764705883	SimBa
tweet-sno-1231	QO	vclaim-sno-trump-borderwall-phone-survey	1	74.0	SimBa
tweet-sno-1231	QO	vclaim-sno-lawmaker-report-student-cursing	1	72.52747252747254	SimBa
tweet-sno-1231	QO	vclaim-sno-tucker-carlson-calls-milley-a-pig	1	72.52747252747254	SimBa
tweet-sno-1232	QO	vclaim-sno-president-gore-headline	1	44.44444444444444	SimBa
tweet-sno-1232	QO	vclaim-sno-e-cigarettes-cancer-formaldehyde	1	36.7816091954023	SimBa
tweet-sno-1232	QO	vclaim-sno-is-barack-obama-more-self-referential-than-donald-trump	1	34.78260869565217	SimBa
tweet-sno-1232	QO	vclaim-sno-biden-bob-dole-end-of-message	1	34.09090909090909	SimBa
tweet-sno-1232	QO	vclaim-sno-stop-killing-alligators-gatorade	1	33.734939759036145	SimBa
tweet-sno-1233	QO	vclaim-sno-pokemon-go-developer-niantic-to-develop-harry-potter-go	1	84.61538461538463	SimBa
tweet-sno-1233	QO	vclaim-sno-did-trump-praise-covid-19-vaccines	1	75.0	SimBa
tweet-sno-1233	QO	vclaim-sno-did-trump-say-he-loved-rioters	1	70.96774193548387	SimBa
tweet-sno-1233	QO	vclaim-sno-war-stories	1	70.27027027027027	SimBa
tweet-sno-1233	QO	vclaim-sno-boehner-cruz-audiobook	1	68.29268292682927	SimBa
tweet-sno-1234	QO	vclaim-sno-city-blue-imaging-ballots	1	37.28813559322034	SimBa
tweet-sno-1234	QO	vclaim-sno-lylah-rose	1	36.66666666666667	SimBa
tweet-sno-1234	QO	vclaim-sno-80-trump-ballots-burned	1	35.714285714285715	SimBa
tweet-sno-1234	QO	vclaim-sno-burned-dog-facebook-photo	1	34.92063492063492	SimBa
tweet-sno-1234	QO	vclaim-sno-the-old-one	1	34.48275862068965	SimBa
tweet-sno-1235	QO	vclaim-sno-ps-and-qs	1	40.40404040404041	SimBa
tweet-sno-1235	QO	vclaim-sno-donald-trump-purge-slogan	1	39.50617283950617	SimBa
tweet-sno-1235	QO	vclaim-sno-john-kasich-said-we-cant-entrust-abortion-decision-to-women	1	39.02439024390244	SimBa
tweet-sno-1235	QO	vclaim-sno-john-d-rockefellers-masonic-creed	1	37.89473684210526	SimBa
tweet-sno-1235	QO	vclaim-sno-ecstasy-halloween-candy	1	37.03703703703704	SimBa
tweet-sno-1236	QO	vclaim-sno-trump-generals-tom-cruise	1	40.40404040404041	SimBa
tweet-sno-1236	QO	vclaim-sno-trump-barrett-looks-nominated	1	38.775510204081634	SimBa
tweet-sno-1236	QO	vclaim-sno-lbj-convince-the-lowest-white-man	1	36.0655737704918	SimBa
tweet-sno-1236	QO	vclaim-sno-did-trudeau-say-worse-things-better-men	1	35.78947368421053	SimBa
tweet-sno-1236	QO	vclaim-sno-joe-exotic-coronavirus	1	34.88372093023256	SimBa
tweet-sno-1237	QO	vclaim-sno-muslim-woman-told-to-hang-herself-with-hijab-at-walmart	1	52.63157894736842	SimBa
tweet-sno-1237	QO	vclaim-sno-queen-meghan-markle-stop	1	42.857142857142854	SimBa
tweet-sno-1237	QO	vclaim-sno-phyllis-schlafly-woman-president-over-my-dead-body	1	40.816326530612244	SimBa
tweet-sno-1237	QO	vclaim-sno-coat-hangers-ready	1	40.0	SimBa
tweet-sno-1237	QO	vclaim-sno-sc-lesser-cut-quote	1	40.0	SimBa
tweet-sno-1238	QO	vclaim-sno-hang-mike-pence-chant-capitol-riot	1	23.333333333333336	SimBa
tweet-sno-1238	QO	vclaim-sno-pga-ban-trump-golf-course	1	20.0	SimBa
tweet-sno-1238	QO	vclaim-sno-npr-riot-article-before-riot	1	18.75	SimBa
tweet-sno-1238	QO	vclaim-sno-greta-thunberg-capitol-rioter	1	18.18181818181818	SimBa
tweet-sno-1238	QO	vclaim-sno-capitol-police-selfie	1	18.18181818181818	SimBa
tweet-sno-1239	QO	vclaim-sno-nike-afford-let-go	1	91.08910891089108	SimBa
tweet-sno-1239	QO	vclaim-sno-trump-tweet-stimulus-checks	1	88.65979381443299	SimBa
tweet-sno-1239	QO	vclaim-sno-megan-rapinoe-men-like-trump	1	87.5	SimBa
tweet-sno-1239	QO	vclaim-sno-immigrants-dna-tests-pay	1	85.71428571428572	SimBa
tweet-sno-1239	QO	vclaim-sno-aoc-fdr-amendment	1	84.21052631578947	SimBa
tweet-sno-1240	QO	vclaim-sno-national-guard-trump-mob	1	100.0	SimBa
tweet-sno-1240	QO	vclaim-sno-lincoln-memorial-defaced-protesters	1	86.79245283018868	SimBa
tweet-sno-1240	QO	vclaim-sno-attempted-robbery-target-field	1	85.71428571428572	SimBa
tweet-sno-1240	QO	vclaim-sno-biden-pardon-blm-protesters	1	84.44444444444444	SimBa
tweet-sno-1240	QO	vclaim-sno-police-horse-kicks-blm-protester	1	81.81818181818183	SimBa
tweet-sno-1241	QO	vclaim-sno-trump-threaten-federal-buildings	1	45.16129032258064	SimBa
tweet-sno-1241	QO	vclaim-sno-pelosi-trump-use-back-door	1	37.89473684210526	SimBa
tweet-sno-1241	QO	vclaim-sno-biden-energy-independence	1	35.55555555555556	SimBa
tweet-sno-1241	QO	vclaim-sno-donald-trump-new-mexico	1	35.0	SimBa
tweet-sno-1241	QO	vclaim-sno-trump-nullify-quran-oaths	1	34.5679012345679	SimBa
tweet-sno-1242	QO	vclaim-sno-twitter-disable-engagement-trump	1	25.0	SimBa
tweet-sno-1242	QO	vclaim-sno-trump-twitter-john-barron-1946	1	24.48979591836735	SimBa
tweet-sno-1242	QO	vclaim-sno-trump-navajo-twitter	1	23.529411764705884	SimBa
tweet-sno-1242	QO	vclaim-sno-twitter-cammo-trump-covid	1	23.52941176470588	SimBa
tweet-sno-1242	QO	vclaim-sno-chelsea-clinton-church-satan	1	23.255813953488374	SimBa
tweet-sno-1243	QO	vclaim-sno-trump-flag-american-flag-capitol	1	92.0	SimBa
tweet-sno-1243	QO	vclaim-sno-confederate-flag-capitol-dc	1	70.83333333333334	SimBa
tweet-sno-1243	QO	vclaim-sno-dianne-feinstein-confederate-flag	1	64.15094339622641	SimBa
tweet-sno-1243	QO	vclaim-sno-barry-wilmore-see-astronaut-ramirez-outside-the-space-station	1	62.745098039215684	SimBa
tweet-sno-1243	QO	vclaim-sno-legal-drinking-age-raised	1	61.53846153846155	SimBa
tweet-sno-1244	QO	vclaim-sno-banned-old-flag	1	82.92682926829268	SimBa
tweet-sno-1244	QO	vclaim-sno-confederate-flag-capitol-dc	1	71.42857142857143	SimBa
tweet-sno-1244	QO	vclaim-sno-flag-flap-2	1	65.11627906976744	SimBa
tweet-sno-1244	QO	vclaim-sno-obama-confederate-campaign-button	1	64.86486486486487	SimBa
tweet-sno-1244	QO	vclaim-sno-dianne-feinstein-confederate-flag	1	63.829787234042556	SimBa
tweet-sno-1245	QO	vclaim-sno-kevin-seefried-democrat-biden	1	63.41463414634146	SimBa
tweet-sno-1245	QO	vclaim-sno-womens-march-assault-trump-flag	1	63.013698630136986	SimBa
tweet-sno-1245	QO	vclaim-sno-capitol-riots-private-party	1	54.11764705882353	SimBa
tweet-sno-1245	QO	vclaim-sno-rosanne-boyland-trampled-flag	1	49.382716049382715	SimBa
tweet-sno-1245	QO	vclaim-sno-mike-pence-confederate-flag	1	49.23076923076923	SimBa
tweet-sno-1246	QO	vclaim-sno-cross-erected-capitol-building	1	83.72093023255815	SimBa
tweet-sno-1246	QO	vclaim-sno-new-york-easter-cross-light-display	1	63.41463414634146	SimBa
tweet-sno-1246	QO	vclaim-sno-caravan-american-red-cross-tent	1	60.8695652173913	SimBa
tweet-sno-1246	QO	vclaim-sno-chelsea-clinton-upside-down-satanic-cross	1	55.0	SimBa
tweet-sno-1246	QO	vclaim-sno-scientists-kale-marijuana-hybrid	1	52.631578947368425	SimBa
tweet-sno-1247	QO	vclaim-sno-china-kill-coronavirus-patients	1	31.111111111111114	SimBa
tweet-sno-1247	QO	vclaim-sno-derisive-snort	1	29.09090909090909	SimBa
tweet-sno-1247	QO	vclaim-sno-clint-eastwood-quote-on-trump	1	28.88888888888889	SimBa
tweet-sno-1247	QO	vclaim-sno-ghislaine-maxwell-list	1	28.57142857142857	SimBa
tweet-sno-1247	QO	vclaim-sno-bicycle-2000-year-old-temple	1	27.906976744186046	SimBa
tweet-sno-1248	QO	vclaim-sno-what-does-obama-read	1	30.985915492957744	SimBa
tweet-sno-1248	QO	vclaim-sno-joy-behar-grabbed-robin-williams-by-the-crotch	1	30.76923076923077	SimBa
tweet-sno-1248	QO	vclaim-sno-dayton-shooter-warren	1	29.885057471264368	SimBa
tweet-sno-1248	QO	vclaim-sno-blackout-2	1	29.032258064516128	SimBa
tweet-sno-1248	QO	vclaim-sno-snow-los-angeles	1	29.032258064516128	SimBa
tweet-sno-1249	QO	vclaim-sno-renee-zellweger	1	76.47058823529412	SimBa
tweet-sno-1249	QO	vclaim-sno-striped-icebergs	1	75.75757575757575	SimBa
tweet-sno-1249	QO	vclaim-sno-calico-buck	1	75.75757575757575	SimBa
tweet-sno-1249	QO	vclaim-sno-florida-water-hack	1	75.60975609756098	SimBa
tweet-sno-1249	QO	vclaim-sno-jingle-bail	1	73.52941176470588	SimBa
tweet-sno-1250	QO	vclaim-sno-break-neck-twerking	1	87.5	SimBa
tweet-sno-1250	QO	vclaim-sno-jj-watt-peloton-free-agent	1	86.79245283018868	SimBa
tweet-sno-1250	QO	vclaim-sno-bannon-hell-capitol-attack	1	83.33333333333333	SimBa
tweet-sno-1250	QO	vclaim-sno-was-president-trump-feared-dead-after-a-fire-at-trump-tower	1	82.75862068965517	SimBa
tweet-sno-1250	QO	vclaim-sno-deceased-fbi-agent-found-at-trump-tower-with-silenced-pistol	1	81.48148148148148	SimBa
tweet-sno-1251	QO	vclaim-sno-prisoner-died-testicles-missing	1	80.51948051948052	SimBa
tweet-sno-1251	QO	vclaim-sno-miriam-loomis-found-dead-clinton-estate	1	79.48717948717949	SimBa
tweet-sno-1251	QO	vclaim-sno-chy-niece-thacker-police-trunk	1	78.04878048780488	SimBa
tweet-sno-1251	QO	vclaim-sno-batman-oral-sex-catwoman	1	76.71232876712328	SimBa
tweet-sno-1251	QO	vclaim-sno-hollywood-strike-trump-resigns	1	74.28571428571429	SimBa
tweet-sno-1252	QO	vclaim-sno-covid-result-holiday-gatherings	1	63.829787234042556	SimBa
tweet-sno-1252	QO	vclaim-sno-teenage-daughter-shirt-pregnant	1	29.166666666666668	SimBa
tweet-sno-1252	QO	vclaim-sno-david-hogg-clear-backpack-rights	1	28.57142857142857	SimBa
tweet-sno-1252	QO	vclaim-sno-covid-vax-false-hiv	1	26.829268292682926	SimBa
tweet-sno-1252	QO	vclaim-sno-paul-krugman-internets-effect-economy	1	26.262626262626263	SimBa
tweet-sno-1253	QO	vclaim-sno-swim-after-eating	1	92.30769230769232	SimBa
tweet-sno-1253	QO	vclaim-sno-trump-take-firearms-first	1	90.32258064516128	SimBa
tweet-sno-1253	QO	vclaim-sno-jc-penney-fairview-heights-flag-controversy	1	88.0	SimBa
tweet-sno-1253	QO	vclaim-sno-puerto-rico-teamsters	1	88.0	SimBa
tweet-sno-1253	QO	vclaim-sno-did-trump-praise-covid-19-vaccines	1	85.48387096774194	SimBa
tweet-sno-1254	QO	vclaim-sno-halloween-hanging	1	86.27450980392156	SimBa
tweet-sno-1254	QO	vclaim-sno-david-hogg-attend-california-high-school	1	85.71428571428571	SimBa
tweet-sno-1254	QO	vclaim-sno-chocolate-extinct-40-years	1	84.0	SimBa
tweet-sno-1254	QO	vclaim-sno-hillary-clinton-and-draftourdaughters	1	83.63636363636364	SimBa
tweet-sno-1254	QO	vclaim-sno-go-ask-alice	1	83.01886792452831	SimBa
tweet-sno-1255	QO	vclaim-sno-swimming-pool-wonderful-life	1	78.125	SimBa
tweet-sno-1255	QO	vclaim-sno-san-francisco-lincoln-blm	1	75.0	SimBa
tweet-sno-1255	QO	vclaim-sno-the-modular-body-videos	1	66.66666666666667	SimBa
tweet-sno-1255	QO	vclaim-sno-wind-turbine-explosion	1	64.15094339622641	SimBa
tweet-sno-1255	QO	vclaim-sno-covington-catholic-black-paint	1	63.49206349206349	SimBa
tweet-sno-1256	QO	vclaim-sno-mark-zuckerberg-is-david-rockefellers-grandson	1	96.55172413793103	SimBa
tweet-sno-1256	QO	vclaim-sno-faithbook	1	87.5	SimBa
tweet-sno-1256	QO	vclaim-sno-twain-of-thought	1	87.5	SimBa
tweet-sno-1256	QO	vclaim-sno-cuban-on-trump	1	86.79245283018868	SimBa
tweet-sno-1256	QO	vclaim-sno-michigan-licenses-yellow-stars	1	85.18518518518519	SimBa
tweet-sno-1257	QO	vclaim-sno-megan-rapinoe-men-like-trump	1	45.16129032258064	SimBa
tweet-sno-1257	QO	vclaim-sno-hillary-clinton-marriage-is-always-between-a-man-and-a-woman	1	44.943820224719104	SimBa
tweet-sno-1257	QO	vclaim-sno-moms-for-mitt	1	39.53488372093023	SimBa
tweet-sno-1257	QO	vclaim-sno-william-golding-on-women	1	38.29787234042553	SimBa
tweet-sno-1257	QO	vclaim-sno-birth-control-steve-bannon	1	37.89473684210526	SimBa
tweet-sno-1258	QO	vclaim-sno-tom-brady-ppp	1	36.0655737704918	SimBa
tweet-sno-1258	QO	vclaim-sno-kaleb-shriners-hospitals-death	1	32.142857142857146	SimBa
tweet-sno-1258	QO	vclaim-sno-osteen-coronavirus-loan	1	32.0	SimBa
tweet-sno-1258	QO	vclaim-sno-boebert-ppp-loan	1	29.166666666666668	SimBa
tweet-sno-1258	QO	vclaim-sno-obama-kanye-chicago-bush	1	26.923076923076923	SimBa
tweet-sno-1259	QO	vclaim-sno-stephanie-grisham-dui	1	127.27272727272727	SimBa
tweet-sno-1259	QO	vclaim-sno-leslie-jones-kate-mckinnon-married	1	125.0	SimBa
tweet-sno-1259	QO	vclaim-sno-that-run-down-feeling	1	117.64705882352942	SimBa
tweet-sno-1259	QO	vclaim-sno-did-orca-eat-an-ice-fisherman	1	116.66666666666666	SimBa
tweet-sno-1259	QO	vclaim-sno-painkiller-combination	1	115.78947368421053	SimBa
tweet-sno-1260	QO	vclaim-sno-prime-choice	1	56.33802816901408	SimBa
tweet-sno-1260	QO	vclaim-sno-did-taylor-swift-say-we-should-forgive-logan-paul	1	56.09756097560975	SimBa
tweet-sno-1260	QO	vclaim-sno-fake-nurses	1	54.347826086956516	SimBa
tweet-sno-1260	QO	vclaim-sno-following-announcement	1	54.05405405405405	SimBa
tweet-sno-1260	QO	vclaim-sno-harvard-degrees-trump	1	53.65853658536585	SimBa
tweet-sno-1261	QO	vclaim-sno-porsche-remorse	1	80.55555555555556	SimBa
tweet-sno-1261	QO	vclaim-sno-monica-lewinsky-trump-tweet	1	70.58823529411765	SimBa
tweet-sno-1261	QO	vclaim-sno-leslie-jones-kate-mckinnon-married	1	65.67164179104478	SimBa
tweet-sno-1261	QO	vclaim-sno-stephanie-grisham-dui	1	64.70588235294119	SimBa
tweet-sno-1261	QO	vclaim-sno-free-aston-martins	1	63.888888888888886	SimBa
tweet-sno-1262	QO	vclaim-sno-obama-reporter-press-conference	1	60.37735849056604	SimBa
tweet-sno-1262	QO	vclaim-sno-ermey-press-conference	1	51.851851851851855	SimBa
tweet-sno-1262	QO	vclaim-sno-ivanka-trump-disavows-her-father	1	49.122807017543856	SimBa
tweet-sno-1262	QO	vclaim-sno-obama-block-fox-news-reporters	1	48.148148148148145	SimBa
tweet-sno-1262	QO	vclaim-sno-trump-white-nationalists-us-press-conference	1	48.148148148148145	SimBa
tweet-sno-1263	QO	vclaim-sno-joe-biden-roe-v-wade-quote	1	85.71428571428572	SimBa
tweet-sno-1263	QO	vclaim-sno-obama-gun-laws-crime	1	78.94736842105263	SimBa
tweet-sno-1263	QO	vclaim-sno-eisenhower-security-prison	1	76.31578947368422	SimBa
tweet-sno-1263	QO	vclaim-sno-trump-take-firearms-first	1	75.9493670886076	SimBa
tweet-sno-1263	QO	vclaim-sno-war-stories	1	75.0	SimBa
tweet-sno-1264	QO	vclaim-sno-mardi-gras-canceled-covid19	1	35.44303797468355	SimBa
tweet-sno-1264	QO	vclaim-sno-was-the-white-house-built-by-slaves	1	33.9622641509434	SimBa
tweet-sno-1264	QO	vclaim-sno-insane-cliff-house	1	33.333333333333336	SimBa
tweet-sno-1264	QO	vclaim-sno-fbi-director-james-comeys-trump-sign	1	32.786885245901644	SimBa
tweet-sno-1264	QO	vclaim-sno-houses-in-unusual-places	1	32.72727272727273	SimBa
tweet-sno-1265	QO	vclaim-sno-moira-rose-home-alone	1	68.0	SimBa
tweet-sno-1265	QO	vclaim-sno-trump-made-america-the-best-sign	1	67.44186046511628	SimBa
tweet-sno-1265	QO	vclaim-sno-trump-quote-kim-jong-un-biden	1	60.8695652173913	SimBa
tweet-sno-1265	QO	vclaim-sno-trump-barrett-looks-nominated	1	58.58585858585859	SimBa
tweet-sno-1265	QO	vclaim-sno-california-poster-girl	1	55.81395348837209	SimBa
tweet-sno-1266	QO	vclaim-sno-pro-choice-27th-abortion	1	67.56756756756756	SimBa
tweet-sno-1266	QO	vclaim-sno-hollywood-strike-trump-resigns	1	65.71428571428572	SimBa
tweet-sno-1266	QO	vclaim-sno-hillary-clinton-noose	1	65.0	SimBa
tweet-sno-1266	QO	vclaim-sno-trump-back-to-africa	1	64.1025641025641	SimBa
tweet-sno-1266	QO	vclaim-sno-bang-energy-trump-campaign	1	64.1025641025641	SimBa
tweet-sno-1267	QO	vclaim-sno-the-north-face-refuse-jackets	1	101.53846153846155	SimBa
tweet-sno-1267	QO	vclaim-sno-obama-transgender-bathrooms	1	57.69230769230769	SimBa
tweet-sno-1267	QO	vclaim-sno-trump-admin-seizing-ppe	1	53.333333333333336	SimBa
tweet-sno-1267	QO	vclaim-sno-federal-holiday-christmas-eve	1	52.63157894736842	SimBa
tweet-sno-1267	QO	vclaim-sno-shutdown-orders-damages	1	52.0	SimBa
tweet-sno-1268	QO	vclaim-sno-alex-jones-biden-removed	1	67.6923076923077	SimBa
tweet-sno-1268	QO	vclaim-sno-maga-trump-million-march	1	48.484848484848484	SimBa
tweet-sno-1268	QO	vclaim-sno-biden-indian-americans	1	41.791044776119406	SimBa
tweet-sno-1268	QO	vclaim-sno-mario-execution-day-nintendo	1	41.269841269841265	SimBa
tweet-sno-1268	QO	vclaim-sno-womens-march-assault-trump-flag	1	40.625	SimBa
tweet-sno-1269	QO	vclaim-sno-vote-after-polls-closed-2020	1	79.06976744186046	SimBa
tweet-sno-1269	QO	vclaim-sno-dolphin-hunt-faroe	1	76.19047619047619	SimBa
tweet-sno-1269	QO	vclaim-sno-houses-in-unusual-places	1	76.19047619047619	SimBa
tweet-sno-1269	QO	vclaim-sno-pat-buchanan-said-things-were-better-in-the-50s-when-everyone-knew-their-place	1	75.55555555555556	SimBa
tweet-sno-1269	QO	vclaim-sno-westfield-mall-abduction	1	74.4186046511628	SimBa
tweet-sno-1270	QO	vclaim-sno-story-land-closing	1	58.62068965517241	SimBa
tweet-sno-1270	QO	vclaim-sno-the-floating-church	1	47.76119402985075	SimBa
tweet-sno-1270	QO	vclaim-sno-donald-j-trump-state-park	1	45.45454545454545	SimBa
tweet-sno-1270	QO	vclaim-sno-canadian-business-offers-land-to-relocating-americans	1	45.070422535211264	SimBa
tweet-sno-1270	QO	vclaim-sno-50-miles-car-insurance	1	40.0	SimBa
tweet-sno-1271	QO	vclaim-sno-coin-car-handle-warning	1	111.53846153846155	SimBa
tweet-sno-1271	QO	vclaim-sno-angelina-jolie-send-children-back	1	101.69491525423729	SimBa
tweet-sno-1271	QO	vclaim-sno-federal-holiday-christmas-eve	1	98.24561403508771	SimBa
tweet-sno-1271	QO	vclaim-sno-trump-eo-vaccine-ban	1	93.61702127659575	SimBa
tweet-sno-1271	QO	vclaim-sno-trump-order-popular-vote-winner	1	91.66666666666667	SimBa
tweet-sno-1272	QO	vclaim-sno-darkwing-duck-returns-hoax	1	65.45454545454545	SimBa
tweet-sno-1272	QO	vclaim-sno-a-mysterious-roofing-job	1	63.829787234042556	SimBa
tweet-sno-1272	QO	vclaim-sno-costco-policy-change	1	62.96296296296296	SimBa
tweet-sno-1272	QO	vclaim-sno-the-don-patrol	1	59.64912280701754	SimBa
tweet-sno-1272	QO	vclaim-sno-donald-trump-tax-return-hack	1	58.62068965517241	SimBa
tweet-sno-1273	QO	vclaim-sno-lego-rainbow-lgbtq-set	1	114.8936170212766	SimBa
tweet-sno-1273	QO	vclaim-sno-a-bridge-too-far	1	112.50000000000001	SimBa
tweet-sno-1273	QO	vclaim-sno-ca-gop-ballot-drop-boxes	1	112.50000000000001	SimBa
tweet-sno-1273	QO	vclaim-sno-mysterious-arrows	1	109.80392156862744	SimBa
tweet-sno-1273	QO	vclaim-sno-woman-sets-her-husband-on-fire-for-raping-daughter	1	108.33333333333334	SimBa
tweet-sno-1274	QO	vclaim-sno-dementor-figure-in-sky	1	33.80281690140845	SimBa
tweet-sno-1274	QO	vclaim-sno-cum-park-plaza-photo	1	30.985915492957744	SimBa
tweet-sno-1274	QO	vclaim-sno-israelis-absent-911	1	30.232558139534884	SimBa
tweet-sno-1274	QO	vclaim-sno-georgia-black-voters-bus	1	27.5	SimBa
tweet-sno-1274	QO	vclaim-sno-cdc-covid-19-data	1	27.36842105263158	SimBa
tweet-sno-1275	QO	vclaim-sno-costco-rotisserie-chicken-cheap	1	130.76923076923077	SimBa
tweet-sno-1275	QO	vclaim-sno-michigan-right-to-farm-act-repealed	1	63.013698630136986	SimBa
tweet-sno-1275	QO	vclaim-sno-kfc-gaming-console	1	47.45762711864407	SimBa
tweet-sno-1275	QO	vclaim-sno-alligators-white-house-pets	1	47.05882352941177	SimBa
tweet-sno-1275	QO	vclaim-sno-donald-trump-purge-slogan	1	47.05882352941177	SimBa
tweet-sno-1276	QO	vclaim-sno-ia-fl-oh-election-loss	1	59.016393442622956	SimBa
tweet-sno-1276	QO	vclaim-sno-won-both-ohio-florida-lost	1	53.333333333333336	SimBa
tweet-sno-1276	QO	vclaim-sno-proud-boys-mock-trump	1	52.459016393442624	SimBa
tweet-sno-1276	QO	vclaim-sno-harris-round-up-trump	1	52.307692307692314	SimBa
tweet-sno-1276	QO	vclaim-sno-trump-tweet-south-dakota-border	1	50.90909090909091	SimBa
tweet-sno-1277	QO	vclaim-sno-apartment-radiator-pandemic-spread	1	94.6236559139785	SimBa
tweet-sno-1277	QO	vclaim-sno-museum-peace	1	53.48837209302326	SimBa
tweet-sno-1277	QO	vclaim-sno-diseased-animal-carcass-meat	1	45.45454545454546	SimBa
tweet-sno-1277	QO	vclaim-sno-new-jersey-ballot-tax-returns	1	43.678160919540225	SimBa
tweet-sno-1277	QO	vclaim-sno-what-is-the-bottom-drawer-of-an-oven-really-for	1	43.037974683544306	SimBa
tweet-sno-1278	QO	vclaim-sno-jeep-at-half-the-price	1	46.66666666666667	SimBa
tweet-sno-1278	QO	vclaim-sno-man-sue-mcdonalds-depressed-eating-happy-meal	1	42.30769230769231	SimBa
tweet-sno-1278	QO	vclaim-sno-gwen-shamblin-death	1	41.509433962264154	SimBa
tweet-sno-1278	QO	vclaim-sno-michele-bachmann-martin-luther-king-still-alive-black-people-owned-guns-1960s	1	40.67796610169491	SimBa
tweet-sno-1278	QO	vclaim-sno-mcpizza	1	40.0	SimBa
tweet-sno-1279	QO	vclaim-sno-snow-los-angeles	1	76.92307692307693	SimBa
tweet-sno-1279	QO	vclaim-sno-ermey-press-conference	1	73.17073170731707	SimBa
tweet-sno-1279	QO	vclaim-sno-obama-reporter-press-conference	1	70.0	SimBa
tweet-sno-1279	QO	vclaim-sno-willie-nelson-seriously-ill	1	68.57142857142857	SimBa
tweet-sno-1279	QO	vclaim-sno-trump-white-nationalists-us-press-conference	1	68.29268292682927	SimBa
tweet-sno-1280	QO	vclaim-sno-biden-harris-disease-disagreed	1	91.80327868852459	SimBa
tweet-sno-1280	QO	vclaim-sno-covid-vaccine-female-sterilization	1	51.76470588235294	SimBa
tweet-sno-1280	QO	vclaim-sno-harry-david-says-company-neutral-racism-neo-nazis	1	49.438202247191015	SimBa
tweet-sno-1280	QO	vclaim-sno-pokemon-satanist-anti-christian-inverview	1	44.70588235294118	SimBa
tweet-sno-1280	QO	vclaim-sno-cuomo-vaccine-bad-news-trump	1	44.66019417475728	SimBa
tweet-sno-1281	QO	vclaim-sno-california-to-jail-climate-change-skeptics	1	46.51162790697675	SimBa
tweet-sno-1281	QO	vclaim-sno-daylight-savings-apology	1	45.45454545454546	SimBa
tweet-sno-1281	QO	vclaim-sno-paas-bunny-white-house-easter	1	45.0	SimBa
tweet-sno-1281	QO	vclaim-sno-nike-donations-republicans	1	44.44444444444444	SimBa
tweet-sno-1281	QO	vclaim-sno-florida-manatee-bicycle-tire	1	44.0	SimBa
tweet-sno-1282	QO	vclaim-sno-into-the-bleach	1	54.16666666666667	SimBa
tweet-sno-1282	QO	vclaim-sno-protesters-beat-homeless-veteran	1	54.16666666666667	SimBa
tweet-sno-1282	QO	vclaim-sno-spicy-peppers-breast-cancer	1	53.84615384615385	SimBa
tweet-sno-1282	QO	vclaim-sno-name-and-shame	1	53.06122448979592	SimBa
tweet-sno-1282	QO	vclaim-sno-diamond-lanes-arent-a-pregnant-girls-best-friend	1	50.90909090909091	SimBa
tweet-sno-1283	QO	vclaim-sno-insider-trading	1	57.14285714285714	SimBa
tweet-sno-1283	QO	vclaim-sno-police-delaware-shoot-kill-man-wheelchair	1	56.0	SimBa
tweet-sno-1283	QO	vclaim-sno-kiss-no-makeup	1	55.81395348837209	SimBa
tweet-sno-1283	QO	vclaim-sno-giuliani-misattributes-quote	1	51.851851851851855	SimBa
tweet-sno-1283	QO	vclaim-sno-the-strange-case-of-time-traveling-rudolph-fentz	1	48.9795918367347	SimBa
tweet-sno-1284	QO	vclaim-sno-cheesecake-factory-receipt	1	38.96103896103896	SimBa
tweet-sno-1284	QO	vclaim-sno-smoking-in-cars-with-children-illegal	1	38.35616438356164	SimBa
tweet-sno-1284	QO	vclaim-sno-biden-meeting-no-masks	1	35.8974358974359	SimBa
tweet-sno-1284	QO	vclaim-sno-the-real-mitt-romney	1	35.820895522388064	SimBa
tweet-sno-1284	QO	vclaim-sno-samira-ibrahim	1	35.44303797468355	SimBa
tweet-sno-1285	QO	vclaim-sno-guns-drawn-house-chamber	1	81.81818181818183	SimBa
tweet-sno-1285	QO	vclaim-sno-seattle-police-confiscate-mans-guns-without-warrant	1	78.57142857142857	SimBa
tweet-sno-1285	QO	vclaim-sno-sat-square	1	73.80952380952381	SimBa
tweet-sno-1285	QO	vclaim-sno-dow-jones-losses-republicans	1	73.68421052631578	SimBa
tweet-sno-1285	QO	vclaim-sno-donald-trump-fake-tweet	1	72.52747252747254	SimBa
tweet-sno-1286	QO	vclaim-sno-nasa-sally-ride-100-tampons	1	53.48837209302326	SimBa
tweet-sno-1286	QO	vclaim-sno-columbus-ships-names	1	33.734939759036145	SimBa
tweet-sno-1286	QO	vclaim-sno-betsy-ross-quaker-slavery-views	1	32.96703296703297	SimBa
tweet-sno-1286	QO	vclaim-sno-happen-riots-and-looting	1	32.55813953488372	SimBa
tweet-sno-1286	QO	vclaim-sno-deadliest-days-usa-history	1	32.55813953488372	SimBa
tweet-sno-1287	QO	vclaim-sno-free-aston-martins	1	93.50649350649351	SimBa
tweet-sno-1287	QO	vclaim-sno-porsche-remorse	1	93.50649350649351	SimBa
tweet-sno-1287	QO	vclaim-sno-this-one39s-on-clooney	1	87.80487804878048	SimBa
tweet-sno-1287	QO	vclaim-sno-ever-given-stuck-again	1	86.41975308641975	SimBa
tweet-sno-1287	QO	vclaim-sno-facebook-cold-stone-pregnancy-discount	1	84.33734939759037	SimBa
tweet-sno-1288	QO	vclaim-sno-trump-take-firearms-first	1	148.48484848484847	SimBa
tweet-sno-1288	QO	vclaim-sno-monica-lewinsky-trump-tweet	1	146.4788732394366	SimBa
tweet-sno-1288	QO	vclaim-sno-donald-trump-queen-england	1	146.03174603174602	SimBa
tweet-sno-1288	QO	vclaim-sno-did-trump-praise-covid-19-vaccines	1	138.1443298969072	SimBa
tweet-sno-1288	QO	vclaim-sno-immigrants-dna-tests-pay	1	135.2112676056338	SimBa
tweet-sno-1289	QO	vclaim-sno-porsche-remorse	1	140.4255319148936	SimBa
tweet-sno-1289	QO	vclaim-sno-free-aston-martins	1	140.4255319148936	SimBa
tweet-sno-1289	QO	vclaim-sno-veterans-national-parks-lifetime	1	129.41176470588235	SimBa
tweet-sno-1289	QO	vclaim-sno-walmart-gift-card-2018	1	126.92307692307692	SimBa
tweet-sno-1289	QO	vclaim-sno-this-one39s-on-clooney	1	126.92307692307692	SimBa
tweet-sno-1290	QO	vclaim-sno-porsche-remorse	1	112.9032258064516	SimBa
tweet-sno-1290	QO	vclaim-sno-free-aston-martins	1	109.6774193548387	SimBa
tweet-sno-1290	QO	vclaim-sno-this-one39s-on-clooney	1	101.49253731343285	SimBa
tweet-sno-1290	QO	vclaim-sno-veterans-national-parks-lifetime	1	100.0	SimBa
tweet-sno-1290	QO	vclaim-sno-walmart-gift-card-2018	1	98.50746268656717	SimBa
tweet-sno-1291	QO	vclaim-sno-biden-covid-vaccine	1	77.27272727272728	SimBa
tweet-sno-1291	QO	vclaim-sno-president-trump-say-eventually-will-get-something-done	1	75.29411764705883	SimBa
tweet-sno-1291	QO	vclaim-sno-ari-fleischer-covid	1	73.58490566037736	SimBa
tweet-sno-1291	QO	vclaim-sno-donald-trump-queen-england	1	71.11111111111111	SimBa
tweet-sno-1291	QO	vclaim-sno-trump-suicide-bombers-penalty	1	69.76744186046513	SimBa
tweet-sno-1292	QO	vclaim-sno-matt-putz	1	54.11764705882353	SimBa
tweet-sno-1292	QO	vclaim-sno-josh-moores-breastfeeding-comment	1	43.18181818181819	SimBa
tweet-sno-1292	QO	vclaim-sno-donald-j-trump-state-park	1	40.0	SimBa
tweet-sno-1292	QO	vclaim-sno-salary-cap	1	40.0	SimBa
tweet-sno-1292	QO	vclaim-sno-ohio-black-abortion-exclude	1	39.02439024390244	SimBa
tweet-sno-1293	QO	vclaim-sno-dead-ringer	1	50.90909090909091	SimBa
tweet-sno-1293	QO	vclaim-sno-light-fingered	1	50.0	SimBa
tweet-sno-1293	QO	vclaim-sno-north-dakota-shoot-protesters	1	46.42857142857143	SimBa
tweet-sno-1293	QO	vclaim-sno-bud-light-anniversary-free-24-pack-facebook-offer	1	45.614035087719294	SimBa
tweet-sno-1293	QO	vclaim-sno-christian-owned-airlines-change-wing-light-colors-to-celebrate-christmas	1	45.16129032258064	SimBa
tweet-sno-1294	QO	vclaim-sno-sons-of-anarchy-movie	1	117.94871794871796	SimBa
tweet-sno-1294	QO	vclaim-sno-women-ancient-rome-turpentine-urine	1	113.72549019607843	SimBa
tweet-sno-1294	QO	vclaim-sno-princess-cruises	1	106.97674418604652	SimBa
tweet-sno-1294	QO	vclaim-sno-gm-gas-free-2035	1	106.66666666666667	SimBa
tweet-sno-1294	QO	vclaim-sno-bristol-palin-black-people	1	104.0	SimBa
tweet-sno-1295	QO	vclaim-sno-mariah-carey-dead-kennedys-antifa	1	122.22222222222223	SimBa
tweet-sno-1295	QO	vclaim-sno-ruby-tuesday-closing	1	107.3170731707317	SimBa
tweet-sno-1295	QO	vclaim-sno-taco-bell-closing-2020	1	107.3170731707317	SimBa
tweet-sno-1295	QO	vclaim-sno-flash-player-no-longer-supported	1	100.0	SimBa
tweet-sno-1295	QO	vclaim-sno-hollywood-strike-trump-resigns	1	95.45454545454547	SimBa
tweet-sno-1296	QO	vclaim-sno-flash-player-no-longer-supported	1	129.41176470588238	SimBa
tweet-sno-1296	QO	vclaim-sno-coors-and-nazis	1	62.068965517241374	SimBa
tweet-sno-1296	QO	vclaim-sno-clint-eastwood-bloomberg	1	61.53846153846155	SimBa
tweet-sno-1296	QO	vclaim-sno-child-support-abolished	1	61.11111111111111	SimBa
tweet-sno-1296	QO	vclaim-sno-hour-dearly-beloved	1	60.0	SimBa
tweet-sno-1297	QO	vclaim-sno-flash-player-no-longer-supported	1	69.33333333333333	SimBa
tweet-sno-1297	QO	vclaim-sno-susan-collins-fake-quote	1	40.77669902912621	SimBa
tweet-sno-1297	QO	vclaim-sno-stairway-from-heaven	1	36.144578313253014	SimBa
tweet-sno-1297	QO	vclaim-sno-yeti-nra-business-ties	1	31.111111111111114	SimBa
tweet-sno-1297	QO	vclaim-sno-london-donald-trump-sadiq-khan-london-mayor	1	30.952380952380953	SimBa
tweet-sno-1298	QO	vclaim-sno-twilight-saga-moonlight-glow	1	50.0	SimBa
tweet-sno-1298	QO	vclaim-sno-social-security-changes-may-2016	1	48.57142857142857	SimBa
tweet-sno-1298	QO	vclaim-sno-trump-accuse-cruz-fraud	1	46.57534246575342	SimBa
tweet-sno-1298	QO	vclaim-sno-superman-is-coming-in-supergirl-poster	1	46.3768115942029	SimBa
tweet-sno-1298	QO	vclaim-sno-nigerian-baby-born-with-message-of-christs-second-coming	1	44.776119402985074	SimBa
tweet-sno-1299	QO	vclaim-sno-jj-watt-peloton-free-agent	1	80.0	SimBa
tweet-sno-1299	QO	vclaim-sno-light-fingered	1	75.47169811320755	SimBa
tweet-sno-1299	QO	vclaim-sno-breaking-a-mirror	1	73.46938775510205	SimBa
tweet-sno-1299	QO	vclaim-sno-the-fart-in-the-dark	1	73.46938775510205	SimBa
tweet-sno-1299	QO	vclaim-sno-break-neck-twerking	1	72.0	SimBa
tweet-sno-1300	QO	vclaim-sno-ted-cruz-donald-trump-endorsement	1	67.41573033707866	SimBa
tweet-sno-1300	QO	vclaim-sno-eisenhower-military-parades	1	66.66666666666667	SimBa
tweet-sno-1300	QO	vclaim-sno-megan-rapinoe-men-like-trump	1	65.26315789473684	SimBa
tweet-sno-1300	QO	vclaim-sno-sarah-palin-lyme-disease	1	64.44444444444444	SimBa
tweet-sno-1300	QO	vclaim-sno-bristol-palin-black-people	1	64.36781609195401	SimBa
tweet-sno-1301	QO	vclaim-sno-golf-course-burial	1	58.18181818181818	SimBa
tweet-sno-1301	QO	vclaim-sno-popeyes-chicken-rat-head	1	49.056603773584904	SimBa
tweet-sno-1301	QO	vclaim-sno-gina-haspel-found-dead	1	48.9795918367347	SimBa
tweet-sno-1301	QO	vclaim-sno-chy-niece-thacker-police-trunk	1	47.61904761904761	SimBa
tweet-sno-1301	QO	vclaim-sno-vaping-causes-popcorn-lung	1	47.45762711864407	SimBa
tweet-sno-1302	QO	vclaim-sno-johns-hopkins-covid-deaths	1	70.4225352112676	SimBa
tweet-sno-1302	QO	vclaim-sno-joe-biden-movie-set-oval-office	1	40.67796610169491	SimBa
tweet-sno-1302	QO	vclaim-sno-facebook-look-back	1	40.0	SimBa
tweet-sno-1302	QO	vclaim-sno-trump-more-testing-look-bad	1	40.0	SimBa
tweet-sno-1302	QO	vclaim-sno-war-games-2	1	38.46153846153846	SimBa
tweet-sno-1303	QO	vclaim-sno-powerball-lottery-not-cancelled	1	81.81818181818183	SimBa
tweet-sno-1303	QO	vclaim-sno-10-month-old-baby-drawing	1	81.08108108108108	SimBa
tweet-sno-1303	QO	vclaim-sno-hazard-pay	1	80.0	SimBa
tweet-sno-1303	QO	vclaim-sno-stephen-wiltshire	1	77.77777777777777	SimBa
tweet-sno-1303	QO	vclaim-sno-metallica-lawsuit-hoax	1	74.4186046511628	SimBa
tweet-sno-1304	QO	vclaim-sno-10-month-old-baby-drawing	1	84.7457627118644	SimBa
tweet-sno-1304	QO	vclaim-sno-guns-drawn-house-chamber	1	72.46376811594203	SimBa
tweet-sno-1304	QO	vclaim-sno-hypnotized-chicken	1	63.15789473684211	SimBa
tweet-sno-1304	QO	vclaim-sno-study-suggests-humans-can-literally-feed-off-each-others-energy	1	60.24096385542169	SimBa
tweet-sno-1304	QO	vclaim-sno-guitar-genius	1	57.62711864406779	SimBa
tweet-sno-1305	QO	vclaim-sno-10-month-old-baby-drawing	1	68.18181818181819	SimBa
tweet-sno-1305	QO	vclaim-sno-stephen-wiltshire	1	65.11627906976744	SimBa
tweet-sno-1305	QO	vclaim-sno-powerball-lottery-not-cancelled	1	62.745098039215684	SimBa
tweet-sno-1305	QO	vclaim-sno-hazard-pay	1	61.53846153846154	SimBa
tweet-sno-1305	QO	vclaim-sno-super-bowl-prostitution-increase	1	59.64912280701754	SimBa
tweet-sno-1306	QO	vclaim-sno-hpcd-car-fuel	1	44.0	SimBa
tweet-sno-1306	QO	vclaim-sno-president-trump-say-eventually-will-get-something-done	1	42.35294117647059	SimBa
tweet-sno-1306	QO	vclaim-sno-google-sotu-promotion	1	41.66666666666667	SimBa
tweet-sno-1306	QO	vclaim-sno-trump-wind-windmills-fumes	1	38.38383838383839	SimBa
tweet-sno-1306	QO	vclaim-sno-trump-quote-about-jesus	1	38.20224719101124	SimBa
tweet-sno-1307	QO	vclaim-sno-president-trump-say-eventually-will-get-something-done	1	60.0	SimBa
tweet-sno-1307	QO	vclaim-sno-trump-quote-about-jesus	1	59.25925925925926	SimBa
tweet-sno-1307	QO	vclaim-sno-false-rubio-cruz-trump-tweet	1	57.62711864406779	SimBa
tweet-sno-1307	QO	vclaim-sno-zelensky-trump-nothing-wrong	1	55.73770491803279	SimBa
tweet-sno-1307	QO	vclaim-sno-clinton-body-bags	1	51.851851851851855	SimBa
tweet-sno-1308	QO	vclaim-sno-trump-pardon-turkey-election	1	88.09523809523809	SimBa
tweet-sno-1308	QO	vclaim-sno-harding-china-poker	1	67.56756756756756	SimBa
tweet-sno-1308	QO	vclaim-sno-obama-refuse-white-house-blue	1	62.65060240963856	SimBa
tweet-sno-1308	QO	vclaim-sno-republican-dean-browning-gay	1	55.6701030927835	SimBa
tweet-sno-1308	QO	vclaim-sno-feliz-navidad-white-house	1	52.77777777777778	SimBa
tweet-sno-1309	QO	vclaim-sno-lego-rainbow-lgbtq-set	1	93.10344827586206	SimBa
tweet-sno-1309	QO	vclaim-sno-medicare-premium-increases	1	90.32258064516128	SimBa
tweet-sno-1309	QO	vclaim-sno-ca-gop-ballot-drop-boxes	1	88.13559322033898	SimBa
tweet-sno-1309	QO	vclaim-sno-a-bridge-too-far	1	88.13559322033898	SimBa
tweet-sno-1309	QO	vclaim-sno-woman-sets-her-husband-on-fire-for-raping-daughter	1	88.13559322033898	SimBa
tweet-sno-1310	QO	vclaim-sno-joe-jackson-medal-of-honor-death	1	143.859649122807	SimBa
tweet-sno-1310	QO	vclaim-sno-florida-air-force-robotic-dogs	1	142.85714285714286	SimBa
tweet-sno-1310	QO	vclaim-sno-a-new-breed-of-gunner	1	122.72727272727273	SimBa
tweet-sno-1310	QO	vclaim-sno-pokemon-go-dog-walking-program	1	110.34482758620689	SimBa
tweet-sno-1310	QO	vclaim-sno-wake-up-call	1	108.19672131147541	SimBa
tweet-sno-1311	QO	vclaim-sno-20000-dead-voters-in-pennsylvania	1	83.11688311688312	SimBa
tweet-sno-1311	QO	vclaim-sno-53000-dead-florida-voters	1	75.67567567567568	SimBa
tweet-sno-1311	QO	vclaim-sno-trump-economy-crashing-quote	1	64.93506493506493	SimBa
tweet-sno-1311	QO	vclaim-sno-duolingo-toilet-paper	1	59.154929577464785	SimBa
tweet-sno-1311	QO	vclaim-sno-white-easter-egg-roll	1	52.77777777777778	SimBa
tweet-sno-1312	QO	vclaim-sno-worms-supposedly-found-in-little-debbie-oatmeal-pies	1	70.83333333333334	SimBa
tweet-sno-1312	QO	vclaim-sno-diaper-filled-with-ewww	1	69.56521739130434	SimBa
tweet-sno-1312	QO	vclaim-sno-man-finds-weird-cave	1	68.85245901639344	SimBa
tweet-sno-1312	QO	vclaim-sno-maggots-bertolli-sauce	1	66.66666666666667	SimBa
tweet-sno-1312	QO	vclaim-sno-claim-bugs-found-in-ferrero-rocher-candy	1	65.38461538461539	SimBa
tweet-sno-1313	QO	vclaim-sno-popular-vote-totals-rigged	1	52.77777777777778	SimBa
tweet-sno-1313	QO	vclaim-sno-wisconsin-vote-dump	1	46.3768115942029	SimBa
tweet-sno-1313	QO	vclaim-sno-lin-wood-biden-dead-trump	1	45.0	SimBa
tweet-sno-1313	QO	vclaim-sno-rumor-alert-biden-michigan-votes	1	43.75	SimBa
tweet-sno-1313	QO	vclaim-sno-roger-stone-martial-law-trump	1	42.25352112676056	SimBa
tweet-sno-1314	QO	vclaim-sno-trump-rant-mar-a-lago	1	49.411764705882355	SimBa
tweet-sno-1314	QO	vclaim-sno-anti-trump-protesters-destroy-america	1	45.0	SimBa
tweet-sno-1314	QO	vclaim-sno-pelosi-waters-trump-sign	1	42.35294117647059	SimBa
tweet-sno-1314	QO	vclaim-sno-young-fdr-photo	1	41.46341463414634	SimBa
tweet-sno-1314	QO	vclaim-sno-trump-supporters-leave-trash	1	41.37931034482759	SimBa
tweet-sno-1315	QO	vclaim-sno-donald-trumps-golden-toilet	1	90.32258064516128	SimBa
tweet-sno-1315	QO	vclaim-sno-president-trump-in-diaper	1	90.32258064516128	SimBa
tweet-sno-1315	QO	vclaim-sno-young-donald-trump-photo	1	87.5	SimBa
tweet-sno-1315	QO	vclaim-sno-donald-trump-with-liberace	1	87.5	SimBa
tweet-sno-1315	QO	vclaim-sno-donald-trumps-mother-photo	1	85.71428571428572	SimBa
tweet-sno-1316	QO	vclaim-sno-ayn-rand-quote	1	114.6341463414634	SimBa
tweet-sno-1316	QO	vclaim-sno-nugents-of-wisdom	1	104.22535211267605	SimBa
tweet-sno-1316	QO	vclaim-sno-did-trump-praise-covid-19-vaccines	1	95.32710280373831	SimBa
tweet-sno-1316	QO	vclaim-sno-pokemon-go-developer-niantic-to-develop-harry-potter-go	1	90.41095890410958	SimBa
tweet-sno-1316	QO	vclaim-sno-batman-oral-sex-catwoman	1	87.32394366197182	SimBa
tweet-sno-1317	QO	vclaim-sno-cornyn-votes-puerto-rico	1	135.80246913580245	SimBa
tweet-sno-1317	QO	vclaim-sno-that-run-down-feeling	1	96.15384615384616	SimBa
tweet-sno-1317	QO	vclaim-sno-facebook-ted-ad	1	94.54545454545455	SimBa
tweet-sno-1317	QO	vclaim-sno-runs-of-luck	1	94.11764705882352	SimBa
tweet-sno-1317	QO	vclaim-sno-woman-runs-husband-down-with-suv-because-he-voted-for-trump	1	93.75	SimBa
tweet-sno-1318	QO	vclaim-sno-trump-more-testing-look-bad	1	57.142857142857146	SimBa
tweet-sno-1318	QO	vclaim-sno-broward-county-fraud-voters-votes	1	49.31506849315068	SimBa
tweet-sno-1318	QO	vclaim-sno-pa-mailin-votes-ballots	1	46.57534246575342	SimBa
tweet-sno-1318	QO	vclaim-sno-circle-of-safety	1	46.3768115942029	SimBa
tweet-sno-1318	QO	vclaim-sno-eisenhower-military-parades	1	46.3768115942029	SimBa
tweet-sno-1319	QO	vclaim-sno-torontos-clean-streets	1	86.11111111111111	SimBa
tweet-sno-1319	QO	vclaim-sno-man-found-alive-bear-kept-food	1	80.0	SimBa
tweet-sno-1319	QO	vclaim-sno-mookie-wilson-dinosaurs	1	69.6969696969697	SimBa
tweet-sno-1319	QO	vclaim-sno-bannon-hell-capitol-attack	1	66.66666666666666	SimBa
tweet-sno-1319	QO	vclaim-sno-was-president-trump-feared-dead-after-a-fire-at-trump-tower	1	65.75342465753424	SimBa
tweet-sno-1320	QO	vclaim-sno-mcdonalds-supports-chick-fil-a	1	77.19298245614034	SimBa
tweet-sno-1320	QO	vclaim-sno-amanda-bynes-now	1	75.86206896551724	SimBa
tweet-sno-1320	QO	vclaim-sno-london-donald-trump-sadiq-khan-london-mayor	1	70.76923076923077	SimBa
tweet-sno-1320	QO	vclaim-sno-amish-buggies-trump	1	69.84126984126983	SimBa
tweet-sno-1320	QO	vclaim-sno-impeachment-rally-in-toronto	1	69.6969696969697	SimBa
tweet-sno-1321	QO	vclaim-sno-white-house-raises	1	74.66666666666666	SimBa
tweet-sno-1321	QO	vclaim-sno-trump-healthcare-lesley-stahl	1	70.83333333333334	SimBa
tweet-sno-1321	QO	vclaim-sno-trump-orderly-transition-power	1	66.66666666666666	SimBa
tweet-sno-1321	QO	vclaim-sno-maga-hat-starbucks-video	1	62.79069767441861	SimBa
tweet-sno-1321	QO	vclaim-sno-iran-trump-bounty	1	58.97435897435898	SimBa
tweet-sno-1322	QO	vclaim-sno-newsmax-biden-pence	1	65.26315789473684	SimBa
tweet-sno-1322	QO	vclaim-sno-trump-disinfectants-covid-19	1	58.97435897435898	SimBa
tweet-sno-1322	QO	vclaim-sno-trump-nobody-likes-me	1	47.5	SimBa
tweet-sno-1322	QO	vclaim-sno-trump-fired-cecil-gaines	1	46.57534246575342	SimBa
tweet-sno-1322	QO	vclaim-sno-trump-golf-simulator	1	45.56962025316456	SimBa
tweet-sno-1323	QO	vclaim-sno-newsmax-biden-pence	1	68.18181818181819	SimBa
tweet-sno-1323	QO	vclaim-sno-feliz-navidad-white-house	1	58.82352941176471	SimBa
tweet-sno-1323	QO	vclaim-sno-trump-bunker-putin-parody	1	55.26315789473685	SimBa
tweet-sno-1323	QO	vclaim-sno-obama-trump-transition-letter	1	54.11764705882353	SimBa
tweet-sno-1323	QO	vclaim-sno-white-house-comment-shutdown	1	53.73134328358209	SimBa
tweet-sno-1324	QO	vclaim-sno-trump-noble-prize-tweets	1	48.484848484848484	SimBa
tweet-sno-1324	QO	vclaim-sno-rnc-chairwoman-deleted-tweet	1	44.44444444444444	SimBa
tweet-sno-1324	QO	vclaim-sno-trump-tweet-obama-8-years	1	41.269841269841265	SimBa
tweet-sno-1324	QO	vclaim-sno-trump-biden-coffin	1	40.0	SimBa
tweet-sno-1324	QO	vclaim-sno-baltimore-prosecutor-deletes-election-day-ballot-picture	1	40.0	SimBa
tweet-sno-1325	QO	vclaim-sno-raising-canes-chicken-bankruptcy	1	114.28571428571429	SimBa
tweet-sno-1325	QO	vclaim-sno-ceiling-whacks	1	77.77777777777777	SimBa
tweet-sno-1325	QO	vclaim-sno-was-a-black-nhl-player-fired-for-raising-his-fist-during-the-national-anthem	1	68.42105263157896	SimBa
tweet-sno-1325	QO	vclaim-sno-congress-per-diem-pay	1	63.41463414634146	SimBa
tweet-sno-1325	QO	vclaim-sno-white-house-raises	1	62.5	SimBa
tweet-sno-1326	QO	vclaim-sno-mcdonalds-getting-rid-dollar-menu	1	142.85714285714286	SimBa
tweet-sno-1326	QO	vclaim-sno-cola-increases	1	116.0	SimBa
tweet-sno-1326	QO	vclaim-sno-stephanie-grisham-dui	1	113.51351351351352	SimBa
tweet-sno-1326	QO	vclaim-sno-leslie-jones-kate-mckinnon-married	1	111.11111111111111	SimBa
tweet-sno-1326	QO	vclaim-sno-david-hogg-generations-before-us	1	109.80392156862744	SimBa
tweet-sno-1327	QO	vclaim-sno-budweiser-911-celebration	1	91.30434782608695	SimBa
tweet-sno-1327	QO	vclaim-sno-it39s-only-a-strawberry-moon	1	88.88888888888889	SimBa
tweet-sno-1327	QO	vclaim-sno-rumors-about-target	1	88.88888888888889	SimBa
tweet-sno-1327	QO	vclaim-sno-christmas-full-moon-1977	1	85.71428571428572	SimBa
tweet-sno-1327	QO	vclaim-sno-solar-eclipse-from-space	1	84.84848484848484	SimBa
tweet-sno-1328	QO	vclaim-sno-72-hour-challenge	1	38.59649122807017	SimBa
tweet-sno-1328	QO	vclaim-sno-xbox-playstation-ps5-congrats	1	35.714285714285715	SimBa
tweet-sno-1328	QO	vclaim-sno-mario-execution-day-nintendo	1	31.372549019607842	SimBa
tweet-sno-1328	QO	vclaim-sno-ninja-turtles-shredders-revenge	1	31.372549019607842	SimBa
tweet-sno-1328	QO	vclaim-sno-simpsons-pokemon-go-prediction	1	30.43478260869565	SimBa
tweet-sno-1329	QO	vclaim-sno-ingrid-newkirk-quotes-peta-euthanasia	1	25.0	SimBa
tweet-sno-1329	QO	vclaim-sno-false-flag-2	1	25.0	SimBa
tweet-sno-1329	QO	vclaim-sno-pelosi-wuhan-november	1	24.390243902439025	SimBa
tweet-sno-1329	QO	vclaim-sno-kaleb-shriners-hospitals-death	1	23.80952380952381	SimBa
tweet-sno-1329	QO	vclaim-sno-news-media-fetuses-found-story	1	23.255813953488374	SimBa
tweet-sno-1330	QO	vclaim-sno-ice-twitter-account-disappear	1	49.056603773584904	SimBa
tweet-sno-1330	QO	vclaim-sno-ice-arrest-los-angeles-mayor	1	43.24324324324324	SimBa
tweet-sno-1330	QO	vclaim-sno-ice-cube-work-with-trump	1	40.0	SimBa
tweet-sno-1330	QO	vclaim-sno-ice-cream-covid19	1	39.02439024390244	SimBa
tweet-sno-1330	QO	vclaim-sno-breyers-ice-cream-melt	1	38.70967741935483	SimBa
tweet-sno-1331	QO	vclaim-sno-ice-twitter-account-disappear	1	64.40677966101694	SimBa
tweet-sno-1331	QO	vclaim-sno-ice-citizens-academy-civilians	1	49.23076923076923	SimBa
tweet-sno-1331	QO	vclaim-sno-ice-detain-michigan-doctor-40-years-u-s	1	44.06779661016949	SimBa
tweet-sno-1331	QO	vclaim-sno-new-york-ice-agent-suicide-note	1	43.63636363636363	SimBa
tweet-sno-1331	QO	vclaim-sno-ice-cube-work-with-trump	1	39.2156862745098	SimBa
tweet-sno-1332	QO	vclaim-sno-veterans-national-parks-lifetime	1	90.66666666666666	SimBa
tweet-sno-1332	QO	vclaim-sno-playjoltz-smushgame-scam	1	62.85714285714286	SimBa
tweet-sno-1332	QO	vclaim-sno-sasha-grey-dead	1	60.869565217391305	SimBa
tweet-sno-1332	QO	vclaim-sno-jessica-biel-military-veteran	1	59.701492537313435	SimBa
tweet-sno-1332	QO	vclaim-sno-adding-stamp-to-ballot	1	55.0	SimBa
tweet-sno-1333	QO	vclaim-sno-covid-vaccine-funded-by-trump	1	32.911392405063296	SimBa
tweet-sno-1333	QO	vclaim-sno-cuomo-vaccine-bad-news-trump	1	30.952380952380953	SimBa
tweet-sno-1333	QO	vclaim-sno-all-about-the-benjamin	1	27.272727272727273	SimBa
tweet-sno-1333	QO	vclaim-sno-pence-trump-coronavirus-test	1	26.666666666666668	SimBa
tweet-sno-1333	QO	vclaim-sno-can-the-25th-amendment-prevent-a-trump-presidency	1	26.666666666666668	SimBa
tweet-sno-1334	QO	vclaim-sno-covid-vaccine-funded-by-trump	1	44.89795918367347	SimBa
tweet-sno-1334	QO	vclaim-sno-clinton-body-bags	1	35.0	SimBa
tweet-sno-1334	QO	vclaim-sno-oval-office-trashed-capitol-riot	1	34.48275862068965	SimBa
tweet-sno-1334	QO	vclaim-sno-google-sotu-promotion	1	32.183908045977006	SimBa
tweet-sno-1334	QO	vclaim-sno-george-h-w-bush-lynched-quote	1	31.57894736842105	SimBa
tweet-sno-1335	QO	vclaim-sno-parler-russia	1	37.5	SimBa
tweet-sno-1335	QO	vclaim-sno-thick-talk	1	37.2093023255814	SimBa
tweet-sno-1335	QO	vclaim-sno-national-guard-biden-motorcade	1	36.734693877551024	SimBa
tweet-sno-1335	QO	vclaim-sno-trump-facebook-suspension	1	36.36363636363637	SimBa
tweet-sno-1335	QO	vclaim-sno-biden-energy-independence	1	36.36363636363636	SimBa
tweet-sno-1336	QO	vclaim-sno-patriots-white-house-attendance	1	93.82716049382715	SimBa
tweet-sno-1336	QO	vclaim-sno-michele-bachmann-columbus-day	1	88.0	SimBa
tweet-sno-1336	QO	vclaim-sno-did-nyc-ban-hot-dogs	1	86.8421052631579	SimBa
tweet-sno-1336	QO	vclaim-sno-biden-major-dog-rescue-white-house	1	86.07594936708861	SimBa
tweet-sno-1336	QO	vclaim-sno-blm-gasoline-fire	1	83.33333333333333	SimBa
tweet-sno-1337	QO	vclaim-sno-obama-flags-houston-reagan	1	79.12087912087912	SimBa
tweet-sno-1337	QO	vclaim-sno-mark-mccloskey-us-senate-run	1	73.17073170731707	SimBa
tweet-sno-1337	QO	vclaim-sno-cuban-on-trump	1	72.97297297297297	SimBa
tweet-sno-1337	QO	vclaim-sno-liz-warren-zuckerberg-trump	1	71.42857142857143	SimBa
tweet-sno-1337	QO	vclaim-sno-trump-world-aids-day-ribbon	1	70.58823529411765	SimBa
tweet-sno-1338	QO	vclaim-sno-bannon-fauci-wray-head-pikes	1	76.92307692307692	SimBa
tweet-sno-1338	QO	vclaim-sno-maga-hat-starbucks-video	1	70.8860759493671	SimBa
tweet-sno-1338	QO	vclaim-sno-iran-trump-bounty	1	61.97183098591549	SimBa
tweet-sno-1338	QO	vclaim-sno-clinton-cabbage-odor	1	61.11111111111111	SimBa
tweet-sno-1338	QO	vclaim-sno-trump-picks-el-chapo-to-run-dea	1	60.0	SimBa
tweet-sno-1339	QO	vclaim-sno-light-fingered	1	68.57142857142857	SimBa
tweet-sno-1339	QO	vclaim-sno-lester-holt-wore-earpiece	1	68.4931506849315	SimBa
tweet-sno-1339	QO	vclaim-sno-tax-bill-private-schools	1	65.21739130434783	SimBa
tweet-sno-1339	QO	vclaim-sno-deceased-fbi-agent-found-at-trump-tower-with-silenced-pistol	1	63.013698630136986	SimBa
tweet-sno-1339	QO	vclaim-sno-bannon-hell-capitol-attack	1	61.53846153846155	SimBa
tweet-sno-1340	QO	vclaim-sno-dont-stream-and-drive-video	1	73.46938775510205	SimBa
tweet-sno-1340	QO	vclaim-sno-pa-worker-filling-ballots	1	69.38775510204081	SimBa
tweet-sno-1340	QO	vclaim-sno-ufomitted	1	64.15094339622641	SimBa
tweet-sno-1340	QO	vclaim-sno-gohmert-tooth-fall-out	1	60.0	SimBa
tweet-sno-1340	QO	vclaim-sno-north-korea-americans-live-today	1	59.57446808510638	SimBa
tweet-sno-1341	QO	vclaim-sno-stop-the-count-chant	1	98.30508474576271	SimBa
tweet-sno-1341	QO	vclaim-sno-queen-meghan-markle-stop	1	77.27272727272728	SimBa
tweet-sno-1341	QO	vclaim-sno-trump-americans-chinese-food	1	75.55555555555556	SimBa
tweet-sno-1341	QO	vclaim-sno-trump-takes-victory-tour-moscows-red-square	1	74.50980392156862	SimBa
tweet-sno-1341	QO	vclaim-sno-binghamton-university-offers-stop-white-people-course	1	71.11111111111111	SimBa
tweet-sno-1342	QO	vclaim-sno-cosplay-illegal-five-states	1	101.96078431372548	SimBa
tweet-sno-1342	QO	vclaim-sno-virginia-illegal-criticize-leaders	1	101.81818181818181	SimBa
tweet-sno-1342	QO	vclaim-sno-trump-patent-maga-2012	1	98.24561403508771	SimBa
tweet-sno-1342	QO	vclaim-sno-donald-trump-muslims-id	1	98.18181818181817	SimBa
tweet-sno-1342	QO	vclaim-sno-trump-photoshopped-hands	1	96.42857142857143	SimBa
tweet-sno-1343	QO	vclaim-sno-sharpie-trump-ballots-arizona	1	50.0	SimBa
tweet-sno-1343	QO	vclaim-sno-trump-sharpie-notes	1	38.888888888888886	SimBa
tweet-sno-1343	QO	vclaim-sno-michael-savage-removed	1	30.0	SimBa
tweet-sno-1343	QO	vclaim-sno-melania-christmas-recording	1	28.571428571428573	SimBa
tweet-sno-1343	QO	vclaim-sno-eric-coomer-dominion-trump	1	28.16901408450704	SimBa
tweet-sno-1344	QO	vclaim-sno-sharpie-trump-ballots-arizona	1	96.66666666666667	SimBa
tweet-sno-1344	QO	vclaim-sno-harris-round-up-trump	1	56.71641791044777	SimBa
tweet-sno-1344	QO	vclaim-sno-trump-more-testing-look-bad	1	54.83870967741935	SimBa
tweet-sno-1344	QO	vclaim-sno-the-amazing-cucumber	1	53.84615384615385	SimBa
tweet-sno-1344	QO	vclaim-sno-canada-drinking-cannabis-public	1	53.73134328358209	SimBa
tweet-sno-1345	QO	vclaim-sno-sharpie-trump-ballots-arizona	1	68.4931506849315	SimBa
tweet-sno-1345	QO	vclaim-sno-trump-tell-supporters-storm	1	44.18604651162791	SimBa
tweet-sno-1345	QO	vclaim-sno-camping-world-ceo-trump	1	44.15584415584416	SimBa
tweet-sno-1345	QO	vclaim-sno-pepsi-ceo-tells-trump-supporters-to-take-their-business-elsewhere	1	42.25352112676056	SimBa
tweet-sno-1345	QO	vclaim-sno-biden-trump-dregs-society	1	37.33333333333333	SimBa
tweet-sno-1346	QO	vclaim-sno-pfizer-bourla-vaccine-microchip	1	51.94805194805195	SimBa
tweet-sno-1346	QO	vclaim-sno-troubled-waters	1	50.63291139240506	SimBa
tweet-sno-1346	QO	vclaim-sno-priest-pushed-off-brazil-stage	1	50.574712643678154	SimBa
tweet-sno-1346	QO	vclaim-sno-the-tipping-point	1	48.71794871794872	SimBa
tweet-sno-1346	QO	vclaim-sno-red-blood-cell-tip-needle	1	47.36842105263158	SimBa
tweet-sno-1347	QO	vclaim-sno-donald-trump-queen-england	1	95.34883720930233	SimBa
tweet-sno-1347	QO	vclaim-sno-babysitter-transported-to-hospital	1	92.30769230769232	SimBa
tweet-sno-1347	QO	vclaim-sno-monica-lewinsky-trump-tweet	1	91.48936170212765	SimBa
tweet-sno-1347	QO	vclaim-sno-took-arrow-knee-marriage	1	89.6551724137931	SimBa
tweet-sno-1347	QO	vclaim-sno-muslim-woman-demanded-men-leave-salon-so-she-could-get-her-hair-styled	1	87.5	SimBa
tweet-sno-1348	QO	vclaim-sno-biden-black-athletes-green-mile	1	50.0	SimBa
tweet-sno-1348	QO	vclaim-sno-ron-howard-i-am-liberal-essay	1	37.16814159292036	SimBa
tweet-sno-1348	QO	vclaim-sno-nfl-black-national-anthem	1	33.02752293577982	SimBa
tweet-sno-1348	QO	vclaim-sno-walmart-audio-blm	1	32.38095238095238	SimBa
tweet-sno-1348	QO	vclaim-sno-trump-rally-chant	1	30.63063063063063	SimBa
tweet-sno-1349	QO	vclaim-sno-california-ethnic-studies-genocide	1	20.930232558139537	SimBa
tweet-sno-1349	QO	vclaim-sno-kamala-harris-pearls-election-day	1	20.77922077922078	SimBa
tweet-sno-1349	QO	vclaim-sno-biden-306-electoral-votes	1	20.338983050847457	SimBa
tweet-sno-1349	QO	vclaim-sno-jill-biden-spanish-elected	1	18.666666666666664	SimBa
tweet-sno-1349	QO	vclaim-sno-flag-nancy-pelosi	1	18.666666666666664	SimBa
tweet-sno-1350	QO	vclaim-sno-hollywood-strike-trump-resigns	1	102.12765957446808	SimBa
tweet-sno-1350	QO	vclaim-sno-taco-bell-closing-2020	1	100.00000000000001	SimBa
tweet-sno-1350	QO	vclaim-sno-ruby-tuesday-closing	1	100.00000000000001	SimBa
tweet-sno-1350	QO	vclaim-sno-trump-take-firearms-first	1	94.54545454545455	SimBa
tweet-sno-1350	QO	vclaim-sno-trump-voter-interference	1	92.5925925925926	SimBa
tweet-sno-1351	QO	vclaim-sno-pokemon-in-pokemon-go-will-scream-if-within-a-mile-of-a-sex-offender	1	73.2394366197183	SimBa
tweet-sno-1351	QO	vclaim-sno-zero-dollars-and-zero-sense	1	67.74193548387096	SimBa
tweet-sno-1351	QO	vclaim-sno-obama-gun-laws-crime	1	67.64705882352942	SimBa
tweet-sno-1351	QO	vclaim-sno-war-stories	1	65.625	SimBa
tweet-sno-1351	QO	vclaim-sno-go-ask-alice	1	65.625	SimBa
tweet-sno-1352	QO	vclaim-sno-elizabeth-warren-mollie-tibbetts	1	46.93877551020408	SimBa
tweet-sno-1352	QO	vclaim-sno-trump-if-soldiers-were-real-patriots	1	44.44444444444444	SimBa
tweet-sno-1352	QO	vclaim-sno-paul-ryan-endorsed-antifa	1	40.96385542168675	SimBa
tweet-sno-1352	QO	vclaim-sno-fake-real-food-tests	1	37.5	SimBa
tweet-sno-1352	QO	vclaim-sno-bernie-sanders-blame-cops-crime	1	37.5	SimBa
tweet-sno-1353	QO	vclaim-sno-nelly-arrested	1	66.66666666666666	SimBa
tweet-sno-1353	QO	vclaim-sno-going-postal	1	64.61538461538461	SimBa
tweet-sno-1353	QO	vclaim-sno-rick-scott-health-care	1	63.768115942028984	SimBa
tweet-sno-1353	QO	vclaim-sno-repaid-kindness	1	61.29032258064516	SimBa
tweet-sno-1353	QO	vclaim-sno-hunter-biden-flipped-fbi	1	60.0	SimBa
tweet-sno-1354	QO	vclaim-sno-hunter-biden-flipped-fbi	1	42.10526315789474	SimBa
tweet-sno-1354	QO	vclaim-sno-hunter-biden-dead-overdose-hoax	1	37.03703703703704	SimBa
tweet-sno-1354	QO	vclaim-sno-biden-antifa-courageous-americans	1	27.906976744186046	SimBa
tweet-sno-1354	QO	vclaim-sno-biden-admit-voter-fraud	1	27.586206896551722	SimBa
tweet-sno-1354	QO	vclaim-sno-f-35-vertical-takeoff-flip	1	27.586206896551722	SimBa
tweet-sno-1355	QO	vclaim-sno-flip-or-flop-stars-tarek-and-christina-el-moussa-part-ways	1	26.315789473684212	SimBa
tweet-sno-1355	QO	vclaim-sno-f-35-vertical-takeoff-flip	1	22.857142857142858	SimBa
tweet-sno-1355	QO	vclaim-sno-hunter-biden-flipped-fbi	1	22.72727272727273	SimBa
tweet-sno-1355	QO	vclaim-sno-twitter-censor-1984-orwell	1	22.22222222222222	SimBa
tweet-sno-1355	QO	vclaim-sno-62-degree-celsius-kuwait-tree-fire	1	21.73913043478261	SimBa
tweet-sno-1356	QO	vclaim-sno-911-surrender	1	75.86206896551724	SimBa
tweet-sno-1356	QO	vclaim-sno-repaid-kindness	1	75.0	SimBa
tweet-sno-1356	QO	vclaim-sno-state-of-the-union	1	68.75	SimBa
tweet-sno-1356	QO	vclaim-sno-florida-man-turns-murdering-imaginary-friend	1	68.75	SimBa
tweet-sno-1356	QO	vclaim-sno-vinny-the-gull-orange-bird	1	68.42105263157896	SimBa
tweet-sno-1357	QO	vclaim-sno-sharpie-trump-ballots-arizona	1	69.44444444444444	SimBa
tweet-sno-1357	QO	vclaim-sno-trump-orderly-transition-power	1	63.013698630136986	SimBa
tweet-sno-1357	QO	vclaim-sno-trump-challenge-coins	1	62.33766233766234	SimBa
tweet-sno-1357	QO	vclaim-sno-queen-elizabeth-trump-brooch	1	59.74025974025974	SimBa
tweet-sno-1357	QO	vclaim-sno-trump-claims-america-should-never-have-given-canada-its-independence	1	59.154929577464785	SimBa
tweet-sno-1358	QO	vclaim-sno-barry-wilmore-see-astronaut-ramirez-outside-the-space-station	1	75.75757575757575	SimBa
tweet-sno-1358	QO	vclaim-sno-did-singer-lana-del-rey-ban-american-flags-at-her-concerts	1	69.56521739130434	SimBa
tweet-sno-1358	QO	vclaim-sno-pride-flag-us-embassy-vatican	1	66.66666666666666	SimBa
tweet-sno-1358	QO	vclaim-sno-people-like-donald-trump	1	66.66666666666666	SimBa
tweet-sno-1358	QO	vclaim-sno-bill-murray-death-notice	1	62.68656716417911	SimBa
tweet-sno-1359	QO	vclaim-sno-fbi-trump-biden-bus	1	48.19277108433735	SimBa
tweet-sno-1359	QO	vclaim-sno-landmark-travel	1	40.0	SimBa
tweet-sno-1359	QO	vclaim-sno-armed-trump-fans-biden-bus	1	39.02439024390244	SimBa
tweet-sno-1359	QO	vclaim-sno-alton-sterling-killed-trump-supporter-robert-kinnison	1	38.35616438356164	SimBa
tweet-sno-1359	QO	vclaim-sno-asteroid-warning-april-2020	1	37.83783783783784	SimBa
tweet-sno-1360	QO	vclaim-sno-harvard-degrees-trump	1	96.42857142857143	SimBa
tweet-sno-1360	QO	vclaim-sno-injured-trump-supporter	1	85.71428571428572	SimBa
tweet-sno-1360	QO	vclaim-sno-pence-trump-twitter-jan-6-riots	1	78.57142857142857	SimBa
tweet-sno-1360	QO	vclaim-sno-trump-tweets-photo-genitals	1	78.4313725490196	SimBa
tweet-sno-1360	QO	vclaim-sno-donald-trump-father-kkk-1927	1	76.0	SimBa
tweet-sno-1361	QO	vclaim-sno-dmx-dog-fighting	1	103.84615384615385	SimBa
tweet-sno-1361	QO	vclaim-sno-fan-death	1	92.5925925925926	SimBa
tweet-sno-1361	QO	vclaim-sno-fashion-bug	1	88.13559322033898	SimBa
tweet-sno-1361	QO	vclaim-sno-malia-obama-streaking-harvard	1	86.20689655172413	SimBa
tweet-sno-1361	QO	vclaim-sno-carbon-monoxide-snowed-in-car	1	81.48148148148148	SimBa
tweet-sno-1362	QO	vclaim-sno-did-trump-praise-covid-19-vaccines	1	56.83060109289618	SimBa
tweet-sno-1362	QO	vclaim-sno-kentucky-house-arrest-covid	1	55.95238095238095	SimBa
tweet-sno-1362	QO	vclaim-sno-david-brooks-trump-needs-to-decide-if-he-prefers-to-resign-be-impeached-or-get-assassinated	1	46.835443037974684	SimBa
tweet-sno-1362	QO	vclaim-sno-squashed-bug	1	44.58598726114649	SimBa
tweet-sno-1362	QO	vclaim-sno-megan-rapinoe-men-like-trump	1	43.87096774193548	SimBa
tweet-sno-1363	QO	vclaim-sno-sheepish-discovery	1	36.0	SimBa
tweet-sno-1363	QO	vclaim-sno-mcpizza	1	32.55813953488372	SimBa
tweet-sno-1363	QO	vclaim-sno-obama-urges-soldiers-question-trumps-authority	1	30.0	SimBa
tweet-sno-1363	QO	vclaim-sno-texas-pastor-weapons-loaded	1	29.09090909090909	SimBa
tweet-sno-1363	QO	vclaim-sno-kaepernick-anthem-stand-if-signed	1	29.09090909090909	SimBa
tweet-sno-1364	QO	vclaim-sno-are-rosaries-taken-immigrants-border	1	136.84210526315792	SimBa
tweet-sno-1364	QO	vclaim-sno-joyce-meyer-dead-at-73	1	128.2051282051282	SimBa
tweet-sno-1364	QO	vclaim-sno-long-live-timbits	1	126.31578947368422	SimBa
tweet-sno-1364	QO	vclaim-sno-amazon-gathering-donations-goodwill	1	124.32432432432432	SimBa
tweet-sno-1364	QO	vclaim-sno-dolphin-hunt-faroe	1	124.32432432432432	SimBa
tweet-sno-1365	QO	vclaim-sno-war-stories	1	116.27906976744187	SimBa
tweet-sno-1365	QO	vclaim-sno-nugents-of-wisdom	1	111.11111111111111	SimBa
tweet-sno-1365	QO	vclaim-sno-batman-oral-sex-catwoman	1	111.11111111111111	SimBa
tweet-sno-1365	QO	vclaim-sno-eisenhower-security-prison	1	110.63829787234042	SimBa
tweet-sno-1365	QO	vclaim-sno-obama-gun-laws-crime	1	110.63829787234042	SimBa
tweet-sno-1366	QO	vclaim-sno-mcpizza	1	72.72727272727272	SimBa
tweet-sno-1366	QO	vclaim-sno-is-oral-sex-still-illegal	1	62.068965517241374	SimBa
tweet-sno-1366	QO	vclaim-sno-gwen-shamblin-death	1	61.11111111111111	SimBa
tweet-sno-1366	QO	vclaim-sno-andy-kaufman-hoax	1	60.60606060606061	SimBa
tweet-sno-1366	QO	vclaim-sno-heir-raising-experience	1	58.82352941176471	SimBa
tweet-sno-1367	QO	vclaim-sno-former-clinton-foundation-ceo-missing	1	115.78947368421053	SimBa
tweet-sno-1367	QO	vclaim-sno-knife-to-a-gunfight	1	109.52380952380952	SimBa
tweet-sno-1367	QO	vclaim-sno-where-have-all-the-leaders-gone	1	106.97674418604652	SimBa
tweet-sno-1367	QO	vclaim-sno-taco-bell-closing-2020	1	105.55555555555556	SimBa
tweet-sno-1367	QO	vclaim-sno-ruby-tuesday-closing	1	105.55555555555556	SimBa
tweet-sno-1368	QO	vclaim-sno-whataburger-closing-its-doors	1	48.88888888888889	SimBa
tweet-sno-1368	QO	vclaim-sno-subway-pizza-hut-closing	1	48.88888888888889	SimBa
tweet-sno-1368	QO	vclaim-sno-cheesecake-factory-closing-rumor	1	48.88888888888889	SimBa
tweet-sno-1368	QO	vclaim-sno-big-lots-closing	1	48.78048780487805	SimBa
tweet-sno-1368	QO	vclaim-sno-walgreens-closing-forever-2021	1	47.61904761904762	SimBa
tweet-sno-1369	QO	vclaim-sno-toys-r-us-closing-locations-not-accepting-gift-cards	1	38.23529411764706	SimBa
tweet-sno-1369	QO	vclaim-sno-sidewalk-paintings	1	37.28813559322034	SimBa
tweet-sno-1369	QO	vclaim-sno-medicare-premium-increases	1	36.92307692307693	SimBa
tweet-sno-1369	QO	vclaim-sno-ciara-birth-gender	1	36.66666666666667	SimBa
tweet-sno-1369	QO	vclaim-sno-meat-your-maker	1	36.61971830985915	SimBa
tweet-sno-1370	QO	vclaim-sno-muslim-migrant-benefits	1	44.18604651162791	SimBa
tweet-sno-1370	QO	vclaim-sno-trump-federal-aid-california	1	42.666666666666664	SimBa
tweet-sno-1370	QO	vclaim-sno-impeachment-rally-in-toronto	1	42.5	SimBa
tweet-sno-1370	QO	vclaim-sno-portland-sheriff-endorse-trump	1	42.5	SimBa
tweet-sno-1370	QO	vclaim-sno-yeti-nra-business-ties	1	42.35294117647059	SimBa
tweet-sno-1371	QO	vclaim-sno-cheesecake-factory-closing-rumor	1	146.66666666666669	SimBa
tweet-sno-1371	QO	vclaim-sno-facebook-closure	1	140.0	SimBa
tweet-sno-1371	QO	vclaim-sno-red-lobster-closing	1	88.88888888888889	SimBa
tweet-sno-1371	QO	vclaim-sno-did-ruth-bader-ginsburg-say-that-pedophilia-was-good-for-children	1	82.75862068965517	SimBa
tweet-sno-1371	QO	vclaim-sno-sun-shower-rain	1	82.75862068965517	SimBa
tweet-sno-1372	QO	vclaim-sno-cheesecake-factory-closing-rumor	1	110.0	SimBa
tweet-sno-1372	QO	vclaim-sno-facebook-closure	1	105.0	SimBa
tweet-sno-1372	QO	vclaim-sno-red-lobster-closing	1	69.56521739130434	SimBa
tweet-sno-1372	QO	vclaim-sno-ocasio-cortez-i-have-a-very-good-brain-trump	1	63.63636363636364	SimBa
tweet-sno-1372	QO	vclaim-sno-sun-shower-rain	1	61.53846153846155	SimBa
tweet-sno-1373	QO	vclaim-sno-cheesecake-factory-closing-rumor	1	64.51612903225806	SimBa
tweet-sno-1373	QO	vclaim-sno-walgreens-closing-forever-2021	1	64.28571428571429	SimBa
tweet-sno-1373	QO	vclaim-sno-big-lots-closing	1	59.25925925925926	SimBa
tweet-sno-1373	QO	vclaim-sno-facebook-closure	1	58.064516129032256	SimBa
tweet-sno-1373	QO	vclaim-sno-subway-pizza-hut-closing	1	58.064516129032256	SimBa
tweet-sno-1374	QO	vclaim-sno-cheesecake-factory-closing-rumor	1	104.54545454545456	SimBa
tweet-sno-1374	QO	vclaim-sno-facebook-closure	1	95.45454545454547	SimBa
tweet-sno-1374	QO	vclaim-sno-red-lobster-closing	1	64.0	SimBa
tweet-sno-1374	QO	vclaim-sno-is-manuka-honey-better-than-all-known-antibiotics	1	63.829787234042556	SimBa
tweet-sno-1374	QO	vclaim-sno-joe-exotic-coronavirus	1	62.745098039215684	SimBa
tweet-sno-1375	QO	vclaim-sno-facebook-closure	1	140.0	SimBa
tweet-sno-1375	QO	vclaim-sno-cheesecake-factory-closing-rumor	1	140.0	SimBa
tweet-sno-1375	QO	vclaim-sno-red-lobster-closing	1	83.33333333333333	SimBa
tweet-sno-1375	QO	vclaim-sno-did-ruth-bader-ginsburg-say-that-pedophilia-was-good-for-children	1	75.86206896551724	SimBa
tweet-sno-1375	QO	vclaim-sno-sun-shower-rain	1	75.86206896551724	SimBa
tweet-sno-1376	QO	vclaim-sno-trump-tweets-invaders-deleted	1	27.848101265822788	SimBa
tweet-sno-1376	QO	vclaim-sno-barrett-nword-opinion	1	26.08695652173913	SimBa
tweet-sno-1376	QO	vclaim-sno-oklahoma-host-woman-humphrey	1	24.691358024691358	SimBa
tweet-sno-1376	QO	vclaim-sno-trump-barrett-looks-nominated	1	24.444444444444446	SimBa
tweet-sno-1376	QO	vclaim-sno-betsy-devos-america-tweet	1	24.0	SimBa
tweet-sno-1377	QO	vclaim-sno-donald-trump-queen-england	1	86.02150537634408	SimBa
tweet-sno-1377	QO	vclaim-sno-monica-lewinsky-trump-tweet	1	83.16831683168317	SimBa
tweet-sno-1377	QO	vclaim-sno-took-arrow-knee-marriage	1	82.97872340425532	SimBa
tweet-sno-1377	QO	vclaim-sno-muslim-woman-demanded-men-leave-salon-so-she-could-get-her-hair-styled	1	81.55339805825243	SimBa
tweet-sno-1377	QO	vclaim-sno-babysitter-transported-to-hospital	1	79.59183673469389	SimBa
tweet-sno-1378	QO	vclaim-sno-isis-called-for-assassination-of-barron-trump	1	77.77777777777777	SimBa
tweet-sno-1378	QO	vclaim-sno-trump-lincoln-dishonest	1	75.0	SimBa
tweet-sno-1378	QO	vclaim-sno-trump-biden-assassination-shot	1	71.11111111111111	SimBa
tweet-sno-1378	QO	vclaim-sno-trump-pedophiles-death-penalty	1	62.85714285714286	SimBa
tweet-sno-1378	QO	vclaim-sno-trump-pendejo-posters-puerto-rico	1	61.904761904761905	SimBa
tweet-sno-1379	QO	vclaim-sno-biden-admit-voter-fraud	1	33.333333333333336	SimBa
tweet-sno-1379	QO	vclaim-sno-wolf-moon-january	1	25.925925925925927	SimBa
tweet-sno-1379	QO	vclaim-sno-biden-antifa-courageous-americans	1	25.806451612903224	SimBa
tweet-sno-1379	QO	vclaim-sno-huckabee-letter-biden-fraud	1	24.137931034482758	SimBa
tweet-sno-1379	QO	vclaim-sno-dallas-jones-voter-fraud	1	23.728813559322035	SimBa
tweet-sno-1380	QO	vclaim-sno-gm-gas-free-2035	1	93.33333333333333	SimBa
tweet-sno-1380	QO	vclaim-sno-princess-cruises	1	93.15068493150685	SimBa
tweet-sno-1380	QO	vclaim-sno-marlboro-cigarettes-production	1	87.80487804878048	SimBa
tweet-sno-1380	QO	vclaim-sno-stop-killing-alligators-gatorade	1	81.9277108433735	SimBa
tweet-sno-1380	QO	vclaim-sno-warrants-issued-threats-trump	1	73.33333333333334	SimBa
tweet-sno-1381	QO	vclaim-sno-emordnilap-palindrome	1	39.17525773195876	SimBa
tweet-sno-1381	QO	vclaim-sno-last-words	1	37.362637362637365	SimBa
tweet-sno-1381	QO	vclaim-sno-irregardless-merriam-webster	1	37.2093023255814	SimBa
tweet-sno-1381	QO	vclaim-sno-emordnilap	1	35.55555555555556	SimBa
tweet-sno-1381	QO	vclaim-sno-russian-soldiers-last-words	1	35.41666666666667	SimBa
tweet-sno-1382	QO	vclaim-sno-president-obama-bans-the-words-negro-and-oriental	1	91.35802469135803	SimBa
tweet-sno-1382	QO	vclaim-sno-russian-billboard-features-trump-and-putin	1	75.26881720430107	SimBa
tweet-sno-1382	QO	vclaim-sno-did-president-trump-say-canadians-smuggle-shoes	1	73.11827956989247	SimBa
tweet-sno-1382	QO	vclaim-sno-cosplay-illegal-five-states	1	71.05263157894737	SimBa
tweet-sno-1382	QO	vclaim-sno-confederate-soldiers-veterans	1	70.96774193548387	SimBa
tweet-sno-1383	QO	vclaim-sno-mitch-mcconnells-hands	1	81.81818181818183	SimBa
tweet-sno-1383	QO	vclaim-sno-the-montauk-monster	1	79.06976744186046	SimBa
tweet-sno-1383	QO	vclaim-sno-born-basic-recall	1	77.55102040816327	SimBa
tweet-sno-1383	QO	vclaim-sno-monica-lewinsky-found-dead	1	75.67567567567568	SimBa
tweet-sno-1383	QO	vclaim-sno-hand-sanitizer-antifreeze-pets	1	75.55555555555556	SimBa
tweet-sno-1384	QO	vclaim-sno-the-elephant-whisperer	1	61.81818181818181	SimBa
tweet-sno-1384	QO	vclaim-sno-nurse-gop-convention-shooting	1	60.60606060606061	SimBa
tweet-sno-1384	QO	vclaim-sno-evelyn-nesbit-wild-west	1	60.0	SimBa
tweet-sno-1384	QO	vclaim-sno-blm-euthanize-44000-horses	1	57.69230769230769	SimBa
tweet-sno-1384	QO	vclaim-sno-american-pharaoh-released-wild	1	57.142857142857146	SimBa
tweet-sno-1385	QO	vclaim-sno-jane-fonda-covid-gods-gift	1	104.0	SimBa
tweet-sno-1385	QO	vclaim-sno-the-babysitter-and-the-man-upstairs	1	97.77777777777779	SimBa
tweet-sno-1385	QO	vclaim-sno-stocking-stuffer	1	82.05128205128206	SimBa
tweet-sno-1385	QO	vclaim-sno-interschools-whatsapp-warning	1	70.83333333333334	SimBa
tweet-sno-1385	QO	vclaim-sno-desantis-biden-go-fuck-yourself	1	68.9655172413793	SimBa
tweet-sno-1386	QO	vclaim-sno-sarah-palin-arabic-numerals	1	64.86486486486487	SimBa
tweet-sno-1386	QO	vclaim-sno-beardghazi	1	59.45945945945946	SimBa
tweet-sno-1386	QO	vclaim-sno-ban-canadians-usa-highways	1	57.89473684210527	SimBa
tweet-sno-1386	QO	vclaim-sno-demi-moore-trump-supporters	1	57.89473684210527	SimBa
tweet-sno-1386	QO	vclaim-sno-trump-on-mount-rushmore	1	56.410256410256416	SimBa
tweet-sno-1387	QO	vclaim-sno-arnold-schwarzeneggers-nyc-photo	1	41.666666666666664	SimBa
tweet-sno-1387	QO	vclaim-sno-disney-gay-kiss	1	40.0	SimBa
tweet-sno-1387	QO	vclaim-sno-eminem-coronavirus	1	39.473684210526315	SimBa
tweet-sno-1387	QO	vclaim-sno-trump-rename-new-mexico	1	37.83783783783784	SimBa
tweet-sno-1387	QO	vclaim-sno-biometric-passports	1	37.2093023255814	SimBa
tweet-sno-1388	QO	vclaim-sno-donald-trump-purge-slogan	1	64.15094339622641	SimBa
tweet-sno-1388	QO	vclaim-sno-ecstasy-halloween-candy	1	60.37735849056604	SimBa
tweet-sno-1388	QO	vclaim-sno-walmart-employees-hiding-ps5	1	59.09090909090909	SimBa
tweet-sno-1388	QO	vclaim-sno-donald-trump-remain-apprentice-inauguration	1	58.333333333333336	SimBa
tweet-sno-1388	QO	vclaim-sno-cummings-obama-records-sealed	1	58.333333333333336	SimBa
tweet-sno-1389	QO	vclaim-sno-dangerous-cosmic-gamma-rays	1	98.30508474576271	SimBa
tweet-sno-1389	QO	vclaim-sno-hud-tiny-homes-ban	1	86.79245283018868	SimBa
tweet-sno-1389	QO	vclaim-sno-texas-israel-oath-boycott	1	86.66666666666667	SimBa
tweet-sno-1389	QO	vclaim-sno-drug-tests-for-welfare-recipients	1	86.27450980392156	SimBa
tweet-sno-1389	QO	vclaim-sno-invisibility-check	1	84.61538461538461	SimBa
tweet-sno-1390	QO	vclaim-sno-wild-abandon	1	55.172413793103445	SimBa
tweet-sno-1390	QO	vclaim-sno-kamala-harris-protests	1	51.90839694656489	SimBa
tweet-sno-1390	QO	vclaim-sno-ayn-rand-quote	1	50.526315789473685	SimBa
tweet-sno-1390	QO	vclaim-sno-soldiers-crying-about-trump	1	46.93877551020408	SimBa
tweet-sno-1390	QO	vclaim-sno-trump-americans-chinese-food	1	45.0	SimBa
tweet-sno-1391	QO	vclaim-sno-biden-trump-dregs-society	1	88.52459016393443	SimBa
tweet-sno-1391	QO	vclaim-sno-hillary-clintons-basement-dwellers	1	59.25925925925926	SimBa
tweet-sno-1391	QO	vclaim-sno-biden-trump-xenophobic	1	57.142857142857146	SimBa
tweet-sno-1391	QO	vclaim-sno-donald-trump-casting-call	1	54.54545454545455	SimBa
tweet-sno-1391	QO	vclaim-sno-trump-borderwall-phone-survey	1	52.77777777777778	SimBa
tweet-sno-1392	QO	vclaim-sno-biden-pandemic-black-women-grocery	1	59.375	SimBa
tweet-sno-1392	QO	vclaim-sno-ann-coulter	1	56.52173913043478	SimBa
tweet-sno-1392	QO	vclaim-sno-ohio-black-abortion-exclude	1	38.46153846153846	SimBa
tweet-sno-1392	QO	vclaim-sno-amelia-bassano-william-shakespeare	1	36.36363636363636	SimBa
tweet-sno-1392	QO	vclaim-sno-black-homeless-woman-says-trump-allowed-live-trump-tower-rent-free	1	35.29411764705882	SimBa
tweet-sno-1393	QO	vclaim-sno-vince-foster-avoid-testifying	1	58.139534883720934	SimBa
tweet-sno-1393	QO	vclaim-sno-edward-mordrake	1	56.0	SimBa
tweet-sno-1393	QO	vclaim-sno-georgia-police-dog-head	1	55.445544554455445	SimBa
tweet-sno-1393	QO	vclaim-sno-nazi-shooting-baby	1	55.42168674698796	SimBa
tweet-sno-1393	QO	vclaim-sno-iran-trump-bounty	1	54.32098765432099	SimBa
tweet-sno-1394	QO	vclaim-sno-biden-indian-americans	1	98.85057471264368	SimBa
tweet-sno-1394	QO	vclaim-sno-eritrea-multiple-wives	1	95.34883720930233	SimBa
tweet-sno-1394	QO	vclaim-sno-immigrants-dna-tests-pay	1	92.13483146067416	SimBa
tweet-sno-1394	QO	vclaim-sno-renee-zellweger	1	84.21052631578948	SimBa
tweet-sno-1394	QO	vclaim-sno-gravity-payments-ceo-rent-house	1	83.33333333333334	SimBa
tweet-sno-1395	QO	vclaim-sno-gay-men-proud-boys-hashtag	1	59.57446808510638	SimBa
tweet-sno-1395	QO	vclaim-sno-textbook-bigotry	1	45.833333333333336	SimBa
tweet-sno-1395	QO	vclaim-sno-lynched-oklahoma-media	1	44.85981308411215	SimBa
tweet-sno-1395	QO	vclaim-sno-white-house-catering-list-leak	1	43.75	SimBa
tweet-sno-1395	QO	vclaim-sno-blm-gasoline-fire	1	40.40404040404041	SimBa
tweet-sno-1396	QO	vclaim-sno-second-covid-stimulus-foreign-aid	1	58.82352941176471	SimBa
tweet-sno-1396	QO	vclaim-sno-trump-writes-checks-nashville	1	58.62068965517241	SimBa
tweet-sno-1396	QO	vclaim-sno-trumps-name-stimulus-checks	1	57.142857142857146	SimBa
tweet-sno-1396	QO	vclaim-sno-immigrants-stimulus-checks	1	54.285714285714285	SimBa
tweet-sno-1396	QO	vclaim-sno-18-million-illegal-immigrants-checks-shutdown	1	53.333333333333336	SimBa
tweet-sno-1397	QO	vclaim-sno-hollywood-strike-trump-resigns	1	111.11111111111111	SimBa
tweet-sno-1397	QO	vclaim-sno-taco-bell-closing-2020	1	109.52380952380952	SimBa
tweet-sno-1397	QO	vclaim-sno-ruby-tuesday-closing	1	109.52380952380952	SimBa
tweet-sno-1397	QO	vclaim-sno-bill-602p	1	102.22222222222223	SimBa
tweet-sno-1397	QO	vclaim-sno-trump-voter-interference	1	100.0	SimBa
tweet-sno-1398	QO	vclaim-sno-amy-coney-barrett-rhodes-scholar	1	47.61904761904762	SimBa
tweet-sno-1398	QO	vclaim-sno-nbc-accidentally-posts-election-results-a-week-early	1	39.2156862745098	SimBa
tweet-sno-1398	QO	vclaim-sno-kindergarten-crock	1	37.735849056603776	SimBa
tweet-sno-1398	QO	vclaim-sno-did-hurricane-harvey-uncover-obamas-secret-stash	1	36.734693877551024	SimBa
tweet-sno-1398	QO	vclaim-sno-kamala-harris-planned-parenthood	1	36.36363636363636	SimBa
tweet-sno-1399	QO	vclaim-sno-rumor-alert-biden-michigan-votes	1	39.285714285714285	SimBa
tweet-sno-1399	QO	vclaim-sno-american-airlines-trump-rioters-dc	1	38.23529411764706	SimBa
tweet-sno-1399	QO	vclaim-sno-ohio-black-abortion-exclude	1	37.28813559322034	SimBa
tweet-sno-1399	QO	vclaim-sno-donald-j-trump-state-park	1	35.483870967741936	SimBa
tweet-sno-1399	QO	vclaim-sno-barack-obama-katrina	1	34.61538461538461	SimBa
tweet-sno-1400	QO	vclaim-sno-trump-condemn-white-supremacists	1	39.08045977011494	SimBa
tweet-sno-1400	QO	vclaim-sno-cpac-stage-nazi-symbol	1	35.16483516483517	SimBa
tweet-sno-1400	QO	vclaim-sno-lin-wood-biden-dead-trump	1	34.69387755102041	SimBa
tweet-sno-1400	QO	vclaim-sno-obama-refuse-white-house-blue	1	31.111111111111114	SimBa
tweet-sno-1400	QO	vclaim-sno-eisenhower-military-parades	1	30.952380952380953	SimBa
tweet-sno-1401	QO	vclaim-sno-megan-rapinoe-men-like-trump	1	102.08333333333334	SimBa
tweet-sno-1401	QO	vclaim-sno-immigrants-dna-tests-pay	1	95.91836734693878	SimBa
tweet-sno-1401	QO	vclaim-sno-trump-tweet-stimulus-checks	1	92.78350515463916	SimBa
tweet-sno-1401	QO	vclaim-sno-trump-criticize-obama-shutdown	1	89.52380952380952	SimBa
tweet-sno-1401	QO	vclaim-sno-thousands-white-teens-brawled-mall-nobody-arrested	1	85.41666666666667	SimBa
