tweet-sno-1200	QO	vclaim-sno-lady-gaga-oreo	1	58.681451416040304	SimBa
tweet-sno-1200	QO	vclaim-sno-black-raspberry-chocolate-chip-oreos	1	52.59524011326475	SimBa
tweet-sno-1200	QO	vclaim-sno-red-velvet-oreos	1	51.1371273224247	SimBa
tweet-sno-1200	QO	vclaim-sno-fried-chicken-oreos	1	46.55191885324175	SimBa
tweet-sno-1200	QO	vclaim-sno-oreos-fake-tweet	1	45.54957632701338	SimBa
tweet-sno-1201	QO	vclaim-sno-biden-executive-order-dictator	1	67.66121357439822	SimBa
tweet-sno-1201	QO	vclaim-sno-biden-violate-mask-mandate	1	61.93176395514604	SimBa
tweet-sno-1201	QO	vclaim-sno-biden-signing-blank-papers	1	57.03851910636086	SimBa
tweet-sno-1201	QO	vclaim-sno-mcconnell-democrats-no-victories	1	55.63570938332954	SimBa
tweet-sno-1201	QO	vclaim-sno-trump-executive-order-biden	1	54.622519877513355	SimBa
tweet-sno-1202	QO	vclaim-sno-biden-executive-order-dictator	1	65.34613052305589	SimBa
tweet-sno-1202	QO	vclaim-sno-biden-second-amendment-phony	1	50.95733188064355	SimBa
tweet-sno-1202	QO	vclaim-sno-jimmy-carter-functioning-democracy	1	50.34935623245328	SimBa
tweet-sno-1202	QO	vclaim-sno-biden-president-elect-office	1	48.55775222966045	SimBa
tweet-sno-1202	QO	vclaim-sno-trump-tell-supporters-storm	1	48.07488864511421	SimBa
tweet-sno-1203	QO	vclaim-sno-farmers-protest-india-flag	1	69.42299942924512	SimBa
tweet-sno-1203	QO	vclaim-sno-indian-flag-capitol-riots	1	54.30946420339605	SimBa
tweet-sno-1203	QO	vclaim-sno-capture-the-flag	1	50.63940943312994	SimBa
tweet-sno-1203	QO	vclaim-sno-911-wwii-memorial-vandalized	1	48.27951548501188	SimBa
tweet-sno-1203	QO	vclaim-sno-trump-flag-american-flag-capitol	1	47.513085638826226	SimBa
tweet-sno-1204	QO	vclaim-sno-biden-bans-china-virus	1	83.2946099220927	SimBa
tweet-sno-1204	QO	vclaim-sno-biden-violate-mask-mandate	1	59.942605304853124	SimBa
tweet-sno-1204	QO	vclaim-sno-biden-signing-blank-papers	1	58.517645744541184	SimBa
tweet-sno-1204	QO	vclaim-sno-power-grid-executive-order	1	58.33083860331217	SimBa
tweet-sno-1204	QO	vclaim-sno-trump-ban-travel-china-pandemic	1	55.69694836437368	SimBa
tweet-sno-1205	QO	vclaim-sno-trump-office-former-president	1	62.865810625600155	SimBa
tweet-sno-1205	QO	vclaim-sno-trump-twitter-john-barron-1946	1	56.343631872776754	SimBa
tweet-sno-1205	QO	vclaim-sno-trump-national-guard-troops-hotel	1	55.81507066407451	SimBa
tweet-sno-1205	QO	vclaim-sno-trump-reinstated-belief	1	53.83886843764908	SimBa
tweet-sno-1205	QO	vclaim-sno-trump-covid-19-vaccination	1	53.663525604911875	SimBa
tweet-sno-1206	QO	vclaim-sno-trump-office-former-president	1	71.71958720507314	SimBa
tweet-sno-1206	QO	vclaim-sno-trump-reinstated-belief	1	54.34309216663646	SimBa
tweet-sno-1206	QO	vclaim-sno-trump-twitter-john-barron-1946	1	53.278520565339896	SimBa
tweet-sno-1206	QO	vclaim-sno-trump-social-media-order	1	52.783362117582456	SimBa
tweet-sno-1206	QO	vclaim-sno-sag-letter-president-trump	1	52.65287823379598	SimBa
tweet-sno-1207	QO	vclaim-sno-cocaine-smuggled-in-bananas	1	59.33489594751167	SimBa
tweet-sno-1207	QO	vclaim-sno-mule-dear	1	49.04423085877678	SimBa
tweet-sno-1207	QO	vclaim-sno-cia-crossing-border-cocaine	1	47.41387438060627	SimBa
tweet-sno-1207	QO	vclaim-sno-mexico-seizes-us-cocaine	1	45.95657967281093	SimBa
tweet-sno-1207	QO	vclaim-sno-cocaine-mitch	1	45.934899184016814	SimBa
tweet-sno-1208	QO	vclaim-sno-national-guard-parking-garage	1	55.208039831537874	SimBa
tweet-sno-1208	QO	vclaim-sno-biden-troops-stupid-bastards	1	46.30970045212664	SimBa
tweet-sno-1208	QO	vclaim-sno-president-biden-flags-removed-oval	1	45.384799537039825	SimBa
tweet-sno-1208	QO	vclaim-sno-barack-obama-in-afghanistan	1	44.76291758685416	SimBa
tweet-sno-1208	QO	vclaim-sno-delta-force-biden-ukraine	1	44.16823309448544	SimBa
tweet-sno-1209	QO	vclaim-sno-schumer-erection-senate-floor	1	60.297556892728785	SimBa
tweet-sno-1209	QO	vclaim-sno-schumer-tweet-china-travel	1	57.2372652007071	SimBa
tweet-sno-1209	QO	vclaim-sno-trump-letter-schumer	1	55.779053091723256	SimBa
tweet-sno-1209	QO	vclaim-sno-mcconnell-trump-attack-capitol	1	53.00929410416141	SimBa
tweet-sno-1209	QO	vclaim-sno-donald-trump-threatens-arrest-alec-baldwin	1	52.999795722138614	SimBa
tweet-sno-1210	QO	vclaim-sno-schumer-erection-senate-floor	1	61.9250013580805	SimBa
tweet-sno-1210	QO	vclaim-sno-trump-tweets-photo-genitals	1	45.442994355652004	SimBa
tweet-sno-1210	QO	vclaim-sno-chuck-schumer-resigns-disgrace	1	44.08150596184814	SimBa
tweet-sno-1210	QO	vclaim-sno-schumer-daughter-cheerleader	1	41.66354943963553	SimBa
tweet-sno-1210	QO	vclaim-sno-chuck-schumer-kissing-a-girl	1	41.618903625556484	SimBa
tweet-sno-1211	QO	vclaim-sno-schumer-erection-senate-floor	1	67.29028522344062	SimBa
tweet-sno-1211	QO	vclaim-sno-mcconnell-trump-attack-capitol	1	59.65432909225361	SimBa
tweet-sno-1211	QO	vclaim-sno-republican-senators-up-shits-creek	1	54.807546155679745	SimBa
tweet-sno-1211	QO	vclaim-sno-trump-letter-schumer	1	51.62535796892976	SimBa
tweet-sno-1211	QO	vclaim-sno-bannon-hell-capitol-attack	1	51.09880243866792	SimBa
tweet-sno-1212	QO	vclaim-sno-schumer-erection-senate-floor	1	64.23868885083505	SimBa
tweet-sno-1212	QO	vclaim-sno-did-c-span-insult-mitch-mcconnell	1	44.046749161933334	SimBa
tweet-sno-1212	QO	vclaim-sno-schumer-daughter-cheerleader	1	42.917091808008955	SimBa
tweet-sno-1212	QO	vclaim-sno-msnbc-pecker-chyron	1	42.89444930227927	SimBa
tweet-sno-1212	QO	vclaim-sno-mike-shirkey-capitol-riot-hoax	1	41.182564599997114	SimBa
tweet-sno-1213	QO	vclaim-sno-schumer-erection-senate-floor	1	56.259342387380435	SimBa
tweet-sno-1213	QO	vclaim-sno-golden-trump-statue-cpac	1	41.948052195170774	SimBa
tweet-sno-1213	QO	vclaim-sno-chuck-norris-capitol-riot	1	41.50088305098947	SimBa
tweet-sno-1213	QO	vclaim-sno-obama-white-house-statue	1	40.53688824027921	SimBa
tweet-sno-1213	QO	vclaim-sno-fake-beto-tweet	1	40.46413931394468	SimBa
tweet-sno-1214	QO	vclaim-sno-schumer-erection-senate-floor	1	62.05046896570565	SimBa
tweet-sno-1214	QO	vclaim-sno-biden-pandemic-statement	1	45.537097926584195	SimBa
tweet-sno-1214	QO	vclaim-sno-trump-biden-resident-meme	1	43.899507756638904	SimBa
tweet-sno-1214	QO	vclaim-sno-jeff-foxworthy-democrats-trump	1	42.03475317212043	SimBa
tweet-sno-1214	QO	vclaim-sno-trump-covid19-statements	1	41.89310496847145	SimBa
tweet-sno-1215	QO	vclaim-sno-bernice-king-mlk-day-instagram	1	71.41643350161769	SimBa
tweet-sno-1215	QO	vclaim-sno-i-have-a-what	1	46.464343521243876	SimBa
tweet-sno-1215	QO	vclaim-sno-amy-coney-barrett	1	44.74818424028928	SimBa
tweet-sno-1215	QO	vclaim-sno-kamala-harris-plagiarize-mlk	1	44.38337342397087	SimBa
tweet-sno-1215	QO	vclaim-sno-first-fangirl	1	44.36943661156805	SimBa
tweet-sno-1216	QO	vclaim-sno-mypillow-discount-codes-qanon	1	52.61253060004854	SimBa
tweet-sno-1216	QO	vclaim-sno-mypillow-antifa-temptresses	1	40.94241549813605	SimBa
tweet-sno-1216	QO	vclaim-sno-trump-defeats-covid19-coin	1	39.38433413083133	SimBa
tweet-sno-1216	QO	vclaim-sno-donald-trump-watches-gorilla-channel	1	39.179864220454704	SimBa
tweet-sno-1216	QO	vclaim-sno-trump-hotel-anti-cnn-petitions	1	39.047543965884536	SimBa
tweet-sno-1217	QO	vclaim-sno-tesla-hiring-complaints-elon-musk	1	68.23483929515776	SimBa
tweet-sno-1217	QO	vclaim-sno-elon-musk-billboard	1	44.4315011314673	SimBa
tweet-sno-1217	QO	vclaim-sno-kanye-west-elon-musk	1	42.375405686336656	SimBa
tweet-sno-1217	QO	vclaim-sno-elon-musk-illegal-immigrant	1	41.20361656086779	SimBa
tweet-sno-1217	QO	vclaim-sno-elon-musk-buy-facebook	1	41.12086545253601	SimBa
tweet-sno-1218	QO	vclaim-sno-gwyneth-vagina-candle-explode	1	50.52020351804971	SimBa
tweet-sno-1218	QO	vclaim-sno-do-scented-candles-cause-cancer	1	50.51994322007868	SimBa
tweet-sno-1218	QO	vclaim-sno-crayon-candle	1	49.34729483742325	SimBa
tweet-sno-1218	QO	vclaim-sno-downy-unstopables-warmer-warning	1	47.34226853664488	SimBa
tweet-sno-1218	QO	vclaim-sno-cfl-bulb-fire-risk	1	45.90835544497011	SimBa
tweet-sno-1219	QO	vclaim-sno-marjorie-taylor-greene-twitter	1	78.87721609409164	SimBa
tweet-sno-1219	QO	vclaim-sno-twitter-marjorie-taylor-greene	1	73.49563366983818	SimBa
tweet-sno-1219	QO	vclaim-sno-did-twitter-lock-trumps-account	1	57.97291125768068	SimBa
tweet-sno-1219	QO	vclaim-sno-trump-twitter-john-barron-1946	1	54.54752455505324	SimBa
tweet-sno-1219	QO	vclaim-sno-twitter-delete-trump-account-racism	1	54.51736958942982	SimBa
tweet-sno-1220	QO	vclaim-sno-burger-king-logo-new	1	67.75999504538417	SimBa
tweet-sno-1220	QO	vclaim-sno-yumbo-drop	1	45.30596175224208	SimBa
tweet-sno-1220	QO	vclaim-sno-subservient-chicken	1	42.23206638429114	SimBa
tweet-sno-1220	QO	vclaim-sno-donald-trump-swastika-logo	1	39.031453539805284	SimBa
tweet-sno-1220	QO	vclaim-sno-walter-wetzel-redskins-logo	1	37.99841616613409	SimBa
tweet-sno-1221	QO	vclaim-sno-covid-vaccine-throw-away	1	51.11277465098044	SimBa
tweet-sno-1221	QO	vclaim-sno-cuomo-vaccine-bad-news-trump	1	47.346566750332045	SimBa
tweet-sno-1221	QO	vclaim-sno-cdc-halts-us-jj-covid-shots	1	46.70662988314099	SimBa
tweet-sno-1221	QO	vclaim-sno-mandatory-covid-vaccination	1	46.01649773053367	SimBa
tweet-sno-1221	QO	vclaim-sno-doj-most-dangerous-vaccine	1	45.95187489368368	SimBa
tweet-sno-1222	QO	vclaim-sno-trump-jr-impeached-deplorable	1	76.17235773399747	SimBa
tweet-sno-1222	QO	vclaim-sno-newsweek-report-trump-impeachment	1	57.336212958073	SimBa
tweet-sno-1222	QO	vclaim-sno-trump-impeachment-votes	1	55.983480829120886	SimBa
tweet-sno-1222	QO	vclaim-sno-trump-impeach-market-crash	1	54.9870939147569	SimBa
tweet-sno-1222	QO	vclaim-sno-trump-impeachment-dow-jones	1	53.59071445419999	SimBa
tweet-sno-1223	QO	vclaim-sno-armie-hammer-cannibal-lifestyle	1	51.950619476819625	SimBa
tweet-sno-1223	QO	vclaim-sno-ynw-melly-stabbed-death-prison	1	36.2476014459333	SimBa
tweet-sno-1223	QO	vclaim-sno-drunk-man-has-sex-with-snowman	1	35.28766868548801	SimBa
tweet-sno-1223	QO	vclaim-sno-jamie-allman-david-hogg-poker	1	35.16556849760373	SimBa
tweet-sno-1223	QO	vclaim-sno-covid19-vaccination-cannibalism	1	33.10885849327729	SimBa
tweet-sno-1224	QO	vclaim-sno-indian-flag-capitol-riots	1	48.9111492817561	SimBa
tweet-sno-1224	QO	vclaim-sno-capitol-window-wave-video	1	42.32338736521113	SimBa
tweet-sno-1224	QO	vclaim-sno-farmers-protest-india-flag	1	42.143336489566394	SimBa
tweet-sno-1224	QO	vclaim-sno-capitol-riots-private-party	1	41.16836605522909	SimBa
tweet-sno-1224	QO	vclaim-sno-capitol-police-selfie	1	41.142490784507075	SimBa
tweet-sno-1225	QO	vclaim-sno-syringe-cakes	1	70.93733805075328	SimBa
tweet-sno-1225	QO	vclaim-sno-germanely-chocolate-cake	1	43.54180590220837	SimBa
tweet-sno-1225	QO	vclaim-sno-parade-grounds	1	41.12460483747374	SimBa
tweet-sno-1225	QO	vclaim-sno-lolli-pox	1	40.30317981795522	SimBa
tweet-sno-1225	QO	vclaim-sno-turkish-snack-bar-paralysis-tablet	1	39.0213475117041	SimBa
tweet-sno-1226	QO	vclaim-sno-trump-carved-manatees-back	1	69.25445338714773	SimBa
tweet-sno-1226	QO	vclaim-sno-dermophis-donaldtrumpi-amphibian-trump	1	50.269438919762585	SimBa
tweet-sno-1226	QO	vclaim-sno-florida-invasive-species	1	46.14211537648404	SimBa
tweet-sno-1226	QO	vclaim-sno-monstrous-paws-alabama	1	43.293530378088676	SimBa
tweet-sno-1226	QO	vclaim-sno-lions-mane-mushroom	1	42.41613089504701	SimBa
tweet-sno-1227	QO	vclaim-sno-mary-miller-hitler	1	59.85882140650013	SimBa
tweet-sno-1227	QO	vclaim-sno-trumps-rnc-speech-plagiarized-hitler	1	44.09370112808907	SimBa
tweet-sno-1227	QO	vclaim-sno-liselotte-hubner-donald-trump	1	43.71458598577712	SimBa
tweet-sno-1227	QO	vclaim-sno-boebert-tweet-pelosi-location	1	43.67518449407457	SimBa
tweet-sno-1227	QO	vclaim-sno-trump-hitler-heritage-tweet	1	43.65265374538723	SimBa
tweet-sno-1228	QO	vclaim-sno-mary-miller-hitler	1	60.65760056798918	SimBa
tweet-sno-1228	QO	vclaim-sno-trump-hitler-heritage-tweet	1	44.11669268232021	SimBa
tweet-sno-1228	QO	vclaim-sno-liselotte-hubner-donald-trump	1	42.366714023009045	SimBa
tweet-sno-1228	QO	vclaim-sno-rashida-tlaib-holocaust-warm-feeling	1	41.77019167962192	SimBa
tweet-sno-1228	QO	vclaim-sno-make-germany-great-again	1	40.76855997989858	SimBa
tweet-sno-1229	QO	vclaim-sno-capitol-riot-no-fly-list	1	58.03714138685623	SimBa
tweet-sno-1229	QO	vclaim-sno-reconnaissance-tours	1	50.99964945949933	SimBa
tweet-sno-1229	QO	vclaim-sno-tucker-carlson-capitol-attack	1	49.69529366110078	SimBa
tweet-sno-1229	QO	vclaim-sno-capitol-police-opened-gates	1	49.27452043973836	SimBa
tweet-sno-1229	QO	vclaim-sno-rioters-capitol-flagpole	1	49.22932302586607	SimBa
tweet-sno-1230	QO	vclaim-sno-capitol-riot-taser-death	1	57.544611883856035	SimBa
tweet-sno-1230	QO	vclaim-sno-getting-the-hang-of-it	1	48.697801661094694	SimBa
tweet-sno-1230	QO	vclaim-sno-lethal-indirection	1	47.11821895043569	SimBa
tweet-sno-1230	QO	vclaim-sno-chicago-code-blue-fb-meme	1	47.08497118019627	SimBa
tweet-sno-1230	QO	vclaim-sno-selfie-taken-dead-coworker	1	42.210804035121114	SimBa
tweet-sno-1231	QO	vclaim-sno-irs-stimulus-check-1200	1	53.240095728937064	SimBa
tweet-sno-1231	QO	vclaim-sno-can-you-hear-me-scam	1	51.035146987581435	SimBa
tweet-sno-1231	QO	vclaim-sno-9-0-phone-scam	1	48.94557785987618	SimBa
tweet-sno-1231	QO	vclaim-sno-mobile-phone-sim-card-swap	1	48.53394240106417	SimBa
tweet-sno-1231	QO	vclaim-sno-parcel-delivery-service	1	48.240764888712434	SimBa
tweet-sno-1232	QO	vclaim-sno-warnock-arrested-capitol-praying	1	63.2981709829982	SimBa
tweet-sno-1232	QO	vclaim-sno-rioters-capitol-flagpole	1	54.071357892152946	SimBa
tweet-sno-1232	QO	vclaim-sno-npr-riot-article-before-riot	1	53.30617488101933	SimBa
tweet-sno-1232	QO	vclaim-sno-aoc-capitol-attack	1	53.18397363161218	SimBa
tweet-sno-1232	QO	vclaim-sno-capitol-riot-podium	1	52.878075177493315	SimBa
tweet-sno-1233	QO	vclaim-sno-tomi-lahren-biden-supporters-loot	1	67.3353421229134	SimBa
tweet-sno-1233	QO	vclaim-sno-fake-aoc-purge-tweet	1	55.50863190752409	SimBa
tweet-sno-1233	QO	vclaim-sno-truckers-strike-thanksgiving	1	55.35664851546066	SimBa
tweet-sno-1233	QO	vclaim-sno-trump-tell-supporters-storm	1	54.2535342601049	SimBa
tweet-sno-1233	QO	vclaim-sno-antifa-flyer-trump-supporters	1	51.2828150612479	SimBa
tweet-sno-1234	QO	vclaim-sno-two-women-save-electoral-votes	1	59.98734232907661	SimBa
tweet-sno-1234	QO	vclaim-sno-ballots-georgia-senate	1	50.50017247608079	SimBa
tweet-sno-1234	QO	vclaim-sno-shots-fired-capitol	1	50.058799784960236	SimBa
tweet-sno-1234	QO	vclaim-sno-poll-watchers-2020-election	1	48.94662579159751	SimBa
tweet-sno-1234	QO	vclaim-sno-rioters-capitol-flagpole	1	48.438763413534204	SimBa
tweet-sno-1235	QO	vclaim-sno-two-women-save-electoral-votes	1	65.19183517901064	SimBa
tweet-sno-1235	QO	vclaim-sno-georgia-suitcases	1	39.478159073597226	SimBa
tweet-sno-1235	QO	vclaim-sno-ginni-thomas-buses	1	38.415309197775656	SimBa
tweet-sno-1235	QO	vclaim-sno-all-female-senate-snowstorm	1	36.91035310479135	SimBa
tweet-sno-1235	QO	vclaim-sno-warren-disarm-them-ourselves	1	36.625366259548635	SimBa
tweet-sno-1236	QO	vclaim-sno-trump-riot-camp-auschwitz-shirt	1	49.434068145171096	SimBa
tweet-sno-1236	QO	vclaim-sno-trump-armbands	1	43.75220143924021	SimBa
tweet-sno-1236	QO	vclaim-sno-high-school-prom-nazi-salute	1	42.28651244736933	SimBa
tweet-sno-1236	QO	vclaim-sno-draketown-swastika-nazis	1	41.598404224559744	SimBa
tweet-sno-1236	QO	vclaim-sno-antifa-nazi-flags	1	40.65355979580818	SimBa
tweet-sno-1237	QO	vclaim-sno-capitol-riot-podium	1	57.63060506747715	SimBa
tweet-sno-1237	QO	vclaim-sno-aoc-capitol-attack	1	55.51320836488723	SimBa
tweet-sno-1237	QO	vclaim-sno-police-hold-hand-trump-riot	1	55.39146217183816	SimBa
tweet-sno-1237	QO	vclaim-sno-shots-fired-capitol	1	51.49897602503681	SimBa
tweet-sno-1237	QO	vclaim-sno-capitol-police-selfie	1	50.14390023308751	SimBa
tweet-sno-1238	QO	vclaim-sno-elizabeth-knoxville-onion-towel	1	46.61893923814654	SimBa
tweet-sno-1238	QO	vclaim-sno-aoc-capitol-attack	1	44.727591534353365	SimBa
tweet-sno-1238	QO	vclaim-sno-nurse-gop-convention-shooting	1	40.81401020632619	SimBa
tweet-sno-1238	QO	vclaim-sno-hillary-barnwell-body-double	1	39.52219158657872	SimBa
tweet-sno-1238	QO	vclaim-sno-hillary-clinton-threw-a-tantrum-with-matt-lauer	1	39.309886313483965	SimBa
tweet-sno-1239	QO	vclaim-sno-quantum-blockchain-watermark-vote	1	47.23623304394939	SimBa
tweet-sno-1239	QO	vclaim-sno-giuliani-rally-speech	1	46.253188131391106	SimBa
tweet-sno-1239	QO	vclaim-sno-qanon-shaman-jake-angeli-testify	1	43.398185122660855	SimBa
tweet-sno-1239	QO	vclaim-sno-california-unlawful-ballots	1	43.31311279957209	SimBa
tweet-sno-1239	QO	vclaim-sno-my-cousin-vinny-giuliani	1	42.42303879524121	SimBa
tweet-sno-1240	QO	vclaim-sno-national-guard-trump-mob	1	77.01508215660517	SimBa
tweet-sno-1240	QO	vclaim-sno-troops-guarding-lincoln-memorial	1	62.3378184974642	SimBa
tweet-sno-1240	QO	vclaim-sno-lincoln-memorial-defaced-protesters	1	61.10189760782484	SimBa
tweet-sno-1240	QO	vclaim-sno-armed-black-militia-georgia-park	1	57.05964329175285	SimBa
tweet-sno-1240	QO	vclaim-sno-attempted-robbery-target-field	1	56.74602670886357	SimBa
tweet-sno-1241	QO	vclaim-sno-trump-threaten-federal-buildings	1	73.56777608798424	SimBa
tweet-sno-1241	QO	vclaim-sno-law-charges-protesters-with-terrorism	1	60.96906547484919	SimBa
tweet-sno-1241	QO	vclaim-sno-mike-pence-tweet	1	54.294569523902695	SimBa
tweet-sno-1241	QO	vclaim-sno-portland-protesters-burn-bibles	1	49.02131374171337	SimBa
tweet-sno-1241	QO	vclaim-sno-insurrection-act-trump	1	48.460262667542736	SimBa
tweet-sno-1242	QO	vclaim-sno-pence-trump-twitter-jan-6-riots	1	61.508470299025575	SimBa
tweet-sno-1242	QO	vclaim-sno-onlyfans-trump-ban-capitol	1	56.89436055785731	SimBa
tweet-sno-1242	QO	vclaim-sno-trump-lose-followers-first-time	1	56.743292491731964	SimBa
tweet-sno-1242	QO	vclaim-sno-twitter-delete-trump-account-racism	1	54.21609550582551	SimBa
tweet-sno-1242	QO	vclaim-sno-trump-twitter-john-barron-1946	1	53.23924366554145	SimBa
tweet-sno-1243	QO	vclaim-sno-aoc-confederate-flag-richmond	1	62.581136076366874	SimBa
tweet-sno-1243	QO	vclaim-sno-trump-flag-american-flag-capitol	1	61.34572211687518	SimBa
tweet-sno-1243	QO	vclaim-sno-confederate-flag-capitol-dc	1	61.214800163599634	SimBa
tweet-sno-1243	QO	vclaim-sno-indian-flag-capitol-riots	1	59.02930022493625	SimBa
tweet-sno-1243	QO	vclaim-sno-noose-hung-outside-capitol	1	58.82132945511073	SimBa
tweet-sno-1244	QO	vclaim-sno-trump-flag-american-flag-capitol	1	58.56547925255009	SimBa
tweet-sno-1244	QO	vclaim-sno-biden-russian-flag	1	57.76207209443362	SimBa
tweet-sno-1244	QO	vclaim-sno-russian-flag-texas-capitol	1	54.83693688715077	SimBa
tweet-sno-1244	QO	vclaim-sno-confederate-flag-capitol-dc	1	53.95637512343436	SimBa
tweet-sno-1244	QO	vclaim-sno-kevin-seefried-democrat-biden	1	51.20960621086146	SimBa
tweet-sno-1245	QO	vclaim-sno-kevin-seefried-democrat-biden	1	66.06221964303477	SimBa
tweet-sno-1245	QO	vclaim-sno-confederate-flag-capitol-dc	1	64.91563720030608	SimBa
tweet-sno-1245	QO	vclaim-sno-trump-flag-american-flag-capitol	1	62.32222003004053	SimBa
tweet-sno-1245	QO	vclaim-sno-capitol-police-selfie	1	58.97499385009061	SimBa
tweet-sno-1245	QO	vclaim-sno-aoc-confederate-flag-richmond	1	58.7737765762495	SimBa
tweet-sno-1246	QO	vclaim-sno-cross-erected-capitol-building	1	73.23487273282245	SimBa
tweet-sno-1246	QO	vclaim-sno-noose-hung-outside-capitol	1	52.6611240220625	SimBa
tweet-sno-1246	QO	vclaim-sno-trump-flag-american-flag-capitol	1	49.21226103099701	SimBa
tweet-sno-1246	QO	vclaim-sno-mtg-fort-pelosi-us-capitol	1	45.93509872052019	SimBa
tweet-sno-1246	QO	vclaim-sno-indian-flag-capitol-riots	1	45.78868164669852	SimBa
tweet-sno-1247	QO	vclaim-sno-chip-off-the-old-salk	1	44.7922499789174	SimBa
tweet-sno-1247	QO	vclaim-sno-covid-5g-chip-diagram	1	44.546787783896306	SimBa
tweet-sno-1247	QO	vclaim-sno-bill-gates-id2020	1	43.82699306004554	SimBa
tweet-sno-1247	QO	vclaim-sno-canine-vaccine-covid-19	1	43.10206710091378	SimBa
tweet-sno-1247	QO	vclaim-sno-luc-montagnier-covid-created-lab	1	42.73079403242565	SimBa
tweet-sno-1248	QO	vclaim-sno-snow-los-angeles	1	60.67645856545016	SimBa
tweet-sno-1248	QO	vclaim-sno-does-photo-show-skull-face	1	47.621789506583404	SimBa
tweet-sno-1248	QO	vclaim-sno-gods-painting	1	47.01125914862361	SimBa
tweet-sno-1248	QO	vclaim-sno-clouds-over-california-wildfires	1	46.97726579658273	SimBa
tweet-sno-1248	QO	vclaim-sno-rainbow-mountains-real	1	45.749084735425114	SimBa
tweet-sno-1249	QO	vclaim-sno-snow-los-angeles	1	56.6038606057162	SimBa
tweet-sno-1249	QO	vclaim-sno-record-snowfall-in-oswego	1	48.67028804525669	SimBa
tweet-sno-1249	QO	vclaim-sno-snowfall-in-the-sahara	1	44.63303138876782	SimBa
tweet-sno-1249	QO	vclaim-sno-devastating-snowfall-predicted-nw-montana-early-2018	1	44.388761889131054	SimBa
tweet-sno-1249	QO	vclaim-sno-nepal-avalanche	1	43.08686829850397	SimBa
tweet-sno-1250	QO	vclaim-sno-pennsylvania-205000-votes	1	77.112248193836	SimBa
tweet-sno-1250	QO	vclaim-sno-trump-wins-pennsylvania	1	69.91372244294597	SimBa
tweet-sno-1250	QO	vclaim-sno-erie-pennsylvania-trump-ballots	1	66.49577629360384	SimBa
tweet-sno-1250	QO	vclaim-sno-trump-clinton-counties-won	1	62.64252918064486	SimBa
tweet-sno-1250	QO	vclaim-sno-floyd-county-georgia-votes	1	61.62161886831022	SimBa
tweet-sno-1251	QO	vclaim-sno-georgia-signature-audit	1	63.127088564078136	SimBa
tweet-sno-1251	QO	vclaim-sno-floyd-county-georgia-votes	1	58.46682578868737	SimBa
tweet-sno-1251	QO	vclaim-sno-pennsylvania-205000-votes	1	58.40125190099563	SimBa
tweet-sno-1251	QO	vclaim-sno-ballots-lancaster-pa	1	58.07312633443069	SimBa
tweet-sno-1251	QO	vclaim-sno-ga-senator-counting-pa	1	55.75133927126299	SimBa
tweet-sno-1252	QO	vclaim-sno-covid-vax-false-hiv	1	49.00809614526584	SimBa
tweet-sno-1252	QO	vclaim-sno-covid-flu-tamiflu	1	48.99401899445056	SimBa
tweet-sno-1252	QO	vclaim-sno-ticketmaster-negative-covid-test	1	48.02975226451383	SimBa
tweet-sno-1252	QO	vclaim-sno-flu-vaccine-covid-buttar	1	46.67254741961281	SimBa
tweet-sno-1252	QO	vclaim-sno-coronavirus-test-donate-blood	1	45.651590835941214	SimBa
tweet-sno-1253	QO	vclaim-sno-scott-walker-pizza	1	53.979192509267044	SimBa
tweet-sno-1253	QO	vclaim-sno-goya-ceo-praise-trump	1	38.69489045999313	SimBa
tweet-sno-1253	QO	vclaim-sno-alex-acosta-family-photograph	1	38.22177228342508	SimBa
tweet-sno-1253	QO	vclaim-sno-newsom-french-laundry	1	38.0419856817755	SimBa
tweet-sno-1253	QO	vclaim-sno-elon-musk-buca-di-beppo	1	36.15015160765981	SimBa
tweet-sno-1254	QO	vclaim-sno-swimming-pool-wonderful-life	1	40.23144035207433	SimBa
tweet-sno-1254	QO	vclaim-sno-student-suspended-pretending-transgender-locker-room	1	34.62661717970009	SimBa
tweet-sno-1254	QO	vclaim-sno-girls-impregnated-swimming-in-pool	1	33.44937353542716	SimBa
tweet-sno-1254	QO	vclaim-sno-secret-room-new-york-apartment	1	32.038713570521	SimBa
tweet-sno-1254	QO	vclaim-sno-world39s-largest-swimming-pool	1	31.52062202939891	SimBa
tweet-sno-1255	QO	vclaim-sno-swimming-pool-wonderful-life	1	54.22689621614683	SimBa
tweet-sno-1255	QO	vclaim-sno-world39s-largest-swimming-pool	1	31.47286813301082	SimBa
tweet-sno-1255	QO	vclaim-sno-bowl-o-bama	1	28.20699363924639	SimBa
tweet-sno-1255	QO	vclaim-sno-david-hogg-attend-california-high-school	1	27.6149023974519	SimBa
tweet-sno-1255	QO	vclaim-sno-gianna-bryant-video	1	27.57144587648698	SimBa
tweet-sno-1256	QO	vclaim-sno-kfc-gaming-console	1	46.32052403307805	SimBa
tweet-sno-1256	QO	vclaim-sno-among-us-chicken-nugget-sale	1	31.426369835200767	SimBa
tweet-sno-1256	QO	vclaim-sno-kfc-really-create-chicken-scented-candle	1	31.07945689379343	SimBa
tweet-sno-1256	QO	vclaim-sno-chick-fil-a-tiktok-nuggets-recipe	1	30.536356534552453	SimBa
tweet-sno-1256	QO	vclaim-sno-viral-molten-copper-big-mac	1	30.465325043938172	SimBa
tweet-sno-1257	QO	vclaim-sno-graham-buttigieg-repent	1	66.50129496402872	SimBa
tweet-sno-1257	QO	vclaim-sno-billy-graham-say-homosexuals-castrated	1	57.017227513256664	SimBa
tweet-sno-1257	QO	vclaim-sno-biden-christians-lgbtq-rights	1	50.54390521532249	SimBa
tweet-sno-1257	QO	vclaim-sno-evangelical-trump-gay	1	49.255366445911655	SimBa
tweet-sno-1257	QO	vclaim-sno-jimmy-carter-jesus-homosexuality	1	48.46511362168876	SimBa
tweet-sno-1258	QO	vclaim-sno-tom-brady-ppp	1	47.58589235821421	SimBa
tweet-sno-1258	QO	vclaim-sno-samuel-l-jackson-rappers-tweet	1	45.67924290659313	SimBa
tweet-sno-1258	QO	vclaim-sno-a-shady-giveaway	1	41.310376773228725	SimBa
tweet-sno-1258	QO	vclaim-sno-kanye-west-votes-kentucky	1	41.24539274539357	SimBa
tweet-sno-1258	QO	vclaim-sno-joe-biden-college-debt	1	40.947907712739195	SimBa
tweet-sno-1259	QO	vclaim-sno-vatican-nativity	1	51.070277114069654	SimBa
tweet-sno-1259	QO	vclaim-sno-facebook-santa-jesus-image	1	44.28034372418752	SimBa
tweet-sno-1259	QO	vclaim-sno-belgian-town-removes-nativity-scene-appease-four-muslim-residents	1	42.19019513221144	SimBa
tweet-sno-1259	QO	vclaim-sno-no-nativity-scenes-white-house	1	39.633931953933676	SimBa
tweet-sno-1259	QO	vclaim-sno-lancasters-centerville-elementary-school-cancels-offensive-christmas-play	1	37.94574760272347	SimBa
tweet-sno-1260	QO	vclaim-sno-cyberpunk-2077-refunds	1	73.98759543855758	SimBa
tweet-sno-1260	QO	vclaim-sno-all-work-and-no-playstation	1	41.63849847473565	SimBa
tweet-sno-1260	QO	vclaim-sno-xbox-playstation-ps5-congrats	1	40.51296272166625	SimBa
tweet-sno-1260	QO	vclaim-sno-many-unhappy-returns	1	38.67561154939452	SimBa
tweet-sno-1260	QO	vclaim-sno-best-buy-gift-card-scam	1	37.77470269408347	SimBa
tweet-sno-1261	QO	vclaim-sno-cyberpunk-2077-refunds	1	75.25393589549832	SimBa
tweet-sno-1261	QO	vclaim-sno-xbox-playstation-ps5-congrats	1	42.317889110434095	SimBa
tweet-sno-1261	QO	vclaim-sno-costco-policy-change	1	38.32946473642525	SimBa
tweet-sno-1261	QO	vclaim-sno-target-holiday-stores	1	35.33645537191956	SimBa
tweet-sno-1261	QO	vclaim-sno-all-work-and-no-playstation	1	34.675690139681635	SimBa
tweet-sno-1262	QO	vclaim-sno-extraterrestrial-material-asteroid	1	42.37388428546235	SimBa
tweet-sno-1262	QO	vclaim-sno-nobel-laureate-tasuku-honjo-covid	1	37.473615251189244	SimBa
tweet-sno-1262	QO	vclaim-sno-mars-real-audio	1	36.100085414414465	SimBa
tweet-sno-1262	QO	vclaim-sno-obama-fauci-gates-wuhan-lab	1	35.676742447165466	SimBa
tweet-sno-1262	QO	vclaim-sno-li-meng-yan-covid-19-lab	1	33.91194369558495	SimBa
tweet-sno-1263	QO	vclaim-sno-supreme-court-erupt-shouting-match	1	59.75190109235256	SimBa
tweet-sno-1263	QO	vclaim-sno-justice-roberts-impeachment-vote	1	48.08923589508828	SimBa
tweet-sno-1263	QO	vclaim-sno-republican-senators-up-shits-creek	1	47.38083738480695	SimBa
tweet-sno-1263	QO	vclaim-sno-supreme-court-justices-stand	1	46.335772532093216	SimBa
tweet-sno-1263	QO	vclaim-sno-democrats-supreme-court-influenced-constitution	1	43.87251834504759	SimBa
tweet-sno-1264	QO	vclaim-sno-schitts-creek-motel-seattle	1	52.43093263268377	SimBa
tweet-sno-1264	QO	vclaim-sno-redneck-mansion	1	35.066810872631294	SimBa
tweet-sno-1264	QO	vclaim-sno-sanders-vermont-mansion	1	33.2964410106773	SimBa
tweet-sno-1264	QO	vclaim-sno-trump-sign-hollywood-los-angeles	1	32.27139241258061	SimBa
tweet-sno-1264	QO	vclaim-sno-conditions-in-los-angeles	1	31.825255228995722	SimBa
tweet-sno-1265	QO	vclaim-sno-schitts-creek-motel-seattle	1	67.32973340073009	SimBa
tweet-sno-1265	QO	vclaim-sno-moira-rose-home-alone	1	40.57568805870392	SimBa
tweet-sno-1265	QO	vclaim-sno-glove-thy-neighbor	1	35.791144003153406	SimBa
tweet-sno-1265	QO	vclaim-sno-mtg-fort-pelosi-us-capitol	1	33.593339361857254	SimBa
tweet-sno-1265	QO	vclaim-sno-secret-room-new-york-apartment	1	33.267365007304974	SimBa
tweet-sno-1266	QO	vclaim-sno-popular-vote-totals-rigged	1	68.85072923313766	SimBa
tweet-sno-1266	QO	vclaim-sno-everylegalvote-2020-election	1	57.848240465573994	SimBa
tweet-sno-1266	QO	vclaim-sno-simple-math-on-biden-votes	1	57.43075676179137	SimBa
tweet-sno-1266	QO	vclaim-sno-machine-voting-pens-switching-votes	1	55.183534591750835	SimBa
tweet-sno-1266	QO	vclaim-sno-pennsylvania-205000-votes	1	54.50171961626426	SimBa
tweet-sno-1267	QO	vclaim-sno-the-north-face-refuse-jackets	1	71.45406747741407	SimBa
tweet-sno-1267	QO	vclaim-sno-ace-hardware-stands-against-standing-rock	1	47.3929004690614	SimBa
tweet-sno-1267	QO	vclaim-sno-gas-station-shuns-serviceman	1	43.47916023212356	SimBa
tweet-sno-1267	QO	vclaim-sno-big-oil	1	42.9865325837837	SimBa
tweet-sno-1267	QO	vclaim-sno-mittens-bernie-sanders	1	39.71727497272123	SimBa
tweet-sno-1268	QO	vclaim-sno-alex-jones-biden-removed	1	71.67853264006355	SimBa
tweet-sno-1268	QO	vclaim-sno-trump-biden-assassination-shot	1	59.1829160865122	SimBa
tweet-sno-1268	QO	vclaim-sno-trump-tell-supporters-storm	1	58.10674939738138	SimBa
tweet-sno-1268	QO	vclaim-sno-tomi-lahren-biden-supporters-loot	1	57.84216235547474	SimBa
tweet-sno-1268	QO	vclaim-sno-biden-trump-xenophobic	1	57.450691323256905	SimBa
tweet-sno-1269	QO	vclaim-sno-allstate-island-real	1	59.43368893661959	SimBa
tweet-sno-1269	QO	vclaim-sno-spongebob-epstein-island-address	1	37.35976358296374	SimBa
tweet-sno-1269	QO	vclaim-sno-jacobs-well-dangerous-california	1	34.59908002768901	SimBa
tweet-sno-1269	QO	vclaim-sno-trump-tower-name-changed-to-dump-tower-in-google-maps	1	34.175353838123506	SimBa
tweet-sno-1269	QO	vclaim-sno-bora-bora-getaway-facebook	1	34.07926771924842	SimBa
tweet-sno-1270	QO	vclaim-sno-allstate-island-real	1	57.846163995269926	SimBa
tweet-sno-1270	QO	vclaim-sno-epstein-alive-new-mexico	1	34.489013833954836	SimBa
tweet-sno-1270	QO	vclaim-sno-penis-island	1	32.69010250935945	SimBa
tweet-sno-1270	QO	vclaim-sno-purple-lobster-caught-in-maine	1	32.471762945152996	SimBa
tweet-sno-1270	QO	vclaim-sno-violin-island-in-costa-rica	1	31.875119146340797	SimBa
tweet-sno-1271	QO	vclaim-sno-federal-holiday-christmas-eve	1	89.09364101284174	SimBa
tweet-sno-1271	QO	vclaim-sno-fake-trump-tweet	1	55.6831586453979	SimBa
tweet-sno-1271	QO	vclaim-sno-war-on-christmas-monument	1	53.04287569962305	SimBa
tweet-sno-1271	QO	vclaim-sno-playing-christmas-music-federal-crime	1	52.33208394981352	SimBa
tweet-sno-1271	QO	vclaim-sno-trump-stimulus-package-election	1	52.211266553332806	SimBa
tweet-sno-1272	QO	vclaim-sno-disney-sister-act-3	1	75.82837645991304	SimBa
tweet-sno-1272	QO	vclaim-sno-disney-live-action-hercules	1	55.967830173789224	SimBa
tweet-sno-1272	QO	vclaim-sno-when-is-hocus-pocus-2-coming-out	1	53.33159060807975	SimBa
tweet-sno-1272	QO	vclaim-sno-did-disney-announce-bedknobs-broomsticks	1	53.18386012446711	SimBa
tweet-sno-1272	QO	vclaim-sno-step-brothers-2-hoax	1	52.17634297200637	SimBa
tweet-sno-1273	QO	vclaim-sno-when-is-hocus-pocus-2-coming-out	1	73.39172022522463	SimBa
tweet-sno-1273	QO	vclaim-sno-hocus-pocus-2	1	69.89266129327693	SimBa
tweet-sno-1273	QO	vclaim-sno-disney-pixar-boo	1	57.571646170402076	SimBa
tweet-sno-1273	QO	vclaim-sno-disney-live-action-hercules	1	54.97089618789086	SimBa
tweet-sno-1273	QO	vclaim-sno-beetlejuice-2-coming-soon	1	53.373630939880144	SimBa
tweet-sno-1274	QO	vclaim-sno-chick-fil-a-long-lines-lawsuit	1	65.52160850230473	SimBa
tweet-sno-1274	QO	vclaim-sno-fear-of-a-black-thursday	1	45.81047560796208	SimBa
tweet-sno-1274	QO	vclaim-sno-southern-baptist-convention-buys-chick-fil	1	43.941856874239015	SimBa
tweet-sno-1274	QO	vclaim-sno-man-kicked-buffet-sues	1	43.64628571549851	SimBa
tweet-sno-1274	QO	vclaim-sno-cant-be-yelped	1	43.13732403649173	SimBa
tweet-sno-1275	QO	vclaim-sno-costco-rotisserie-chicken-cheap	1	90.06112881599825	SimBa
tweet-sno-1275	QO	vclaim-sno-costco-lying-about-cage-free-eggs	1	43.551088928911156	SimBa
tweet-sno-1275	QO	vclaim-sno-costco-founder-kill-hotdogs	1	43.02652506267211	SimBa
tweet-sno-1275	QO	vclaim-sno-wings-with-a-side-of-health-care	1	41.99421654209088	SimBa
tweet-sno-1275	QO	vclaim-sno-boston-market-coupon	1	41.526165463613474	SimBa
tweet-sno-1276	QO	vclaim-sno-ia-fl-oh-election-loss	1	67.94883456167217	SimBa
tweet-sno-1276	QO	vclaim-sno-trump-clinton-counties-won	1	64.04074057796694	SimBa
tweet-sno-1276	QO	vclaim-sno-won-both-ohio-florida-lost	1	63.62736294637931	SimBa
tweet-sno-1276	QO	vclaim-sno-trump-wins-pennsylvania	1	63.15626796025714	SimBa
tweet-sno-1276	QO	vclaim-sno-biden-306-electoral-votes	1	58.87456648011381	SimBa
tweet-sno-1277	QO	vclaim-sno-apartment-radiator-pandemic-spread	1	74.93233671128777	SimBa
tweet-sno-1277	QO	vclaim-sno-empire-state-building-coronavirus	1	45.39921458676874	SimBa
tweet-sno-1277	QO	vclaim-sno-1918-quarantine-ad-for-phone	1	44.749210259997355	SimBa
tweet-sno-1277	QO	vclaim-sno-handkerchiefs-kissing-covid	1	44.68889899699553	SimBa
tweet-sno-1277	QO	vclaim-sno-dutch-restaurants-pods-covid	1	42.80904540867375	SimBa
tweet-sno-1278	QO	vclaim-sno-mcdonalds-breakfast-frozen-eggs	1	54.18617741093181	SimBa
tweet-sno-1278	QO	vclaim-sno-something-eggstra	1	45.44809121370098	SimBa
tweet-sno-1278	QO	vclaim-sno-not-lovin39-it	1	44.5332775357538	SimBa
tweet-sno-1278	QO	vclaim-sno-long-live-timbits	1	41.87774573488329	SimBa
tweet-sno-1278	QO	vclaim-sno-food-911	1	39.64036737968709	SimBa
tweet-sno-1279	QO	vclaim-sno-gohmert-tooth-fall-out	1	78.30085919281741	SimBa
tweet-sno-1279	QO	vclaim-sno-trey-gowdy-nancy-pelosi	1	45.66052712881892	SimBa
tweet-sno-1279	QO	vclaim-sno-will-smith-teeth-knocked-out	1	44.42017392457363	SimBa
tweet-sno-1279	QO	vclaim-sno-harlan-hill-eat-shoe-biden-won	1	43.173079873422424	SimBa
tweet-sno-1279	QO	vclaim-sno-steve-bannon-bloody-lip	1	42.54453104775293	SimBa
tweet-sno-1280	QO	vclaim-sno-biden-harris-disease-disagreed	1	90.34109531404596	SimBa
tweet-sno-1280	QO	vclaim-sno-harris-biden-blog-post	1	60.044840635317236	SimBa
tweet-sno-1280	QO	vclaim-sno-kamala-harris-call-biden-racist	1	60.0316378861196	SimBa
tweet-sno-1280	QO	vclaim-sno-democrats-nuclear-weapons	1	58.81327100654145	SimBa
tweet-sno-1280	QO	vclaim-sno-biden-say-president-harris	1	58.74811523909879	SimBa
tweet-sno-1281	QO	vclaim-sno-indiana-jones-saxophone	1	61.04193771011158	SimBa
tweet-sno-1281	QO	vclaim-sno-andrew-lincoln-andes-flight	1	35.63011908850511	SimBa
tweet-sno-1281	QO	vclaim-sno-delayed-grantification	1	35.50477375885416	SimBa
tweet-sno-1281	QO	vclaim-sno-kentucky-snow-flamethrower	1	35.1032452868796	SimBa
tweet-sno-1281	QO	vclaim-sno-will-smith-teeth-knocked-out	1	34.051677282733394	SimBa
tweet-sno-1282	QO	vclaim-sno-indiana-jones-saxophone	1	72.6098021509361	SimBa
tweet-sno-1282	QO	vclaim-sno-imperial-march-uk-trump	1	34.53204502938233	SimBa
tweet-sno-1282	QO	vclaim-sno-jeff-sessions-marijuana-rock-band	1	33.454090550408836	SimBa
tweet-sno-1282	QO	vclaim-sno-delayed-grantification	1	32.999301955256385	SimBa
tweet-sno-1282	QO	vclaim-sno-morgan-freeman-jimi-hendrix	1	32.66584870720342	SimBa
tweet-sno-1283	QO	vclaim-sno-indiana-jones-saxophone	1	71.56262585792109	SimBa
tweet-sno-1283	QO	vclaim-sno-harrison-ford-trump-han-solo	1	37.272626630727714	SimBa
tweet-sno-1283	QO	vclaim-sno-imperial-march-uk-trump	1	34.21657888580135	SimBa
tweet-sno-1283	QO	vclaim-sno-james-earl-jones-star-wars-london-segregation	1	34.176062599433315	SimBa
tweet-sno-1283	QO	vclaim-sno-delayed-grantification	1	31.82215228177938	SimBa
tweet-sno-1284	QO	vclaim-sno-indiana-jones-saxophone	1	54.13532256452848	SimBa
tweet-sno-1284	QO	vclaim-sno-lennon-guitar-spock-elvis	1	44.06766063369305	SimBa
tweet-sno-1284	QO	vclaim-sno-justin-bieber-han-solo	1	42.99280649933083	SimBa
tweet-sno-1284	QO	vclaim-sno-harrison-ford-trump-han-solo	1	41.76010893772167	SimBa
tweet-sno-1284	QO	vclaim-sno-james-earl-jones-star-wars-london-segregation	1	41.086830327567014	SimBa
tweet-sno-1285	QO	vclaim-sno-florida-rebekah-jones-raid	1	58.740940508934784	SimBa
tweet-sno-1285	QO	vclaim-sno-fbi-wasserman-schultz-home	1	43.358963841802534	SimBa
tweet-sno-1285	QO	vclaim-sno-connecticut-gun-confiscation	1	41.32230468736219	SimBa
tweet-sno-1285	QO	vclaim-sno-seattle-police-confiscate-mans-guns-without-warrant	1	41.01665015336317	SimBa
tweet-sno-1285	QO	vclaim-sno-fbi-raids-cdc-vaccine-data	1	39.43721575204002	SimBa
tweet-sno-1286	QO	vclaim-sno-nasa-sally-ride-100-tampons	1	77.59316360532294	SimBa
tweet-sno-1286	QO	vclaim-sno-spacesuit-envy	1	53.56026817114663	SimBa
tweet-sno-1286	QO	vclaim-sno-nasa-hillary-clinton-astronaut	1	45.62298386472493	SimBa
tweet-sno-1286	QO	vclaim-sno-recalled-tampons-zombie-ants	1	40.25650352212472	SimBa
tweet-sno-1286	QO	vclaim-sno-17-year-old-astronaut-training	1	39.487716397212694	SimBa
tweet-sno-1287	QO	vclaim-sno-my-pleasure-chick-fil-a	1	62.11372401957563	SimBa
tweet-sno-1287	QO	vclaim-sno-chick-fil-a-promotions	1	43.18159862361384	SimBa
tweet-sno-1287	QO	vclaim-sno-taco-bell-two-dollar	1	41.97163083855281	SimBa
tweet-sno-1287	QO	vclaim-sno-burger-king-customers-manager	1	40.486952956234205	SimBa
tweet-sno-1287	QO	vclaim-sno-patrick-mahomes-buys-dinner	1	39.51041301753213	SimBa
tweet-sno-1288	QO	vclaim-sno-my-pleasure-chick-fil-a	1	77.53870517920635	SimBa
tweet-sno-1288	QO	vclaim-sno-chick-fil-a-promotions	1	61.69098592672506	SimBa
tweet-sno-1288	QO	vclaim-sno-chick-fil-a-gift-basket	1	58.42032587733476	SimBa
tweet-sno-1288	QO	vclaim-sno-chick-fil-a-meal-promo	1	56.57297213887064	SimBa
tweet-sno-1288	QO	vclaim-sno-chick-fil-a-coupon-scam	1	55.16859699883979	SimBa
tweet-sno-1289	QO	vclaim-sno-my-pleasure-chick-fil-a	1	58.414047935185835	SimBa
tweet-sno-1289	QO	vclaim-sno-chick-fil-a-promotions	1	44.58348602479398	SimBa
tweet-sno-1289	QO	vclaim-sno-chick-fil-a-gift-basket	1	39.681965330501725	SimBa
tweet-sno-1289	QO	vclaim-sno-chick-fil-a-meal-promo	1	38.50001079394945	SimBa
tweet-sno-1289	QO	vclaim-sno-chick-fil-a-long-lines-lawsuit	1	37.92095739731735	SimBa
tweet-sno-1290	QO	vclaim-sno-my-pleasure-chick-fil-a	1	66.24234617664132	SimBa
tweet-sno-1290	QO	vclaim-sno-chick-fil-a-promotions	1	45.87061996201972	SimBa
tweet-sno-1290	QO	vclaim-sno-chick-fil-a-gift-basket	1	44.04487318413404	SimBa
tweet-sno-1290	QO	vclaim-sno-chick-fil-a-coupon-scam	1	42.35604255754217	SimBa
tweet-sno-1290	QO	vclaim-sno-chick-fil-a-meal-promo	1	41.44709399662041	SimBa
tweet-sno-1291	QO	vclaim-sno-biden-covid-vaccine	1	76.92467947703997	SimBa
tweet-sno-1291	QO	vclaim-sno-biden-vaccines-hurricane-protect	1	65.57522673350323	SimBa
tweet-sno-1291	QO	vclaim-sno-trump-promise-vaccine-election-day	1	63.30016460616062	SimBa
tweet-sno-1291	QO	vclaim-sno-biden-covid-vaccine-2	1	59.72349218626674	SimBa
tweet-sno-1291	QO	vclaim-sno-trump-covid-19-vaccination	1	58.45608997619321	SimBa
tweet-sno-1292	QO	vclaim-sno-matt-putz	1	65.22528199959196	SimBa
tweet-sno-1292	QO	vclaim-sno-new-jersey-ballot-tax-returns	1	44.61988651428561	SimBa
tweet-sno-1292	QO	vclaim-sno-furious-christie-refuses-to-pick-up-trumps-dry-cleaning	1	42.16646822854756	SimBa
tweet-sno-1292	QO	vclaim-sno-chris-christie-vetoes-equal-pay	1	41.669790440048715	SimBa
tweet-sno-1292	QO	vclaim-sno-halloween-quarantine	1	41.28773627577435	SimBa
tweet-sno-1293	QO	vclaim-sno-christian-owned-airlines-change-wing-light-colors-to-celebrate-christmas	1	47.50526530911192	SimBa
tweet-sno-1293	QO	vclaim-sno-chick-fil-a-food-stranded-storm	1	44.900483745796066	SimBa
tweet-sno-1293	QO	vclaim-sno-chick-fil-open-sundays	1	43.78303825147117	SimBa
tweet-sno-1293	QO	vclaim-sno-chick-fil-a-sunday-tradition	1	42.434137621550605	SimBa
tweet-sno-1293	QO	vclaim-sno-aldi-free-food-homeless-christmas	1	39.44153170972878	SimBa
tweet-sno-1294	QO	vclaim-sno-drake-scented-candles	1	63.812165212526	SimBa
tweet-sno-1294	QO	vclaim-sno-gwyneth-paltrow-vagina-candle	1	45.2005538156411	SimBa
tweet-sno-1294	QO	vclaim-sno-mcdonalds-quarter-pounder-candles	1	35.4400337985511	SimBa
tweet-sno-1294	QO	vclaim-sno-kfc-really-create-chicken-scented-candle	1	35.11114554627446	SimBa
tweet-sno-1294	QO	vclaim-sno-aint-no-prophet	1	31.71473613217943	SimBa
tweet-sno-1295	QO	vclaim-sno-flash-player-no-longer-supported	1	48.04800386010811	SimBa
tweet-sno-1295	QO	vclaim-sno-nasa-blackout-warning	1	32.70645241012842	SimBa
tweet-sno-1295	QO	vclaim-sno-is-minecraft-shutting-down	1	31.850807445165163	SimBa
tweet-sno-1295	QO	vclaim-sno-twitter-cammo-trump-covid	1	31.705659068347003	SimBa
tweet-sno-1295	QO	vclaim-sno-disneyland-reopening-holidays	1	31.520358844486594	SimBa
tweet-sno-1296	QO	vclaim-sno-flash-player-no-longer-supported	1	55.13674079332152	SimBa
tweet-sno-1296	QO	vclaim-sno-nasa-blackout-warning	1	38.96570235974492	SimBa
tweet-sno-1296	QO	vclaim-sno-is-minecraft-shutting-down	1	38.61779085049676	SimBa
tweet-sno-1296	QO	vclaim-sno-india-banning-twitter	1	36.879705042964154	SimBa
tweet-sno-1296	QO	vclaim-sno-target-holiday-stores	1	33.30786540274043	SimBa
tweet-sno-1297	QO	vclaim-sno-flash-player-no-longer-supported	1	68.25466151144943	SimBa
tweet-sno-1297	QO	vclaim-sno-boob-youtube	1	43.66707731809767	SimBa
tweet-sno-1297	QO	vclaim-sno-facebook-ban-livestreamed-music	1	42.790790229986996	SimBa
tweet-sno-1297	QO	vclaim-sno-facebook-search-porn	1	42.577929042309876	SimBa
tweet-sno-1297	QO	vclaim-sno-is-minecraft-shutting-down	1	39.78270171040538	SimBa
tweet-sno-1298	QO	vclaim-sno-santa-covid-exemption-ireland	1	70.20305245984335	SimBa
tweet-sno-1298	QO	vclaim-sno-track-meet	1	41.83606283133069	SimBa
tweet-sno-1298	QO	vclaim-sno-santas-canadian-postal-code	1	41.370947857997315	SimBa
tweet-sno-1298	QO	vclaim-sno-federal-holiday-christmas-eve	1	38.10229609841411	SimBa
tweet-sno-1298	QO	vclaim-sno-trick-or-treat-age-limit	1	38.03227838863339	SimBa
tweet-sno-1299	QO	vclaim-sno-monolith-california	1	48.61087722267458	SimBa
tweet-sno-1299	QO	vclaim-sno-monolith-found-utah	1	44.28119184959084	SimBa
tweet-sno-1299	QO	vclaim-sno-super-moon	1	39.507006836192545	SimBa
tweet-sno-1299	QO	vclaim-sno-firefall-fire-waterfall	1	37.9357842051315	SimBa
tweet-sno-1299	QO	vclaim-sno-the-biggest-christmas-tree	1	35.71112594089681	SimBa
tweet-sno-1300	QO	vclaim-sno-king-louis-xiv-fetish-birth	1	58.8538359916889	SimBa
tweet-sno-1300	QO	vclaim-sno-pat-robertson-oral-sex-coronavirus	1	43.91287966524983	SimBa
tweet-sno-1300	QO	vclaim-sno-shania-jones-cross-eyed-arrest	1	43.04023316842526	SimBa
tweet-sno-1300	QO	vclaim-sno-inflatable-sex-doll	1	41.34015519566951	SimBa
tweet-sno-1300	QO	vclaim-sno-pregnant-from-3d-film	1	41.01147420862638	SimBa
tweet-sno-1301	QO	vclaim-sno-loser-lawn-trump-golf-course	1	44.23935668463075	SimBa
tweet-sno-1301	QO	vclaim-sno-trump-rant-mar-a-lago	1	40.2854156955233	SimBa
tweet-sno-1301	QO	vclaim-sno-moving-truck-cspan	1	39.487681171454554	SimBa
tweet-sno-1301	QO	vclaim-sno-golfing-trump-election-results	1	39.384931617928515	SimBa
tweet-sno-1301	QO	vclaim-sno-tom-brady-election-white-house	1	38.53387483587855	SimBa
tweet-sno-1302	QO	vclaim-sno-johns-hopkins-covid-deaths	1	76.21654318661874	SimBa
tweet-sno-1302	QO	vclaim-sno-hugh-mann-alien-life-mars	1	48.49749263775972	SimBa
tweet-sno-1302	QO	vclaim-sno-covid19-two-deaths	1	47.18204731230844	SimBa
tweet-sno-1302	QO	vclaim-sno-china-cellphones-coronavirus	1	46.9671226621381	SimBa
tweet-sno-1302	QO	vclaim-sno-cdc-mortality-statistics	1	45.415372695802745	SimBa
tweet-sno-1303	QO	vclaim-sno-leonardo-dicaprio-disney-channel	1	46.879981555629776	SimBa
tweet-sno-1303	QO	vclaim-sno-was-ed-edd-n-eddy-reboot-announced	1	32.52149538575485	SimBa
tweet-sno-1303	QO	vclaim-sno-tom-brady-brady-bunch	1	32.367953503774764	SimBa
tweet-sno-1303	QO	vclaim-sno-nick-stahl-death-hoax	1	31.771989507601244	SimBa
tweet-sno-1303	QO	vclaim-sno-little-leaguer-porn-star	1	31.150372654986292	SimBa
tweet-sno-1304	QO	vclaim-sno-leonardo-dicaprio-disney-channel	1	47.42161841133601	SimBa
tweet-sno-1304	QO	vclaim-sno-minkus-became-chanel-west-coast	1	41.92023946731115	SimBa
tweet-sno-1304	QO	vclaim-sno-betty-white-in-her-20s-photo	1	40.92567867204656	SimBa
tweet-sno-1304	QO	vclaim-sno-marisa-tomei-awarded-oscar-mistake	1	40.01385977183381	SimBa
tweet-sno-1304	QO	vclaim-sno-disney-sister-act-3	1	39.71095937714947	SimBa
tweet-sno-1305	QO	vclaim-sno-leonardo-dicaprio-disney-channel	1	45.291371752259316	SimBa
tweet-sno-1305	QO	vclaim-sno-scarface-remake-leonardo-dicaprio	1	38.39948158986395	SimBa
tweet-sno-1305	QO	vclaim-sno-leonardo-dicaprio-cast-mlk-new-film-will-wear-blackface	1	35.36543047481406	SimBa
tweet-sno-1305	QO	vclaim-sno-mike-tyson-time-traveler	1	33.30372103011199	SimBa
tweet-sno-1305	QO	vclaim-sno-little-leaguer-porn-star	1	32.092212211062545	SimBa
tweet-sno-1306	QO	vclaim-sno-georgia-signature-audit	1	59.62736671010313	SimBa
tweet-sno-1306	QO	vclaim-sno-trump-georgia-runoff	1	51.259865795340396	SimBa
tweet-sno-1306	QO	vclaim-sno-biden-ossoff-warnock-checks-2000	1	48.61049142378441	SimBa
tweet-sno-1306	QO	vclaim-sno-could-trump-defy-popular-vote	1	47.871657848951145	SimBa
tweet-sno-1306	QO	vclaim-sno-teamkraken-georgia-injunction	1	47.5820943524141	SimBa
tweet-sno-1307	QO	vclaim-sno-trump-detroit-voters-2020	1	65.34835560462915	SimBa
tweet-sno-1307	QO	vclaim-sno-more-votes-than-voters-in-detroit	1	60.99174489488502	SimBa
tweet-sno-1307	QO	vclaim-sno-simple-math-on-biden-votes	1	56.1809811466533	SimBa
tweet-sno-1307	QO	vclaim-sno-pennsylvania-205000-votes	1	55.291132378067886	SimBa
tweet-sno-1307	QO	vclaim-sno-popular-vote-totals-rigged	1	55.2079846527807	SimBa
tweet-sno-1308	QO	vclaim-sno-trump-pardon-turkey-election	1	74.72974670346416	SimBa
tweet-sno-1308	QO	vclaim-sno-could-trump-defy-popular-vote	1	52.16709035137914	SimBa
tweet-sno-1308	QO	vclaim-sno-obama-signs-executive-order-declaring-investigation-into-election-results	1	49.67213090175869	SimBa
tweet-sno-1308	QO	vclaim-sno-trump-described-the-electoral-college-as-a-disaster	1	49.6526658228031	SimBa
tweet-sno-1308	QO	vclaim-sno-did-trump-call-mccain-a-loser	1	49.585590355570524	SimBa
tweet-sno-1309	QO	vclaim-sno-alaska-town-60-days-without-sun	1	62.258332587085675	SimBa
tweet-sno-1309	QO	vclaim-sno-wolf-moon-january	1	49.8635913675188	SimBa
tweet-sno-1309	QO	vclaim-sno-sun-lockdown	1	49.469409950529396	SimBa
tweet-sno-1309	QO	vclaim-sno-will-tonight-be-the-darkest-night-in-500-years	1	48.568660349903766	SimBa
tweet-sno-1309	QO	vclaim-sno-nasa-blackout-warning	1	46.138011891749436	SimBa
tweet-sno-1310	QO	vclaim-sno-florida-air-force-robotic-dogs	1	69.75746510611316	SimBa
tweet-sno-1310	QO	vclaim-sno-army-working-dogs-satire	1	53.93209088676224	SimBa
tweet-sno-1310	QO	vclaim-sno-nypd-robot-dogs-police	1	44.41606637855746	SimBa
tweet-sno-1310	QO	vclaim-sno-marine-corps-dog-adoptions	1	43.58443470428528	SimBa
tweet-sno-1310	QO	vclaim-sno-biden-dog-major-indoguration	1	40.815907330065876	SimBa
tweet-sno-1311	QO	vclaim-sno-20000-dead-voters-in-pennsylvania	1	75.38737170051215	SimBa
tweet-sno-1311	QO	vclaim-sno-wisconsin-vote-dump	1	72.12155877520887	SimBa
tweet-sno-1311	QO	vclaim-sno-trump-biden-vote-dumps	1	70.49001417279396	SimBa
tweet-sno-1311	QO	vclaim-sno-biden-admit-voter-fraud	1	67.97965736181354	SimBa
tweet-sno-1311	QO	vclaim-sno-everylegalvote-2020-election	1	67.62115075237227	SimBa
tweet-sno-1312	QO	vclaim-sno-christmas-tree-owl	1	57.67808116407798	SimBa
tweet-sno-1312	QO	vclaim-sno-snowy-owl-130-years	1	44.870112120244244	SimBa
tweet-sno-1312	QO	vclaim-sno-baby-found-grenfell-tower	1	38.59243159942646	SimBa
tweet-sno-1312	QO	vclaim-sno-freedom-and-jeff	1	38.12025996928787	SimBa
tweet-sno-1312	QO	vclaim-sno-goose-puppy-warm	1	37.99575057676365	SimBa
tweet-sno-1313	QO	vclaim-sno-wisconsin-vote-dump	1	77.14158344564883	SimBa
tweet-sno-1313	QO	vclaim-sno-trump-biden-vote-dumps	1	66.50502814255664	SimBa
tweet-sno-1313	QO	vclaim-sno-gallup-poll-electoral-fraud	1	61.29948843480165	SimBa
tweet-sno-1313	QO	vclaim-sno-300000-wisconsin-voters-turned-away-due-to-voter-id-laws	1	60.091258545039025	SimBa
tweet-sno-1313	QO	vclaim-sno-bidens-win-lie-of-the-year	1	59.10342227871094	SimBa
tweet-sno-1314	QO	vclaim-sno-dominion-servers-germany-seized	1	70.0913349383448	SimBa
tweet-sno-1314	QO	vclaim-sno-everylegalvote-2020-election	1	56.97632518249203	SimBa
tweet-sno-1314	QO	vclaim-sno-floyd-county-georgia-votes	1	56.521528291644984	SimBa
tweet-sno-1314	QO	vclaim-sno-dominion-deleted-trump-votes	1	55.38768947452317	SimBa
tweet-sno-1314	QO	vclaim-sno-facebook-analytics-electoral-map-shows-trump-sweep	1	54.53074617794749	SimBa
tweet-sno-1315	QO	vclaim-sno-dominion-servers-germany-seized	1	67.54596239126114	SimBa
tweet-sno-1315	QO	vclaim-sno-facebook-analytics-electoral-map-shows-trump-sweep	1	54.46023002160208	SimBa
tweet-sno-1315	QO	vclaim-sno-pennsylvania-205000-votes	1	51.62866270333628	SimBa
tweet-sno-1315	QO	vclaim-sno-everylegalvote-2020-election	1	51.261797006673746	SimBa
tweet-sno-1315	QO	vclaim-sno-trump-wins-pennsylvania	1	49.09147404368926	SimBa
tweet-sno-1316	QO	vclaim-sno-cuomo-vaccine-bad-news-trump	1	77.83017998042948	SimBa
tweet-sno-1316	QO	vclaim-sno-trump-promise-vaccine-election-day	1	56.72586304677297	SimBa
tweet-sno-1316	QO	vclaim-sno-fauci-warn-surprise-outbreak	1	55.90569847152669	SimBa
tweet-sno-1316	QO	vclaim-sno-cdc-halts-us-jj-covid-shots	1	55.5529313737714	SimBa
tweet-sno-1316	QO	vclaim-sno-trump-governors-covid-19	1	54.36765225082743	SimBa
tweet-sno-1317	QO	vclaim-sno-cornyn-votes-puerto-rico	1	80.98631792844176	SimBa
tweet-sno-1317	QO	vclaim-sno-could-trump-defy-popular-vote	1	53.00464373870038	SimBa
tweet-sno-1317	QO	vclaim-sno-uncounted-california-ballots	1	52.73042154883464	SimBa
tweet-sno-1317	QO	vclaim-sno-florida-moves-for-full-recount-of-state-votes-over-massive-voter-fraud	1	50.98086110666485	SimBa
tweet-sno-1317	QO	vclaim-sno-alabama-doug-jones-ballots	1	50.20987552436915	SimBa
tweet-sno-1318	QO	vclaim-sno-floyd-county-georgia-votes	1	59.90982764951448	SimBa
tweet-sno-1318	QO	vclaim-sno-georgia-signature-audit	1	59.01642704255643	SimBa
tweet-sno-1318	QO	vclaim-sno-ballots-georgia-senate	1	57.17480246879947	SimBa
tweet-sno-1318	QO	vclaim-sno-pa-mailin-votes-ballots	1	56.85032157154387	SimBa
tweet-sno-1318	QO	vclaim-sno-ballots-lancaster-pa	1	56.443185616511734	SimBa
tweet-sno-1319	QO	vclaim-sno-floyd-county-georgia-votes	1	82.35262854181713	SimBa
tweet-sno-1319	QO	vclaim-sno-georgia-signature-audit	1	64.86497669223498	SimBa
tweet-sno-1319	QO	vclaim-sno-georgia-dekalb-reject-mail-ballots	1	63.555427684485224	SimBa
tweet-sno-1319	QO	vclaim-sno-wisconsin-vote-dump	1	61.91486512754868	SimBa
tweet-sno-1319	QO	vclaim-sno-ballots-lancaster-pa	1	61.58370745235274	SimBa
tweet-sno-1320	QO	vclaim-sno-maga-trump-million-march	1	65.86448306815022	SimBa
tweet-sno-1320	QO	vclaim-sno-biden-trump-inauguration-crowd	1	60.957890164811786	SimBa
tweet-sno-1320	QO	vclaim-sno-simple-math-on-biden-votes	1	58.0028950767874	SimBa
tweet-sno-1320	QO	vclaim-sno-pennsylvania-trump-rally	1	54.80017825443272	SimBa
tweet-sno-1320	QO	vclaim-sno-trump-rally-crowd-66000	1	53.90286880786924	SimBa
tweet-sno-1321	QO	vclaim-sno-newsmax-biden-pence	1	72.64523434598956	SimBa
tweet-sno-1321	QO	vclaim-sno-gowdy-pence-2020	1	66.81144911549899	SimBa
tweet-sno-1321	QO	vclaim-sno-mike-pence-to-resign	1	61.65175417799971	SimBa
tweet-sno-1321	QO	vclaim-sno-smooth-transition-trump	1	58.822695722822814	SimBa
tweet-sno-1321	QO	vclaim-sno-pence-escorted	1	58.05734672625334	SimBa
tweet-sno-1322	QO	vclaim-sno-newsmax-biden-pence	1	77.58233594707693	SimBa
tweet-sno-1322	QO	vclaim-sno-trump-considering-resignation	1	59.87034516038006	SimBa
tweet-sno-1322	QO	vclaim-sno-mike-pence-to-resign	1	55.97355148798374	SimBa
tweet-sno-1322	QO	vclaim-sno-mike-pence-blames-media-for-trump-controversies	1	55.165515968295594	SimBa
tweet-sno-1322	QO	vclaim-sno-gowdy-pence-2020	1	54.571153664493636	SimBa
tweet-sno-1323	QO	vclaim-sno-newsmax-biden-pence	1	73.26485037147432	SimBa
tweet-sno-1323	QO	vclaim-sno-gowdy-pence-2020	1	56.81355891462886	SimBa
tweet-sno-1323	QO	vclaim-sno-smooth-transition-trump	1	55.46081576728225	SimBa
tweet-sno-1323	QO	vclaim-sno-mike-pence-blames-media-for-trump-controversies	1	55.41663617191081	SimBa
tweet-sno-1323	QO	vclaim-sno-pence-escorted	1	54.63800711600946	SimBa
tweet-sno-1324	QO	vclaim-sno-rnc-chairwoman-deleted-tweet	1	68.85758021262134	SimBa
tweet-sno-1324	QO	vclaim-sno-tomi-lahren-biden-supporters-loot	1	61.22748906743193	SimBa
tweet-sno-1324	QO	vclaim-sno-joe-biden-beat-biden	1	59.73073894538556	SimBa
tweet-sno-1324	QO	vclaim-sno-bidens-win-lie-of-the-year	1	58.35139805931522	SimBa
tweet-sno-1324	QO	vclaim-sno-fake-aoc-purge-tweet	1	58.058903514000676	SimBa
tweet-sno-1325	QO	vclaim-sno-raising-canes-chicken-bankruptcy	1	59.61981742483505	SimBa
tweet-sno-1325	QO	vclaim-sno-nordstrom-chapter-11-baio-boycott	1	39.736418607408794	SimBa
tweet-sno-1325	QO	vclaim-sno-wendys-heartbreaking-announcement	1	39.38931959488701	SimBa
tweet-sno-1325	QO	vclaim-sno-taco-bell-closing-2020	1	39.326678571399455	SimBa
tweet-sno-1325	QO	vclaim-sno-ruby-tuesday-closing	1	37.95847745467572	SimBa
tweet-sno-1326	QO	vclaim-sno-raising-canes-chicken-bankruptcy	1	46.050953390340595	SimBa
tweet-sno-1326	QO	vclaim-sno-taco-bell-closing-2020	1	39.90796188265432	SimBa
tweet-sno-1326	QO	vclaim-sno-wendys-heartbreaking-announcement	1	38.33364279027577	SimBa
tweet-sno-1326	QO	vclaim-sno-everyones-leaving-los-angeles	1	36.8135444731402	SimBa
tweet-sno-1326	QO	vclaim-sno-forever-21	1	36.31982193069922	SimBa
tweet-sno-1327	QO	vclaim-sno-obama-foundation-floyd-death	1	40.6614628208587	SimBa
tweet-sno-1327	QO	vclaim-sno-tweet-predict-kobe-death	1	39.02427900950704	SimBa
tweet-sno-1327	QO	vclaim-sno-steven-seagal-death-hoax	1	38.599055102162886	SimBa
tweet-sno-1327	QO	vclaim-sno-tim-kaine-blamed-guns-for-knife-attack	1	37.06026233756296	SimBa
tweet-sno-1327	QO	vclaim-sno-dr-creep-predict-coronavirus-2013	1	36.87631442046603	SimBa
tweet-sno-1328	QO	vclaim-sno-xbox-playstation-ps5-congrats	1	72.86133517282903	SimBa
tweet-sno-1328	QO	vclaim-sno-ninja-turtles-shredders-revenge	1	37.07718033313783	SimBa
tweet-sno-1328	QO	vclaim-sno-cyberpunk-2077-refunds	1	36.20048885959973	SimBa
tweet-sno-1328	QO	vclaim-sno-all-work-and-no-playstation	1	33.36720651880964	SimBa
tweet-sno-1328	QO	vclaim-sno-gta6-map-coordinates	1	31.928338536373943	SimBa
tweet-sno-1329	QO	vclaim-sno-xbox-playstation-ps5-congrats	1	73.21705523651937	SimBa
tweet-sno-1329	QO	vclaim-sno-cyberpunk-2077-refunds	1	37.1528521296717	SimBa
tweet-sno-1329	QO	vclaim-sno-all-work-and-no-playstation	1	33.71154504433417	SimBa
tweet-sno-1329	QO	vclaim-sno-amazon-holiday-shopping	1	33.42694901196681	SimBa
tweet-sno-1329	QO	vclaim-sno-ninja-turtles-shredders-revenge	1	31.782688155141603	SimBa
tweet-sno-1330	QO	vclaim-sno-ice-twitter-account-disappear	1	62.199722009851754	SimBa
tweet-sno-1330	QO	vclaim-sno-nps-twitter-account-shut-down	1	43.138618945622284	SimBa
tweet-sno-1330	QO	vclaim-sno-fbi-prince-andrew-twitter	1	39.28971383744601	SimBa
tweet-sno-1330	QO	vclaim-sno-trump-twitter-john-barron-1946	1	39.08704027754753	SimBa
tweet-sno-1330	QO	vclaim-sno-loser-com-trump-wikipedia-page	1	37.72245819809002	SimBa
tweet-sno-1331	QO	vclaim-sno-ice-twitter-account-disappear	1	74.21176070271665	SimBa
tweet-sno-1331	QO	vclaim-sno-nps-twitter-account-shut-down	1	47.19974150489686	SimBa
tweet-sno-1331	QO	vclaim-sno-trump-twitter-john-barron-1946	1	45.23424624164768	SimBa
tweet-sno-1331	QO	vclaim-sno-trump-lose-followers-first-time	1	44.06565612541533	SimBa
tweet-sno-1331	QO	vclaim-sno-onlyfans-trump-ban-capitol	1	41.808339606205294	SimBa
tweet-sno-1332	QO	vclaim-sno-veterans-national-parks-lifetime	1	81.97872948801114	SimBa
tweet-sno-1332	QO	vclaim-sno-free-meals-for-veterans	1	54.91311476127207	SimBa
tweet-sno-1332	QO	vclaim-sno-trump-veterans-free-health-care	1	50.864400609222606	SimBa
tweet-sno-1332	QO	vclaim-sno-trump-salary-military-cemeteries	1	45.244008062381795	SimBa
tweet-sno-1332	QO	vclaim-sno-paws-act-veterans-ptsd-service-dogs	1	43.4686352284546	SimBa
tweet-sno-1333	QO	vclaim-sno-covid-vaccine-funded-by-trump	1	71.76170738145241	SimBa
tweet-sno-1333	QO	vclaim-sno-did-trump-praise-covid-19-vaccines	1	60.07882876873009	SimBa
tweet-sno-1333	QO	vclaim-sno-cuomo-vaccine-bad-news-trump	1	59.71506189317911	SimBa
tweet-sno-1333	QO	vclaim-sno-trump-promise-vaccine-election-day	1	58.68959604696191	SimBa
tweet-sno-1333	QO	vclaim-sno-trump-beautiful-covid-19-vaccine	1	55.66508146318708	SimBa
tweet-sno-1334	QO	vclaim-sno-covid-vaccine-funded-by-trump	1	70.53357996854103	SimBa
tweet-sno-1334	QO	vclaim-sno-trump-promise-vaccine-election-day	1	56.593003758156996	SimBa
tweet-sno-1334	QO	vclaim-sno-cuomo-vaccine-bad-news-trump	1	55.92818722184272	SimBa
tweet-sno-1334	QO	vclaim-sno-did-trump-praise-covid-19-vaccines	1	55.15188229868939	SimBa
tweet-sno-1334	QO	vclaim-sno-trump-beautiful-covid-19-vaccine	1	51.801562581225596	SimBa
tweet-sno-1335	QO	vclaim-sno-biden-hat-trump-maga	1	67.08062464708254	SimBa
tweet-sno-1335	QO	vclaim-sno-trump-biden-resident-meme	1	58.23481937620161	SimBa
tweet-sno-1335	QO	vclaim-sno-biden-trump-xenophobic	1	55.758474353475755	SimBa
tweet-sno-1335	QO	vclaim-sno-biden-trump-dregs-society	1	55.668945821512196	SimBa
tweet-sno-1335	QO	vclaim-sno-biden-admit-voter-fraud	1	55.62299445847958	SimBa
tweet-sno-1336	QO	vclaim-sno-biden-major-dog-rescue-white-house	1	86.27631850497083	SimBa
tweet-sno-1336	QO	vclaim-sno-biden-dog-major-indoguration	1	69.47208731400963	SimBa
tweet-sno-1336	QO	vclaim-sno-biden-team-statement-dog	1	66.4918186350201	SimBa
tweet-sno-1336	QO	vclaim-sno-biden-dogs-kicked-out-white-house	1	62.09822701549767	SimBa
tweet-sno-1336	QO	vclaim-sno-biden-dogs-trump-chew-toy	1	59.42720573772485	SimBa
tweet-sno-1337	QO	vclaim-sno-golfing-trump-election-results	1	63.986510500667414	SimBa
tweet-sno-1337	QO	vclaim-sno-trump-golf-rallies-coronavirus	1	62.82261832506896	SimBa
tweet-sno-1337	QO	vclaim-sno-trump-tulsa-rally-covid19-test	1	54.404335853831796	SimBa
tweet-sno-1337	QO	vclaim-sno-twitter-cammo-trump-covid	1	54.30350456058097	SimBa
tweet-sno-1337	QO	vclaim-sno-donald-trump-golf-course	1	54.18237192593711	SimBa
tweet-sno-1338	QO	vclaim-sno-bannon-fauci-wray-head-pikes	1	74.73774275573867	SimBa
tweet-sno-1338	QO	vclaim-sno-steve-bannon-predicts-obama	1	61.0127503400266	SimBa
tweet-sno-1338	QO	vclaim-sno-bannon-hell-capitol-attack	1	57.70775266461784	SimBa
tweet-sno-1338	QO	vclaim-sno-isis-called-for-assassination-of-barron-trump	1	55.9136769356175	SimBa
tweet-sno-1338	QO	vclaim-sno-jesse-watters-faucis-assassination	1	54.35554162881085	SimBa
tweet-sno-1339	QO	vclaim-sno-gray-wolves-endangered-trump	1	62.92230960003526	SimBa
tweet-sno-1339	QO	vclaim-sno-trump-whales-sea-turtles	1	52.63930111755183	SimBa
tweet-sno-1339	QO	vclaim-sno-trump-animal-cruelty	1	48.49103640736823	SimBa
tweet-sno-1339	QO	vclaim-sno-obama-gives-kill-order-for-bald-eagles	1	47.13637447542764	SimBa
tweet-sno-1339	QO	vclaim-sno-trump-hunting-bald-eagles	1	46.39509379345435	SimBa
tweet-sno-1340	QO	vclaim-sno-pa-worker-filling-ballots	1	63.47856549885772	SimBa
tweet-sno-1340	QO	vclaim-sno-erie-pennsylvania-trump-ballots	1	52.43637516343379	SimBa
tweet-sno-1340	QO	vclaim-sno-mail-in-voting-ballots	1	51.18650278202142	SimBa
tweet-sno-1340	QO	vclaim-sno-ballots-lancaster-pa	1	50.01807271924477	SimBa
tweet-sno-1340	QO	vclaim-sno-ballots-video-voter-fraud-trump	1	49.86228130802971	SimBa
tweet-sno-1341	QO	vclaim-sno-stop-the-count-chant	1	69.1263587414385	SimBa
tweet-sno-1341	QO	vclaim-sno-erie-pennsylvania-trump-ballots	1	59.286162364767584	SimBa
tweet-sno-1341	QO	vclaim-sno-trump-vote-twice-north-carolina	1	59.10039063801445	SimBa
tweet-sno-1341	QO	vclaim-sno-popular-vote-totals-rigged	1	55.64327922005076	SimBa
tweet-sno-1341	QO	vclaim-sno-floyd-county-georgia-votes	1	55.58102880701803	SimBa
tweet-sno-1342	QO	vclaim-sno-trump-recount-battleground-states	1	85.48972032330988	SimBa
tweet-sno-1342	QO	vclaim-sno-12th-amendment-path-to-victory	1	56.15103913879739	SimBa
tweet-sno-1342	QO	vclaim-sno-trump-described-the-electoral-college-as-a-disaster	1	55.488693905329654	SimBa
tweet-sno-1342	QO	vclaim-sno-trump-vote-twice-north-carolina	1	53.726731502371806	SimBa
tweet-sno-1342	QO	vclaim-sno-obama-signs-executive-order-declaring-investigation-into-election-results	1	52.461942282080145	SimBa
tweet-sno-1343	QO	vclaim-sno-sharpie-trump-ballots-arizona	1	63.77016989372878	SimBa
tweet-sno-1343	QO	vclaim-sno-millions-mail-in-ballots	1	60.86518627870569	SimBa
tweet-sno-1343	QO	vclaim-sno-california-unlawful-ballots	1	58.29402073957617	SimBa
tweet-sno-1343	QO	vclaim-sno-ballot-envelopes-reveal-party	1	58.14389658325847	SimBa
tweet-sno-1343	QO	vclaim-sno-texas-vote-switching	1	57.05896412954698	SimBa
tweet-sno-1344	QO	vclaim-sno-sharpie-trump-ballots-arizona	1	76.52069658341988	SimBa
tweet-sno-1344	QO	vclaim-sno-california-unlawful-ballots	1	60.453508838272796	SimBa
tweet-sno-1344	QO	vclaim-sno-millions-mail-in-ballots	1	58.756654997090195	SimBa
tweet-sno-1344	QO	vclaim-sno-georgia-signature-audit	1	57.403136181736315	SimBa
tweet-sno-1344	QO	vclaim-sno-ballots-lancaster-pa	1	56.75608648240731	SimBa
tweet-sno-1345	QO	vclaim-sno-wisconsin-vote-dump	1	66.78093328538722	SimBa
tweet-sno-1345	QO	vclaim-sno-sharpie-trump-ballots-arizona	1	66.2373564204065	SimBa
tweet-sno-1345	QO	vclaim-sno-trump-biden-vote-dumps	1	62.43977306804098	SimBa
tweet-sno-1345	QO	vclaim-sno-millions-mail-in-ballots	1	61.59575167055773	SimBa
tweet-sno-1345	QO	vclaim-sno-california-unlawful-ballots	1	61.34521764343389	SimBa
tweet-sno-1346	QO	vclaim-sno-saved-whale-says-thanks	1	46.504043862742094	SimBa
tweet-sno-1346	QO	vclaim-sno-fisherman-survived-inside-whale-for-three-days	1	41.015554048266665	SimBa
tweet-sno-1346	QO	vclaim-sno-killer-whale	1	40.277383089410634	SimBa
tweet-sno-1346	QO	vclaim-sno-dolphin-caught-in-hurricane-winds	1	39.56355565013135	SimBa
tweet-sno-1346	QO	vclaim-sno-big-gulp	1	39.10661587082103	SimBa
tweet-sno-1347	QO	vclaim-sno-humpback-whale-eat-kayaker	1	66.63822276964689	SimBa
tweet-sno-1347	QO	vclaim-sno-big-gulp	1	64.58738917831369	SimBa
tweet-sno-1347	QO	vclaim-sno-killer-whale	1	61.34468142238707	SimBa
tweet-sno-1347	QO	vclaim-sno-photograph-kayak-orcas	1	58.391992112228706	SimBa
tweet-sno-1347	QO	vclaim-sno-blue-whale-under-rowboat	1	56.37893284724716	SimBa
tweet-sno-1348	QO	vclaim-sno-biden-black-athletes-green-mile	1	50.742287202941455	SimBa
tweet-sno-1348	QO	vclaim-sno-biden-racial-jungle-quote	1	39.65318952564131	SimBa
tweet-sno-1348	QO	vclaim-sno-joe-biden-ancestors-own-slaves	1	38.71405497029605	SimBa
tweet-sno-1348	QO	vclaim-sno-biden-poor-kids-white-kids	1	37.947311781977675	SimBa
tweet-sno-1348	QO	vclaim-sno-jackie-robinson-anthem	1	36.644973774713165	SimBa
tweet-sno-1349	QO	vclaim-sno-kamala-harris-pearls-election-day	1	58.475374638634335	SimBa
tweet-sno-1349	QO	vclaim-sno-hillary-clinton-embraces-the-woman-card	1	44.45426186449751	SimBa
tweet-sno-1349	QO	vclaim-sno-hillary-clintons-premature-celebration	1	43.52057929983829	SimBa
tweet-sno-1349	QO	vclaim-sno-monica-lewinsky-voting-for-hillary-clinton	1	41.53330159167969	SimBa
tweet-sno-1349	QO	vclaim-sno-kamala-harris-protests	1	41.23533617989968	SimBa
tweet-sno-1350	QO	vclaim-sno-amish-trump-presidential-victory	1	62.02611985454017	SimBa
tweet-sno-1350	QO	vclaim-sno-amish-buggies-trump	1	58.082626493550904	SimBa
tweet-sno-1350	QO	vclaim-sno-trump-stimulus-package-election	1	47.09839219217304	SimBa
tweet-sno-1350	QO	vclaim-sno-trump-wins-pennsylvania	1	46.6461287169231	SimBa
tweet-sno-1350	QO	vclaim-sno-mary-miller-hitler	1	45.748592966333874	SimBa
tweet-sno-1351	QO	vclaim-sno-omar-minnesota-register-vote	1	65.35663173353024	SimBa
tweet-sno-1351	QO	vclaim-sno-pence-op-ed-hr1-immigrants	1	47.19023508027158	SimBa
tweet-sno-1351	QO	vclaim-sno-uber-lyft-free-rides-polls	1	44.104828998092295	SimBa
tweet-sno-1351	QO	vclaim-sno-phoney-voting	1	43.67480028905216	SimBa
tweet-sno-1351	QO	vclaim-sno-strawman-poll	1	42.415557476551875	SimBa
tweet-sno-1352	QO	vclaim-sno-joe-biden-war-hero-story	1	57.87482226121492	SimBa
tweet-sno-1352	QO	vclaim-sno-c-span-video-joe-biden-ukraine	1	57.51085259572964	SimBa
tweet-sno-1352	QO	vclaim-sno-biden-admit-voter-fraud	1	56.45868746639136	SimBa
tweet-sno-1352	QO	vclaim-sno-bar-owner-biden-ad	1	56.1945063654628	SimBa
tweet-sno-1352	QO	vclaim-sno-hunter-biden-flipped-fbi	1	55.42680648559792	SimBa
tweet-sno-1353	QO	vclaim-sno-hunter-biden-flipped-fbi	1	67.02301051607341	SimBa
tweet-sno-1353	QO	vclaim-sno-hunter-biden-dead-overdose-hoax	1	54.17062582918729	SimBa
tweet-sno-1353	QO	vclaim-sno-c-span-video-joe-biden-ukraine	1	53.84885227258168	SimBa
tweet-sno-1353	QO	vclaim-sno-biden-admit-voter-fraud	1	52.58773478145565	SimBa
tweet-sno-1353	QO	vclaim-sno-joe-biden-ask-reporter-junkie	1	49.93842869668501	SimBa
tweet-sno-1354	QO	vclaim-sno-hunter-biden-flipped-fbi	1	55.197889046609326	SimBa
tweet-sno-1354	QO	vclaim-sno-joe-biden-endorsement	1	54.61076021809642	SimBa
tweet-sno-1354	QO	vclaim-sno-joe-biden-beat-biden	1	54.24774335794547	SimBa
tweet-sno-1354	QO	vclaim-sno-hunter-biden-dead-overdose-hoax	1	54.242391319421486	SimBa
tweet-sno-1354	QO	vclaim-sno-biden-faux-campaign-website	1	54.169058762423546	SimBa
tweet-sno-1355	QO	vclaim-sno-harlan-hill-eat-shoe-biden-won	1	41.43897340031222	SimBa
tweet-sno-1355	QO	vclaim-sno-tomi-lahren-biden-supporters-loot	1	41.13730441824377	SimBa
tweet-sno-1355	QO	vclaim-sno-trump-biden-resident-meme	1	40.9127436881336	SimBa
tweet-sno-1355	QO	vclaim-sno-hunter-biden-flipped-fbi	1	40.84731839556904	SimBa
tweet-sno-1355	QO	vclaim-sno-twitter-cammo-trump-covid	1	40.58697909686782	SimBa
tweet-sno-1356	QO	vclaim-sno-biden-admit-voter-fraud	1	59.858194590223974	SimBa
tweet-sno-1356	QO	vclaim-sno-hunter-biden-flipped-fbi	1	53.77206723281496	SimBa
tweet-sno-1356	QO	vclaim-sno-c-span-video-joe-biden-ukraine	1	53.04708292139752	SimBa
tweet-sno-1356	QO	vclaim-sno-biden-maskless-birthday-video	1	52.27575391935365	SimBa
tweet-sno-1356	QO	vclaim-sno-hunter-biden-dead-overdose-hoax	1	52.10620806796415	SimBa
tweet-sno-1357	QO	vclaim-sno-armed-trump-fans-biden-bus	1	70.49690331285589	SimBa
tweet-sno-1357	QO	vclaim-sno-fbi-trump-biden-bus	1	62.642622401554775	SimBa
tweet-sno-1357	QO	vclaim-sno-truckers-strike-thanksgiving	1	58.26126731974962	SimBa
tweet-sno-1357	QO	vclaim-sno-trump-biden-assassination-shot	1	54.49444187560341	SimBa
tweet-sno-1357	QO	vclaim-sno-trump-tell-supporters-storm	1	54.064197790516374	SimBa
tweet-sno-1358	QO	vclaim-sno-fbi-trump-biden-bus	1	70.02671658627328	SimBa
tweet-sno-1358	QO	vclaim-sno-anti-trump-protesters-bused-into-austin	1	60.26090562126301	SimBa
tweet-sno-1358	QO	vclaim-sno-armed-trump-fans-biden-bus	1	56.921100195244705	SimBa
tweet-sno-1358	QO	vclaim-sno-truckers-strike-thanksgiving	1	49.88194953218985	SimBa
tweet-sno-1358	QO	vclaim-sno-moving-truck-cspan	1	49.594417137781136	SimBa
tweet-sno-1359	QO	vclaim-sno-fbi-trump-biden-bus	1	67.58988179629799	SimBa
tweet-sno-1359	QO	vclaim-sno-armed-trump-fans-biden-bus	1	64.54817018910883	SimBa
tweet-sno-1359	QO	vclaim-sno-virginia-gun-rally-staged	1	57.67402429182499	SimBa
tweet-sno-1359	QO	vclaim-sno-run-over-trump-protesters	1	56.510369930093546	SimBa
tweet-sno-1359	QO	vclaim-sno-trump-mob-capitol	1	53.737265586159054	SimBa
tweet-sno-1360	QO	vclaim-sno-fbi-trump-biden-bus	1	65.72059318188212	SimBa
tweet-sno-1360	QO	vclaim-sno-anti-trump-protesters-bused-into-austin	1	53.0704108390756	SimBa
tweet-sno-1360	QO	vclaim-sno-truckers-strike-thanksgiving	1	52.31033457703967	SimBa
tweet-sno-1360	QO	vclaim-sno-moving-truck-cspan	1	52.309642143863826	SimBa
tweet-sno-1360	QO	vclaim-sno-armed-trump-fans-biden-bus	1	51.03929307001637	SimBa
tweet-sno-1361	QO	vclaim-sno-tomi-lahren-biden-supporters-loot	1	54.51262509476713	SimBa
tweet-sno-1361	QO	vclaim-sno-virginia-gun-rally-staged	1	54.21682146355444	SimBa
tweet-sno-1361	QO	vclaim-sno-trump-biden-assassination-shot	1	53.67703531115579	SimBa
tweet-sno-1361	QO	vclaim-sno-mike-pence-tweet	1	52.53583188463749	SimBa
tweet-sno-1361	QO	vclaim-sno-biden-tucker-carlson-white-men	1	51.80282168818609	SimBa
tweet-sno-1362	QO	vclaim-sno-sean-connery-trump-golf-course	1	67.12616419520205	SimBa
tweet-sno-1362	QO	vclaim-sno-hackman-trump-president	1	45.83028446653031	SimBa
tweet-sno-1362	QO	vclaim-sno-sean-connery-net-worth	1	44.67654950150324	SimBa
tweet-sno-1362	QO	vclaim-sno-keanu-reeves-trump-successful-man	1	43.844453290125614	SimBa
tweet-sno-1362	QO	vclaim-sno-bill-murray-death-notice	1	43.22452257027976	SimBa
tweet-sno-1363	QO	vclaim-sno-taco-bell-mexican-pizza	1	53.307614198101476	SimBa
tweet-sno-1363	QO	vclaim-sno-taco-bell-closing-2020	1	53.2758146226485	SimBa
tweet-sno-1363	QO	vclaim-sno-taco-bell-menu-change	1	49.15214800444948	SimBa
tweet-sno-1363	QO	vclaim-sno-taco-bell-closing	1	46.30694676618222	SimBa
tweet-sno-1363	QO	vclaim-sno-taco-cabana-sign-donald-trump-prank	1	44.13962326356423	SimBa
tweet-sno-1364	QO	vclaim-sno-taco-bell-mexican-pizza	1	57.400456493344294	SimBa
tweet-sno-1364	QO	vclaim-sno-taco-bell-closing-2020	1	51.392827521527714	SimBa
tweet-sno-1364	QO	vclaim-sno-taco-bell-menu-change	1	50.14269272849781	SimBa
tweet-sno-1364	QO	vclaim-sno-taco-bell-major-changes	1	46.66725104499574	SimBa
tweet-sno-1364	QO	vclaim-sno-taco-cabana-sign-donald-trump-prank	1	45.78995108708976	SimBa
tweet-sno-1365	QO	vclaim-sno-taco-bell-closing-2020	1	49.999612506155515	SimBa
tweet-sno-1365	QO	vclaim-sno-taco-bell-mexican-pizza	1	49.80033117827037	SimBa
tweet-sno-1365	QO	vclaim-sno-taco-bell-menu-change	1	44.974061641713476	SimBa
tweet-sno-1365	QO	vclaim-sno-taco-bell-major-changes	1	43.50959418070205	SimBa
tweet-sno-1365	QO	vclaim-sno-scott-walker-pizza	1	42.23853178898461	SimBa
tweet-sno-1366	QO	vclaim-sno-taco-bell-closing-2020	1	56.350446549827645	SimBa
tweet-sno-1366	QO	vclaim-sno-taco-bell-mexican-pizza	1	52.96881662792962	SimBa
tweet-sno-1366	QO	vclaim-sno-taco-bell-menu-change	1	50.735336593817514	SimBa
tweet-sno-1366	QO	vclaim-sno-mcpizza	1	50.69938900166722	SimBa
tweet-sno-1366	QO	vclaim-sno-pizza-is-good-for-you	1	45.383813201873274	SimBa
tweet-sno-1367	QO	vclaim-sno-taco-bell-closing-2020	1	60.45387017302471	SimBa
tweet-sno-1367	QO	vclaim-sno-taco-bell-mexican-pizza	1	57.997267674900414	SimBa
tweet-sno-1367	QO	vclaim-sno-taco-bell-menu-change	1	54.985080564360366	SimBa
tweet-sno-1367	QO	vclaim-sno-taco-bell-closing	1	48.13159686431689	SimBa
tweet-sno-1367	QO	vclaim-sno-meat-your-maker	1	47.822160390846676	SimBa
tweet-sno-1368	QO	vclaim-sno-taco-bell-closing-2020	1	53.30889467530484	SimBa
tweet-sno-1368	QO	vclaim-sno-subway-pizza-hut-closing	1	49.34225711740883	SimBa
tweet-sno-1368	QO	vclaim-sno-cheesecake-factory-closing-rumor	1	46.185700649752434	SimBa
tweet-sno-1368	QO	vclaim-sno-not-lovin39-it	1	45.00262985697062	SimBa
tweet-sno-1368	QO	vclaim-sno-olive-garden-closing	1	44.40787040608165	SimBa
tweet-sno-1369	QO	vclaim-sno-cheesecake-factory-closing-rumor	1	51.88293771571154	SimBa
tweet-sno-1369	QO	vclaim-sno-ruby-tuesday-closing	1	51.207441062562154	SimBa
tweet-sno-1369	QO	vclaim-sno-wendys-heartbreaking-announcement	1	50.2947238564949	SimBa
tweet-sno-1369	QO	vclaim-sno-taco-bell-closing-2020	1	48.896713268355946	SimBa
tweet-sno-1369	QO	vclaim-sno-subway-pizza-hut-closing	1	47.40506777184471	SimBa
tweet-sno-1370	QO	vclaim-sno-cheesecake-factory-closing-rumor	1	57.9327001390788	SimBa
tweet-sno-1370	QO	vclaim-sno-subway-pizza-hut-closing	1	49.9079097537461	SimBa
tweet-sno-1370	QO	vclaim-sno-car-czar	1	48.5377438419563	SimBa
tweet-sno-1370	QO	vclaim-sno-outback-trump-supporters	1	48.19567310242938	SimBa
tweet-sno-1370	QO	vclaim-sno-taco-bell-closing-2020	1	47.36082928317376	SimBa
tweet-sno-1371	QO	vclaim-sno-cheesecake-factory-closing-rumor	1	68.19659733193731	SimBa
tweet-sno-1371	QO	vclaim-sno-ruby-tuesday-closing	1	54.64713861808505	SimBa
tweet-sno-1371	QO	vclaim-sno-olive-garden-closing	1	54.57274430486376	SimBa
tweet-sno-1371	QO	vclaim-sno-taco-bell-closing-2020	1	54.151964674016185	SimBa
tweet-sno-1371	QO	vclaim-sno-subway-pizza-hut-closing	1	53.944274118714816	SimBa
tweet-sno-1372	QO	vclaim-sno-cheesecake-factory-closing-rumor	1	65.51945885191793	SimBa
tweet-sno-1372	QO	vclaim-sno-ruby-tuesday-closing	1	53.84970818421823	SimBa
tweet-sno-1372	QO	vclaim-sno-taco-bell-closing-2020	1	51.26817969806675	SimBa
tweet-sno-1372	QO	vclaim-sno-subway-pizza-hut-closing	1	50.95071580610598	SimBa
tweet-sno-1372	QO	vclaim-sno-knotts-berry-farm-fleeing	1	50.52032508682633	SimBa
tweet-sno-1373	QO	vclaim-sno-cheesecake-factory-closing-rumor	1	57.287480238327156	SimBa
tweet-sno-1373	QO	vclaim-sno-taco-bell-closing-2020	1	50.18652895602847	SimBa
tweet-sno-1373	QO	vclaim-sno-wendys-heartbreaking-announcement	1	48.46768652267938	SimBa
tweet-sno-1373	QO	vclaim-sno-ruby-tuesday-closing	1	47.389379067471324	SimBa
tweet-sno-1373	QO	vclaim-sno-knotts-berry-farm-fleeing	1	46.804686055701694	SimBa
tweet-sno-1374	QO	vclaim-sno-cheesecake-factory-closing-rumor	1	79.44087767619456	SimBa
tweet-sno-1374	QO	vclaim-sno-taco-bell-closing	1	59.59892460502516	SimBa
tweet-sno-1374	QO	vclaim-sno-red-lobster-closing	1	59.12533459889425	SimBa
tweet-sno-1374	QO	vclaim-sno-subway-pizza-hut-closing	1	58.87643493351075	SimBa
tweet-sno-1374	QO	vclaim-sno-olive-garden-closing	1	57.719387313502196	SimBa
tweet-sno-1375	QO	vclaim-sno-cheesecake-factory-closing-rumor	1	48.221030507481345	SimBa
tweet-sno-1375	QO	vclaim-sno-taco-bell-closing-2020	1	43.37976174665135	SimBa
tweet-sno-1375	QO	vclaim-sno-olive-garden-trump-reelection	1	40.17343620478633	SimBa
tweet-sno-1375	QO	vclaim-sno-olive-garden-closing	1	39.748581289118185	SimBa
tweet-sno-1375	QO	vclaim-sno-wendys-heartbreaking-announcement	1	39.09986418173992	SimBa
tweet-sno-1376	QO	vclaim-sno-girl-scouts-congratulate-barrett	1	54.22519742344426	SimBa
tweet-sno-1376	QO	vclaim-sno-marjorie-taylor-greene-twitter	1	48.93778141794252	SimBa
tweet-sno-1376	QO	vclaim-sno-twitter-marjorie-taylor-greene	1	48.93318457179207	SimBa
tweet-sno-1376	QO	vclaim-sno-obama-warren-unfollow-hillary-clinton	1	47.21079371551298	SimBa
tweet-sno-1376	QO	vclaim-sno-rnc-chairwoman-deleted-tweet	1	46.16976415182821	SimBa
tweet-sno-1377	QO	vclaim-sno-aoc-gop-sad-stupid-vanity-fair	1	62.49073924384873	SimBa
tweet-sno-1377	QO	vclaim-sno-bernie-sanders-trump-shirts	1	46.15485248961587	SimBa
tweet-sno-1377	QO	vclaim-sno-nancy-pelosi-wrap-up-smear	1	45.792376600013625	SimBa
tweet-sno-1377	QO	vclaim-sno-aoc-actress-playing-lawmaker	1	44.87965378883308	SimBa
tweet-sno-1377	QO	vclaim-sno-did-aoc-say-this-about-trump	1	44.01720015254958	SimBa
tweet-sno-1378	QO	vclaim-sno-trump-biden-assassination-shot	1	74.79240964895466	SimBa
tweet-sno-1378	QO	vclaim-sno-isis-called-for-assassination-of-barron-trump	1	60.658329356442266	SimBa
tweet-sno-1378	QO	vclaim-sno-trump-lincoln-dishonest	1	59.575461548514696	SimBa
tweet-sno-1378	QO	vclaim-sno-bannon-hell-capitol-attack	1	56.99876237483996	SimBa
tweet-sno-1378	QO	vclaim-sno-fake-trump-tweet	1	56.74720629417675	SimBa
tweet-sno-1379	QO	vclaim-sno-biden-admit-voter-fraud	1	69.53861467266522	SimBa
tweet-sno-1379	QO	vclaim-sno-trump-biden-vote-dumps	1	67.36352789667055	SimBa
tweet-sno-1379	QO	vclaim-sno-wisconsin-vote-dump	1	63.25514927689114	SimBa
tweet-sno-1379	QO	vclaim-sno-simple-math-on-biden-votes	1	61.71399947298349	SimBa
tweet-sno-1379	QO	vclaim-sno-bidens-win-lie-of-the-year	1	61.2597169193788	SimBa
tweet-sno-1380	QO	vclaim-sno-biden-tweet-pandemic	1	68.996314088002	SimBa
tweet-sno-1380	QO	vclaim-sno-2009-trump-tweet-pandemic	1	67.08840327124412	SimBa
tweet-sno-1380	QO	vclaim-sno-experts-officials-pandemic-2018	1	63.68143664688133	SimBa
tweet-sno-1380	QO	vclaim-sno-trump-tweet-obama-8-years	1	62.24967208645097	SimBa
tweet-sno-1380	QO	vclaim-sno-trump-deflect-to-h1n1	1	57.930235868851355	SimBa
tweet-sno-1381	QO	vclaim-sno-merriam-webster-barrett-sexual	1	65.40525601674923	SimBa
tweet-sno-1381	QO	vclaim-sno-fascism-corporations-corporatism-dictionary	1	45.429848786068135	SimBa
tweet-sno-1381	QO	vclaim-sno-irregardless-merriam-webster	1	44.09972766618667	SimBa
tweet-sno-1381	QO	vclaim-sno-merriam-webster-definition-racism	1	42.53137262477243	SimBa
tweet-sno-1381	QO	vclaim-sno-mike-pence-homo-sapiens	1	40.39133818413883	SimBa
tweet-sno-1382	QO	vclaim-sno-joe-biden-n-word-recorded-speech	1	57.200553696629804	SimBa
tweet-sno-1382	QO	vclaim-sno-kamala-harris-call-biden-racist	1	54.94274306560233	SimBa
tweet-sno-1382	QO	vclaim-sno-biden-trump-dregs-society	1	54.611020954085674	SimBa
tweet-sno-1382	QO	vclaim-sno-biden-trump-xenophobic	1	54.083042914457394	SimBa
tweet-sno-1382	QO	vclaim-sno-joe-biden-put-yall-back-in-chains	1	53.678261413681135	SimBa
tweet-sno-1383	QO	vclaim-sno-mitch-mcconnells-hands	1	60.039426122900025	SimBa
tweet-sno-1383	QO	vclaim-sno-amy-coney-barrett	1	42.40112472924726	SimBa
tweet-sno-1383	QO	vclaim-sno-mcconnell-voting-photobomb	1	41.7209143279581	SimBa
tweet-sno-1383	QO	vclaim-sno-did-c-span-insult-mitch-mcconnell	1	40.13462491045517	SimBa
tweet-sno-1383	QO	vclaim-sno-aoc-dua-lipa-ocasio-cortez	1	39.57586091018895	SimBa
tweet-sno-1384	QO	vclaim-sno-nurse-gop-convention-shooting	1	60.2495201982405	SimBa
tweet-sno-1384	QO	vclaim-sno-alabama-nurse-covid	1	46.715766111503626	SimBa
tweet-sno-1384	QO	vclaim-sno-las-vegas-police-officer-shot	1	46.61939189109128	SimBa
tweet-sno-1384	QO	vclaim-sno-margaret-keenan-covid-vaccine	1	46.53883606609439	SimBa
tweet-sno-1384	QO	vclaim-sno-officer-nakia-jones-fired-after-viral-police-brutality-video	1	45.83690114206634	SimBa
tweet-sno-1385	QO	vclaim-sno-jane-fonda-covid-gods-gift	1	71.99769654276255	SimBa
tweet-sno-1385	QO	vclaim-sno-biden-pandemic-statement	1	54.988828766573405	SimBa
tweet-sno-1385	QO	vclaim-sno-greene-biden-mark-of-the-beast	1	53.5385907427177	SimBa
tweet-sno-1385	QO	vclaim-sno-fake-aoc-purge-tweet	1	53.03465171950886	SimBa
tweet-sno-1385	QO	vclaim-sno-ted-cruz-covid-guarantee	1	50.9269974635504	SimBa
tweet-sno-1386	QO	vclaim-sno-biden-ban-fracking	1	70.98437032955064	SimBa
tweet-sno-1386	QO	vclaim-sno-biden-trump-xenophobic	1	56.585650974122274	SimBa
tweet-sno-1386	QO	vclaim-sno-trump-executive-order-biden	1	55.43986888720866	SimBa
tweet-sno-1386	QO	vclaim-sno-does-biden-support-green-new-deal	1	54.5574580550846	SimBa
tweet-sno-1386	QO	vclaim-sno-harris-biden-blog-post	1	53.786076369021174	SimBa
tweet-sno-1387	QO	vclaim-sno-kennedy-nixon-virtual-debate-1960	1	58.25601335305837	SimBa
tweet-sno-1387	QO	vclaim-sno-diamond-silk-gop-convention	1	46.15805273496353	SimBa
tweet-sno-1387	QO	vclaim-sno-the-wire	1	44.95346225414991	SimBa
tweet-sno-1387	QO	vclaim-sno-election-results-before-election	1	42.28343545992652	SimBa
tweet-sno-1387	QO	vclaim-sno-early-returns	1	41.042827908501295	SimBa
tweet-sno-1388	QO	vclaim-sno-karen-pence-mask-debate	1	52.034729546695594	SimBa
tweet-sno-1388	QO	vclaim-sno-pence-escorted	1	42.12570085100648	SimBa
tweet-sno-1388	QO	vclaim-sno-nuns-at-trump-rally-maga	1	39.42342374007194	SimBa
tweet-sno-1388	QO	vclaim-sno-biden-violate-mask-mandate	1	38.64117554795604	SimBa
tweet-sno-1388	QO	vclaim-sno-jill-biden-lunging-protect-joe	1	38.47389676581456	SimBa
tweet-sno-1389	QO	vclaim-sno-trump-sign-hollywood-los-angeles	1	70.08860257320643	SimBa
tweet-sno-1389	QO	vclaim-sno-trump-tower-kurd-banner	1	45.442509925458765	SimBa
tweet-sno-1389	QO	vclaim-sno-god-bows-down-trump-sign	1	45.069564707158285	SimBa
tweet-sno-1389	QO	vclaim-sno-41999-and-change	1	44.77366458070254	SimBa
tweet-sno-1389	QO	vclaim-sno-trump-christ-billboard-st-louis	1	44.69783405024834	SimBa
tweet-sno-1390	QO	vclaim-sno-kamala-harris-protests	1	71.31651987569876	SimBa
tweet-sno-1390	QO	vclaim-sno-tomi-lahren-biden-supporters-loot	1	62.263905933577874	SimBa
tweet-sno-1390	QO	vclaim-sno-antifa-flyer-trump-supporters	1	56.36605109915033	SimBa
tweet-sno-1390	QO	vclaim-sno-fake-aoc-purge-tweet	1	54.34032937244916	SimBa
tweet-sno-1390	QO	vclaim-sno-mike-pence-tweet	1	53.55671284825851	SimBa
tweet-sno-1391	QO	vclaim-sno-biden-trump-dregs-society	1	81.03429004047557	SimBa
tweet-sno-1391	QO	vclaim-sno-biden-trump-xenophobic	1	71.45775645293145	SimBa
tweet-sno-1391	QO	vclaim-sno-biden-troops-stupid-bastards	1	68.35938279688845	SimBa
tweet-sno-1391	QO	vclaim-sno-listen-to-scientists	1	66.23784808222877	SimBa
tweet-sno-1391	QO	vclaim-sno-trump-biden-resident-meme	1	65.20174034969705	SimBa
tweet-sno-1392	QO	vclaim-sno-biden-pandemic-black-women-grocery	1	66.9891440357656	SimBa
tweet-sno-1392	QO	vclaim-sno-biden-kenosha-black-looting	1	43.89598567051894	SimBa
tweet-sno-1392	QO	vclaim-sno-joe-biden-put-yall-back-in-chains	1	43.56390321398895	SimBa
tweet-sno-1392	QO	vclaim-sno-jill-biden-lunging-protect-joe	1	40.890817351506044	SimBa
tweet-sno-1392	QO	vclaim-sno-melania-make-peace-with-the-blacks	1	40.35385188995218	SimBa
tweet-sno-1393	QO	vclaim-sno-clinton-mccabe-donation	1	64.56779319442204	SimBa
tweet-sno-1393	QO	vclaim-sno-comey-clinton-foundation	1	56.528855670192634	SimBa
tweet-sno-1393	QO	vclaim-sno-hillary-clinton-arrested-fbi-hoax	1	54.46035216627726	SimBa
tweet-sno-1393	QO	vclaim-sno-fbi-illegal-wiretap-trump-apology	1	53.593557247383956	SimBa
tweet-sno-1393	QO	vclaim-sno-james-comey-seth-rich	1	53.08505799813358	SimBa
tweet-sno-1394	QO	vclaim-sno-gay-men-proud-boys-hashtag	1	54.679664696723066	SimBa
tweet-sno-1394	QO	vclaim-sno-gay-jesus-film	1	45.05844553000722	SimBa
tweet-sno-1394	QO	vclaim-sno-condom-snorting-challenge	1	41.38412898091596	SimBa
tweet-sno-1394	QO	vclaim-sno-bieber-twitter	1	39.60551763829305	SimBa
tweet-sno-1394	QO	vclaim-sno-lgbtp-adding-letter	1	39.223437775308604	SimBa
tweet-sno-1395	QO	vclaim-sno-gay-men-proud-boys-hashtag	1	69.03059200406864	SimBa
tweet-sno-1395	QO	vclaim-sno-republican-dean-browning-gay	1	44.811339092555386	SimBa
tweet-sno-1395	QO	vclaim-sno-jerry-falwell-jr-president-looks	1	44.52807238168468	SimBa
tweet-sno-1395	QO	vclaim-sno-stop-the-steal-gay-communists	1	43.666202547784465	SimBa
tweet-sno-1395	QO	vclaim-sno-biden-antifa-courageous-americans	1	41.098778784137394	SimBa
tweet-sno-1396	QO	vclaim-sno-bikers-trump-praying-walter-reed	1	64.751194306801	SimBa
tweet-sno-1396	QO	vclaim-sno-photograph-shows-100000-bikers-at-trump-rally	1	58.82014156617618	SimBa
tweet-sno-1396	QO	vclaim-sno-motorcycle-group-trump-inauguration	1	55.13053102726587	SimBa
tweet-sno-1396	QO	vclaim-sno-bikers-kavanaugh-support-video	1	53.81999384884989	SimBa
tweet-sno-1396	QO	vclaim-sno-trump-cruz-rally-photo	1	50.54626141744079	SimBa
tweet-sno-1397	QO	vclaim-sno-trump-covid-fundraising	1	63.21623111582525	SimBa
tweet-sno-1397	QO	vclaim-sno-trump-campaign-september-31	1	60.220108528925934	SimBa
tweet-sno-1397	QO	vclaim-sno-trump-army-fundraising-email	1	56.34811805325612	SimBa
tweet-sno-1397	QO	vclaim-sno-trump-selling-inauguration-tickets	1	54.549231644226495	SimBa
tweet-sno-1397	QO	vclaim-sno-fake-trump-groping-plot	1	52.704496581781314	SimBa
tweet-sno-1398	QO	vclaim-sno-amy-coney-barrett-rhodes-scholar	1	58.74601403383575	SimBa
tweet-sno-1398	QO	vclaim-sno-girl-scouts-congratulate-barrett	1	46.52660783156527	SimBa
tweet-sno-1398	QO	vclaim-sno-michelle-obamas-fake-degrees	1	46.50731492896193	SimBa
tweet-sno-1398	QO	vclaim-sno-twitter-marjorie-taylor-greene	1	46.13620057335646	SimBa
tweet-sno-1398	QO	vclaim-sno-kamala-harris-berkeley-busing	1	45.729797114586205	SimBa
tweet-sno-1399	QO	vclaim-sno-biden-fail-condemn-antifa	1	55.20823701227239	SimBa
tweet-sno-1399	QO	vclaim-sno-biden-antifa-courageous-americans	1	54.98328641519764	SimBa
tweet-sno-1399	QO	vclaim-sno-kamala-harris-protests	1	48.33305510638158	SimBa
tweet-sno-1399	QO	vclaim-sno-antifa-flyer-trump-supporters	1	48.05165824548516	SimBa
tweet-sno-1399	QO	vclaim-sno-mypillow-antifa-temptresses	1	47.25829311306572	SimBa
tweet-sno-1400	QO	vclaim-sno-trump-condemn-white-supremacists	1	65.10095666439832	SimBa
tweet-sno-1400	QO	vclaim-sno-trump-white-nationalists-us-press-conference	1	50.82462837999107	SimBa
tweet-sno-1400	QO	vclaim-sno-iowa-congressman-retweet-white-supremacist	1	48.592787640890364	SimBa
tweet-sno-1400	QO	vclaim-sno-trump-fail-to-denounce-qanon	1	48.394467312087926	SimBa
tweet-sno-1400	QO	vclaim-sno-trump-beto-crowds-el-paso-victims	1	47.465120269233836	SimBa
tweet-sno-1401	QO	vclaim-sno-michael-bloomberg-donald-trump	1	56.64548800240978	SimBa
tweet-sno-1401	QO	vclaim-sno-bloomberg-pay-florida-felons-vote	1	55.71009031160945	SimBa
tweet-sno-1401	QO	vclaim-sno-skinny-joey-merlino-biden	1	54.673983142485795	SimBa
tweet-sno-1401	QO	vclaim-sno-biden-admit-voter-fraud	1	52.953938308929565	SimBa
tweet-sno-1401	QO	vclaim-sno-bloomberg-buy-trump-debt	1	52.18592295207965	SimBa
