tweet-sno-1200	QO	vclaim-sno-amazon-holiday-shopping	1	44.44196826914837	SimBa
tweet-sno-1200	QO	vclaim-sno-xbox-playstation-ps5-congrats	1	43.05133719301031	SimBa
tweet-sno-1200	QO	vclaim-sno-free-coke-bag-scam	1	39.7242082350324	SimBa
tweet-sno-1200	QO	vclaim-sno-target-holiday-stores	1	37.86089200134859	SimBa
tweet-sno-1200	QO	vclaim-sno-lady-gaga-oreo	1	37.56535530085616	SimBa
tweet-sno-1201	QO	vclaim-sno-biden-executive-order-dictator	1	69.05285366350988	SimBa
tweet-sno-1201	QO	vclaim-sno-biden-violate-mask-mandate	1	64.75675520594419	SimBa
tweet-sno-1201	QO	vclaim-sno-national-defense-resources-preparedness	1	58.45788361555767	SimBa
tweet-sno-1201	QO	vclaim-sno-trump-martial-law-imminent	1	57.20506622568497	SimBa
tweet-sno-1201	QO	vclaim-sno-power-grid-executive-order	1	56.80668921090698	SimBa
tweet-sno-1202	QO	vclaim-sno-biden-executive-order-dictator	1	70.26265156564472	SimBa
tweet-sno-1202	QO	vclaim-sno-biden-president-elect-office	1	57.413115100450355	SimBa
tweet-sno-1202	QO	vclaim-sno-joe-biden-civil-rights-quote	1	56.31496405425089	SimBa
tweet-sno-1202	QO	vclaim-sno-joe-biden-constitutional-rights	1	55.45167354187511	SimBa
tweet-sno-1202	QO	vclaim-sno-bloc-the-vote	1	55.303836252396096	SimBa
tweet-sno-1203	QO	vclaim-sno-liberals-demand-offensive-wwi-memorial-torn	1	60.70391904364567	SimBa
tweet-sno-1203	QO	vclaim-sno-capture-the-flag	1	59.363825804941506	SimBa
tweet-sno-1203	QO	vclaim-sno-farmers-protest-india-flag	1	59.12183462299447	SimBa
tweet-sno-1203	QO	vclaim-sno-powmia-racist	1	56.823776689455485	SimBa
tweet-sno-1203	QO	vclaim-sno-dems-flags-half-mast-soleimani	1	56.18162052228324	SimBa
tweet-sno-1204	QO	vclaim-sno-biden-bans-china-virus	1	84.3631381996407	SimBa
tweet-sno-1204	QO	vclaim-sno-trump-ban-travel-china-pandemic	1	61.912457167782456	SimBa
tweet-sno-1204	QO	vclaim-sno-president-obama-bans-the-words-negro-and-oriental	1	60.59037647036636	SimBa
tweet-sno-1204	QO	vclaim-sno-faith-no-more	1	59.948726102325445	SimBa
tweet-sno-1204	QO	vclaim-sno-in-wake-of-election-obama-passes-executive-order-banning-all-fake-news-outlets	1	58.64959631163163	SimBa
tweet-sno-1205	QO	vclaim-sno-trump-office-former-president	1	77.02017883256347	SimBa
tweet-sno-1205	QO	vclaim-sno-president-trump-pardon-family	1	58.56067623842465	SimBa
tweet-sno-1205	QO	vclaim-sno-obama-trump-transition-letter	1	57.61487418195661	SimBa
tweet-sno-1205	QO	vclaim-sno-trump-twitter-john-barron-1946	1	56.89063050139097	SimBa
tweet-sno-1205	QO	vclaim-sno-donald-trump-remain-apprentice-inauguration	1	55.472949368682045	SimBa
tweet-sno-1206	QO	vclaim-sno-trump-office-former-president	1	75.56758729056612	SimBa
tweet-sno-1206	QO	vclaim-sno-trump-social-media-order	1	62.84114909855898	SimBa
tweet-sno-1206	QO	vclaim-sno-trump-revoke-executive-order	1	58.33746159665307	SimBa
tweet-sno-1206	QO	vclaim-sno-trump-faith-based-initiative	1	57.44445071493406	SimBa
tweet-sno-1206	QO	vclaim-sno-donald-trump-appoints-kanye-west-to-cabinet-position	1	57.2037873661704	SimBa
tweet-sno-1207	QO	vclaim-sno-cocaine-smuggled-in-bananas	1	59.39355824442668	SimBa
tweet-sno-1207	QO	vclaim-sno-cocaine-on-money	1	52.585358618536105	SimBa
tweet-sno-1207	QO	vclaim-sno-mexico-seizes-us-cocaine	1	51.546572838044945	SimBa
tweet-sno-1207	QO	vclaim-sno-cia-crossing-border-cocaine	1	51.39296272379191	SimBa
tweet-sno-1207	QO	vclaim-sno-mule-dear	1	50.35186991724906	SimBa
tweet-sno-1208	QO	vclaim-sno-national-guard-parking-garage	1	56.11836367822583	SimBa
tweet-sno-1208	QO	vclaim-sno-chow-down-2	1	45.56042079814651	SimBa
tweet-sno-1208	QO	vclaim-sno-trump-bunker-obama-tweet	1	45.50467349364771	SimBa
tweet-sno-1208	QO	vclaim-sno-cattle-guards	1	45.05498876909461	SimBa
tweet-sno-1208	QO	vclaim-sno-man-spit-marine	1	44.619148747926715	SimBa
tweet-sno-1209	QO	vclaim-sno-mcconnell-trump-attack-capitol	1	63.9971565924269	SimBa
tweet-sno-1209	QO	vclaim-sno-trump-letter-schumer	1	59.08278739119641	SimBa
tweet-sno-1209	QO	vclaim-sno-rick-wiles-trump-impeachment	1	58.223837479235705	SimBa
tweet-sno-1209	QO	vclaim-sno-schumer-tweet-china-travel	1	58.11173701748159	SimBa
tweet-sno-1209	QO	vclaim-sno-donald-trump-threatens-arrest-alec-baldwin	1	56.385332252200925	SimBa
tweet-sno-1210	QO	vclaim-sno-schumer-erection-senate-floor	1	52.66791025519417	SimBa
tweet-sno-1210	QO	vclaim-sno-does-schumer-have-concealed-permit	1	43.506977705239855	SimBa
tweet-sno-1210	QO	vclaim-sno-chuck-schumer-resigns-disgrace	1	42.50500551666745	SimBa
tweet-sno-1210	QO	vclaim-sno-schumer-daughter-cheerleader	1	41.476614356592044	SimBa
tweet-sno-1210	QO	vclaim-sno-chuck-schumer-kissing-a-girl	1	38.241033901735854	SimBa
tweet-sno-1211	QO	vclaim-sno-mcconnell-trump-attack-capitol	1	62.60090041143106	SimBa
tweet-sno-1211	QO	vclaim-sno-republican-senators-up-shits-creek	1	57.195170719103615	SimBa
tweet-sno-1211	QO	vclaim-sno-schumer-erection-senate-floor	1	55.60827300911457	SimBa
tweet-sno-1211	QO	vclaim-sno-chuck-schumer-resigns-disgrace	1	52.702431706858164	SimBa
tweet-sno-1211	QO	vclaim-sno-trump-supporters-navajo-legislator-legal	1	51.77156348487294	SimBa
tweet-sno-1212	QO	vclaim-sno-schumer-erection-senate-floor	1	62.38069033513008	SimBa
tweet-sno-1212	QO	vclaim-sno-jeff-foxworthy-democrats-trump	1	49.09452145631118	SimBa
tweet-sno-1212	QO	vclaim-sno-schumer-daughter-cheerleader	1	48.99297404645058	SimBa
tweet-sno-1212	QO	vclaim-sno-klobuchar-mock-buttigieg	1	47.137155799400645	SimBa
tweet-sno-1212	QO	vclaim-sno-does-schumer-have-concealed-permit	1	46.56348946210915	SimBa
tweet-sno-1213	QO	vclaim-sno-schumer-erection-senate-floor	1	47.18013677214863	SimBa
tweet-sno-1213	QO	vclaim-sno-does-schumer-have-concealed-permit	1	45.063275095870594	SimBa
tweet-sno-1213	QO	vclaim-sno-mencken-white-house-quote	1	41.58877669530943	SimBa
tweet-sno-1213	QO	vclaim-sno-obama-white-house-statue	1	40.530328356107816	SimBa
tweet-sno-1213	QO	vclaim-sno-chuck-norris-capitol-riot	1	39.8359726335394	SimBa
tweet-sno-1214	QO	vclaim-sno-schumer-erection-senate-floor	1	52.19228607198069	SimBa
tweet-sno-1214	QO	vclaim-sno-hillary-laughs-as-under-god-removed-from-pledge	1	48.29347401816331	SimBa
tweet-sno-1214	QO	vclaim-sno-photograph-obama-soros-laughing	1	47.17717388665066	SimBa
tweet-sno-1214	QO	vclaim-sno-german-news-trump-nato	1	47.0103180725811	SimBa
tweet-sno-1214	QO	vclaim-sno-bernie-sanders-loser-meme	1	46.41739313461643	SimBa
tweet-sno-1215	QO	vclaim-sno-bernice-king-mlk-day-instagram	1	67.62877194021871	SimBa
tweet-sno-1215	QO	vclaim-sno-first-fangirl	1	52.58839793381195	SimBa
tweet-sno-1215	QO	vclaim-sno-malia-obama-anti-trump-website	1	50.63552842976799	SimBa
tweet-sno-1215	QO	vclaim-sno-mia-khalifa-fcc-commissioner-dms	1	50.259009623621864	SimBa
tweet-sno-1215	QO	vclaim-sno-melania-michelle-mlk-message	1	49.61069360529544	SimBa
tweet-sno-1216	QO	vclaim-sno-mypillow-discount-codes-qanon	1	56.989802893863285	SimBa
tweet-sno-1216	QO	vclaim-sno-adam-sandler-trump	1	46.32013906855996	SimBa
tweet-sno-1216	QO	vclaim-sno-trump-borderwall-phone-survey	1	46.089529670161355	SimBa
tweet-sno-1216	QO	vclaim-sno-isis-hunting-tag-zinke	1	46.01961240319235	SimBa
tweet-sno-1216	QO	vclaim-sno-did-karl-rove-write-tactics-conservative-blogging	1	45.6255365834395	SimBa
tweet-sno-1217	QO	vclaim-sno-tesla-hiring-complaints-elon-musk	1	73.02944676996937	SimBa
tweet-sno-1217	QO	vclaim-sno-elon-musk-billboard	1	45.64244797385928	SimBa
tweet-sno-1217	QO	vclaim-sno-elon-musk-illegal-immigrant	1	43.67639582682198	SimBa
tweet-sno-1217	QO	vclaim-sno-protestjobs-hiring-service	1	42.448347886005955	SimBa
tweet-sno-1217	QO	vclaim-sno-mypillow-antifa-temptresses	1	40.91259194167123	SimBa
tweet-sno-1218	QO	vclaim-sno-downy-unstopables-warmer-warning	1	58.07407063944131	SimBa
tweet-sno-1218	QO	vclaim-sno-crayon-candle	1	57.844033839884226	SimBa
tweet-sno-1218	QO	vclaim-sno-do-scented-candles-cause-cancer	1	57.528810352804115	SimBa
tweet-sno-1218	QO	vclaim-sno-crayola-bathtub-fingerpaint-soap-warning	1	55.4518202906266	SimBa
tweet-sno-1218	QO	vclaim-sno-gwyneth-vagina-candle-explode	1	53.88953558884878	SimBa
tweet-sno-1219	QO	vclaim-sno-marjorie-taylor-greene-twitter	1	84.32462884820922	SimBa
tweet-sno-1219	QO	vclaim-sno-twitter-marjorie-taylor-greene	1	77.50062010672737	SimBa
tweet-sno-1219	QO	vclaim-sno-did-twitter-lock-trumps-account	1	62.354311155786434	SimBa
tweet-sno-1219	QO	vclaim-sno-twitter-delete-trump-account-racism	1	59.158459016906676	SimBa
tweet-sno-1219	QO	vclaim-sno-twitter-disable-engagement-trump	1	58.03477134079726	SimBa
tweet-sno-1220	QO	vclaim-sno-burger-king-logo-new	1	49.77496974319926	SimBa
tweet-sno-1220	QO	vclaim-sno-yumbo-drop	1	45.72576325726264	SimBa
tweet-sno-1220	QO	vclaim-sno-ku-klux-kruller	1	42.954409357974384	SimBa
tweet-sno-1220	QO	vclaim-sno-whataburger-changing-colors	1	41.749007472026086	SimBa
tweet-sno-1220	QO	vclaim-sno-walter-wetzel-redskins-logo	1	41.71811134897618	SimBa
tweet-sno-1221	QO	vclaim-sno-covid-vaccine-throw-away	1	62.72949944366657	SimBa
tweet-sno-1221	QO	vclaim-sno-ny-hospitals-unvaccinated-parents	1	56.506895492458995	SimBa
tweet-sno-1221	QO	vclaim-sno-mandatory-covid-vaccination	1	53.3700129084057	SimBa
tweet-sno-1221	QO	vclaim-sno-doj-most-dangerous-vaccine	1	52.54320802879593	SimBa
tweet-sno-1221	QO	vclaim-sno-did-pfizers-vp-blow-whistle-gardasil	1	51.185791038281	SimBa
tweet-sno-1222	QO	vclaim-sno-bill-clinton-allegations-disqualify	1	57.44680250985867	SimBa
tweet-sno-1222	QO	vclaim-sno-clinton-trump-deplorables-america	1	53.054753886656925	SimBa
tweet-sno-1222	QO	vclaim-sno-pelosi-trump-vetted-politician	1	52.223430376127524	SimBa
tweet-sno-1222	QO	vclaim-sno-trump-impeachment-votes	1	51.55276798287668	SimBa
tweet-sno-1222	QO	vclaim-sno-hillary-clinton-stupid-quote	1	51.251924303554766	SimBa
tweet-sno-1223	QO	vclaim-sno-drunk-man-has-sex-with-snowman	1	49.53434754668278	SimBa
tweet-sno-1223	QO	vclaim-sno-armie-hammer-cannibal-lifestyle	1	49.36916383713786	SimBa
tweet-sno-1223	QO	vclaim-sno-jaumlgermeister	1	49.17532695550868	SimBa
tweet-sno-1223	QO	vclaim-sno-ynw-melly-stabbed-death-prison	1	49.093493154920395	SimBa
tweet-sno-1223	QO	vclaim-sno-bath-salts-genitals-microwave	1	47.40845721760791	SimBa
tweet-sno-1224	QO	vclaim-sno-capitol-riot-no-fly-list	1	46.037512964022575	SimBa
tweet-sno-1224	QO	vclaim-sno-little-timmy-facebook-flag	1	43.580435433436236	SimBa
tweet-sno-1224	QO	vclaim-sno-nathan-phillips-vietnam-veteran	1	43.1743869456829	SimBa
tweet-sno-1224	QO	vclaim-sno-jayapal-maskless-congress	1	41.94310553705029	SimBa
tweet-sno-1224	QO	vclaim-sno-saluting-flag-twitter-photo	1	41.74160285863056	SimBa
tweet-sno-1225	QO	vclaim-sno-syringe-cakes	1	80.8213148342827	SimBa
tweet-sno-1225	QO	vclaim-sno-germanely-chocolate-cake	1	55.08984565268236	SimBa
tweet-sno-1225	QO	vclaim-sno-oscar-mayer-offer-pumpkin-spice-bologna	1	47.665765019911966	SimBa
tweet-sno-1225	QO	vclaim-sno-uh-oh-swastik-os	1	45.98400993607168	SimBa
tweet-sno-1225	QO	vclaim-sno-coca-cola-garlic	1	45.646095268661746	SimBa
tweet-sno-1226	QO	vclaim-sno-trump-carved-manatees-back	1	72.19563404065948	SimBa
tweet-sno-1226	QO	vclaim-sno-dermophis-donaldtrumpi-amphibian-trump	1	58.95557581247872	SimBa
tweet-sno-1226	QO	vclaim-sno-florida-invasive-species	1	58.80773895908534	SimBa
tweet-sno-1226	QO	vclaim-sno-alligator-rape-arrest	1	52.06561391247638	SimBa
tweet-sno-1226	QO	vclaim-sno-navy-raccoon-breathalyzer	1	50.10602999715079	SimBa
tweet-sno-1227	QO	vclaim-sno-mary-miller-hitler	1	56.61376454230381	SimBa
tweet-sno-1227	QO	vclaim-sno-did-michele-bachmann-say-kanye-is-right	1	49.41042159202984	SimBa
tweet-sno-1227	QO	vclaim-sno-pelosi-illegal-immigration-quote	1	46.48734217607631	SimBa
tweet-sno-1227	QO	vclaim-sno-pelosi-democrats-police-tactics	1	46.17143425090822	SimBa
tweet-sno-1227	QO	vclaim-sno-ivanka-mob-patriots-tweet	1	46.137051440927344	SimBa
tweet-sno-1228	QO	vclaim-sno-mary-miller-hitler	1	63.948179886779045	SimBa
tweet-sno-1228	QO	vclaim-sno-make-germany-great-again	1	48.23486298141783	SimBa
tweet-sno-1228	QO	vclaim-sno-ivanka-mob-patriots-tweet	1	48.1349025843034	SimBa
tweet-sno-1228	QO	vclaim-sno-dont-be-a-sucker-film	1	48.05164315938006	SimBa
tweet-sno-1228	QO	vclaim-sno-meme-german-occupied-poland-1944-us-2018	1	47.121439191927394	SimBa
tweet-sno-1229	QO	vclaim-sno-capitol-riot-no-fly-list	1	58.21215979420013	SimBa
tweet-sno-1229	QO	vclaim-sno-american-airlines-trump-rioters-dc	1	52.56462614472791	SimBa
tweet-sno-1229	QO	vclaim-sno-snopes-staff-members-arrested-law-enforcement-raid	1	52.53062640642232	SimBa
tweet-sno-1229	QO	vclaim-sno-adam-schiff-lax	1	51.38969459057214	SimBa
tweet-sno-1229	QO	vclaim-sno-trump-mob-capitol	1	50.971517788282185	SimBa
tweet-sno-1230	QO	vclaim-sno-lethal-indirection	1	56.670347432663505	SimBa
tweet-sno-1230	QO	vclaim-sno-capitol-riot-taser-death	1	55.21586394512168	SimBa
tweet-sno-1230	QO	vclaim-sno-getting-the-hang-of-it	1	53.698688028991036	SimBa
tweet-sno-1230	QO	vclaim-sno-man-loses-testicles-while-trying-to-fill-scuba-tank-with-weed-smoke	1	51.10678610657134	SimBa
tweet-sno-1230	QO	vclaim-sno-hanging-munchkin	1	50.830015232814475	SimBa
tweet-sno-1231	QO	vclaim-sno-mobile-phone-sim-card-swap	1	66.64586749811534	SimBa
tweet-sno-1231	QO	vclaim-sno-parcel-delivery-service	1	66.35634944368117	SimBa
tweet-sno-1231	QO	vclaim-sno-9-0-phone-scam	1	66.06563675965718	SimBa
tweet-sno-1231	QO	vclaim-sno-can-you-hear-me-scam	1	65.07885800454956	SimBa
tweet-sno-1231	QO	vclaim-sno-irs-stimulus-check-1200	1	63.49285484950315	SimBa
tweet-sno-1232	QO	vclaim-sno-warnock-arrested-capitol-praying	1	62.8595281844748	SimBa
tweet-sno-1232	QO	vclaim-sno-npr-riot-article-before-riot	1	53.089335071852204	SimBa
tweet-sno-1232	QO	vclaim-sno-cruz-churchgoers-looters	1	51.22363770467836	SimBa
tweet-sno-1232	QO	vclaim-sno-bernie-sanders-blame-cops-crime	1	49.791910640303016	SimBa
tweet-sno-1232	QO	vclaim-sno-kurt-russell-democrats	1	49.74045213272298	SimBa
tweet-sno-1233	QO	vclaim-sno-trump-vote-twice-north-carolina	1	56.01887152586132	SimBa
tweet-sno-1233	QO	vclaim-sno-tomi-lahren-biden-supporters-loot	1	55.52189671256404	SimBa
tweet-sno-1233	QO	vclaim-sno-fake-aoc-purge-tweet	1	51.13586513645429	SimBa
tweet-sno-1233	QO	vclaim-sno-trump-tell-supporters-storm	1	50.02218264040087	SimBa
tweet-sno-1233	QO	vclaim-sno-antifa-flyer-trump-supporters	1	49.9700998032844	SimBa
tweet-sno-1234	QO	vclaim-sno-two-women-save-electoral-votes	1	55.29313600230614	SimBa
tweet-sno-1234	QO	vclaim-sno-zip-cuffs-capitol-riots	1	53.04834620009553	SimBa
tweet-sno-1234	QO	vclaim-sno-rioters-capitol-flagpole	1	52.8527999267945	SimBa
tweet-sno-1234	QO	vclaim-sno-shots-fired-capitol	1	48.918079800534954	SimBa
tweet-sno-1234	QO	vclaim-sno-poll-watchers-2020-election	1	46.74568762386703	SimBa
tweet-sno-1235	QO	vclaim-sno-two-women-save-electoral-votes	1	66.58893067757185	SimBa
tweet-sno-1235	QO	vclaim-sno-concealed-carry-department-store-shooter	1	43.28985880778935	SimBa
tweet-sno-1235	QO	vclaim-sno-georgia-suitcases	1	39.39147435935877	SimBa
tweet-sno-1235	QO	vclaim-sno-ayn-rand-quote	1	39.308761658209846	SimBa
tweet-sno-1235	QO	vclaim-sno-biden-antifa-courageous-americans	1	38.65997385222069	SimBa
tweet-sno-1236	QO	vclaim-sno-troop-loops	1	51.576793499900454	SimBa
tweet-sno-1236	QO	vclaim-sno-trump-armbands	1	50.75881377967952	SimBa
tweet-sno-1236	QO	vclaim-sno-antifa-nazi-flags	1	45.83266696157546	SimBa
tweet-sno-1236	QO	vclaim-sno-high-school-prom-nazi-salute	1	43.48067068422667	SimBa
tweet-sno-1236	QO	vclaim-sno-extinction-rebellion-nazi-stickers	1	43.26406573149559	SimBa
tweet-sno-1237	QO	vclaim-sno-aoc-capitol-attack	1	58.62339514433806	SimBa
tweet-sno-1237	QO	vclaim-sno-capitol-riot-podium	1	57.76191166603471	SimBa
tweet-sno-1237	QO	vclaim-sno-trump-mob-capitol	1	55.62462268285354	SimBa
tweet-sno-1237	QO	vclaim-sno-ivanka-mob-patriots-tweet	1	53.73237248887516	SimBa
tweet-sno-1237	QO	vclaim-sno-shots-fired-capitol	1	52.68278696255272	SimBa
tweet-sno-1238	QO	vclaim-sno-elizabeth-knoxville-onion-towel	1	48.66470435071455	SimBa
tweet-sno-1238	QO	vclaim-sno-aoc-capitol-attack	1	45.8928821679373	SimBa
tweet-sno-1238	QO	vclaim-sno-queen-yellow-facemask	1	42.94404274622801	SimBa
tweet-sno-1238	QO	vclaim-sno-hillary-barnwell-body-double	1	41.44340956347455	SimBa
tweet-sno-1238	QO	vclaim-sno-neutrogena-makeup-remover-wipes	1	41.02916745781455	SimBa
tweet-sno-1239	QO	vclaim-sno-quantum-blockchain-watermark-vote	1	44.86756484676603	SimBa
tweet-sno-1239	QO	vclaim-sno-giuliani-rally-speech	1	42.11099837166301	SimBa
tweet-sno-1239	QO	vclaim-sno-house-cleaning	1	41.849795927582576	SimBa
tweet-sno-1239	QO	vclaim-sno-georgia-signature-audit	1	41.79258720138252	SimBa
tweet-sno-1239	QO	vclaim-sno-california-unlawful-ballots	1	41.42624670706726	SimBa
tweet-sno-1240	QO	vclaim-sno-national-guard-trump-mob	1	75.43695149207339	SimBa
tweet-sno-1240	QO	vclaim-sno-troops-guarding-lincoln-memorial	1	71.02501407383218	SimBa
tweet-sno-1240	QO	vclaim-sno-armed-black-militia-georgia-park	1	58.565605010444166	SimBa
tweet-sno-1240	QO	vclaim-sno-flag-protest-baltimore	1	57.41902557486065	SimBa
tweet-sno-1240	QO	vclaim-sno-lincoln-memorial-defaced-protesters	1	54.948212194001776	SimBa
tweet-sno-1241	QO	vclaim-sno-lawmakers-criminalize-peaceful-protest	1	65.4462630507927	SimBa
tweet-sno-1241	QO	vclaim-sno-law-charges-protesters-with-terrorism	1	61.479254018998795	SimBa
tweet-sno-1241	QO	vclaim-sno-trump-threaten-federal-buildings	1	58.93178104170379	SimBa
tweet-sno-1241	QO	vclaim-sno-law-bans-antifa	1	53.638842747853	SimBa
tweet-sno-1241	QO	vclaim-sno-clown-masks-banned	1	53.30925112751469	SimBa
tweet-sno-1242	QO	vclaim-sno-twitter-delete-trump-account-racism	1	70.21165514425255	SimBa
tweet-sno-1242	QO	vclaim-sno-pence-trump-twitter-jan-6-riots	1	64.7291739379752	SimBa
tweet-sno-1242	QO	vclaim-sno-mike-pence-to-resign	1	60.85507948580771	SimBa
tweet-sno-1242	QO	vclaim-sno-sarah-huckabee-sanders-replaced	1	58.19103722575123	SimBa
tweet-sno-1242	QO	vclaim-sno-trump-noble-prize-tweets	1	57.80803747731268	SimBa
tweet-sno-1243	QO	vclaim-sno-confederate-flag-capitol-dc	1	71.30584744103382	SimBa
tweet-sno-1243	QO	vclaim-sno-troops-guarding-lincoln-memorial	1	63.803056300177815	SimBa
tweet-sno-1243	QO	vclaim-sno-russian-flag-texas-capitol	1	59.93873675435748	SimBa
tweet-sno-1243	QO	vclaim-sno-aoc-confederate-flag-richmond	1	59.156861920060436	SimBa
tweet-sno-1243	QO	vclaim-sno-pride-flag-us-embassy-vatican	1	58.69582739504887	SimBa
tweet-sno-1244	QO	vclaim-sno-red-ensign-scare	1	60.47915534857682	SimBa
tweet-sno-1244	QO	vclaim-sno-confederate-flag-capitol-dc	1	59.59234560543969	SimBa
tweet-sno-1244	QO	vclaim-sno-pride-flag-us-embassy-vatican	1	59.36972543153377	SimBa
tweet-sno-1244	QO	vclaim-sno-russian-flag-texas-capitol	1	57.86306529892946	SimBa
tweet-sno-1244	QO	vclaim-sno-trump-flag-american-flag-capitol	1	57.80322199981581	SimBa
tweet-sno-1245	QO	vclaim-sno-confederate-flag-capitol-dc	1	69.07595831892557	SimBa
tweet-sno-1245	QO	vclaim-sno-kevin-seefried-democrat-biden	1	66.8405314996942	SimBa
tweet-sno-1245	QO	vclaim-sno-trump-flag-american-flag-capitol	1	65.15664152368036	SimBa
tweet-sno-1245	QO	vclaim-sno-capitol-police-selfie	1	63.071815596729095	SimBa
tweet-sno-1245	QO	vclaim-sno-russian-flag-texas-capitol	1	62.11090040359478	SimBa
tweet-sno-1246	QO	vclaim-sno-cross-erected-capitol-building	1	65.47973511601913	SimBa
tweet-sno-1246	QO	vclaim-sno-westboro-hero	1	48.42652630542457	SimBa
tweet-sno-1246	QO	vclaim-sno-russian-flag-texas-capitol	1	46.65702267924385	SimBa
tweet-sno-1246	QO	vclaim-sno-pride-flag-us-embassy-vatican	1	45.26659518061247	SimBa
tweet-sno-1246	QO	vclaim-sno-white-house-razor-wire-fence	1	44.87069279393552	SimBa
tweet-sno-1247	QO	vclaim-sno-covid-5g-chip-diagram	1	48.61172403114509	SimBa
tweet-sno-1247	QO	vclaim-sno-diabetes-vaccine	1	46.657473536038744	SimBa
tweet-sno-1247	QO	vclaim-sno-did-trump-praise-covid-19-vaccines	1	43.9106747694993	SimBa
tweet-sno-1247	QO	vclaim-sno-chip-off-the-old-salk	1	43.60132803029717	SimBa
tweet-sno-1247	QO	vclaim-sno-does-the-supplement-inteligen-increase-intelligence	1	43.28707207196734	SimBa
tweet-sno-1248	QO	vclaim-sno-snow-los-angeles	1	60.13628558119743	SimBa
tweet-sno-1248	QO	vclaim-sno-gods-painting	1	57.385962945552684	SimBa
tweet-sno-1248	QO	vclaim-sno-rainbow-mountains-real	1	56.79957777926471	SimBa
tweet-sno-1248	QO	vclaim-sno-does-photo-show-skull-face	1	54.77900443481251	SimBa
tweet-sno-1248	QO	vclaim-sno-snowfall-in-the-sahara	1	53.88876704891554	SimBa
tweet-sno-1249	QO	vclaim-sno-snow-los-angeles	1	57.256527166216344	SimBa
tweet-sno-1249	QO	vclaim-sno-record-snowfall-in-oswego	1	52.43611136447425	SimBa
tweet-sno-1249	QO	vclaim-sno-snowfall-in-the-sahara	1	49.275524007630864	SimBa
tweet-sno-1249	QO	vclaim-sno-no-two-snowflakes-alike	1	46.98377059584152	SimBa
tweet-sno-1249	QO	vclaim-sno-does-photo-show-skull-face	1	44.83720416800083	SimBa
tweet-sno-1250	QO	vclaim-sno-pennsylvania-205000-votes	1	82.13352089827916	SimBa
tweet-sno-1250	QO	vclaim-sno-trump-wins-pennsylvania	1	65.57125851717689	SimBa
tweet-sno-1250	QO	vclaim-sno-pa-mailin-votes-ballots	1	65.4289392727252	SimBa
tweet-sno-1250	QO	vclaim-sno-erie-pennsylvania-trump-ballots	1	64.03213219111836	SimBa
tweet-sno-1250	QO	vclaim-sno-floyd-county-georgia-votes	1	62.60265619394346	SimBa
tweet-sno-1251	QO	vclaim-sno-pennsylvania-205000-votes	1	61.67986752636184	SimBa
tweet-sno-1251	QO	vclaim-sno-georgia-signature-audit	1	61.2768481893697	SimBa
tweet-sno-1251	QO	vclaim-sno-ballots-lancaster-pa	1	59.26695057969099	SimBa
tweet-sno-1251	QO	vclaim-sno-pa-mailin-votes-ballots	1	55.49319241148161	SimBa
tweet-sno-1251	QO	vclaim-sno-floyd-county-georgia-votes	1	55.48001686873425	SimBa
tweet-sno-1252	QO	vclaim-sno-flu-vaccine-covid-buttar	1	58.76154363558547	SimBa
tweet-sno-1252	QO	vclaim-sno-covid-19-nsaids-ibuprofen	1	53.37051618203748	SimBa
tweet-sno-1252	QO	vclaim-sno-covid-19-found-in-toilet-paper	1	52.98455540540562	SimBa
tweet-sno-1252	QO	vclaim-sno-laminating-covid-19-vaccine-card	1	52.19738018680534	SimBa
tweet-sno-1252	QO	vclaim-sno-covid-19-reinfection	1	51.926258915763825	SimBa
tweet-sno-1253	QO	vclaim-sno-scott-walker-pizza	1	44.05231019222532	SimBa
tweet-sno-1253	QO	vclaim-sno-pizza-is-good-for-you	1	38.25177475749093	SimBa
tweet-sno-1253	QO	vclaim-sno-pizza-hut-facebook-scam	1	38.12649922435914	SimBa
tweet-sno-1253	QO	vclaim-sno-dominos-pizza-saves-life	1	37.465201026174434	SimBa
tweet-sno-1253	QO	vclaim-sno-happy-eid-al-adha	1	36.97608933054155	SimBa
tweet-sno-1254	QO	vclaim-sno-student-suspended-pretending-transgender-locker-room	1	38.736356289774974	SimBa
tweet-sno-1254	QO	vclaim-sno-7d-hologram-whale-video	1	36.05673217261944	SimBa
tweet-sno-1254	QO	vclaim-sno-world39s-largest-swimming-pool	1	34.00098998673919	SimBa
tweet-sno-1254	QO	vclaim-sno-shamboiling	1	32.12082625804832	SimBa
tweet-sno-1254	QO	vclaim-sno-secret-room-new-york-apartment	1	31.41233421988194	SimBa
tweet-sno-1255	QO	vclaim-sno-swimming-pool-wonderful-life	1	51.70610372383816	SimBa
tweet-sno-1255	QO	vclaim-sno-world39s-largest-swimming-pool	1	35.51320903618325	SimBa
tweet-sno-1255	QO	vclaim-sno-disgust-and-loathing-in-las-vegas	1	34.88808341874137	SimBa
tweet-sno-1255	QO	vclaim-sno-insane-cliff-house	1	31.741087554265413	SimBa
tweet-sno-1255	QO	vclaim-sno-dog-climbs-ladder	1	31.57158715823526	SimBa
tweet-sno-1256	QO	vclaim-sno-kfc-gaming-console	1	54.222944711445564	SimBa
tweet-sno-1256	QO	vclaim-sno-krispy-kreme-lube	1	41.83446493955367	SimBa
tweet-sno-1256	QO	vclaim-sno-bowlbot-5000-machine	1	39.20227156367191	SimBa
tweet-sno-1256	QO	vclaim-sno-barbie-ouija-board	1	36.82731679411235	SimBa
tweet-sno-1256	QO	vclaim-sno-viral-molten-copper-big-mac	1	36.78632930595078	SimBa
tweet-sno-1257	QO	vclaim-sno-graham-buttigieg-repent	1	60.018197439028384	SimBa
tweet-sno-1257	QO	vclaim-sno-biden-christians-lgbtq-rights	1	55.51054372657095	SimBa
tweet-sno-1257	QO	vclaim-sno-billy-graham-say-homosexuals-castrated	1	55.043711040512875	SimBa
tweet-sno-1257	QO	vclaim-sno-lords-name-in-bed	1	53.37037461637606	SimBa
tweet-sno-1257	QO	vclaim-sno-heterosexual-near-death-experience	1	50.8025461311688	SimBa
tweet-sno-1258	QO	vclaim-sno-samuel-l-jackson-rappers-tweet	1	51.792000360311995	SimBa
tweet-sno-1258	QO	vclaim-sno-a-shady-giveaway	1	49.85902874904193	SimBa
tweet-sno-1258	QO	vclaim-sno-jeff-goldblum-musk-zuckerberg	1	45.1911605894654	SimBa
tweet-sno-1258	QO	vclaim-sno-obama-kanye-chicago-bush	1	45.09385786475904	SimBa
tweet-sno-1258	QO	vclaim-sno-tom-brady-ppp	1	44.82116958014073	SimBa
tweet-sno-1259	QO	vclaim-sno-vatican-nativity	1	54.79771396700484	SimBa
tweet-sno-1259	QO	vclaim-sno-lancasters-centerville-elementary-school-cancels-offensive-christmas-play	1	49.01124746105101	SimBa
tweet-sno-1259	QO	vclaim-sno-facebook-santa-jesus-image	1	46.96929397513829	SimBa
tweet-sno-1259	QO	vclaim-sno-belgian-town-removes-nativity-scene-appease-four-muslim-residents	1	46.45145245236575	SimBa
tweet-sno-1259	QO	vclaim-sno-da-vinci-last-words	1	43.95789775005296	SimBa
tweet-sno-1260	QO	vclaim-sno-cyberpunk-2077-refunds	1	71.46300267362041	SimBa
tweet-sno-1260	QO	vclaim-sno-target-free-credit-monitoring	1	54.29661933318215	SimBa
tweet-sno-1260	QO	vclaim-sno-best-buy-gift-card-scam	1	53.223818307601334	SimBa
tweet-sno-1260	QO	vclaim-sno-target-vouchergift-card-scam	1	48.64328347055276	SimBa
tweet-sno-1260	QO	vclaim-sno-macys-gift-card-scam	1	48.53734701777569	SimBa
tweet-sno-1261	QO	vclaim-sno-cyberpunk-2077-refunds	1	70.41469896350566	SimBa
tweet-sno-1261	QO	vclaim-sno-best-buy-gift-card-scam	1	45.7266698123781	SimBa
tweet-sno-1261	QO	vclaim-sno-walmart-gift-card-2018	1	42.35864095133315	SimBa
tweet-sno-1261	QO	vclaim-sno-fedex-text-message-scam	1	42.22970261750562	SimBa
tweet-sno-1261	QO	vclaim-sno-walmart-text-coupon	1	41.76173419378666	SimBa
tweet-sno-1262	QO	vclaim-sno-extraterrestrial-material-asteroid	1	45.120779630344686	SimBa
tweet-sno-1262	QO	vclaim-sno-nobel-laureate-tasuku-honjo-covid	1	43.57580429944547	SimBa
tweet-sno-1262	QO	vclaim-sno-obama-fauci-gates-wuhan-lab	1	41.30165648800528	SimBa
tweet-sno-1262	QO	vclaim-sno-li-meng-yan-covid-19-lab	1	41.16292299884776	SimBa
tweet-sno-1262	QO	vclaim-sno-mars-real-audio	1	39.634059690851345	SimBa
tweet-sno-1263	QO	vclaim-sno-republican-senators-up-shits-creek	1	49.48792305924139	SimBa
tweet-sno-1263	QO	vclaim-sno-supreme-court-erupt-shouting-match	1	48.36286533898675	SimBa
tweet-sno-1263	QO	vclaim-sno-justice-roberts-impeachment-vote	1	46.05254420233054	SimBa
tweet-sno-1263	QO	vclaim-sno-ted-cruz-opposed-self-pleasuring	1	45.488323951213474	SimBa
tweet-sno-1263	QO	vclaim-sno-cruz-churchgoers-looters	1	44.80492507196444	SimBa
tweet-sno-1264	QO	vclaim-sno-schitts-creek-motel-seattle	1	57.6673665248291	SimBa
tweet-sno-1264	QO	vclaim-sno-life-with-fodder	1	37.98535258752903	SimBa
tweet-sno-1264	QO	vclaim-sno-sanders-vermont-mansion	1	37.97762755725997	SimBa
tweet-sno-1264	QO	vclaim-sno-kieran-culkin-in-home-alone	1	37.91943608064159	SimBa
tweet-sno-1264	QO	vclaim-sno-home-alone-mccallister-house	1	37.15006576449089	SimBa
tweet-sno-1265	QO	vclaim-sno-schitts-creek-motel-seattle	1	75.31965356550637	SimBa
tweet-sno-1265	QO	vclaim-sno-moira-rose-home-alone	1	50.79685603237583	SimBa
tweet-sno-1265	QO	vclaim-sno-tarzan-and-tarzana	1	45.15668381150058	SimBa
tweet-sno-1265	QO	vclaim-sno-home-alone-mccallister-house	1	44.7937239997649	SimBa
tweet-sno-1265	QO	vclaim-sno-glove-thy-neighbor	1	41.52084310096227	SimBa
tweet-sno-1266	QO	vclaim-sno-cnn-and-msnbc-ratings	1	67.82406605958607	SimBa
tweet-sno-1266	QO	vclaim-sno-popular-vote-totals-rigged	1	62.07873776720461	SimBa
tweet-sno-1266	QO	vclaim-sno-romney-votes-switched-obama	1	59.61830199879349	SimBa
tweet-sno-1266	QO	vclaim-sno-texas-vote-switching	1	58.434132119719564	SimBa
tweet-sno-1266	QO	vclaim-sno-floyd-county-georgia-votes	1	56.39774666678134	SimBa
tweet-sno-1267	QO	vclaim-sno-the-north-face-refuse-jackets	1	77.16396702139225	SimBa
tweet-sno-1267	QO	vclaim-sno-ace-hardware-stands-against-standing-rock	1	54.62345562782369	SimBa
tweet-sno-1267	QO	vclaim-sno-chevron-and-the-national-guard	1	50.851457702318235	SimBa
tweet-sno-1267	QO	vclaim-sno-gas-station-shuns-serviceman	1	47.627498922808996	SimBa
tweet-sno-1267	QO	vclaim-sno-big-oil	1	46.64300987823202	SimBa
tweet-sno-1268	QO	vclaim-sno-alex-jones-biden-removed	1	74.95628255982982	SimBa
tweet-sno-1268	QO	vclaim-sno-biden-trump-dregs-society	1	65.31524392058306	SimBa
tweet-sno-1268	QO	vclaim-sno-trump-tell-supporters-storm	1	64.59034728866119	SimBa
tweet-sno-1268	QO	vclaim-sno-biden-trump-xenophobic	1	62.97983720808802	SimBa
tweet-sno-1268	QO	vclaim-sno-tomi-lahren-biden-supporters-loot	1	62.4243861966486	SimBa
tweet-sno-1269	QO	vclaim-sno-allstate-island-real	1	61.76480262720872	SimBa
tweet-sno-1269	QO	vclaim-sno-penis-island	1	45.81221103491511	SimBa
tweet-sno-1269	QO	vclaim-sno-violin-island-in-costa-rica	1	40.909950900909365	SimBa
tweet-sno-1269	QO	vclaim-sno-spongebob-epstein-island-address	1	39.33109952086302	SimBa
tweet-sno-1269	QO	vclaim-sno-dog-island	1	39.03773549409741	SimBa
tweet-sno-1270	QO	vclaim-sno-allstate-island-real	1	57.50420966982836	SimBa
tweet-sno-1270	QO	vclaim-sno-penis-island	1	42.55770963328168	SimBa
tweet-sno-1270	QO	vclaim-sno-violin-island-in-costa-rica	1	41.06323179079743	SimBa
tweet-sno-1270	QO	vclaim-sno-epstein-alive-new-mexico	1	41.057188216132964	SimBa
tweet-sno-1270	QO	vclaim-sno-louisiana-shrimp-quote	1	36.986962298606905	SimBa
tweet-sno-1271	QO	vclaim-sno-federal-holiday-christmas-eve	1	88.83316980838526	SimBa
tweet-sno-1271	QO	vclaim-sno-war-on-christmas-monument	1	61.16922625345117	SimBa
tweet-sno-1271	QO	vclaim-sno-trump-stimulus-package-election	1	60.26650799661988	SimBa
tweet-sno-1271	QO	vclaim-sno-fake-trump-tweet	1	59.296038902659596	SimBa
tweet-sno-1271	QO	vclaim-sno-trumps-name-stimulus-checks	1	57.8418085059562	SimBa
tweet-sno-1272	QO	vclaim-sno-disney-sister-act-3	1	80.13657181722552	SimBa
tweet-sno-1272	QO	vclaim-sno-did-disney-announce-bedknobs-broomsticks	1	63.41197849388488	SimBa
tweet-sno-1272	QO	vclaim-sno-step-brothers-2-hoax	1	61.075623112399725	SimBa
tweet-sno-1272	QO	vclaim-sno-when-is-hocus-pocus-2-coming-out	1	59.367685209836075	SimBa
tweet-sno-1272	QO	vclaim-sno-mrs-doubtfire-remake-hill	1	58.4975819359945	SimBa
tweet-sno-1273	QO	vclaim-sno-when-is-hocus-pocus-2-coming-out	1	64.50779797139154	SimBa
tweet-sno-1273	QO	vclaim-sno-beetlejuice-2-coming-soon	1	59.96354395244751	SimBa
tweet-sno-1273	QO	vclaim-sno-hocus-pocus-2	1	57.644060126098374	SimBa
tweet-sno-1273	QO	vclaim-sno-disney-pixar-boo	1	54.252107160802744	SimBa
tweet-sno-1273	QO	vclaim-sno-disney-live-action-hercules	1	53.330593803335105	SimBa
tweet-sno-1274	QO	vclaim-sno-chick-fil-a-long-lines-lawsuit	1	67.79797556616506	SimBa
tweet-sno-1274	QO	vclaim-sno-fear-of-a-black-thursday	1	49.824349186064595	SimBa
tweet-sno-1274	QO	vclaim-sno-man-kicked-buffet-sues	1	48.88496809920824	SimBa
tweet-sno-1274	QO	vclaim-sno-food-911	1	46.42745264110148	SimBa
tweet-sno-1274	QO	vclaim-sno-wings-with-a-side-of-health-care	1	44.94101711064935	SimBa
tweet-sno-1275	QO	vclaim-sno-costco-rotisserie-chicken-cheap	1	96.18421818354958	SimBa
tweet-sno-1275	QO	vclaim-sno-costco-lying-about-cage-free-eggs	1	47.36892491695088	SimBa
tweet-sno-1275	QO	vclaim-sno-wings-with-a-side-of-health-care	1	44.994668223996015	SimBa
tweet-sno-1275	QO	vclaim-sno-chick-fil-a-gay-marriage	1	43.04630950100916	SimBa
tweet-sno-1275	QO	vclaim-sno-mcdonalds-100-beef	1	41.0485768669824	SimBa
tweet-sno-1276	QO	vclaim-sno-november-6th	1	60.485140862416785	SimBa
tweet-sno-1276	QO	vclaim-sno-hillary-clintons-popular-vote-win-came-entirely-from-california	1	54.42541131014532	SimBa
tweet-sno-1276	QO	vclaim-sno-rumor-alert-biden-michigan-votes	1	51.728144215020386	SimBa
tweet-sno-1276	QO	vclaim-sno-biden-306-electoral-votes	1	51.69205241596706	SimBa
tweet-sno-1276	QO	vclaim-sno-democrat-white-house-nba	1	49.994724252758026	SimBa
tweet-sno-1277	QO	vclaim-sno-apartment-radiator-pandemic-spread	1	81.73773751030907	SimBa
tweet-sno-1277	QO	vclaim-sno-empire-state-building-coronavirus	1	52.31582777444547	SimBa
tweet-sno-1277	QO	vclaim-sno-handkerchiefs-kissing-covid	1	47.79468474589608	SimBa
tweet-sno-1277	QO	vclaim-sno-rockefeller-operation-lockstep	1	46.08827132908557	SimBa
tweet-sno-1277	QO	vclaim-sno-ventilators-warehouse-new-york	1	46.016672530344536	SimBa
tweet-sno-1278	QO	vclaim-sno-mcdonalds-breakfast-frozen-eggs	1	64.79448065973023	SimBa
tweet-sno-1278	QO	vclaim-sno-swap-meat	1	49.122525643736445	SimBa
tweet-sno-1278	QO	vclaim-sno-something-eggstra	1	48.63039587499889	SimBa
tweet-sno-1278	QO	vclaim-sno-not-lovin39-it	1	48.450725116767444	SimBa
tweet-sno-1278	QO	vclaim-sno-retro-mcdonalds	1	48.01166317417579	SimBa
tweet-sno-1279	QO	vclaim-sno-gohmert-tooth-fall-out	1	89.18373424772109	SimBa
tweet-sno-1279	QO	vclaim-sno-will-smith-teeth-knocked-out	1	53.417998384633016	SimBa
tweet-sno-1279	QO	vclaim-sno-trump-nobody-likes-me	1	48.275699253844515	SimBa
tweet-sno-1279	QO	vclaim-sno-trey-gowdy-nancy-pelosi	1	46.98515186829758	SimBa
tweet-sno-1279	QO	vclaim-sno-steve-bannon-bloody-lip	1	46.81060996662795	SimBa
tweet-sno-1280	QO	vclaim-sno-biden-harris-disease-disagreed	1	90.90557302336035	SimBa
tweet-sno-1280	QO	vclaim-sno-democrats-nuclear-weapons	1	65.48403277151611	SimBa
tweet-sno-1280	QO	vclaim-sno-harris-biden-blog-post	1	63.10568290535986	SimBa
tweet-sno-1280	QO	vclaim-sno-biden-shareholder-capitalism	1	59.601262540960285	SimBa
tweet-sno-1280	QO	vclaim-sno-joe-biden-civil-rights-quote	1	59.269434079749125	SimBa
tweet-sno-1281	QO	vclaim-sno-indiana-jones-saxophone	1	67.523127068728	SimBa
tweet-sno-1281	QO	vclaim-sno-schwarzenegger-bush-sled-crash	1	41.9897456347372	SimBa
tweet-sno-1281	QO	vclaim-sno-coup-party-music	1	40.9098058157047	SimBa
tweet-sno-1281	QO	vclaim-sno-doomsday-planes-trump-covid	1	39.091222418423996	SimBa
tweet-sno-1281	QO	vclaim-sno-andrew-lincoln-andes-flight	1	39.08465042028422	SimBa
tweet-sno-1282	QO	vclaim-sno-indiana-jones-saxophone	1	80.14832701537081	SimBa
tweet-sno-1282	QO	vclaim-sno-shine-my-shoes	1	36.3989468567403	SimBa
tweet-sno-1282	QO	vclaim-sno-spyder-web	1	36.31849134613141	SimBa
tweet-sno-1282	QO	vclaim-sno-sinbad-movie-shazaam	1	36.214402674526426	SimBa
tweet-sno-1282	QO	vclaim-sno-teleka-patrick	1	35.40700018744564	SimBa
tweet-sno-1283	QO	vclaim-sno-indiana-jones-saxophone	1	80.46746601216662	SimBa
tweet-sno-1283	QO	vclaim-sno-james-earl-jones-star-wars-london-segregation	1	39.00844834026337	SimBa
tweet-sno-1283	QO	vclaim-sno-al-powell-nakatomi-plaza	1	36.193830979945986	SimBa
tweet-sno-1283	QO	vclaim-sno-harrison-ford-trump-han-solo	1	34.74483886644754	SimBa
tweet-sno-1283	QO	vclaim-sno-jfk-jr-trump-unstoppable	1	33.65137673027772	SimBa
tweet-sno-1284	QO	vclaim-sno-indiana-jones-saxophone	1	55.01115784915588	SimBa
tweet-sno-1284	QO	vclaim-sno-harrison-ford-trump-han-solo	1	43.79197937755093	SimBa
tweet-sno-1284	QO	vclaim-sno-justin-bieber-han-solo	1	41.97613653428235	SimBa
tweet-sno-1284	QO	vclaim-sno-proud-boys-name-aladdin-song	1	38.6740041005082	SimBa
tweet-sno-1284	QO	vclaim-sno-james-earl-jones-star-wars-london-segregation	1	38.19867151155438	SimBa
tweet-sno-1285	QO	vclaim-sno-seattle-police-confiscate-mans-guns-without-warrant	1	51.97069381458162	SimBa
tweet-sno-1285	QO	vclaim-sno-fbi-wasserman-schultz-home	1	49.45894559731051	SimBa
tweet-sno-1285	QO	vclaim-sno-florida-rebekah-jones-raid	1	49.21648571273967	SimBa
tweet-sno-1285	QO	vclaim-sno-snopes-staff-members-arrested-law-enforcement-raid	1	46.912521088544025	SimBa
tweet-sno-1285	QO	vclaim-sno-fbi-spills-water-iphone	1	43.56948552297606	SimBa
tweet-sno-1286	QO	vclaim-sno-nasa-sally-ride-100-tampons	1	79.38264754677805	SimBa
tweet-sno-1286	QO	vclaim-sno-spacesuit-envy	1	56.97416586975997	SimBa
tweet-sno-1286	QO	vclaim-sno-recalled-tampons-zombie-ants	1	44.76902998774725	SimBa
tweet-sno-1286	QO	vclaim-sno-nasa-admits-contact-with-alien-species	1	44.55184223993922	SimBa
tweet-sno-1286	QO	vclaim-sno-nasa-hillary-clinton-astronaut	1	43.96135262630909	SimBa
tweet-sno-1287	QO	vclaim-sno-my-pleasure-chick-fil-a	1	63.283538319109034	SimBa
tweet-sno-1287	QO	vclaim-sno-critter-fritter	1	51.928494812648076	SimBa
tweet-sno-1287	QO	vclaim-sno-taco-bell-two-dollar	1	45.88906833478346	SimBa
tweet-sno-1287	QO	vclaim-sno-popeyes-chicken-rat-head	1	43.441099710418875	SimBa
tweet-sno-1287	QO	vclaim-sno-chick-fil-a-long-lines-lawsuit	1	42.88725408202786	SimBa
tweet-sno-1288	QO	vclaim-sno-my-pleasure-chick-fil-a	1	81.14600063092179	SimBa
tweet-sno-1288	QO	vclaim-sno-chick-fil-a-gift-basket	1	61.85861411213816	SimBa
tweet-sno-1288	QO	vclaim-sno-chick-fil-a-meal-promo	1	57.02270605390514	SimBa
tweet-sno-1288	QO	vclaim-sno-chick-fil-a-promotions	1	56.69683572722858	SimBa
tweet-sno-1288	QO	vclaim-sno-chick-fil-a-coupon-scam	1	52.89264199756551	SimBa
tweet-sno-1289	QO	vclaim-sno-my-pleasure-chick-fil-a	1	57.531191245509014	SimBa
tweet-sno-1289	QO	vclaim-sno-burger-king-customers-manager	1	45.95514265976994	SimBa
tweet-sno-1289	QO	vclaim-sno-shady-doings	1	45.4862601916015	SimBa
tweet-sno-1289	QO	vclaim-sno-taco-bell-two-dollar	1	44.94490758429788	SimBa
tweet-sno-1289	QO	vclaim-sno-was-biden-refused-service-in-2012	1	44.53052479551489	SimBa
tweet-sno-1290	QO	vclaim-sno-my-pleasure-chick-fil-a	1	66.81185724147433	SimBa
tweet-sno-1290	QO	vclaim-sno-chick-fil-a-17-starting-wage	1	41.141820739013156	SimBa
tweet-sno-1290	QO	vclaim-sno-taco-bell-two-dollar	1	41.013171477794266	SimBa
tweet-sno-1290	QO	vclaim-sno-putty-strife	1	40.19541361977546	SimBa
tweet-sno-1290	QO	vclaim-sno-chick-fil-a-gay-marriage	1	39.72954671655118	SimBa
tweet-sno-1291	QO	vclaim-sno-biden-covid-vaccine	1	79.38603300927677	SimBa
tweet-sno-1291	QO	vclaim-sno-biden-vaccines-hurricane-protect	1	69.78392573745276	SimBa
tweet-sno-1291	QO	vclaim-sno-trump-promise-vaccine-election-day	1	59.69791605846921	SimBa
tweet-sno-1291	QO	vclaim-sno-biden-guantamano-bay-vaccine	1	56.648096016038785	SimBa
tweet-sno-1291	QO	vclaim-sno-biden-pandemic-statement	1	56.50074369911346	SimBa
tweet-sno-1292	QO	vclaim-sno-matt-putz	1	64.40956099483896	SimBa
tweet-sno-1292	QO	vclaim-sno-new-jersey-ballot-tax-returns	1	51.50860838027976	SimBa
tweet-sno-1292	QO	vclaim-sno-arnim-zola-congress-trump	1	48.481284903360034	SimBa
tweet-sno-1292	QO	vclaim-sno-furious-christie-refuses-to-pick-up-trumps-dry-cleaning	1	48.33159665381977	SimBa
tweet-sno-1292	QO	vclaim-sno-can-the-25th-amendment-prevent-a-trump-presidency	1	47.82195397903533	SimBa
tweet-sno-1293	QO	vclaim-sno-christian-owned-airlines-change-wing-light-colors-to-celebrate-christmas	1	52.4673616990326	SimBa
tweet-sno-1293	QO	vclaim-sno-chick-fil-open-sundays	1	51.86156700583443	SimBa
tweet-sno-1293	QO	vclaim-sno-chick-fil-a-sunday-tradition	1	51.04850432230968	SimBa
tweet-sno-1293	QO	vclaim-sno-chick-fil-a-food-stranded-storm	1	46.410238624289036	SimBa
tweet-sno-1293	QO	vclaim-sno-my-pleasure-chick-fil-a	1	44.80153767950847	SimBa
tweet-sno-1294	QO	vclaim-sno-drake-scented-candles	1	61.01340037381683	SimBa
tweet-sno-1294	QO	vclaim-sno-kfc-really-create-chicken-scented-candle	1	44.444717052814006	SimBa
tweet-sno-1294	QO	vclaim-sno-gwyneth-paltrow-vagina-candle	1	36.50009793476696	SimBa
tweet-sno-1294	QO	vclaim-sno-do-scented-candles-cause-cancer	1	36.467492610411	SimBa
tweet-sno-1294	QO	vclaim-sno-harry-potter-cursed-child-movie-poster	1	35.578105182231866	SimBa
tweet-sno-1295	QO	vclaim-sno-flash-player-no-longer-supported	1	57.33112275105214	SimBa
tweet-sno-1295	QO	vclaim-sno-facebook-search-porn	1	41.60448510142408	SimBa
tweet-sno-1295	QO	vclaim-sno-is-minecraft-shutting-down	1	37.88808530531972	SimBa
tweet-sno-1295	QO	vclaim-sno-google-maps-show-republicans	1	35.58093775881296	SimBa
tweet-sno-1295	QO	vclaim-sno-get-out-the-vote-2	1	34.67488107251368	SimBa
tweet-sno-1296	QO	vclaim-sno-flash-player-no-longer-supported	1	65.56351956937213	SimBa
tweet-sno-1296	QO	vclaim-sno-snapchat-shutting-end-2017-prank	1	44.61475899801477	SimBa
tweet-sno-1296	QO	vclaim-sno-is-minecraft-shutting-down	1	41.46408209614958	SimBa
tweet-sno-1296	QO	vclaim-sno-obamaphones-to-be-cut-off	1	40.07679937322139	SimBa
tweet-sno-1296	QO	vclaim-sno-spirit-halloween-2020-stores	1	39.440695575793846	SimBa
tweet-sno-1297	QO	vclaim-sno-flash-player-no-longer-supported	1	72.051957574638	SimBa
tweet-sno-1297	QO	vclaim-sno-boob-youtube	1	55.8136806724098	SimBa
tweet-sno-1297	QO	vclaim-sno-facebook-ban-livestreamed-music	1	55.56559230205701	SimBa
tweet-sno-1297	QO	vclaim-sno-facebook-search-porn	1	54.973978013973614	SimBa
tweet-sno-1297	QO	vclaim-sno-is-minecraft-shutting-down	1	51.9383389014144	SimBa
tweet-sno-1298	QO	vclaim-sno-santa-covid-exemption-ireland	1	63.77262264004288	SimBa
tweet-sno-1298	QO	vclaim-sno-ecstasy-halloween-candy	1	45.78882698823061	SimBa
tweet-sno-1298	QO	vclaim-sno-charlie-brown-christmas-christian-content-warnings	1	44.29795933073217	SimBa
tweet-sno-1298	QO	vclaim-sno-santas-canadian-postal-code	1	44.27217012240614	SimBa
tweet-sno-1298	QO	vclaim-sno-drink-irresponsibly	1	44.035690791353964	SimBa
tweet-sno-1299	QO	vclaim-sno-monolith-california	1	56.96251252695976	SimBa
tweet-sno-1299	QO	vclaim-sno-monolith-found-utah	1	48.777728920537754	SimBa
tweet-sno-1299	QO	vclaim-sno-firefall-fire-waterfall	1	44.55009893704931	SimBa
tweet-sno-1299	QO	vclaim-sno-firenado-in-california	1	43.23265069399733	SimBa
tweet-sno-1299	QO	vclaim-sno-rainbow-mountains-real	1	42.50159994111243	SimBa
tweet-sno-1300	QO	vclaim-sno-pat-robertson-oral-sex-coronavirus	1	57.41902502510175	SimBa
tweet-sno-1300	QO	vclaim-sno-mike-pence-allowing-rape-victims-to-have-abortions-will-lead-to-women-trying-to-get-raped	1	53.9276863240428	SimBa
tweet-sno-1300	QO	vclaim-sno-king-louis-xiv-fetish-birth	1	52.413240405134495	SimBa
tweet-sno-1300	QO	vclaim-sno-katie-hopkins-euthanasia-vans-elderly	1	51.60039557394689	SimBa
tweet-sno-1300	QO	vclaim-sno-breast-cancer-abortion-yoest	1	51.4644801510728	SimBa
tweet-sno-1301	QO	vclaim-sno-dont-like-mondays	1	39.228425859165974	SimBa
tweet-sno-1301	QO	vclaim-sno-loser-lawn-trump-golf-course	1	37.68348928068945	SimBa
tweet-sno-1301	QO	vclaim-sno-marching-orders	1	37.60445013155419	SimBa
tweet-sno-1301	QO	vclaim-sno-american-girl	1	37.20901113002133	SimBa
tweet-sno-1301	QO	vclaim-sno-vote-after-polls-closed-2020	1	37.174947561916326	SimBa
tweet-sno-1302	QO	vclaim-sno-johns-hopkins-covid-deaths	1	75.73893742712714	SimBa
tweet-sno-1302	QO	vclaim-sno-covid19-two-deaths	1	60.02896584007624	SimBa
tweet-sno-1302	QO	vclaim-sno-norway-vaccine-deaths	1	52.06033920802785	SimBa
tweet-sno-1302	QO	vclaim-sno-hugh-mann-alien-life-mars	1	50.99886820063594	SimBa
tweet-sno-1302	QO	vclaim-sno-china-cellphones-coronavirus	1	50.60669761520211	SimBa
tweet-sno-1303	QO	vclaim-sno-leonardo-dicaprio-disney-channel	1	70.14869829253556	SimBa
tweet-sno-1303	QO	vclaim-sno-scarface-remake-leonardo-dicaprio	1	54.858425100880616	SimBa
tweet-sno-1303	QO	vclaim-sno-sandra-bullock-keanu-reeves	1	46.14348581946056	SimBa
tweet-sno-1303	QO	vclaim-sno-life-with-fodder	1	45.60339670458946	SimBa
tweet-sno-1303	QO	vclaim-sno-leonardo-dicaprio-trump	1	45.339958788954185	SimBa
tweet-sno-1304	QO	vclaim-sno-minkus-became-chanel-west-coast	1	51.00771360154578	SimBa
tweet-sno-1304	QO	vclaim-sno-thunberg-actress-estella-renee	1	48.27839256997288	SimBa
tweet-sno-1304	QO	vclaim-sno-playgirl-trump-contest	1	47.25733756184209	SimBa
tweet-sno-1304	QO	vclaim-sno-leonardo-dicaprio-disney-channel	1	46.908301912440734	SimBa
tweet-sno-1304	QO	vclaim-sno-catch-me-outside-girl-arrested	1	46.85063446802011	SimBa
tweet-sno-1305	QO	vclaim-sno-leonardo-dicaprio-disney-channel	1	50.33822961232141	SimBa
tweet-sno-1305	QO	vclaim-sno-chicago-purge-murders	1	46.9757970124481	SimBa
tweet-sno-1305	QO	vclaim-sno-twilight-saga-moonlight-glow	1	44.296830495472214	SimBa
tweet-sno-1305	QO	vclaim-sno-no-lackin-challenge	1	43.76980112264881	SimBa
tweet-sno-1305	QO	vclaim-sno-little-leaguer-porn-star	1	42.885251007125426	SimBa
tweet-sno-1306	QO	vclaim-sno-georgia-signature-audit	1	52.41016762382531	SimBa
tweet-sno-1306	QO	vclaim-sno-legislatures-override-electors	1	49.76977979254794	SimBa
tweet-sno-1306	QO	vclaim-sno-georgia-runoff-residency	1	49.4079758426401	SimBa
tweet-sno-1306	QO	vclaim-sno-georgia-primary-election-fraud	1	45.60344364500688	SimBa
tweet-sno-1306	QO	vclaim-sno-georgia-ballots-likely-ineligible	1	43.628439170961876	SimBa
tweet-sno-1307	QO	vclaim-sno-trump-detroit-voters-2020	1	68.86028962569051	SimBa
tweet-sno-1307	QO	vclaim-sno-more-votes-than-voters-in-detroit	1	59.033346949263944	SimBa
tweet-sno-1307	QO	vclaim-sno-simple-math-on-biden-votes	1	47.19753745303692	SimBa
tweet-sno-1307	QO	vclaim-sno-ghost-voters-in-29-states	1	47.01053787874792	SimBa
tweet-sno-1307	QO	vclaim-sno-george-soros-trump-will-win-popular-vote-by-a-landslide-but-clinton-victory-a-done-deal	1	45.31576503872494	SimBa
tweet-sno-1308	QO	vclaim-sno-trump-pardon-turkey-election	1	79.11474901677842	SimBa
tweet-sno-1308	QO	vclaim-sno-did-trump-call-mccain-a-loser	1	59.536427712009264	SimBa
tweet-sno-1308	QO	vclaim-sno-trump-described-the-electoral-college-as-a-disaster	1	58.827371825989935	SimBa
tweet-sno-1308	QO	vclaim-sno-won-both-ohio-florida-lost	1	56.67635515573083	SimBa
tweet-sno-1308	QO	vclaim-sno-could-trump-defy-popular-vote	1	54.82714536784287	SimBa
tweet-sno-1309	QO	vclaim-sno-alaska-town-60-days-without-sun	1	68.95064585562629	SimBa
tweet-sno-1309	QO	vclaim-sno-sun-lockdown	1	51.52194391474778	SimBa
tweet-sno-1309	QO	vclaim-sno-wolf-moon-january	1	46.53983543140061	SimBa
tweet-sno-1309	QO	vclaim-sno-global-sea-ice-at-a-record-breaking-low	1	44.85536673712232	SimBa
tweet-sno-1309	QO	vclaim-sno-green-moon	1	43.84364084500574	SimBa
tweet-sno-1310	QO	vclaim-sno-florida-air-force-robotic-dogs	1	72.52241227973155	SimBa
tweet-sno-1310	QO	vclaim-sno-army-working-dogs-satire	1	61.373103839137386	SimBa
tweet-sno-1310	QO	vclaim-sno-nypd-robot-dogs-police	1	49.19870980844514	SimBa
tweet-sno-1310	QO	vclaim-sno-a-new-breed-of-gunner	1	44.06319718858933	SimBa
tweet-sno-1310	QO	vclaim-sno-marine-corps-dog-adoptions	1	42.618598333472434	SimBa
tweet-sno-1311	QO	vclaim-sno-20000-dead-voters-in-pennsylvania	1	75.41657183566102	SimBa
tweet-sno-1311	QO	vclaim-sno-wisconsin-vote-dump	1	72.7903225111279	SimBa
tweet-sno-1311	QO	vclaim-sno-more-votes-than-voters-in-detroit	1	72.07454313315134	SimBa
tweet-sno-1311	QO	vclaim-sno-trump-biden-vote-dumps	1	69.53715529236975	SimBa
tweet-sno-1311	QO	vclaim-sno-ghost-voters-in-29-states	1	69.31266792833387	SimBa
tweet-sno-1312	QO	vclaim-sno-christmas-tree-owl	1	61.060401222238845	SimBa
tweet-sno-1312	QO	vclaim-sno-monkey-cosmetics-testing	1	46.05108835700772	SimBa
tweet-sno-1312	QO	vclaim-sno-owl-having-an-orgasm	1	45.295614834404205	SimBa
tweet-sno-1312	QO	vclaim-sno-koala-rescued-from-aussie-fire	1	44.84293200985419	SimBa
tweet-sno-1312	QO	vclaim-sno-starving-polar-bear-viral	1	44.002442289022056	SimBa
tweet-sno-1313	QO	vclaim-sno-wisconsin-vote-dump	1	79.57601325421876	SimBa
tweet-sno-1313	QO	vclaim-sno-gallup-poll-electoral-fraud	1	63.216576932839395	SimBa
tweet-sno-1313	QO	vclaim-sno-trump-biden-vote-dumps	1	60.98188804185397	SimBa
tweet-sno-1313	QO	vclaim-sno-300000-wisconsin-voters-turned-away-due-to-voter-id-laws	1	59.88305561489311	SimBa
tweet-sno-1313	QO	vclaim-sno-jorgensen-40k	1	59.444154584564224	SimBa
tweet-sno-1314	QO	vclaim-sno-dominion-servers-germany-seized	1	70.39532238360118	SimBa
tweet-sno-1314	QO	vclaim-sno-facebook-analytics-electoral-map-shows-trump-sweep	1	64.62217936520304	SimBa
tweet-sno-1314	QO	vclaim-sno-machine-voting-pens-switching-votes	1	58.90207197761396	SimBa
tweet-sno-1314	QO	vclaim-sno-trump-clinton-counties-won	1	57.60962278072679	SimBa
tweet-sno-1314	QO	vclaim-sno-floyd-county-georgia-votes	1	57.46132107886247	SimBa
tweet-sno-1315	QO	vclaim-sno-dominion-servers-germany-seized	1	70.23658307773984	SimBa
tweet-sno-1315	QO	vclaim-sno-facebook-analytics-electoral-map-shows-trump-sweep	1	57.84814255258923	SimBa
tweet-sno-1315	QO	vclaim-sno-hillary-clinton-800000-votes-non-citizens	1	50.75604329600909	SimBa
tweet-sno-1315	QO	vclaim-sno-trump-clinton-counties-won	1	49.976350600472976	SimBa
tweet-sno-1315	QO	vclaim-sno-trump-server-tied-to-russian-bank	1	48.65237951881659	SimBa
tweet-sno-1316	QO	vclaim-sno-cuomo-vaccine-bad-news-trump	1	81.84918400005338	SimBa
tweet-sno-1316	QO	vclaim-sno-trump-governors-covid-19	1	61.02055246078828	SimBa
tweet-sno-1316	QO	vclaim-sno-trump-public-officials-pay	1	60.975749054501115	SimBa
tweet-sno-1316	QO	vclaim-sno-trump-more-testing-look-bad	1	59.93786825167159	SimBa
tweet-sno-1316	QO	vclaim-sno-cdc-halts-us-jj-covid-shots	1	59.93228367481955	SimBa
tweet-sno-1317	QO	vclaim-sno-cornyn-votes-puerto-rico	1	70.77317699359557	SimBa
tweet-sno-1317	QO	vclaim-sno-uncounted-california-ballots	1	61.400437344013014	SimBa
tweet-sno-1317	QO	vclaim-sno-military-absentee-ballots-clinton	1	54.803068857626116	SimBa
tweet-sno-1317	QO	vclaim-sno-florida-moves-for-full-recount-of-state-votes-over-massive-voter-fraud	1	52.577653408164494	SimBa
tweet-sno-1317	QO	vclaim-sno-georgia-ballots-likely-ineligible	1	52.496803052432824	SimBa
tweet-sno-1318	QO	vclaim-sno-georgia-ballots-likely-ineligible	1	60.56630660321024	SimBa
tweet-sno-1318	QO	vclaim-sno-floyd-county-georgia-votes	1	60.35969680061456	SimBa
tweet-sno-1318	QO	vclaim-sno-broward-county-fraud-voters-votes	1	59.92966963111503	SimBa
tweet-sno-1318	QO	vclaim-sno-pa-mailin-votes-ballots	1	59.682255220621336	SimBa
tweet-sno-1318	QO	vclaim-sno-ballots-lancaster-pa	1	59.247537305818966	SimBa
tweet-sno-1319	QO	vclaim-sno-floyd-county-georgia-votes	1	85.72904386737997	SimBa
tweet-sno-1319	QO	vclaim-sno-georgia-signature-audit	1	70.3148142625773	SimBa
tweet-sno-1319	QO	vclaim-sno-popular-vote-totals-rigged	1	66.53104768028184	SimBa
tweet-sno-1319	QO	vclaim-sno-florida-moves-for-full-recount-of-state-votes-over-massive-voter-fraud	1	66.09527067370712	SimBa
tweet-sno-1319	QO	vclaim-sno-virginia-vote-switch	1	65.74595681700094	SimBa
tweet-sno-1320	QO	vclaim-sno-maga-trump-million-march	1	75.422738071171	SimBa
tweet-sno-1320	QO	vclaim-sno-trump-rally-crowd-66000	1	63.23528434560354	SimBa
tweet-sno-1320	QO	vclaim-sno-simple-math-on-biden-votes	1	60.19605562158495	SimBa
tweet-sno-1320	QO	vclaim-sno-biden-trump-inauguration-crowd	1	60.17560821529385	SimBa
tweet-sno-1320	QO	vclaim-sno-photograph-shows-100000-bikers-at-trump-rally	1	59.66141899383518	SimBa
tweet-sno-1321	QO	vclaim-sno-newsmax-biden-pence	1	80.74313412657139	SimBa
tweet-sno-1321	QO	vclaim-sno-vp-pelosi	1	68.02413494567169	SimBa
tweet-sno-1321	QO	vclaim-sno-gowdy-pence-2020	1	67.36984653741462	SimBa
tweet-sno-1321	QO	vclaim-sno-mike-pence-to-resign	1	66.99880657725747	SimBa
tweet-sno-1321	QO	vclaim-sno-smooth-transition-trump	1	63.91932761204916	SimBa
tweet-sno-1322	QO	vclaim-sno-newsmax-biden-pence	1	76.47499676212057	SimBa
tweet-sno-1322	QO	vclaim-sno-mike-pence-blames-media-for-trump-controversies	1	65.13831032382905	SimBa
tweet-sno-1322	QO	vclaim-sno-trump-considering-resignation	1	61.6900686831326	SimBa
tweet-sno-1322	QO	vclaim-sno-trump-polls-drop-out	1	59.19579224520499	SimBa
tweet-sno-1322	QO	vclaim-sno-steve-harvey-donald-trump	1	57.11896496635296	SimBa
tweet-sno-1323	QO	vclaim-sno-newsmax-biden-pence	1	72.1625404543899	SimBa
tweet-sno-1323	QO	vclaim-sno-mike-pence-blames-media-for-trump-controversies	1	61.79186910823463	SimBa
tweet-sno-1323	QO	vclaim-sno-mike-pence-to-resign	1	58.324849412272904	SimBa
tweet-sno-1323	QO	vclaim-sno-vp-pelosi	1	56.69180257385352	SimBa
tweet-sno-1323	QO	vclaim-sno-pelosi-resign-trump-reelected	1	55.90555452241129	SimBa
tweet-sno-1324	QO	vclaim-sno-rnc-chairwoman-deleted-tweet	1	81.21734861431355	SimBa
tweet-sno-1324	QO	vclaim-sno-tomi-lahren-biden-supporters-loot	1	67.4972560146692	SimBa
tweet-sno-1324	QO	vclaim-sno-twitter-marjorie-taylor-greene	1	62.16478456075178	SimBa
tweet-sno-1324	QO	vclaim-sno-clinton-to-drop-out-twitter	1	60.60056320258717	SimBa
tweet-sno-1324	QO	vclaim-sno-bidens-win-lie-of-the-year	1	59.972193180381986	SimBa
tweet-sno-1325	QO	vclaim-sno-raising-canes-chicken-bankruptcy	1	73.10812370013235	SimBa
tweet-sno-1325	QO	vclaim-sno-dunkin-donuts-bankruptcy-prank	1	46.61152889246101	SimBa
tweet-sno-1325	QO	vclaim-sno-drink-and-a-nod	1	45.46717367878594	SimBa
tweet-sno-1325	QO	vclaim-sno-643000-bankruptcies-in-the-u-s-every-year-due-to-medical-bills	1	43.41829367022492	SimBa
tweet-sno-1325	QO	vclaim-sno-nordstrom-chapter-11-baio-boycott	1	43.20719129298087	SimBa
tweet-sno-1326	QO	vclaim-sno-raising-canes-chicken-bankruptcy	1	56.77096154059969	SimBa
tweet-sno-1326	QO	vclaim-sno-usps-closing-due-to-covid-19	1	46.103334320313664	SimBa
tweet-sno-1326	QO	vclaim-sno-wendys-heartbreaking-announcement	1	45.4877261163912	SimBa
tweet-sno-1326	QO	vclaim-sno-dunkin-donuts-bankruptcy-prank	1	41.50473834854479	SimBa
tweet-sno-1326	QO	vclaim-sno-taco-bell-closing-2020	1	40.52619791321541	SimBa
tweet-sno-1327	QO	vclaim-sno-drake-is-not-dead	1	57.858385005441285	SimBa
tweet-sno-1327	QO	vclaim-sno-debby-ryan-heart-attack	1	54.18749214542357	SimBa
tweet-sno-1327	QO	vclaim-sno-dmx-death-hoax	1	49.543192287606495	SimBa
tweet-sno-1327	QO	vclaim-sno-reginald-veljohnson-death-hoax	1	49.289309664151894	SimBa
tweet-sno-1327	QO	vclaim-sno-charlie-sheen-death-hoax	1	49.09493539299034	SimBa
tweet-sno-1328	QO	vclaim-sno-xbox-playstation-ps5-congrats	1	60.44559192236605	SimBa
tweet-sno-1328	QO	vclaim-sno-all-work-and-no-playstation	1	39.34498787182119	SimBa
tweet-sno-1328	QO	vclaim-sno-free-coke-bag-scam	1	36.01718196971917	SimBa
tweet-sno-1328	QO	vclaim-sno-ninja-turtles-shredders-revenge	1	33.67201630755656	SimBa
tweet-sno-1328	QO	vclaim-sno-cyberpunk-2077-refunds	1	33.1218413162873	SimBa
tweet-sno-1329	QO	vclaim-sno-xbox-playstation-ps5-congrats	1	56.38872332041114	SimBa
tweet-sno-1329	QO	vclaim-sno-pokemon-go-developer-niantic-to-develop-harry-potter-go	1	39.828624876568796	SimBa
tweet-sno-1329	QO	vclaim-sno-ocasio-cortez-technology-quote	1	37.623273022984804	SimBa
tweet-sno-1329	QO	vclaim-sno-microsoft-own-patent-666	1	37.49850874126944	SimBa
tweet-sno-1329	QO	vclaim-sno-harry-potter-8-2	1	36.828935046067045	SimBa
tweet-sno-1330	QO	vclaim-sno-ice-twitter-account-disappear	1	67.11205366990342	SimBa
tweet-sno-1330	QO	vclaim-sno-nps-twitter-account-shut-down	1	53.22756514673513	SimBa
tweet-sno-1330	QO	vclaim-sno-did-twitter-lock-trumps-account	1	46.98014597091466	SimBa
tweet-sno-1330	QO	vclaim-sno-twitter-delete-trump-account-racism	1	46.47007557251752	SimBa
tweet-sno-1330	QO	vclaim-sno-rudy-giuliani-banned-from-twitter-for-pizzagate-tweets	1	45.96615313332981	SimBa
tweet-sno-1331	QO	vclaim-sno-ice-twitter-account-disappear	1	78.16786479491564	SimBa
tweet-sno-1331	QO	vclaim-sno-nps-twitter-account-shut-down	1	59.5931353804304	SimBa
tweet-sno-1331	QO	vclaim-sno-did-twitter-lock-trumps-account	1	53.53658685273787	SimBa
tweet-sno-1331	QO	vclaim-sno-pelosi-tweet-chinatown-tourism	1	51.92519130093592	SimBa
tweet-sno-1331	QO	vclaim-sno-twitter-delete-trump-account-racism	1	50.14948971978056	SimBa
tweet-sno-1332	QO	vclaim-sno-veterans-national-parks-lifetime	1	70.88395829196892	SimBa
tweet-sno-1332	QO	vclaim-sno-free-meals-for-veterans	1	59.55228852436242	SimBa
tweet-sno-1332	QO	vclaim-sno-trump-veterans-free-health-care	1	57.63617920222565	SimBa
tweet-sno-1332	QO	vclaim-sno-did-obama-award-himself-a-distinguished-public-service-medal	1	55.05978033449923	SimBa
tweet-sno-1332	QO	vclaim-sno-trump-salary-military-cemeteries	1	54.35971040643018	SimBa
tweet-sno-1333	QO	vclaim-sno-covid-vaccine-funded-by-trump	1	71.26660466552431	SimBa
tweet-sno-1333	QO	vclaim-sno-did-trump-praise-covid-19-vaccines	1	66.1762541517548	SimBa
tweet-sno-1333	QO	vclaim-sno-diabetes-vaccine	1	61.41512775351436	SimBa
tweet-sno-1333	QO	vclaim-sno-cuba-cancer-vaccine	1	56.60391856983982	SimBa
tweet-sno-1333	QO	vclaim-sno-russian-scientists-discover-cure-homosexuality	1	55.19625980239981	SimBa
tweet-sno-1334	QO	vclaim-sno-covid-vaccine-funded-by-trump	1	74.21342803202488	SimBa
tweet-sno-1334	QO	vclaim-sno-did-trump-praise-covid-19-vaccines	1	59.93070888170443	SimBa
tweet-sno-1334	QO	vclaim-sno-trump-promise-vaccine-election-day	1	57.76356751218453	SimBa
tweet-sno-1334	QO	vclaim-sno-diabetes-vaccine	1	54.85757816353301	SimBa
tweet-sno-1334	QO	vclaim-sno-trump-economy-pandemic	1	51.45706378589517	SimBa
tweet-sno-1335	QO	vclaim-sno-biden-hat-trump-maga	1	71.81715723177982	SimBa
tweet-sno-1335	QO	vclaim-sno-biden-trump-xenophobic	1	65.74102905229456	SimBa
tweet-sno-1335	QO	vclaim-sno-listen-to-scientists	1	64.4998651783141	SimBa
tweet-sno-1335	QO	vclaim-sno-biden-trump-dregs-society	1	61.19521062597323	SimBa
tweet-sno-1335	QO	vclaim-sno-biden-pandemic-statement	1	59.80645948394816	SimBa
tweet-sno-1336	QO	vclaim-sno-biden-major-dog-rescue-white-house	1	89.17803478502422	SimBa
tweet-sno-1336	QO	vclaim-sno-biden-team-statement-dog	1	68.51497774376656	SimBa
tweet-sno-1336	QO	vclaim-sno-biden-dog-major-indoguration	1	67.50862824950184	SimBa
tweet-sno-1336	QO	vclaim-sno-paws-act-veterans-ptsd-service-dogs	1	62.38390069202696	SimBa
tweet-sno-1336	QO	vclaim-sno-biden-dogs-kicked-out-white-house	1	58.818871232922056	SimBa
tweet-sno-1337	QO	vclaim-sno-trump-golf-rallies-coronavirus	1	67.72676260097847	SimBa
tweet-sno-1337	QO	vclaim-sno-trump-more-testing-look-bad	1	62.567493259356986	SimBa
tweet-sno-1337	QO	vclaim-sno-golfing-trump-election-results	1	61.440153344065926	SimBa
tweet-sno-1337	QO	vclaim-sno-trump-governors-covid-19	1	61.325718549173466	SimBa
tweet-sno-1337	QO	vclaim-sno-trump-tulsa-rally-covid19-test	1	59.01227474294299	SimBa
tweet-sno-1338	QO	vclaim-sno-bannon-fauci-wray-head-pikes	1	81.8930138964295	SimBa
tweet-sno-1338	QO	vclaim-sno-trump-suicide-bombers-penalty	1	63.066160114219606	SimBa
tweet-sno-1338	QO	vclaim-sno-steve-bannon-predicts-obama	1	62.556820350907536	SimBa
tweet-sno-1338	QO	vclaim-sno-trump-pedophiles-death-penalty	1	62.48010715565798	SimBa
tweet-sno-1338	QO	vclaim-sno-isis-called-for-assassination-of-barron-trump	1	60.14075073696659	SimBa
tweet-sno-1339	QO	vclaim-sno-trump-whales-sea-turtles	1	61.88306271895424	SimBa
tweet-sno-1339	QO	vclaim-sno-gray-wolves-endangered-trump	1	60.912879153846845	SimBa
tweet-sno-1339	QO	vclaim-sno-trump-meals-on-wheels	1	53.2712774186732	SimBa
tweet-sno-1339	QO	vclaim-sno-trump-transgenders-on-notice	1	53.20877195914988	SimBa
tweet-sno-1339	QO	vclaim-sno-trump-to-strike-down-obamas-regulation-expanding-overtime	1	52.756376599121616	SimBa
tweet-sno-1340	QO	vclaim-sno-pa-worker-filling-ballots	1	72.00707993917385	SimBa
tweet-sno-1340	QO	vclaim-sno-broward-county-blank-ballots	1	46.290535340233596	SimBa
tweet-sno-1340	QO	vclaim-sno-atlanta-georgia-voter-fraud-video	1	44.41545154115073	SimBa
tweet-sno-1340	QO	vclaim-sno-strawman-poll	1	43.878733752579045	SimBa
tweet-sno-1340	QO	vclaim-sno-can-you-vote-online-with-a-hashtag	1	43.78777149411779	SimBa
tweet-sno-1341	QO	vclaim-sno-stop-the-count-chant	1	74.19100562927268	SimBa
tweet-sno-1341	QO	vclaim-sno-trump-vote-twice-north-carolina	1	70.11710588374352	SimBa
tweet-sno-1341	QO	vclaim-sno-trump-threatening-robocalls	1	60.82754267506155	SimBa
tweet-sno-1341	QO	vclaim-sno-trump-rally-chant	1	59.568071935803644	SimBa
tweet-sno-1341	QO	vclaim-sno-trump-tell-supporters-storm	1	58.91619177870716	SimBa
tweet-sno-1342	QO	vclaim-sno-trump-recount-battleground-states	1	69.83935707867802	SimBa
tweet-sno-1342	QO	vclaim-sno-straight-ticket	1	54.530534512089204	SimBa
tweet-sno-1342	QO	vclaim-sno-why-ohio	1	53.515995395732055	SimBa
tweet-sno-1342	QO	vclaim-sno-false-rubio-cruz-trump-tweet	1	49.64027829790385	SimBa
tweet-sno-1342	QO	vclaim-sno-georgia-signature-audit	1	49.600208558255645	SimBa
tweet-sno-1343	QO	vclaim-sno-millions-mail-in-ballots	1	64.59343589619452	SimBa
tweet-sno-1343	QO	vclaim-sno-sharpie-trump-ballots-arizona	1	63.73598476278837	SimBa
tweet-sno-1343	QO	vclaim-sno-virginia-vote-switch	1	63.43673057436076	SimBa
tweet-sno-1343	QO	vclaim-sno-ballot-envelopes-reveal-party	1	62.45585671318794	SimBa
tweet-sno-1343	QO	vclaim-sno-california-unlawful-ballots	1	61.54827197898172	SimBa
tweet-sno-1344	QO	vclaim-sno-sharpie-trump-ballots-arizona	1	80.14535029945638	SimBa
tweet-sno-1344	QO	vclaim-sno-california-unlawful-ballots	1	63.80858291682813	SimBa
tweet-sno-1344	QO	vclaim-sno-georgia-signature-audit	1	61.4399742422409	SimBa
tweet-sno-1344	QO	vclaim-sno-counties-won-vs-popular-vote	1	60.97002291943734	SimBa
tweet-sno-1344	QO	vclaim-sno-millions-mail-in-ballots	1	60.47456862016286	SimBa
tweet-sno-1345	QO	vclaim-sno-sharpie-trump-ballots-arizona	1	66.12871349899066	SimBa
tweet-sno-1345	QO	vclaim-sno-wisconsin-vote-dump	1	64.38548285967532	SimBa
tweet-sno-1345	QO	vclaim-sno-virginia-vote-switch	1	62.44318919455405	SimBa
tweet-sno-1345	QO	vclaim-sno-trump-biden-vote-dumps	1	62.2145674034153	SimBa
tweet-sno-1345	QO	vclaim-sno-millions-mail-in-ballots	1	59.292372874860156	SimBa
tweet-sno-1346	QO	vclaim-sno-saved-whale-says-thanks	1	49.281117284703704	SimBa
tweet-sno-1346	QO	vclaim-sno-hurricane-now-contains-sharks	1	41.34223982810694	SimBa
tweet-sno-1346	QO	vclaim-sno-killer-whale	1	41.27458132144213	SimBa
tweet-sno-1346	QO	vclaim-sno-big-gulp	1	40.78355136088503	SimBa
tweet-sno-1346	QO	vclaim-sno-triangle-of-life	1	40.12351677333239	SimBa
tweet-sno-1347	QO	vclaim-sno-humpback-whale-eat-kayaker	1	72.4740870284813	SimBa
tweet-sno-1347	QO	vclaim-sno-big-gulp	1	68.73373292840067	SimBa
tweet-sno-1347	QO	vclaim-sno-killer-whale	1	67.98411997253967	SimBa
tweet-sno-1347	QO	vclaim-sno-photograph-kayak-orcas	1	61.70470477311859	SimBa
tweet-sno-1347	QO	vclaim-sno-blue-whale-under-rowboat	1	59.97634125136748	SimBa
tweet-sno-1348	QO	vclaim-sno-chauvin-floyd-club-employment	1	38.945375988533314	SimBa
tweet-sno-1348	QO	vclaim-sno-quayle-quotes	1	36.73773069019711	SimBa
tweet-sno-1348	QO	vclaim-sno-biden-black-athletes-green-mile	1	35.54913251950088	SimBa
tweet-sno-1348	QO	vclaim-sno-obama-student-id	1	31.726179214333115	SimBa
tweet-sno-1348	QO	vclaim-sno-baseball-player-moe-berg-spy	1	31.110254532071167	SimBa
tweet-sno-1349	QO	vclaim-sno-kamala-harris-pearls-election-day	1	61.08652369536451	SimBa
tweet-sno-1349	QO	vclaim-sno-hillary-clinton-embraces-the-woman-card	1	52.497308070781536	SimBa
tweet-sno-1349	QO	vclaim-sno-soros-harris-vice-president	1	47.244552243797976	SimBa
tweet-sno-1349	QO	vclaim-sno-kamala-harris-protests	1	46.16214949605274	SimBa
tweet-sno-1349	QO	vclaim-sno-fake-aoc-purge-tweet	1	45.90205616183689	SimBa
tweet-sno-1350	QO	vclaim-sno-amish-trump-presidential-victory	1	60.966845993510596	SimBa
tweet-sno-1350	QO	vclaim-sno-amish-buggies-trump	1	55.932318897841526	SimBa
tweet-sno-1350	QO	vclaim-sno-televangelist-threatens-civil-war	1	48.72558277517422	SimBa
tweet-sno-1350	QO	vclaim-sno-noam-chomsky-predicted-trumps-presidency	1	47.11962665828353	SimBa
tweet-sno-1350	QO	vclaim-sno-graham-christian-death-camps	1	45.561370438937864	SimBa
tweet-sno-1351	QO	vclaim-sno-omar-minnesota-register-vote	1	62.54386878150782	SimBa
tweet-sno-1351	QO	vclaim-sno-uber-lyft-free-rides-polls	1	53.958041118851575	SimBa
tweet-sno-1351	QO	vclaim-sno-strawman-poll	1	53.021633042192285	SimBa
tweet-sno-1351	QO	vclaim-sno-phoney-voting	1	48.61269320351145	SimBa
tweet-sno-1351	QO	vclaim-sno-democrats-voting-twice-maryland	1	45.738282004405065	SimBa
tweet-sno-1352	QO	vclaim-sno-joe-biden-war-hero-story	1	59.79939234118753	SimBa
tweet-sno-1352	QO	vclaim-sno-c-span-video-joe-biden-ukraine	1	59.132112340240894	SimBa
tweet-sno-1352	QO	vclaim-sno-black-americans-super-predators	1	56.99799658045306	SimBa
tweet-sno-1352	QO	vclaim-sno-joe-biden-plagiarism	1	56.89105877343462	SimBa
tweet-sno-1352	QO	vclaim-sno-bar-owner-biden-ad	1	55.44145523603573	SimBa
tweet-sno-1353	QO	vclaim-sno-hunter-biden-flipped-fbi	1	71.02734109181608	SimBa
tweet-sno-1353	QO	vclaim-sno-c-span-video-joe-biden-ukraine	1	59.57516085846278	SimBa
tweet-sno-1353	QO	vclaim-sno-joe-biden-ask-reporter-junkie	1	56.3767602710959	SimBa
tweet-sno-1353	QO	vclaim-sno-joe-biden-plagiarism	1	54.592524944334166	SimBa
tweet-sno-1353	QO	vclaim-sno-biden-ron-burgundy	1	53.13329271878824	SimBa
tweet-sno-1354	QO	vclaim-sno-joe-biden-endorsement	1	63.44112567207868	SimBa
tweet-sno-1354	QO	vclaim-sno-hunter-biden-flipped-fbi	1	63.18961409271188	SimBa
tweet-sno-1354	QO	vclaim-sno-joe-biden-ask-reporter-junkie	1	62.93153113779045	SimBa
tweet-sno-1354	QO	vclaim-sno-joe-biden-war-hero-story	1	56.89592315111861	SimBa
tweet-sno-1354	QO	vclaim-sno-joe-biden-plagiarism	1	56.86769873450528	SimBa
tweet-sno-1355	QO	vclaim-sno-hunter-biden-flipped-fbi	1	63.5387461007752	SimBa
tweet-sno-1355	QO	vclaim-sno-joe-biden-endorsement	1	57.550677052024646	SimBa
tweet-sno-1355	QO	vclaim-sno-bar-owner-biden-ad	1	55.03868688794743	SimBa
tweet-sno-1355	QO	vclaim-sno-joe-biden-plagiarism	1	52.453011485785424	SimBa
tweet-sno-1355	QO	vclaim-sno-c-span-video-joe-biden-ukraine	1	52.4178195183017	SimBa
tweet-sno-1356	QO	vclaim-sno-hunter-biden-flipped-fbi	1	64.59757246310667	SimBa
tweet-sno-1356	QO	vclaim-sno-c-span-video-joe-biden-ukraine	1	60.64127830764415	SimBa
tweet-sno-1356	QO	vclaim-sno-biden-admit-voter-fraud	1	57.97924763870319	SimBa
tweet-sno-1356	QO	vclaim-sno-fake-biden-arrest-warrant	1	55.16422746920655	SimBa
tweet-sno-1356	QO	vclaim-sno-biden-violate-mask-mandate	1	53.864969821554254	SimBa
tweet-sno-1357	QO	vclaim-sno-armed-trump-fans-biden-bus	1	76.64739523056329	SimBa
tweet-sno-1357	QO	vclaim-sno-fbi-trump-biden-bus	1	60.33591618223054	SimBa
tweet-sno-1357	QO	vclaim-sno-truckers-strike-thanksgiving	1	58.73112573842134	SimBa
tweet-sno-1357	QO	vclaim-sno-anti-trump-protesters-bused-into-austin	1	58.3838420489998	SimBa
tweet-sno-1357	QO	vclaim-sno-fire-the-fool-rally	1	56.44141964151945	SimBa
tweet-sno-1358	QO	vclaim-sno-fbi-trump-biden-bus	1	67.1852767852459	SimBa
tweet-sno-1358	QO	vclaim-sno-armed-trump-fans-biden-bus	1	58.89400445023575	SimBa
tweet-sno-1358	QO	vclaim-sno-anti-trump-protesters-bused-into-austin	1	58.43631462094899	SimBa
tweet-sno-1358	QO	vclaim-sno-truck-stop	1	55.50881545323795	SimBa
tweet-sno-1358	QO	vclaim-sno-trucked-voters-in-pa	1	51.598171148313796	SimBa
tweet-sno-1359	QO	vclaim-sno-armed-trump-fans-biden-bus	1	65.51171997097636	SimBa
tweet-sno-1359	QO	vclaim-sno-fbi-trump-biden-bus	1	62.57848959613781	SimBa
tweet-sno-1359	QO	vclaim-sno-run-over-trump-protesters	1	60.840610635869155	SimBa
tweet-sno-1359	QO	vclaim-sno-capitol-riot-mace-police	1	58.26589643329578	SimBa
tweet-sno-1359	QO	vclaim-sno-virginia-gun-rally-staged	1	57.53695449214982	SimBa
tweet-sno-1360	QO	vclaim-sno-fbi-trump-biden-bus	1	62.148799814506205	SimBa
tweet-sno-1360	QO	vclaim-sno-anti-trump-protesters-bused-into-austin	1	57.13493924347082	SimBa
tweet-sno-1360	QO	vclaim-sno-bus-crash-super-tuesday	1	55.12823315325767	SimBa
tweet-sno-1360	QO	vclaim-sno-armed-trump-fans-biden-bus	1	52.97226961065636	SimBa
tweet-sno-1360	QO	vclaim-sno-moving-truck-cspan	1	50.818086837926415	SimBa
tweet-sno-1361	QO	vclaim-sno-fbi-50-states-armed-protest	1	57.60427174602789	SimBa
tweet-sno-1361	QO	vclaim-sno-deadly-chase-down	1	55.600756502631675	SimBa
tweet-sno-1361	QO	vclaim-sno-virginia-gun-rally-staged	1	54.50753343630063	SimBa
tweet-sno-1361	QO	vclaim-sno-mike-pence-tweet	1	52.52293954317124	SimBa
tweet-sno-1361	QO	vclaim-sno-hang-mike-pence-chant-capitol-riot	1	52.08016944376467	SimBa
tweet-sno-1362	QO	vclaim-sno-sean-connery-trump-golf-course	1	71.34485048734086	SimBa
tweet-sno-1362	QO	vclaim-sno-hackman-trump-president	1	43.71288781693876	SimBa
tweet-sno-1362	QO	vclaim-sno-ewan-mcgregor-brother-obi-two	1	43.27562750564482	SimBa
tweet-sno-1362	QO	vclaim-sno-jamie-foxx	1	43.18132572009752	SimBa
tweet-sno-1362	QO	vclaim-sno-sean-penn-vincent-donofrio	1	42.612577283544105	SimBa
tweet-sno-1363	QO	vclaim-sno-taco-bell-mexican-pizza	1	61.546886810502066	SimBa
tweet-sno-1363	QO	vclaim-sno-taco-bell-closing	1	59.141236563648526	SimBa
tweet-sno-1363	QO	vclaim-sno-taco-bell-menu-change	1	52.560784076987176	SimBa
tweet-sno-1363	QO	vclaim-sno-empty-chipotle-employees	1	51.60701897544978	SimBa
tweet-sno-1363	QO	vclaim-sno-taco-bell-closing-2020	1	51.23172769497255	SimBa
tweet-sno-1364	QO	vclaim-sno-taco-bell-mexican-pizza	1	66.29095653659766	SimBa
tweet-sno-1364	QO	vclaim-sno-taco-bell-menu-change	1	54.44369528507982	SimBa
tweet-sno-1364	QO	vclaim-sno-meat-your-maker	1	52.135834347364415	SimBa
tweet-sno-1364	QO	vclaim-sno-taco-bell-closing-2020	1	48.04807321479476	SimBa
tweet-sno-1364	QO	vclaim-sno-taco-bell-closing	1	46.372462899697744	SimBa
tweet-sno-1365	QO	vclaim-sno-taco-bell-mexican-pizza	1	55.96996760675682	SimBa
tweet-sno-1365	QO	vclaim-sno-mcpizza	1	52.139994576815866	SimBa
tweet-sno-1365	QO	vclaim-sno-pizza-is-good-for-you	1	50.10507396269487	SimBa
tweet-sno-1365	QO	vclaim-sno-empty-chipotle-employees	1	47.852966409451255	SimBa
tweet-sno-1365	QO	vclaim-sno-meat-your-maker	1	47.66786700352916	SimBa
tweet-sno-1366	QO	vclaim-sno-mcpizza	1	71.86722815611539	SimBa
tweet-sno-1366	QO	vclaim-sno-taco-bell-mexican-pizza	1	54.389921308974365	SimBa
tweet-sno-1366	QO	vclaim-sno-taco-bell-cinammon-twists-pasta	1	53.76310959661345	SimBa
tweet-sno-1366	QO	vclaim-sno-pizza-is-good-for-you	1	51.79020580872859	SimBa
tweet-sno-1366	QO	vclaim-sno-is-pic-of-froot-loops-pizza-real	1	50.05582968289656	SimBa
tweet-sno-1367	QO	vclaim-sno-taco-bell-mexican-pizza	1	68.1110422849983	SimBa
tweet-sno-1367	QO	vclaim-sno-taco-bell-closing	1	58.13195814010904	SimBa
tweet-sno-1367	QO	vclaim-sno-taco-bell-menu-change	1	57.19791973638727	SimBa
tweet-sno-1367	QO	vclaim-sno-meat-your-maker	1	56.50304832401727	SimBa
tweet-sno-1367	QO	vclaim-sno-empty-chipotle-employees	1	56.28769269659221	SimBa
tweet-sno-1368	QO	vclaim-sno-not-lovin39-it	1	55.48396824047537	SimBa
tweet-sno-1368	QO	vclaim-sno-taco-bell-closing-2020	1	54.39789783265723	SimBa
tweet-sno-1368	QO	vclaim-sno-subway-pizza-hut-closing	1	53.137056531908215	SimBa
tweet-sno-1368	QO	vclaim-sno-olive-garden-closing	1	52.53177215966019	SimBa
tweet-sno-1368	QO	vclaim-sno-whataburger-closing-its-doors	1	52.212169692479726	SimBa
tweet-sno-1369	QO	vclaim-sno-cheesecake-factory-closing-rumor	1	58.7526114713465	SimBa
tweet-sno-1369	QO	vclaim-sno-costco-closing-stores	1	56.40236886734614	SimBa
tweet-sno-1369	QO	vclaim-sno-wendys-heartbreaking-announcement	1	56.20880448637229	SimBa
tweet-sno-1369	QO	vclaim-sno-subway-pizza-hut-closing	1	54.07460275937238	SimBa
tweet-sno-1369	QO	vclaim-sno-taco-bell-closing-2020	1	53.71610851703389	SimBa
tweet-sno-1370	QO	vclaim-sno-cheesecake-factory-closing-rumor	1	67.0780492287469	SimBa
tweet-sno-1370	QO	vclaim-sno-dollar-tree-closing-stores	1	62.19510700980312	SimBa
tweet-sno-1370	QO	vclaim-sno-walmart-closing-every-store	1	57.16052371281584	SimBa
tweet-sno-1370	QO	vclaim-sno-trader-joes-april-fools-day	1	56.5167036781944	SimBa
tweet-sno-1370	QO	vclaim-sno-whataburger-closing-its-doors	1	56.03875214949383	SimBa
tweet-sno-1371	QO	vclaim-sno-cheesecake-factory-closing-rumor	1	88.2282070357729	SimBa
tweet-sno-1371	QO	vclaim-sno-taco-bell-closing	1	70.41959676399912	SimBa
tweet-sno-1371	QO	vclaim-sno-whataburger-closing-its-doors	1	66.76922898383928	SimBa
tweet-sno-1371	QO	vclaim-sno-not-lovin39-it	1	63.1937553276637	SimBa
tweet-sno-1371	QO	vclaim-sno-red-lobster-closing	1	62.37653140320316	SimBa
tweet-sno-1372	QO	vclaim-sno-cheesecake-factory-closing-rumor	1	79.24454222083338	SimBa
tweet-sno-1372	QO	vclaim-sno-taco-bell-closing	1	65.93979020737004	SimBa
tweet-sno-1372	QO	vclaim-sno-dollar-tree-closing-stores	1	60.67462631965328	SimBa
tweet-sno-1372	QO	vclaim-sno-dunkin-donuts-bankruptcy-prank	1	59.891782662074654	SimBa
tweet-sno-1372	QO	vclaim-sno-whataburger-closing-its-doors	1	58.6831600300495	SimBa
tweet-sno-1373	QO	vclaim-sno-cheesecake-factory-closing-rumor	1	65.33574079335413	SimBa
tweet-sno-1373	QO	vclaim-sno-whataburger-closing-its-doors	1	55.94587785400441	SimBa
tweet-sno-1373	QO	vclaim-sno-taco-bell-closing	1	54.48272101076388	SimBa
tweet-sno-1373	QO	vclaim-sno-walmart-closing-every-store	1	51.50720607640794	SimBa
tweet-sno-1373	QO	vclaim-sno-not-lovin39-it	1	50.6415520744592	SimBa
tweet-sno-1374	QO	vclaim-sno-cheesecake-factory-closing-rumor	1	89.56587439447392	SimBa
tweet-sno-1374	QO	vclaim-sno-taco-bell-closing	1	73.7334894119276	SimBa
tweet-sno-1374	QO	vclaim-sno-whataburger-closing-its-doors	1	67.35523954679876	SimBa
tweet-sno-1374	QO	vclaim-sno-dunkin-donuts-bankruptcy-prank	1	64.77548508457242	SimBa
tweet-sno-1374	QO	vclaim-sno-dollar-tree-closing-stores	1	64.243214385557	SimBa
tweet-sno-1375	QO	vclaim-sno-mcpizza	1	53.821172272127036	SimBa
tweet-sno-1375	QO	vclaim-sno-fact-check-mcdonalds-creates-nutella-burger	1	45.87081446173067	SimBa
tweet-sno-1375	QO	vclaim-sno-is-pic-of-froot-loops-pizza-real	1	42.54697422494339	SimBa
tweet-sno-1375	QO	vclaim-sno-cheesecake-factory-closing-rumor	1	41.66432526483925	SimBa
tweet-sno-1375	QO	vclaim-sno-forever-twinkies	1	39.76117355201095	SimBa
tweet-sno-1376	QO	vclaim-sno-girl-scouts-congratulate-barrett	1	63.5166295883678	SimBa
tweet-sno-1376	QO	vclaim-sno-obama-warren-unfollow-hillary-clinton	1	53.964657077976355	SimBa
tweet-sno-1376	QO	vclaim-sno-hillary-clinton-trashed-michelle-obama-in-a-leaked-e-mail	1	51.65138606264491	SimBa
tweet-sno-1376	QO	vclaim-sno-twitter-marjorie-taylor-greene	1	51.292778249988956	SimBa
tweet-sno-1376	QO	vclaim-sno-rnc-chairwoman-deleted-tweet	1	51.050987592203654	SimBa
tweet-sno-1377	QO	vclaim-sno-hillary-clinton-stupid-quote	1	55.82020548552804	SimBa
tweet-sno-1377	QO	vclaim-sno-hooray-for-heywood	1	52.31385868789856	SimBa
tweet-sno-1377	QO	vclaim-sno-nancy-pelosi-wrap-up-smear	1	51.59531411866561	SimBa
tweet-sno-1377	QO	vclaim-sno-american-thinker-vote-fraud	1	51.09540897482244	SimBa
tweet-sno-1377	QO	vclaim-sno-cbs-latinos-trump-biden	1	50.87744246255912	SimBa
tweet-sno-1378	QO	vclaim-sno-trump-biden-assassination-shot	1	74.71016011756532	SimBa
tweet-sno-1378	QO	vclaim-sno-donald-trump-plans-to-declare-war-on-americans	1	74.23550739947618	SimBa
tweet-sno-1378	QO	vclaim-sno-trump-pedophiles-death-penalty	1	72.85202025124165	SimBa
tweet-sno-1378	QO	vclaim-sno-trump-suicide-bombers-penalty	1	71.85994662073996	SimBa
tweet-sno-1378	QO	vclaim-sno-trump-threaten-whistleblower	1	67.31671429919697	SimBa
tweet-sno-1379	QO	vclaim-sno-trump-biden-vote-dumps	1	71.04987949398898	SimBa
tweet-sno-1379	QO	vclaim-sno-biden-admit-voter-fraud	1	68.68764802844211	SimBa
tweet-sno-1379	QO	vclaim-sno-simple-math-on-biden-votes	1	66.52111552427115	SimBa
tweet-sno-1379	QO	vclaim-sno-biden-break-obamas-vote-record	1	62.76508487728351	SimBa
tweet-sno-1379	QO	vclaim-sno-joe-biden-mansion	1	60.995550097216565	SimBa
tweet-sno-1380	QO	vclaim-sno-experts-officials-pandemic-2018	1	72.09723165663962	SimBa
tweet-sno-1380	QO	vclaim-sno-2009-trump-tweet-pandemic	1	65.0463903717455	SimBa
tweet-sno-1380	QO	vclaim-sno-trump-tweet-obama-8-years	1	61.32933399348781	SimBa
tweet-sno-1380	QO	vclaim-sno-trump-stockpile-ventilators	1	56.04248535636152	SimBa
tweet-sno-1380	QO	vclaim-sno-trump-quote-never-died-before	1	53.54529277529087	SimBa
tweet-sno-1381	QO	vclaim-sno-irregardless-merriam-webster	1	62.85507993651679	SimBa
tweet-sno-1381	QO	vclaim-sno-merriam-webster-barrett-sexual	1	60.075641979936144	SimBa
tweet-sno-1381	QO	vclaim-sno-fascism-corporations-corporatism-dictionary	1	54.090179418246365	SimBa
tweet-sno-1381	QO	vclaim-sno-doj-change-domestic-violence-definition	1	51.4887244546685	SimBa
tweet-sno-1381	QO	vclaim-sno-oxford-junior-dictionary-words	1	50.58684421791503	SimBa
tweet-sno-1382	QO	vclaim-sno-biden-trump-dregs-society	1	63.62810683387872	SimBa
tweet-sno-1382	QO	vclaim-sno-biden-troops-stupid-bastards	1	62.512053346892756	SimBa
tweet-sno-1382	QO	vclaim-sno-kamala-harris-call-biden-racist	1	62.10086806039274	SimBa
tweet-sno-1382	QO	vclaim-sno-elijah-cummings-said-democrats-gave-black-people-the-right-to-vote	1	61.481678115056624	SimBa
tweet-sno-1382	QO	vclaim-sno-joe-biden-put-yall-back-in-chains	1	59.906842816247874	SimBa
tweet-sno-1383	QO	vclaim-sno-mitch-mcconnells-hands	1	70.34034522150083	SimBa
tweet-sno-1383	QO	vclaim-sno-did-c-span-insult-mitch-mcconnell	1	46.982522600086575	SimBa
tweet-sno-1383	QO	vclaim-sno-oprah-voting-for-romney	1	43.09552311761966	SimBa
tweet-sno-1383	QO	vclaim-sno-mcconnell-voting-photobomb	1	43.0267851936213	SimBa
tweet-sno-1383	QO	vclaim-sno-trump-photoshopped-hands	1	42.25526867737872	SimBa
tweet-sno-1384	QO	vclaim-sno-police-arrest-jesus-campos	1	58.04434260170517	SimBa
tweet-sno-1384	QO	vclaim-sno-officer-nakia-jones-fired-after-viral-police-brutality-video	1	55.12807545697916	SimBa
tweet-sno-1384	QO	vclaim-sno-nurse-gop-convention-shooting	1	52.7332169911981	SimBa
tweet-sno-1384	QO	vclaim-sno-blm-deputies-compton	1	51.92455924857994	SimBa
tweet-sno-1384	QO	vclaim-sno-margaret-keenan-covid-vaccine	1	51.04335346361678	SimBa
tweet-sno-1385	QO	vclaim-sno-jane-fonda-covid-gods-gift	1	77.82868792999452	SimBa
tweet-sno-1385	QO	vclaim-sno-fake-aoc-purge-tweet	1	50.429196215768776	SimBa
tweet-sno-1385	QO	vclaim-sno-greene-biden-mark-of-the-beast	1	48.77736877059039	SimBa
tweet-sno-1385	QO	vclaim-sno-biden-pandemic-statement	1	48.63549616630348	SimBa
tweet-sno-1385	QO	vclaim-sno-biden-staffers-bailout-fund	1	48.516981555882865	SimBa
tweet-sno-1386	QO	vclaim-sno-biden-ban-fracking	1	73.4789999587653	SimBa
tweet-sno-1386	QO	vclaim-sno-bernie-sanders-truck-ban	1	58.118924055626955	SimBa
tweet-sno-1386	QO	vclaim-sno-biden-abolish-second-amendment	1	55.74626049278135	SimBa
tweet-sno-1386	QO	vclaim-sno-jill-biden-spanish-elected	1	51.746439662898865	SimBa
tweet-sno-1386	QO	vclaim-sno-nra-hillary-clinton-quote	1	51.50329856790855	SimBa
tweet-sno-1387	QO	vclaim-sno-kennedy-nixon-virtual-debate-1960	1	64.68413963502738	SimBa
tweet-sno-1387	QO	vclaim-sno-1956-republican-platform	1	46.435885521290274	SimBa
tweet-sno-1387	QO	vclaim-sno-early-returns	1	44.41871195497167	SimBa
tweet-sno-1387	QO	vclaim-sno-diamond-silk-gop-convention	1	43.308794022157436	SimBa
tweet-sno-1387	QO	vclaim-sno-get-out-of-the-vote	1	41.384008282415195	SimBa
tweet-sno-1388	QO	vclaim-sno-red-mask-blue-mask-covid	1	49.39565472432581	SimBa
tweet-sno-1388	QO	vclaim-sno-pantyhose-masks-covid-19	1	42.537692730122934	SimBa
tweet-sno-1388	QO	vclaim-sno-pence-nasa-do-not-touch	1	41.77745950595012	SimBa
tweet-sno-1388	QO	vclaim-sno-anonymous-masks-illegal	1	39.05944624108818	SimBa
tweet-sno-1388	QO	vclaim-sno-jason-lewis-dress-code	1	38.76938074196641	SimBa
tweet-sno-1389	QO	vclaim-sno-trump-sign-hollywood-los-angeles	1	60.92168434990939	SimBa
tweet-sno-1389	QO	vclaim-sno-hollywood-sign-altered-hollyweed	1	46.46235188753409	SimBa
tweet-sno-1389	QO	vclaim-sno-raised-fist-traffic-light-real	1	46.10520944201005	SimBa
tweet-sno-1389	QO	vclaim-sno-trump-made-america-the-best-sign	1	45.62611981999196	SimBa
tweet-sno-1389	QO	vclaim-sno-mount-rushmore-defaced-graffiti	1	45.07742615090553	SimBa
tweet-sno-1390	QO	vclaim-sno-kamala-harris-protests	1	72.09241989077952	SimBa
tweet-sno-1390	QO	vclaim-sno-tomi-lahren-biden-supporters-loot	1	62.14232725607124	SimBa
tweet-sno-1390	QO	vclaim-sno-antifa-flyer-trump-supporters	1	61.34195855925587	SimBa
tweet-sno-1390	QO	vclaim-sno-clinton-trump-deplorables-america	1	59.38153653738777	SimBa
tweet-sno-1390	QO	vclaim-sno-left-wing-mob-violence	1	59.02635662369657	SimBa
tweet-sno-1391	QO	vclaim-sno-biden-trump-dregs-society	1	84.10390385382647	SimBa
tweet-sno-1391	QO	vclaim-sno-biden-trump-xenophobic	1	79.01420816965535	SimBa
tweet-sno-1391	QO	vclaim-sno-biden-troops-stupid-bastards	1	75.63899157437746	SimBa
tweet-sno-1391	QO	vclaim-sno-listen-to-scientists	1	71.57417087336658	SimBa
tweet-sno-1391	QO	vclaim-sno-joe-biden-no-empathy	1	69.98509280150552	SimBa
tweet-sno-1392	QO	vclaim-sno-biden-pandemic-black-women-grocery	1	70.59227535524418	SimBa
tweet-sno-1392	QO	vclaim-sno-harriet-tubman-quote	1	41.58432152983862	SimBa
tweet-sno-1392	QO	vclaim-sno-quick-thinking-mom-saves-family	1	38.67600975016428	SimBa
tweet-sno-1392	QO	vclaim-sno-biden-kenosha-black-looting	1	37.16420686723514	SimBa
tweet-sno-1392	QO	vclaim-sno-ginsburg-eisenhowers-term	1	37.08343007083447	SimBa
tweet-sno-1393	QO	vclaim-sno-clinton-mccabe-donation	1	68.50780397939451	SimBa
tweet-sno-1393	QO	vclaim-sno-comey-clinton-foundation	1	59.18408369016021	SimBa
tweet-sno-1393	QO	vclaim-sno-james-comey-seth-rich	1	57.17830623491484	SimBa
tweet-sno-1393	QO	vclaim-sno-hillary-clinton-arrested-fbi-hoax	1	56.51779917002361	SimBa
tweet-sno-1393	QO	vclaim-sno-clinton-secret-folder-debate	1	54.93289553846059	SimBa
tweet-sno-1394	QO	vclaim-sno-gay-men-proud-boys-hashtag	1	56.4947867128712	SimBa
tweet-sno-1394	QO	vclaim-sno-condom-snorting-challenge	1	53.476119222847586	SimBa
tweet-sno-1394	QO	vclaim-sno-gay-jesus-film	1	49.756704994080216	SimBa
tweet-sno-1394	QO	vclaim-sno-no-lackin-challenge	1	48.54384893211665	SimBa
tweet-sno-1394	QO	vclaim-sno-benadryl-challenge-tiktok-overdose	1	48.0391135156685	SimBa
tweet-sno-1395	QO	vclaim-sno-gay-men-proud-boys-hashtag	1	76.46316099582505	SimBa
tweet-sno-1395	QO	vclaim-sno-stop-the-steal-gay-communists	1	49.00102028233824	SimBa
tweet-sno-1395	QO	vclaim-sno-identifying-as-clovergender	1	47.77263327489069	SimBa
tweet-sno-1395	QO	vclaim-sno-obama-forces-americans-to-celebrate-gay-sex	1	43.79890873656602	SimBa
tweet-sno-1395	QO	vclaim-sno-lgbtp-adding-letter	1	43.246774989578384	SimBa
tweet-sno-1396	QO	vclaim-sno-bikers-trump-praying-walter-reed	1	71.77422988449904	SimBa
tweet-sno-1396	QO	vclaim-sno-photograph-shows-100000-bikers-at-trump-rally	1	68.28207997090439	SimBa
tweet-sno-1396	QO	vclaim-sno-motorcycle-group-trump-inauguration	1	60.82397020537912	SimBa
tweet-sno-1396	QO	vclaim-sno-amish-buggies-trump	1	57.11710518636255	SimBa
tweet-sno-1396	QO	vclaim-sno-bikers-kavanaugh-support-video	1	56.61558519215028	SimBa
tweet-sno-1397	QO	vclaim-sno-package-delivery-failure-virus	1	53.34759903286245	SimBa
tweet-sno-1397	QO	vclaim-sno-venmo-scam	1	52.107186573460865	SimBa
tweet-sno-1397	QO	vclaim-sno-tagged	1	50.54226428668911	SimBa
tweet-sno-1397	QO	vclaim-sno-cashiers-check-overpayment-scam	1	49.64425941902546	SimBa
tweet-sno-1397	QO	vclaim-sno-delivery-courier-scam	1	48.22769278927408	SimBa
tweet-sno-1398	QO	vclaim-sno-amy-coney-barrett-rhodes-scholar	1	56.17680555884896	SimBa
tweet-sno-1398	QO	vclaim-sno-roy-moores-accusers-arrested-charged-falsification	1	51.52582377921201	SimBa
tweet-sno-1398	QO	vclaim-sno-michelle-obamas-fake-degrees	1	49.81158190970116	SimBa
tweet-sno-1398	QO	vclaim-sno-moore-accuser-yearbook	1	49.47763007471329	SimBa
tweet-sno-1398	QO	vclaim-sno-merrick-garland-bill-barr-liar	1	49.406844402463236	SimBa
tweet-sno-1399	QO	vclaim-sno-biden-antifa-courageous-americans	1	48.9408042780686	SimBa
tweet-sno-1399	QO	vclaim-sno-six-antifa-beatup-video	1	47.93283165337336	SimBa
tweet-sno-1399	QO	vclaim-sno-was-malia-obama-arrested-elderly-woman	1	46.85561609150675	SimBa
tweet-sno-1399	QO	vclaim-sno-kamala-harris-protests	1	46.353743533362476	SimBa
tweet-sno-1399	QO	vclaim-sno-rob-cantrell-screaming-protest	1	45.585728919463484	SimBa
tweet-sno-1400	QO	vclaim-sno-trump-condemn-white-supremacists	1	71.83445824614168	SimBa
tweet-sno-1400	QO	vclaim-sno-trump-protest-no-right	1	53.488711325426884	SimBa
tweet-sno-1400	QO	vclaim-sno-trump-white-nationalists-us-press-conference	1	53.2067781024246	SimBa
tweet-sno-1400	QO	vclaim-sno-america-first-ku-klux-klan-slogan	1	52.67495889988732	SimBa
tweet-sno-1400	QO	vclaim-sno-trump-beto-crowds-el-paso-victims	1	52.159172653425045	SimBa
tweet-sno-1401	QO	vclaim-sno-did-joe-frazier-vote-pa	1	54.867711335475335	SimBa
tweet-sno-1401	QO	vclaim-sno-skinny-joey-merlino-biden	1	53.43958494504183	SimBa
tweet-sno-1401	QO	vclaim-sno-michael-bloomberg-donald-trump	1	53.16809011621406	SimBa
tweet-sno-1401	QO	vclaim-sno-bloomberg-pay-florida-felons-vote	1	52.274913549883394	SimBa
tweet-sno-1401	QO	vclaim-sno-weed-michigan-rape-kidnap-missouri	1	49.46969360701414	SimBa
