tweet-sno-1200	QO	vclaim-sno-booster-after-infected-omicron	1	16.3265306122449	SimBa
tweet-sno-1200	QO	vclaim-sno-diamonds-in-the-cluck	1	12.76595744680851	SimBa
tweet-sno-1200	QO	vclaim-sno-cdc-ted-cruz-mexico	1	12.5	SimBa
tweet-sno-1200	QO	vclaim-sno-cair-memorial-day-terrorists	1	12.5	SimBa
tweet-sno-1200	QO	vclaim-sno-cdc-zombie-preparedness-guide-2	1	11.904761904761903	SimBa
tweet-sno-1201	QO	vclaim-sno-biden-executive-order-dictator	1	25.0	SimBa
tweet-sno-1201	QO	vclaim-sno-1998-trump-people-quote	1	19.230769230769234	SimBa
tweet-sno-1201	QO	vclaim-sno-pete-hegseth-germs-not-real	1	18.75	SimBa
tweet-sno-1201	QO	vclaim-sno-joe-biden-hairy-legs-remark	1	18.0	SimBa
tweet-sno-1201	QO	vclaim-sno-terminator-2-commentary-policing	1	17.24137931034483	SimBa
tweet-sno-1202	QO	vclaim-sno-biden-executive-order-dictator	1	33.9622641509434	SimBa
tweet-sno-1202	QO	vclaim-sno-dolly-parton-dixie-offensive	1	19.047619047619047	SimBa
tweet-sno-1202	QO	vclaim-sno-obama-do-something-about-president	1	18.51851851851852	SimBa
tweet-sno-1202	QO	vclaim-sno-trump-recount-battleground-states	1	17.857142857142858	SimBa
tweet-sno-1202	QO	vclaim-sno-pelosi-healthcare-pass-the-bill-to-see-what-is-in-it	1	16.666666666666664	SimBa
tweet-sno-1203	QO	vclaim-sno-tim-tebow-kneel-anthem	1	9.090909090909092	SimBa
tweet-sno-1203	QO	vclaim-sno-celebrity-death-hoaxes	1	8.823529411764707	SimBa
tweet-sno-1203	QO	vclaim-sno-emma-gonzalez-flag-patch	1	8.333333333333332	SimBa
tweet-sno-1203	QO	vclaim-sno-feign-reaction	1	8.108108108108109	SimBa
tweet-sno-1203	QO	vclaim-sno-are-people-adopting-pit-bulls-euthanizing	1	8.0	SimBa
tweet-sno-1204	QO	vclaim-sno-biden-bans-china-virus	1	22.58064516129032	SimBa
tweet-sno-1204	QO	vclaim-sno-biden-abortion-exec-order	1	22.22222222222222	SimBa
tweet-sno-1204	QO	vclaim-sno-nope-and-glory	1	21.73913043478261	SimBa
tweet-sno-1204	QO	vclaim-sno-biden-kiss-15-year-old	1	20.833333333333336	SimBa
tweet-sno-1204	QO	vclaim-sno-obama-signs-eo-loser-leaves-us	1	20.689655172413794	SimBa
tweet-sno-1205	QO	vclaim-sno-trump-office-former-president	1	28.125	SimBa
tweet-sno-1205	QO	vclaim-sno-iran-trump-bounty	1	25.0	SimBa
tweet-sno-1205	QO	vclaim-sno-trump-building-concentration-camps	1	23.809523809523807	SimBa
tweet-sno-1205	QO	vclaim-sno-foreign-legions	1	22.727272727272727	SimBa
tweet-sno-1205	QO	vclaim-sno-trump-purchases-rockefeller-estate	1	22.727272727272727	SimBa
tweet-sno-1206	QO	vclaim-sno-trump-office-former-president	1	28.888888888888886	SimBa
tweet-sno-1206	QO	vclaim-sno-donald-trump-haters-and-losers	1	27.27272727272727	SimBa
tweet-sno-1206	QO	vclaim-sno-donald-trump-remain-apprentice-inauguration	1	26.31578947368421	SimBa
tweet-sno-1206	QO	vclaim-sno-did-trump-alter-the-constitution	1	24.324324324324326	SimBa
tweet-sno-1206	QO	vclaim-sno-white-house-reality-show	1	23.684210526315788	SimBa
tweet-sno-1207	QO	vclaim-sno-ghislaine-maxwell-jonbenet-ramsey	1	12.5	SimBa
tweet-sno-1207	QO	vclaim-sno-fired-for-being-gay	1	12.5	SimBa
tweet-sno-1207	QO	vclaim-sno-crayon-candle	1	12.0	SimBa
tweet-sno-1207	QO	vclaim-sno-7d-hologram-park	1	12.0	SimBa
tweet-sno-1207	QO	vclaim-sno-unlock-iphone-tiktok-video	1	12.0	SimBa
tweet-sno-1208	QO	vclaim-sno-karl-rove-biden-inauguration	1	16.0	SimBa
tweet-sno-1208	QO	vclaim-sno-keep-america-american	1	15.151515151515152	SimBa
tweet-sno-1208	QO	vclaim-sno-joe-biden-pinch-girls-nipple	1	14.705882352941178	SimBa
tweet-sno-1208	QO	vclaim-sno-biden-dog-major-indoguration	1	14.285714285714285	SimBa
tweet-sno-1208	QO	vclaim-sno-joe-biden-civil-rights-quote	1	13.88888888888889	SimBa
tweet-sno-1209	QO	vclaim-sno-trump-considering-resignation	1	27.77777777777778	SimBa
tweet-sno-1209	QO	vclaim-sno-gingrich-donald-trump-essay	1	25.0	SimBa
tweet-sno-1209	QO	vclaim-sno-russian-tv-trump-agent	1	23.809523809523807	SimBa
tweet-sno-1209	QO	vclaim-sno-sleepy-eyes-anti-semitic-slur	1	22.22222222222222	SimBa
tweet-sno-1209	QO	vclaim-sno-false-donald-trump-has-died-possible-heart-attack	1	21.73913043478261	SimBa
tweet-sno-1210	QO	vclaim-sno-elementary-my-dear-watson	1	23.076923076923077	SimBa
tweet-sno-1210	QO	vclaim-sno-truth-carl-sagan-quote	1	22.58064516129032	SimBa
tweet-sno-1210	QO	vclaim-sno-did-john-mccain-accidentally-vote-no-on-aca-repeal	1	21.875	SimBa
tweet-sno-1210	QO	vclaim-sno-just-deserts-meaning	1	21.875	SimBa
tweet-sno-1210	QO	vclaim-sno-ocasio-cortez-capitalism-quote	1	21.62162162162162	SimBa
tweet-sno-1211	QO	vclaim-sno-trump-hannity-usps	1	19.607843137254903	SimBa
tweet-sno-1211	QO	vclaim-sno-donald-trump-portuguese-people	1	19.51219512195122	SimBa
tweet-sno-1211	QO	vclaim-sno-trump-love-poorly-educated	1	19.444444444444446	SimBa
tweet-sno-1211	QO	vclaim-sno-schumer-erection-senate-floor	1	19.148936170212767	SimBa
tweet-sno-1211	QO	vclaim-sno-donald-trump-lie-truth	1	19.148936170212767	SimBa
tweet-sno-1212	QO	vclaim-sno-other-peoples-money	1	28.125	SimBa
tweet-sno-1212	QO	vclaim-sno-danske-bank-text-scam	1	25.71428571428571	SimBa
tweet-sno-1212	QO	vclaim-sno-matthew-mcconaughey-come-out	1	25.0	SimBa
tweet-sno-1212	QO	vclaim-sno-liselotte-hubner-donald-trump	1	25.0	SimBa
tweet-sno-1212	QO	vclaim-sno-cow-photo-optical-illusion	1	24.242424242424242	SimBa
tweet-sno-1213	QO	vclaim-sno-obfuscatedcare	1	20.0	SimBa
tweet-sno-1213	QO	vclaim-sno-chicken-sandwich-tumor	1	17.77777777777778	SimBa
tweet-sno-1213	QO	vclaim-sno-flag-poll	1	17.77777777777778	SimBa
tweet-sno-1213	QO	vclaim-sno-cruz-control-2	1	17.647058823529413	SimBa
tweet-sno-1213	QO	vclaim-sno-ron-paul-call-congress-psychopathic-authoritarians	1	17.307692307692307	SimBa
tweet-sno-1214	QO	vclaim-sno-wind-turbine-blades-landfills	1	22.22222222222222	SimBa
tweet-sno-1214	QO	vclaim-sno-schumer-erection-senate-floor	1	21.428571428571427	SimBa
tweet-sno-1214	QO	vclaim-sno-mazel-tov-mock-tale	1	20.51282051282051	SimBa
tweet-sno-1214	QO	vclaim-sno-french-bulldog-kentucky-mayor	1	20.0	SimBa
tweet-sno-1214	QO	vclaim-sno-the-real-mccoy	1	20.0	SimBa
tweet-sno-1215	QO	vclaim-sno-family-ties	1	18.75	SimBa
tweet-sno-1215	QO	vclaim-sno-rush-limbaugh-marriage-children	1	16.666666666666664	SimBa
tweet-sno-1215	QO	vclaim-sno-brain-feud	1	15.789473684210526	SimBa
tweet-sno-1215	QO	vclaim-sno-willie-sutton	1	15.789473684210526	SimBa
tweet-sno-1215	QO	vclaim-sno-little-quizzies	1	15.151515151515152	SimBa
tweet-sno-1216	QO	vclaim-sno-cdc-sudden-sleepover-covid-19	1	17.91044776119403	SimBa
tweet-sno-1216	QO	vclaim-sno-house-25-million-raise-covid	1	16.923076923076923	SimBa
tweet-sno-1216	QO	vclaim-sno-trump-weight-girther-leaked-documents	1	15.584415584415584	SimBa
tweet-sno-1216	QO	vclaim-sno-trump-fail-to-denounce-qanon	1	15.384615384615385	SimBa
tweet-sno-1216	QO	vclaim-sno-hillary-clinton-stole-white-house-furniture	1	15.384615384615385	SimBa
tweet-sno-1217	QO	vclaim-sno-gay-bible	1	16.666666666666664	SimBa
tweet-sno-1217	QO	vclaim-sno-mccormick-director-taco-relations	1	16.666666666666664	SimBa
tweet-sno-1217	QO	vclaim-sno-jacob-thompson-xmas-cards	1	15.384615384615385	SimBa
tweet-sno-1217	QO	vclaim-sno-ophiuchus-zodiac-change	1	15.384615384615385	SimBa
tweet-sno-1217	QO	vclaim-sno-walmart-text-coupon	1	14.814814814814813	SimBa
tweet-sno-1218	QO	vclaim-sno-no-nativity-scenes-white-house	1	14.545454545454545	SimBa
tweet-sno-1218	QO	vclaim-sno-egg-balancing-on-the-equinox	1	14.285714285714285	SimBa
tweet-sno-1218	QO	vclaim-sno-colin-powell-supreme-court-quote	1	14.285714285714285	SimBa
tweet-sno-1218	QO	vclaim-sno-cocoa-mulch	1	13.725490196078432	SimBa
tweet-sno-1218	QO	vclaim-sno-grandfather-clocked	1	13.20754716981132	SimBa
tweet-sno-1219	QO	vclaim-sno-marjorie-taylor-greene-twitter	1	25.49019607843137	SimBa
tweet-sno-1219	QO	vclaim-sno-trump-lose-followers-first-time	1	22.22222222222222	SimBa
tweet-sno-1219	QO	vclaim-sno-trump-chinese-virus-notes	1	21.53846153846154	SimBa
tweet-sno-1219	QO	vclaim-sno-rudy-giuliani-disbarred	1	21.428571428571427	SimBa
tweet-sno-1219	QO	vclaim-sno-did-twitter-lock-trumps-account	1	20.754716981132077	SimBa
tweet-sno-1220	QO	vclaim-sno-dog-gone-2	1	16.666666666666664	SimBa
tweet-sno-1220	QO	vclaim-sno-horngus-of-a-dongfish	1	16.363636363636363	SimBa
tweet-sno-1220	QO	vclaim-sno-raz-simone-guns	1	15.789473684210526	SimBa
tweet-sno-1220	QO	vclaim-sno-burger-king-logo-new	1	15.555555555555555	SimBa
tweet-sno-1220	QO	vclaim-sno-burger-king-customers-manager	1	15.384615384615385	SimBa
tweet-sno-1221	QO	vclaim-sno-crime-sweden-part-ii-refugee-men-overrepresented-swedish-crime	1	20.833333333333336	SimBa
tweet-sno-1221	QO	vclaim-sno-alcohol-radioactive	1	20.833333333333336	SimBa
tweet-sno-1221	QO	vclaim-sno-obituary-thieves	1	20.689655172413794	SimBa
tweet-sno-1221	QO	vclaim-sno-nurse-passes-out	1	20.0	SimBa
tweet-sno-1221	QO	vclaim-sno-horse-rescue-niagara	1	20.0	SimBa
tweet-sno-1222	QO	vclaim-sno-pelosi-seniors-social-security	1	12.5	SimBa
tweet-sno-1222	QO	vclaim-sno-trump-many-per-capitas	1	11.428571428571429	SimBa
tweet-sno-1222	QO	vclaim-sno-john-kerry-suggests-media-cover-terrorism-less	1	11.11111111111111	SimBa
tweet-sno-1222	QO	vclaim-sno-trump-discover-know-everything	1	10.344827586206897	SimBa
tweet-sno-1222	QO	vclaim-sno-coca-cola-fomula	1	10.344827586206897	SimBa
tweet-sno-1223	QO	vclaim-sno-drink-young-blood-health	1	6.25	SimBa
tweet-sno-1223	QO	vclaim-sno-keanu-reeves-blood-drinking	1	6.25	SimBa
tweet-sno-1223	QO	vclaim-sno-armie-hammer-cannibal-lifestyle	1	5.714285714285714	SimBa
tweet-sno-1223	QO	vclaim-sno-jaumlgermeister	1	5.0	SimBa
tweet-sno-1223	QO	vclaim-sno-canada-legalizes-beastiality	1	4.545454545454546	SimBa
tweet-sno-1224	QO	vclaim-sno-hillary-clinton-sat-monsanto-board	1	17.073170731707318	SimBa
tweet-sno-1224	QO	vclaim-sno-snuffy-film	1	16.666666666666664	SimBa
tweet-sno-1224	QO	vclaim-sno-wd-40	1	16.666666666666664	SimBa
tweet-sno-1224	QO	vclaim-sno-lincoln-memorial-defaced-protesters	1	15.555555555555555	SimBa
tweet-sno-1224	QO	vclaim-sno-crystal-griner-steve-scalise	1	15.555555555555555	SimBa
tweet-sno-1225	QO	vclaim-sno-taller-people-covid-risk	1	16.666666666666664	SimBa
tweet-sno-1225	QO	vclaim-sno-president-for-a-day	1	15.384615384615385	SimBa
tweet-sno-1225	QO	vclaim-sno-dark-web-vaccines	1	15.151515151515152	SimBa
tweet-sno-1225	QO	vclaim-sno-domestic-violence-super-bowl-sunday	1	15.0	SimBa
tweet-sno-1225	QO	vclaim-sno-fatal-accidents-new-years-day	1	14.634146341463413	SimBa
tweet-sno-1226	QO	vclaim-sno-usps-deliverers-personal-vehicles	1	18.181818181818183	SimBa
tweet-sno-1226	QO	vclaim-sno-education-oregon	1	17.741935483870968	SimBa
tweet-sno-1226	QO	vclaim-sno-presidents-day	1	17.24137931034483	SimBa
tweet-sno-1226	QO	vclaim-sno-horngus-of-a-dongfish	1	16.94915254237288	SimBa
tweet-sno-1226	QO	vclaim-sno-page-43	1	16.666666666666664	SimBa
tweet-sno-1227	QO	vclaim-sno-kelly-clarkson-giveaway-christmas	1	17.02127659574468	SimBa
tweet-sno-1227	QO	vclaim-sno-were-not-ghana-take-it	1	14.000000000000002	SimBa
tweet-sno-1227	QO	vclaim-sno-cruz-control-2	1	13.953488372093023	SimBa
tweet-sno-1227	QO	vclaim-sno-churchill-on-islam	1	13.88888888888889	SimBa
tweet-sno-1227	QO	vclaim-sno-firing-line	1	13.88888888888889	SimBa
tweet-sno-1228	QO	vclaim-sno-mary-miller-hitler	1	22.448979591836736	SimBa
tweet-sno-1228	QO	vclaim-sno-schumer-erection-senate-floor	1	18.367346938775512	SimBa
tweet-sno-1228	QO	vclaim-sno-ps-and-qs	1	16.9811320754717	SimBa
tweet-sno-1228	QO	vclaim-sno-the-white-guy	1	16.666666666666664	SimBa
tweet-sno-1228	QO	vclaim-sno-tali-ban	1	16.666666666666664	SimBa
tweet-sno-1229	QO	vclaim-sno-trump-mob-capitol	1	17.94871794871795	SimBa
tweet-sno-1229	QO	vclaim-sno-trump-riot-camp-auschwitz-shirt	1	17.142857142857142	SimBa
tweet-sno-1229	QO	vclaim-sno-france-announces-it-will-use-guillotines-on-terrorists	1	15.625	SimBa
tweet-sno-1229	QO	vclaim-sno-cleveland-indians-now-guardians	1	14.814814814814813	SimBa
tweet-sno-1229	QO	vclaim-sno-duggar-hole	1	14.705882352941178	SimBa
tweet-sno-1230	QO	vclaim-sno-instagram-cancellation-hoax	1	17.647058823529413	SimBa
tweet-sno-1230	QO	vclaim-sno-hammer-time	1	16.071428571428573	SimBa
tweet-sno-1230	QO	vclaim-sno-clint-eastwood-death-hoax	1	15.555555555555555	SimBa
tweet-sno-1230	QO	vclaim-sno-rachel-arlington	1	15.254237288135593	SimBa
tweet-sno-1230	QO	vclaim-sno-heart-attack-symptoms	1	15.217391304347828	SimBa
tweet-sno-1231	QO	vclaim-sno-vatican-covid-vaccine	1	17.91044776119403	SimBa
tweet-sno-1231	QO	vclaim-sno-1950s-magazine-ad-colt-cobra	1	17.741935483870968	SimBa
tweet-sno-1231	QO	vclaim-sno-walmart-text-coupon	1	17.307692307692307	SimBa
tweet-sno-1231	QO	vclaim-sno-breast-gazing-healthy	1	16.94915254237288	SimBa
tweet-sno-1231	QO	vclaim-sno-lincoln-character-power	1	16.666666666666664	SimBa
tweet-sno-1232	QO	vclaim-sno-warnock-arrested-capitol-praying	1	20.0	SimBa
tweet-sno-1232	QO	vclaim-sno-anti-war-protester-moscow-sign	1	17.857142857142858	SimBa
tweet-sno-1232	QO	vclaim-sno-womens-march-photo-white-house	1	16.666666666666664	SimBa
tweet-sno-1232	QO	vclaim-sno-david-hogg-give-nazi-salute	1	14.814814814814813	SimBa
tweet-sno-1232	QO	vclaim-sno-sixth-form-poet-wife	1	14.545454545454545	SimBa
tweet-sno-1233	QO	vclaim-sno-marines-corps-rebuke-pelosi	1	16.455696202531644	SimBa
tweet-sno-1233	QO	vclaim-sno-tomi-lahren-biden-supporters-loot	1	15.873015873015872	SimBa
tweet-sno-1233	QO	vclaim-sno-biden-executive-order-dictator	1	15.625	SimBa
tweet-sno-1233	QO	vclaim-sno-booster-after-infected-omicron	1	15.0	SimBa
tweet-sno-1233	QO	vclaim-sno-ps-and-qs	1	14.516129032258066	SimBa
tweet-sno-1234	QO	vclaim-sno-doom-bands	1	17.647058823529413	SimBa
tweet-sno-1234	QO	vclaim-sno-military-absentee-ballots-clinton	1	16.666666666666664	SimBa
tweet-sno-1234	QO	vclaim-sno-irs-taxpayers-stolen-items-illegal-income	1	15.555555555555555	SimBa
tweet-sno-1234	QO	vclaim-sno-texas-sb-17	1	15.0	SimBa
tweet-sno-1234	QO	vclaim-sno-death-penalty-abortion-texas	1	15.0	SimBa
tweet-sno-1235	QO	vclaim-sno-piscine-of-the-crime	1	18.6046511627907	SimBa
tweet-sno-1235	QO	vclaim-sno-dr-pepper-discontinued	1	17.5	SimBa
tweet-sno-1235	QO	vclaim-sno-william-golding-on-women	1	17.391304347826086	SimBa
tweet-sno-1235	QO	vclaim-sno-dick-van-dyke-trump-dictator	1	16.363636363636363	SimBa
tweet-sno-1235	QO	vclaim-sno-sarah-huckabee-sanders-replaced	1	16.216216216216218	SimBa
tweet-sno-1236	QO	vclaim-sno-george-soros-ss-nazi-germany	1	14.285714285714285	SimBa
tweet-sno-1236	QO	vclaim-sno-puncture-proof	1	13.846153846153847	SimBa
tweet-sno-1236	QO	vclaim-sno-martha-stewart-snub	1	13.793103448275861	SimBa
tweet-sno-1236	QO	vclaim-sno-pluck-yew	1	12.903225806451612	SimBa
tweet-sno-1236	QO	vclaim-sno-cdc-report-majority-wore-masks	1	12.82051282051282	SimBa
tweet-sno-1237	QO	vclaim-sno-muslim-woman-told-to-hang-herself-with-hijab-at-walmart	1	26.47058823529412	SimBa
tweet-sno-1237	QO	vclaim-sno-worlds-cutest-rodent	1	25.0	SimBa
tweet-sno-1237	QO	vclaim-sno-dog-found-mummified-inside-tree	1	25.0	SimBa
tweet-sno-1237	QO	vclaim-sno-georgian-speekle	1	24.137931034482758	SimBa
tweet-sno-1237	QO	vclaim-sno-gay-couple-anal-birth	1	23.52941176470588	SimBa
tweet-sno-1238	QO	vclaim-sno-ronald-reagan-alzheimers-disease	1	17.073170731707318	SimBa
tweet-sno-1238	QO	vclaim-sno-diana-harry-10million-inheritance	1	15.909090909090908	SimBa
tweet-sno-1238	QO	vclaim-sno-shock-schlocktrine	1	15.625	SimBa
tweet-sno-1238	QO	vclaim-sno-jodi-arias-to-be-released	1	15.625	SimBa
tweet-sno-1238	QO	vclaim-sno-singapore-woman-photocopier-breasts	1	15.151515151515152	SimBa
tweet-sno-1239	QO	vclaim-sno-freon-based-ac-2020	1	16.3265306122449	SimBa
tweet-sno-1239	QO	vclaim-sno-did-trump-praise-covid-19-vaccines	1	15.151515151515152	SimBa
tweet-sno-1239	QO	vclaim-sno-failed-impeachment-nullify-term	1	14.925373134328357	SimBa
tweet-sno-1239	QO	vclaim-sno-dick-van-dyke-trump-dictator	1	14.925373134328357	SimBa
tweet-sno-1239	QO	vclaim-sno-keurig-coffee-maker-warning	1	14.814814814814813	SimBa
tweet-sno-1240	QO	vclaim-sno-national-guard-trump-mob	1	37.93103448275862	SimBa
tweet-sno-1240	QO	vclaim-sno-black-lives-matter-protests-kill-girl-waiting-for-transplant-in-memphis	1	27.27272727272727	SimBa
tweet-sno-1240	QO	vclaim-sno-attempted-robbery-target-field	1	25.0	SimBa
tweet-sno-1240	QO	vclaim-sno-flag-protest-baltimore	1	23.333333333333332	SimBa
tweet-sno-1240	QO	vclaim-sno-kroger-blm-charge-receipt	1	22.857142857142858	SimBa
tweet-sno-1241	QO	vclaim-sno-trump-threaten-federal-buildings	1	18.181818181818183	SimBa
tweet-sno-1241	QO	vclaim-sno-trump-recount-battleground-states	1	15.0	SimBa
tweet-sno-1241	QO	vclaim-sno-murder-new-york-rha	1	13.793103448275861	SimBa
tweet-sno-1241	QO	vclaim-sno-dolly-parton-dixie-offensive	1	13.043478260869565	SimBa
tweet-sno-1241	QO	vclaim-sno-supreme-court-islam-schools	1	12.307692307692308	SimBa
tweet-sno-1242	QO	vclaim-sno-bieber-twitter	1	15.789473684210526	SimBa
tweet-sno-1242	QO	vclaim-sno-trump-navajo-twitter	1	11.11111111111111	SimBa
tweet-sno-1242	QO	vclaim-sno-coconut-oil-improves-focus-and-cognition	1	10.526315789473683	SimBa
tweet-sno-1242	QO	vclaim-sno-leonardo-dicaprio-trump	1	10.526315789473683	SimBa
tweet-sno-1242	QO	vclaim-sno-o-christmas-fee	1	10.0	SimBa
tweet-sno-1243	QO	vclaim-sno-confederate-flag-capitol-dc	1	17.857142857142858	SimBa
tweet-sno-1243	QO	vclaim-sno-banned-old-flag	1	17.857142857142858	SimBa
tweet-sno-1243	QO	vclaim-sno-trump-flag-american-flag-capitol	1	16.666666666666664	SimBa
tweet-sno-1243	QO	vclaim-sno-a-thank-you-to-all-starbucks-customers	1	15.384615384615385	SimBa
tweet-sno-1243	QO	vclaim-sno-big-lame-hunting	1	15.384615384615385	SimBa
tweet-sno-1244	QO	vclaim-sno-thriller	1	17.647058823529413	SimBa
tweet-sno-1244	QO	vclaim-sno-banned-old-flag	1	16.666666666666664	SimBa
tweet-sno-1244	QO	vclaim-sno-flag-flap-2	1	16.0	SimBa
tweet-sno-1244	QO	vclaim-sno-american-flag-doormats	1	15.789473684210526	SimBa
tweet-sno-1244	QO	vclaim-sno-willie-sutton	1	15.384615384615385	SimBa
tweet-sno-1245	QO	vclaim-sno-trump-national-guard-troops-hotel	1	29.629629629629626	SimBa
tweet-sno-1245	QO	vclaim-sno-onlyfans-trump-ban-capitol	1	29.545454545454547	SimBa
tweet-sno-1245	QO	vclaim-sno-clinton-trump-putin-capitol	1	28.57142857142857	SimBa
tweet-sno-1245	QO	vclaim-sno-cross-erected-capitol-building	1	27.906976744186046	SimBa
tweet-sno-1245	QO	vclaim-sno-trump-flag-american-flag-capitol	1	27.27272727272727	SimBa
tweet-sno-1246	QO	vclaim-sno-mother-moose	1	26.08695652173913	SimBa
tweet-sno-1246	QO	vclaim-sno-cross-erected-capitol-building	1	24.0	SimBa
tweet-sno-1246	QO	vclaim-sno-police-flashbang-smoke-capitol	1	23.076923076923077	SimBa
tweet-sno-1246	QO	vclaim-sno-sunlight-cross-eclipse	1	21.73913043478261	SimBa
tweet-sno-1246	QO	vclaim-sno-contract-on-america	1	21.73913043478261	SimBa
tweet-sno-1247	QO	vclaim-sno-zika-microcephaly-outbreak-pesticide	1	18.75	SimBa
tweet-sno-1247	QO	vclaim-sno-george-soros-destroy-united-states	1	18.181818181818183	SimBa
tweet-sno-1247	QO	vclaim-sno-cdc-refusing-vaccine-racism	1	18.0	SimBa
tweet-sno-1247	QO	vclaim-sno-chimera-house	1	18.0	SimBa
tweet-sno-1247	QO	vclaim-sno-james-clyburn-national-hymn	1	17.741935483870968	SimBa
tweet-sno-1248	QO	vclaim-sno-shadow-caravan	1	17.5	SimBa
tweet-sno-1248	QO	vclaim-sno-nashville-explosion-suspect	1	16.666666666666664	SimBa
tweet-sno-1248	QO	vclaim-sno-milky-way-perseverance-mars-rover	1	15.555555555555555	SimBa
tweet-sno-1248	QO	vclaim-sno-the-office-us-is-returning-in-2018	1	14.634146341463413	SimBa
tweet-sno-1248	QO	vclaim-sno-jfk-the-crown-speech	1	14.583333333333334	SimBa
tweet-sno-1249	QO	vclaim-sno-cradle-of-clouds-photo	1	15.217391304347828	SimBa
tweet-sno-1249	QO	vclaim-sno-nasa-deforestation-images	1	14.583333333333334	SimBa
tweet-sno-1249	QO	vclaim-sno-paris-hilton-britney-spears-selfie	1	14.285714285714285	SimBa
tweet-sno-1249	QO	vclaim-sno-gatorade-and-comfort	1	13.461538461538462	SimBa
tweet-sno-1249	QO	vclaim-sno-kansas-city-churches	1	13.461538461538462	SimBa
tweet-sno-1250	QO	vclaim-sno-pennsylvania-205000-votes	1	26.47058823529412	SimBa
tweet-sno-1250	QO	vclaim-sno-simple-math-on-biden-votes	1	24.242424242424242	SimBa
tweet-sno-1250	QO	vclaim-sno-foreign-legions	1	20.0	SimBa
tweet-sno-1250	QO	vclaim-sno-biden-tucker-carlson-white-men	1	19.51219512195122	SimBa
tweet-sno-1250	QO	vclaim-sno-trump-mouth-musical-instrument	1	19.51219512195122	SimBa
tweet-sno-1251	QO	vclaim-sno-pennsylvania-205000-votes	1	24.444444444444443	SimBa
tweet-sno-1251	QO	vclaim-sno-georgia-ballots-likely-ineligible	1	18.181818181818183	SimBa
tweet-sno-1251	QO	vclaim-sno-vinny-the-gull-orange-bird	1	14.893617021276595	SimBa
tweet-sno-1251	QO	vclaim-sno-more-votes-than-voters-in-detroit	1	14.285714285714285	SimBa
tweet-sno-1251	QO	vclaim-sno-net-worth-1m-servicemen	1	14.285714285714285	SimBa
tweet-sno-1252	QO	vclaim-sno-shark-prank	1	12.857142857142856	SimBa
tweet-sno-1252	QO	vclaim-sno-ps-and-qs	1	12.676056338028168	SimBa
tweet-sno-1252	QO	vclaim-sno-kirstie-alley-stephen-hawking	1	12.345679012345679	SimBa
tweet-sno-1252	QO	vclaim-sno-hometown-buffett	1	12.0	SimBa
tweet-sno-1252	QO	vclaim-sno-chip-monk	1	11.76470588235294	SimBa
tweet-sno-1253	QO	vclaim-sno-trump-covid-19-deaths-hurt	1	14.084507042253522	SimBa
tweet-sno-1253	QO	vclaim-sno-bath-lightning-deaths	1	13.333333333333334	SimBa
tweet-sno-1253	QO	vclaim-sno-bernie-sanders-told-supporters-hed-never-tell-them-how-to-vote	1	12.5	SimBa
tweet-sno-1253	QO	vclaim-sno-colin-powell-lazy-immigrants	1	11.842105263157894	SimBa
tweet-sno-1253	QO	vclaim-sno-lincoln-last-words	1	11.688311688311687	SimBa
tweet-sno-1254	QO	vclaim-sno-covington-catholic-black-paint	1	17.073170731707318	SimBa
tweet-sno-1254	QO	vclaim-sno-swimming-pool-wonderful-life	1	16.666666666666664	SimBa
tweet-sno-1254	QO	vclaim-sno-vermont-cell-phones	1	16.216216216216218	SimBa
tweet-sno-1254	QO	vclaim-sno-china-hospital-10-days	1	16.216216216216218	SimBa
tweet-sno-1254	QO	vclaim-sno-fox-skews	1	16.216216216216218	SimBa
tweet-sno-1255	QO	vclaim-sno-swimming-pool-wonderful-life	1	20.930232558139537	SimBa
tweet-sno-1255	QO	vclaim-sno-principal-class-speech	1	19.51219512195122	SimBa
tweet-sno-1255	QO	vclaim-sno-donald-trumps-intelligence-quotient	1	17.94871794871795	SimBa
tweet-sno-1255	QO	vclaim-sno-risque-prom-dress	1	17.5	SimBa
tweet-sno-1255	QO	vclaim-sno-facebook-standing-rock-dhs-fbi	1	17.307692307692307	SimBa
tweet-sno-1256	QO	vclaim-sno-fact-check-mcdonalds-creates-nutella-burger	1	16.666666666666664	SimBa
tweet-sno-1256	QO	vclaim-sno-justin-bieber-stabbed	1	16.0	SimBa
tweet-sno-1256	QO	vclaim-sno-dangerous-waterspout-video	1	15.384615384615385	SimBa
tweet-sno-1256	QO	vclaim-sno-cocktails-came-out-of-prohibition	1	15.384615384615385	SimBa
tweet-sno-1256	QO	vclaim-sno-dj-khaled-break-horses-back	1	15.151515151515152	SimBa
tweet-sno-1257	QO	vclaim-sno-graham-buttigieg-repent	1	21.153846153846153	SimBa
tweet-sno-1257	QO	vclaim-sno-simpsons-mayor-bahamas-trip	1	18.96551724137931	SimBa
tweet-sno-1257	QO	vclaim-sno-amy-coney-barrett-women-property	1	17.91044776119403	SimBa
tweet-sno-1257	QO	vclaim-sno-trademark-of-the-devil	1	17.543859649122805	SimBa
tweet-sno-1257	QO	vclaim-sno-subway-tuna-actual-fish	1	16.9811320754717	SimBa
tweet-sno-1258	QO	vclaim-sno-tom-brady-ppp	1	16.216216216216218	SimBa
tweet-sno-1258	QO	vclaim-sno-boebert-ppp-loan	1	14.814814814814813	SimBa
tweet-sno-1258	QO	vclaim-sno-osteen-coronavirus-loan	1	14.285714285714285	SimBa
tweet-sno-1258	QO	vclaim-sno-joel-osteen-donald-trump	1	13.636363636363635	SimBa
tweet-sno-1258	QO	vclaim-sno-joel-osteen-lady-gaga-event	1	12.5	SimBa
tweet-sno-1259	QO	vclaim-sno-vatican-nativity	1	10.0	SimBa
tweet-sno-1259	QO	vclaim-sno-mule-log	1	8.333333333333332	SimBa
tweet-sno-1259	QO	vclaim-sno-belgian-town-removes-nativity-scene-appease-four-muslim-residents	1	8.0	SimBa
tweet-sno-1259	QO	vclaim-sno-quacking-wise	1	7.142857142857142	SimBa
tweet-sno-1259	QO	vclaim-sno-seattle-clean-sidewalks	1	6.666666666666667	SimBa
tweet-sno-1260	QO	vclaim-sno-million-man-march-will-smith	1	17.307692307692307	SimBa
tweet-sno-1260	QO	vclaim-sno-cyberpunk-2077-refunds	1	17.02127659574468	SimBa
tweet-sno-1260	QO	vclaim-sno-dick-van-dyke-trump-dictator	1	15.873015873015872	SimBa
tweet-sno-1260	QO	vclaim-sno-trump-recount-battleground-states	1	15.789473684210526	SimBa
tweet-sno-1260	QO	vclaim-sno-dobri-dobrev	1	15.686274509803921	SimBa
tweet-sno-1261	QO	vclaim-sno-cyberpunk-2077-refunds	1	21.27659574468085	SimBa
tweet-sno-1261	QO	vclaim-sno-khrushchev-doses-of-socialism	1	16.176470588235293	SimBa
tweet-sno-1261	QO	vclaim-sno-california-separate-children-covid	1	14.666666666666666	SimBa
tweet-sno-1261	QO	vclaim-sno-supreme-court-islam-schools	1	14.285714285714285	SimBa
tweet-sno-1261	QO	vclaim-sno-jefferson-government-corrupt-liars	1	13.333333333333334	SimBa
tweet-sno-1262	QO	vclaim-sno-dominos-pizza-data-journalist	1	16.666666666666664	SimBa
tweet-sno-1262	QO	vclaim-sno-planted-evidence	1	16.666666666666664	SimBa
tweet-sno-1262	QO	vclaim-sno-plane-crash-video-disappearing-from-the-internet	1	15.384615384615385	SimBa
tweet-sno-1262	QO	vclaim-sno-pokemon-satanist-anti-christian-inverview	1	15.0	SimBa
tweet-sno-1262	QO	vclaim-sno-dominos-noid-mascot-hostages	1	14.893617021276595	SimBa
tweet-sno-1263	QO	vclaim-sno-1998-trump-people-quote	1	17.24137931034483	SimBa
tweet-sno-1263	QO	vclaim-sno-trump-acquittal-impeached	1	15.873015873015872	SimBa
tweet-sno-1263	QO	vclaim-sno-trump-coronavirus-kill-body	1	15.625	SimBa
tweet-sno-1263	QO	vclaim-sno-pat-robertson-global-warming-trump	1	15.625	SimBa
tweet-sno-1263	QO	vclaim-sno-werner-herzog-germany-quote	1	15.625	SimBa
tweet-sno-1264	QO	vclaim-sno-peng-shuilin	1	17.073170731707318	SimBa
tweet-sno-1264	QO	vclaim-sno-insane-cliff-house	1	16.666666666666664	SimBa
tweet-sno-1264	QO	vclaim-sno-bar-and-grille	1	15.909090909090908	SimBa
tweet-sno-1264	QO	vclaim-sno-mother-moose	1	15.789473684210526	SimBa
tweet-sno-1264	QO	vclaim-sno-birdnapped	1	15.0	SimBa
tweet-sno-1265	QO	vclaim-sno-schitts-creek-motel-seattle	1	20.967741935483872	SimBa
tweet-sno-1265	QO	vclaim-sno-moira-rose-home-alone	1	19.672131147540984	SimBa
tweet-sno-1265	QO	vclaim-sno-hitler-control-quote	1	18.64406779661017	SimBa
tweet-sno-1265	QO	vclaim-sno-vatican-covid-vaccine	1	18.571428571428573	SimBa
tweet-sno-1265	QO	vclaim-sno-anti-war-protester-moscow-sign	1	18.333333333333332	SimBa
tweet-sno-1266	QO	vclaim-sno-did-beyonce-say-descended-illuminati	1	17.77777777777778	SimBa
tweet-sno-1266	QO	vclaim-sno-italy-200-deaths-24-hours	1	17.391304347826086	SimBa
tweet-sno-1266	QO	vclaim-sno-john-mccain-democratic-party	1	16.0	SimBa
tweet-sno-1266	QO	vclaim-sno-covid-19-bat-quarters	1	16.0	SimBa
tweet-sno-1266	QO	vclaim-sno-white-house-portrait-ceremony	1	15.789473684210526	SimBa
tweet-sno-1267	QO	vclaim-sno-the-north-face-refuse-jackets	1	21.62162162162162	SimBa
tweet-sno-1267	QO	vclaim-sno-donated-toys-returned	1	21.21212121212121	SimBa
tweet-sno-1267	QO	vclaim-sno-obama-divorce-rumors	1	20.833333333333336	SimBa
tweet-sno-1267	QO	vclaim-sno-hero-wombats-australia-fires	1	20.0	SimBa
tweet-sno-1267	QO	vclaim-sno-silent-fireworks	1	18.91891891891892	SimBa
tweet-sno-1268	QO	vclaim-sno-alex-jones-biden-removed	1	38.23529411764706	SimBa
tweet-sno-1268	QO	vclaim-sno-joe-biden-minnesota-tampa	1	22.22222222222222	SimBa
tweet-sno-1268	QO	vclaim-sno-is-jill-biden-a-doctor	1	21.052631578947366	SimBa
tweet-sno-1268	QO	vclaim-sno-hunter-biden-flipped-fbi	1	20.51282051282051	SimBa
tweet-sno-1268	QO	vclaim-sno-stop-the-count-chant	1	20.0	SimBa
tweet-sno-1269	QO	vclaim-sno-pastor-present-2	1	17.857142857142858	SimBa
tweet-sno-1269	QO	vclaim-sno-mall-spat	1	17.391304347826086	SimBa
tweet-sno-1269	QO	vclaim-sno-allstate-island-real	1	17.391304347826086	SimBa
tweet-sno-1269	QO	vclaim-sno-panda-on-a-plane	1	17.24137931034483	SimBa
tweet-sno-1269	QO	vclaim-sno-harry-potter-8	1	16.666666666666664	SimBa
tweet-sno-1270	QO	vclaim-sno-new-york-abortion-poison	1	17.94871794871795	SimBa
tweet-sno-1270	QO	vclaim-sno-china-hospital-10-days	1	16.216216216216218	SimBa
tweet-sno-1270	QO	vclaim-sno-emordnilap-palindrome	1	16.216216216216218	SimBa
tweet-sno-1270	QO	vclaim-sno-rock-of-aegis-2	1	15.384615384615385	SimBa
tweet-sno-1270	QO	vclaim-sno-angels-with-filthy-souls-real	1	15.0	SimBa
tweet-sno-1271	QO	vclaim-sno-federal-holiday-christmas-eve	1	41.935483870967744	SimBa
tweet-sno-1271	QO	vclaim-sno-trump-hunting-bald-eagles	1	27.586206896551722	SimBa
tweet-sno-1271	QO	vclaim-sno-trump-restricting-welfare-for-deadbeats	1	26.47058823529412	SimBa
tweet-sno-1271	QO	vclaim-sno-obama-reparations-executive-order	1	25.925925925925924	SimBa
tweet-sno-1271	QO	vclaim-sno-insulin-pennies-a-day-trump	1	25.0	SimBa
tweet-sno-1272	QO	vclaim-sno-casey-anthony-twins	1	20.588235294117645	SimBa
tweet-sno-1272	QO	vclaim-sno-trump-ballistic-fox-and-friends	1	19.51219512195122	SimBa
tweet-sno-1272	QO	vclaim-sno-temple-of-baal-in-new-york-city	1	19.047619047619047	SimBa
tweet-sno-1272	QO	vclaim-sno-music-to-my-ears	1	17.5	SimBa
tweet-sno-1272	QO	vclaim-sno-is-jet-li-in-frail-health	1	17.142857142857142	SimBa
tweet-sno-1273	QO	vclaim-sno-beetlejuice-2-coming-soon	1	23.333333333333332	SimBa
tweet-sno-1273	QO	vclaim-sno-when-is-hocus-pocus-2-coming-out	1	20.0	SimBa
tweet-sno-1273	QO	vclaim-sno-napoleon-dynamite-sequel	1	18.51851851851852	SimBa
tweet-sno-1273	QO	vclaim-sno-asteroid-2018-vp1-election	1	17.647058823529413	SimBa
tweet-sno-1273	QO	vclaim-sno-syrian-rescue-organization-the-white-helmets-are-terrorists	1	17.24137931034483	SimBa
tweet-sno-1274	QO	vclaim-sno-fidget-spinners-affect-gravity	1	21.27659574468085	SimBa
tweet-sno-1274	QO	vclaim-sno-white-front	1	17.77777777777778	SimBa
tweet-sno-1274	QO	vclaim-sno-air-to-the-throne	1	17.24137931034483	SimBa
tweet-sno-1274	QO	vclaim-sno-mcrobots	1	17.073170731707318	SimBa
tweet-sno-1274	QO	vclaim-sno-choke-hold	1	17.02127659574468	SimBa
tweet-sno-1275	QO	vclaim-sno-costco-rotisserie-chicken-cheap	1	60.526315789473685	SimBa
tweet-sno-1275	QO	vclaim-sno-hackers-stole-273-passwords	1	17.073170731707318	SimBa
tweet-sno-1275	QO	vclaim-sno-prescott-college-mandatory-immigrant-fee	1	16.27906976744186	SimBa
tweet-sno-1275	QO	vclaim-sno-mitch-mcconnell-net-worth	1	16.27906976744186	SimBa
tweet-sno-1275	QO	vclaim-sno-mexico-75-million-border-wall	1	14.634146341463413	SimBa
tweet-sno-1276	QO	vclaim-sno-ia-fl-oh-election-loss	1	24.324324324324326	SimBa
tweet-sno-1276	QO	vclaim-sno-won-both-ohio-florida-lost	1	17.94871794871795	SimBa
tweet-sno-1276	QO	vclaim-sno-biden-wave-empty-field	1	16.666666666666664	SimBa
tweet-sno-1276	QO	vclaim-sno-body-ohio-river-clinton-aide	1	16.3265306122449	SimBa
tweet-sno-1276	QO	vclaim-sno-rammed-car-pregnancy	1	16.27906976744186	SimBa
tweet-sno-1277	QO	vclaim-sno-fauci-blame-flu-deaths-1918	1	14.035087719298245	SimBa
tweet-sno-1277	QO	vclaim-sno-1918-quarantine-ad-for-phone	1	13.636363636363635	SimBa
tweet-sno-1277	QO	vclaim-sno-apartment-radiator-pandemic-spread	1	13.636363636363635	SimBa
tweet-sno-1277	QO	vclaim-sno-handkerchiefs-kissing-covid	1	13.333333333333334	SimBa
tweet-sno-1277	QO	vclaim-sno-john-wayne-native-americans	1	11.940298507462686	SimBa
tweet-sno-1278	QO	vclaim-sno-statue-liberty-different-color	1	12.5	SimBa
tweet-sno-1278	QO	vclaim-sno-did-disney-announce-bedknobs-broomsticks	1	12.5	SimBa
tweet-sno-1278	QO	vclaim-sno-roy-moores-accusers-arrested-charged-falsification	1	12.5	SimBa
tweet-sno-1278	QO	vclaim-sno-swap-meat	1	12.5	SimBa
tweet-sno-1278	QO	vclaim-sno-noodles-freeze-cold-weather	1	11.76470588235294	SimBa
tweet-sno-1279	QO	vclaim-sno-gohmert-tooth-fall-out	1	29.166666666666668	SimBa
tweet-sno-1279	QO	vclaim-sno-enough-to-turn-your-head	1	18.181818181818183	SimBa
tweet-sno-1279	QO	vclaim-sno-rising-son	1	17.391304347826086	SimBa
tweet-sno-1279	QO	vclaim-sno-obama-reporter-press-conference	1	17.391304347826086	SimBa
tweet-sno-1279	QO	vclaim-sno-mcpizza	1	16.666666666666664	SimBa
tweet-sno-1280	QO	vclaim-sno-biden-harris-disease-disagreed	1	58.620689655172406	SimBa
tweet-sno-1280	QO	vclaim-sno-hunter-biden-flipped-fbi	1	20.754716981132077	SimBa
tweet-sno-1280	QO	vclaim-sno-joe-hoe-kamala-harris-billboard	1	19.047619047619047	SimBa
tweet-sno-1280	QO	vclaim-sno-harris-biden-blog-post	1	18.0	SimBa
tweet-sno-1280	QO	vclaim-sno-john-mccain-democratic-party	1	17.24137931034483	SimBa
tweet-sno-1281	QO	vclaim-sno-weeknd-plastic-surgery	1	25.0	SimBa
tweet-sno-1281	QO	vclaim-sno-father-abandon-family-avalanche	1	21.052631578947366	SimBa
tweet-sno-1281	QO	vclaim-sno-fork-urethra	1	20.0	SimBa
tweet-sno-1281	QO	vclaim-sno-bird-shot	1	19.047619047619047	SimBa
tweet-sno-1281	QO	vclaim-sno-puppy-love-2	1	18.51851851851852	SimBa
tweet-sno-1282	QO	vclaim-sno-indiana-jones-saxophone	1	26.666666666666668	SimBa
tweet-sno-1282	QO	vclaim-sno-coronavirus-test-donate-blood	1	17.142857142857142	SimBa
tweet-sno-1282	QO	vclaim-sno-black-dot-campaign	1	16.216216216216218	SimBa
tweet-sno-1282	QO	vclaim-sno-lorry-lorry-hallelujah	1	16.216216216216218	SimBa
tweet-sno-1282	QO	vclaim-sno-donald-trump-twitter-plant-clinton	1	15.625	SimBa
tweet-sno-1283	QO	vclaim-sno-indiana-jones-saxophone	1	25.0	SimBa
tweet-sno-1283	QO	vclaim-sno-everyone-who-has-cancer-has-a-ph-that-is-too-acidic	1	19.047619047619047	SimBa
tweet-sno-1283	QO	vclaim-sno-tropical-storm	1	17.391304347826086	SimBa
tweet-sno-1283	QO	vclaim-sno-indiana-abortion-reporting	1	17.24137931034483	SimBa
tweet-sno-1283	QO	vclaim-sno-zebra-dots-instead-of-stripes	1	16.666666666666664	SimBa
tweet-sno-1284	QO	vclaim-sno-harrison-ford-trump-han-solo	1	19.148936170212767	SimBa
tweet-sno-1284	QO	vclaim-sno-indiana-jones-saxophone	1	18.181818181818183	SimBa
tweet-sno-1284	QO	vclaim-sno-k9-dog-cow-deputy	1	15.555555555555555	SimBa
tweet-sno-1284	QO	vclaim-sno-check-from-a-stranger-for-real	1	15.384615384615385	SimBa
tweet-sno-1284	QO	vclaim-sno-snap-trapped	1	14.285714285714285	SimBa
tweet-sno-1285	QO	vclaim-sno-trump-ballistic-fox-and-friends	1	15.254237288135593	SimBa
tweet-sno-1285	QO	vclaim-sno-aids-mary	1	13.846153846153847	SimBa
tweet-sno-1285	QO	vclaim-sno-full-blue-moon-halloween-2020	1	13.725490196078432	SimBa
tweet-sno-1285	QO	vclaim-sno-oakland-coffee-police-officers	1	12.903225806451612	SimBa
tweet-sno-1285	QO	vclaim-sno-fdic-you-later	1	12.727272727272727	SimBa
tweet-sno-1286	QO	vclaim-sno-nasa-sally-ride-100-tampons	1	29.411764705882355	SimBa
tweet-sno-1286	QO	vclaim-sno-oakland-coffee-police-officers	1	16.363636363636363	SimBa
tweet-sno-1286	QO	vclaim-sno-failed-impeachment-nullify-term	1	15.873015873015872	SimBa
tweet-sno-1286	QO	vclaim-sno-columbus-ships-names	1	15.686274509803921	SimBa
tweet-sno-1286	QO	vclaim-sno-first-muslamic-congregation	1	15.217391304347828	SimBa
tweet-sno-1287	QO	vclaim-sno-camp-david-conniption	1	18.64406779661017	SimBa
tweet-sno-1287	QO	vclaim-sno-mush-vroom-pizza	1	18.181818181818183	SimBa
tweet-sno-1287	QO	vclaim-sno-sky-writing	1	18.0327868852459	SimBa
tweet-sno-1287	QO	vclaim-sno-joe-biden-civil-rights-quote	1	18.0327868852459	SimBa
tweet-sno-1287	QO	vclaim-sno-unsweetened-caroline	1	18.0	SimBa
tweet-sno-1288	QO	vclaim-sno-my-pleasure-chick-fil-a	1	23.91304347826087	SimBa
tweet-sno-1288	QO	vclaim-sno-visit-the-new-facebook	1	15.555555555555555	SimBa
tweet-sno-1288	QO	vclaim-sno-a-banner-day	1	14.583333333333334	SimBa
tweet-sno-1288	QO	vclaim-sno-joe-biden-civil-rights-quote	1	14.545454545454545	SimBa
tweet-sno-1288	QO	vclaim-sno-kirstie-alley-stephen-hawking	1	14.0625	SimBa
tweet-sno-1289	QO	vclaim-sno-my-pleasure-chick-fil-a	1	19.51219512195122	SimBa
tweet-sno-1289	QO	vclaim-sno-bill-murray-dog-quote	1	11.76470588235294	SimBa
tweet-sno-1289	QO	vclaim-sno-children-immigration-court-deportation-attorney	1	11.428571428571429	SimBa
tweet-sno-1289	QO	vclaim-sno-the-amish-dont-get-autism	1	11.428571428571429	SimBa
tweet-sno-1289	QO	vclaim-sno-stick-my-neck-out	1	11.320754716981133	SimBa
tweet-sno-1290	QO	vclaim-sno-my-pleasure-chick-fil-a	1	22.916666666666664	SimBa
tweet-sno-1290	QO	vclaim-sno-sky-writing	1	12.068965517241379	SimBa
tweet-sno-1290	QO	vclaim-sno-vote-for-trump-or-else	1	11.864406779661017	SimBa
tweet-sno-1290	QO	vclaim-sno-zimbabwait-what	1	11.11111111111111	SimBa
tweet-sno-1290	QO	vclaim-sno-grandfather-clocked	1	10.869565217391305	SimBa
tweet-sno-1291	QO	vclaim-sno-sinclair-lewis-on-fascism	1	21.818181818181817	SimBa
tweet-sno-1291	QO	vclaim-sno-john-mccain-democratic-party	1	21.052631578947366	SimBa
tweet-sno-1291	QO	vclaim-sno-hunter-biden-flipped-fbi	1	20.37037037037037	SimBa
tweet-sno-1291	QO	vclaim-sno-barton-wind-finite	1	20.0	SimBa
tweet-sno-1291	QO	vclaim-sno-simpsons-mayor-bahamas-trip	1	20.0	SimBa
tweet-sno-1292	QO	vclaim-sno-matt-putz	1	18.367346938775512	SimBa
tweet-sno-1292	QO	vclaim-sno-instagram-cancellation-hoax	1	17.307692307692307	SimBa
tweet-sno-1292	QO	vclaim-sno-ocasio-cortez-gun-rights-quote	1	16.9811320754717	SimBa
tweet-sno-1292	QO	vclaim-sno-check-from-a-stranger-for-real	1	16.666666666666664	SimBa
tweet-sno-1292	QO	vclaim-sno-obama-do-something-about-president	1	16.071428571428573	SimBa
tweet-sno-1293	QO	vclaim-sno-high-steaks	1	15.625	SimBa
tweet-sno-1293	QO	vclaim-sno-hillary-clinton-calls-for-americans-to-respect-and-empathize-with-isis	1	15.625	SimBa
tweet-sno-1293	QO	vclaim-sno-cruise-ship-pizza-warning	1	14.583333333333334	SimBa
tweet-sno-1293	QO	vclaim-sno-free-ride	1	14.285714285714285	SimBa
tweet-sno-1293	QO	vclaim-sno-hammer-time	1	13.953488372093023	SimBa
tweet-sno-1294	QO	vclaim-sno-gwyneth-paltrow-vagina-candle	1	22.58064516129032	SimBa
tweet-sno-1294	QO	vclaim-sno-drake-scented-candles	1	20.0	SimBa
tweet-sno-1294	QO	vclaim-sno-kfc-really-create-chicken-scented-candle	1	18.75	SimBa
tweet-sno-1294	QO	vclaim-sno-fortnite-battle-royale-ending	1	17.94871794871795	SimBa
tweet-sno-1294	QO	vclaim-sno-mexico-75-million-border-wall	1	17.142857142857142	SimBa
tweet-sno-1295	QO	vclaim-sno-taco-bell-closing-2020	1	16.666666666666664	SimBa
tweet-sno-1295	QO	vclaim-sno-ruby-tuesday-closing	1	16.666666666666664	SimBa
tweet-sno-1295	QO	vclaim-sno-stress-awareness-day	1	16.129032258064516	SimBa
tweet-sno-1295	QO	vclaim-sno-flash-player-no-longer-supported	1	16.0	SimBa
tweet-sno-1295	QO	vclaim-sno-asteroid-hit-after-valentines-day	1	16.0	SimBa
tweet-sno-1296	QO	vclaim-sno-flash-player-no-longer-supported	1	20.0	SimBa
tweet-sno-1296	QO	vclaim-sno-texas-rapture-schooling	1	14.814814814814813	SimBa
tweet-sno-1296	QO	vclaim-sno-target-american-flag-removal	1	14.285714285714285	SimBa
tweet-sno-1296	QO	vclaim-sno-pope-sin-declaration	1	13.636363636363635	SimBa
tweet-sno-1296	QO	vclaim-sno-boob-youtube	1	13.043478260869565	SimBa
tweet-sno-1297	QO	vclaim-sno-flash-player-no-longer-supported	1	17.5	SimBa
tweet-sno-1297	QO	vclaim-sno-boob-youtube	1	13.953488372093023	SimBa
tweet-sno-1297	QO	vclaim-sno-supreme-court-islam-schools	1	11.475409836065573	SimBa
tweet-sno-1297	QO	vclaim-sno-prop-47-theft-california	1	11.11111111111111	SimBa
tweet-sno-1297	QO	vclaim-sno-iowa-discontinue-soda-and-candy-october	1	10.204081632653061	SimBa
tweet-sno-1298	QO	vclaim-sno-plastic-rice-from-china	1	22.5	SimBa
tweet-sno-1298	QO	vclaim-sno-code-for-pedophiles-on-toys	1	17.77777777777778	SimBa
tweet-sno-1298	QO	vclaim-sno-new-years-times-square-crowds	1	16.0	SimBa
tweet-sno-1298	QO	vclaim-sno-hammer-time	1	16.0	SimBa
tweet-sno-1298	QO	vclaim-sno-election-results-certified	1	15.909090909090908	SimBa
tweet-sno-1299	QO	vclaim-sno-kill-praying-mantis-illegal	1	20.689655172413794	SimBa
tweet-sno-1299	QO	vclaim-sno-wild-abandon	1	18.181818181818183	SimBa
tweet-sno-1299	QO	vclaim-sno-first-lady-of-the-lamp	1	18.181818181818183	SimBa
tweet-sno-1299	QO	vclaim-sno-horngus-of-a-dongfish	1	17.94871794871795	SimBa
tweet-sno-1299	QO	vclaim-sno-coat-of-armed	1	17.647058823529413	SimBa
tweet-sno-1300	QO	vclaim-sno-point-ocean-closest-human-astronaut	1	17.91044776119403	SimBa
tweet-sno-1300	QO	vclaim-sno-trailer-trashed	1	17.741935483870968	SimBa
tweet-sno-1300	QO	vclaim-sno-present-tense	1	16.901408450704224	SimBa
tweet-sno-1300	QO	vclaim-sno-joe-biden-pinch-girls-nipple	1	16.417910447761194	SimBa
tweet-sno-1300	QO	vclaim-sno-breasts-in-public	1	16.129032258064516	SimBa
tweet-sno-1301	QO	vclaim-sno-check-from-a-stranger-for-real	1	17.073170731707318	SimBa
tweet-sno-1301	QO	vclaim-sno-pelosi-civilization-as-we-know-it	1	13.953488372093023	SimBa
tweet-sno-1301	QO	vclaim-sno-whats-in-a-name-2	1	12.5	SimBa
tweet-sno-1301	QO	vclaim-sno-hillary-hemispheric-government	1	12.195121951219512	SimBa
tweet-sno-1301	QO	vclaim-sno-loser-lawn-trump-golf-course	1	12.195121951219512	SimBa
tweet-sno-1302	QO	vclaim-sno-johns-hopkins-covid-deaths	1	34.883720930232556	SimBa
tweet-sno-1302	QO	vclaim-sno-amero-coins	1	23.25581395348837	SimBa
tweet-sno-1302	QO	vclaim-sno-rio-macaw-extinct	1	22.22222222222222	SimBa
tweet-sno-1302	QO	vclaim-sno-capitol-police-opened-gates	1	21.951219512195124	SimBa
tweet-sno-1302	QO	vclaim-sno-flu-kills-more-people-covid-19	1	21.62162162162162	SimBa
tweet-sno-1303	QO	vclaim-sno-zonkey-born-kenya-rare	1	20.833333333333336	SimBa
tweet-sno-1303	QO	vclaim-sno-ivanka-trump-news-network-parler	1	20.0	SimBa
tweet-sno-1303	QO	vclaim-sno-donald-trump-wealthy-great-quote	1	20.0	SimBa
tweet-sno-1303	QO	vclaim-sno-police-gun-driver-not-white	1	20.0	SimBa
tweet-sno-1303	QO	vclaim-sno-clown-purge-on-halloween	1	19.230769230769234	SimBa
tweet-sno-1304	QO	vclaim-sno-rihanna-senegal-illuminati	1	14.285714285714285	SimBa
tweet-sno-1304	QO	vclaim-sno-stalin-vote-count-quote	1	13.043478260869565	SimBa
tweet-sno-1304	QO	vclaim-sno-tali-ban	1	12.244897959183673	SimBa
tweet-sno-1304	QO	vclaim-sno-hunter-biden-malia-obama-cocaine	1	12.244897959183673	SimBa
tweet-sno-1304	QO	vclaim-sno-tucker-carlson-cornel-west-video	1	12.244897959183673	SimBa
tweet-sno-1305	QO	vclaim-sno-244-inmates-fijian-prison	1	13.793103448275861	SimBa
tweet-sno-1305	QO	vclaim-sno-woman-births-octopus	1	13.333333333333334	SimBa
tweet-sno-1305	QO	vclaim-sno-21-dead-in-ontario	1	12.903225806451612	SimBa
tweet-sno-1305	QO	vclaim-sno-hillary-clinton-sat-monsanto-board	1	12.903225806451612	SimBa
tweet-sno-1305	QO	vclaim-sno-soursop-guyabano-graviola-tree-ultimate-cure-cancer	1	12.82051282051282	SimBa
tweet-sno-1306	QO	vclaim-sno-cdc-sudden-sleepover-covid-19	1	18.333333333333332	SimBa
tweet-sno-1306	QO	vclaim-sno-moist-coronavirus-image	1	16.9811320754717	SimBa
tweet-sno-1306	QO	vclaim-sno-mother-and-child-reunion	1	16.666666666666664	SimBa
tweet-sno-1306	QO	vclaim-sno-shark-prank	1	16.39344262295082	SimBa
tweet-sno-1306	QO	vclaim-sno-eric-clapton-feared-guitar-covid	1	16.39344262295082	SimBa
tweet-sno-1307	QO	vclaim-sno-california-15-genders	1	18.181818181818183	SimBa
tweet-sno-1307	QO	vclaim-sno-georgia-ballots-likely-ineligible	1	17.647058823529413	SimBa
tweet-sno-1307	QO	vclaim-sno-iceland-religions-mental-disorders	1	17.142857142857142	SimBa
tweet-sno-1307	QO	vclaim-sno-coca-cola-try-to-be-less-white	1	15.384615384615385	SimBa
tweet-sno-1307	QO	vclaim-sno-sex-robot-cooking-cleaning	1	15.384615384615385	SimBa
tweet-sno-1308	QO	vclaim-sno-trump-pardon-turkey-election	1	33.33333333333333	SimBa
tweet-sno-1308	QO	vclaim-sno-trump-tweet-obama-8-years	1	24.0	SimBa
tweet-sno-1308	QO	vclaim-sno-trump-bunker-putin-parody	1	23.404255319148938	SimBa
tweet-sno-1308	QO	vclaim-sno-obama-refuse-white-house-blue	1	22.448979591836736	SimBa
tweet-sno-1308	QO	vclaim-sno-trump-golf-simulator	1	22.22222222222222	SimBa
tweet-sno-1309	QO	vclaim-sno-twosday-2022	1	21.62162162162162	SimBa
tweet-sno-1309	QO	vclaim-sno-trump-comet-meteor-shower-eclipse	1	19.298245614035086	SimBa
tweet-sno-1309	QO	vclaim-sno-fbi-raids-cdc-vaccine-data	1	19.047619047619047	SimBa
tweet-sno-1309	QO	vclaim-sno-iranian-navy-ship-sink-fire-gulf	1	18.6046511627907	SimBa
tweet-sno-1309	QO	vclaim-sno-trump-mob-capitol	1	17.77777777777778	SimBa
tweet-sno-1310	QO	vclaim-sno-florida-air-force-robotic-dogs	1	17.647058823529413	SimBa
tweet-sno-1310	QO	vclaim-sno-pyramid-location-speed-light	1	17.24137931034483	SimBa
tweet-sno-1310	QO	vclaim-sno-air-force-one	1	17.24137931034483	SimBa
tweet-sno-1310	QO	vclaim-sno-ill-suited	1	16.666666666666664	SimBa
tweet-sno-1310	QO	vclaim-sno-gentlemans-guide-amputation	1	16.666666666666664	SimBa
tweet-sno-1311	QO	vclaim-sno-20000-dead-voters-in-pennsylvania	1	22.448979591836736	SimBa
tweet-sno-1311	QO	vclaim-sno-amero-coins	1	20.754716981132077	SimBa
tweet-sno-1311	QO	vclaim-sno-biden-abolish-second-amendment	1	18.181818181818183	SimBa
tweet-sno-1311	QO	vclaim-sno-breast-in-peace	1	18.0	SimBa
tweet-sno-1311	QO	vclaim-sno-trump-office-former-president	1	17.857142857142858	SimBa
tweet-sno-1312	QO	vclaim-sno-ever-given-stuck-again	1	16.666666666666664	SimBa
tweet-sno-1312	QO	vclaim-sno-jay-jon-dead	1	16.129032258064516	SimBa
tweet-sno-1312	QO	vclaim-sno-malia-obama-fired-internship	1	15.384615384615385	SimBa
tweet-sno-1312	QO	vclaim-sno-nope-and-glory	1	14.814814814814813	SimBa
tweet-sno-1312	QO	vclaim-sno-contractual-hold	1	14.814814814814813	SimBa
tweet-sno-1313	QO	vclaim-sno-delaware-cemetery-begins-exhuming-bodies-confederate-soldiers	1	20.930232558139537	SimBa
tweet-sno-1313	QO	vclaim-sno-kyle-rittenhouse-punch-woman-video	1	20.454545454545457	SimBa
tweet-sno-1313	QO	vclaim-sno-popular-vote-totals-rigged	1	20.0	SimBa
tweet-sno-1313	QO	vclaim-sno-atlanta-georgia-voter-fraud-video	1	19.565217391304348	SimBa
tweet-sno-1313	QO	vclaim-sno-lylah-rose	1	19.51219512195122	SimBa
tweet-sno-1314	QO	vclaim-sno-dominion-servers-germany-seized	1	20.930232558139537	SimBa
tweet-sno-1314	QO	vclaim-sno-giant-moon-blocking-sun-arctic	1	15.217391304347828	SimBa
tweet-sno-1314	QO	vclaim-sno-abc-news-poll-trump-clinton	1	14.000000000000002	SimBa
tweet-sno-1314	QO	vclaim-sno-soldiers-remains-dumped-landfill	1	14.000000000000002	SimBa
tweet-sno-1314	QO	vclaim-sno-picture-soldier-family-killed	1	13.953488372093023	SimBa
tweet-sno-1315	QO	vclaim-sno-dominion-servers-germany-seized	1	18.51851851851852	SimBa
tweet-sno-1315	QO	vclaim-sno-donald-trumps-harvard-rejection-letter	1	14.285714285714285	SimBa
tweet-sno-1315	QO	vclaim-sno-did-trump-slap-mexico-city-mayor	1	14.285714285714285	SimBa
tweet-sno-1315	QO	vclaim-sno-trump-thinning-hair-photograph	1	13.636363636363635	SimBa
tweet-sno-1315	QO	vclaim-sno-trump-spray-tan-oval-office	1	13.636363636363635	SimBa
tweet-sno-1316	QO	vclaim-sno-cuomo-vaccine-bad-news-trump	1	15.0	SimBa
tweet-sno-1316	QO	vclaim-sno-ayn-rand-quote	1	14.893617021276595	SimBa
tweet-sno-1316	QO	vclaim-sno-time-alone	1	14.634146341463413	SimBa
tweet-sno-1316	QO	vclaim-sno-ice-bucket-challenge	1	13.953488372093023	SimBa
tweet-sno-1316	QO	vclaim-sno-trump-mouth-musical-instrument	1	13.725490196078432	SimBa
tweet-sno-1317	QO	vclaim-sno-cornyn-votes-puerto-rico	1	37.2093023255814	SimBa
tweet-sno-1317	QO	vclaim-sno-illinois-eavesdropping-law	1	16.666666666666664	SimBa
tweet-sno-1317	QO	vclaim-sno-cnn-ratings-plunge	1	15.909090909090908	SimBa
tweet-sno-1317	QO	vclaim-sno-zoo-name-cockroach-feed-predator	1	15.686274509803921	SimBa
tweet-sno-1317	QO	vclaim-sno-trump-puerto-rico-golf-course	1	15.555555555555555	SimBa
tweet-sno-1318	QO	vclaim-sno-broward-county-fraud-voters-votes	1	22.22222222222222	SimBa
tweet-sno-1318	QO	vclaim-sno-floyd-county-georgia-votes	1	19.672131147540984	SimBa
tweet-sno-1318	QO	vclaim-sno-school-shooting-military-deaths	1	19.607843137254903	SimBa
tweet-sno-1318	QO	vclaim-sno-pa-mailin-votes-ballots	1	19.565217391304348	SimBa
tweet-sno-1318	QO	vclaim-sno-pennsylvania-205000-votes	1	19.148936170212767	SimBa
tweet-sno-1319	QO	vclaim-sno-floyd-county-georgia-votes	1	23.333333333333332	SimBa
tweet-sno-1319	QO	vclaim-sno-joe-biden-kneeling-george-floyd	1	20.754716981132077	SimBa
tweet-sno-1319	QO	vclaim-sno-trump-skip-biden-inauguration	1	19.565217391304348	SimBa
tweet-sno-1319	QO	vclaim-sno-dead-person-voting-pennsylvania	1	19.230769230769234	SimBa
tweet-sno-1319	QO	vclaim-sno-donald-trumps-mother-immigrant	1	19.148936170212767	SimBa
tweet-sno-1320	QO	vclaim-sno-manipulated-photograph-of-bill-clinton-crowd	1	19.51219512195122	SimBa
tweet-sno-1320	QO	vclaim-sno-bedside-companion	1	18.6046511627907	SimBa
tweet-sno-1320	QO	vclaim-sno-area-51-raid-images	1	17.94871794871795	SimBa
tweet-sno-1320	QO	vclaim-sno-hand-size-trump-debate	1	17.5	SimBa
tweet-sno-1320	QO	vclaim-sno-trump-london-street	1	16.666666666666664	SimBa
tweet-sno-1321	QO	vclaim-sno-newsmax-biden-pence	1	22.58064516129032	SimBa
tweet-sno-1321	QO	vclaim-sno-trump-golf-simulator	1	19.230769230769234	SimBa
tweet-sno-1321	QO	vclaim-sno-trump-stimulus-package-election	1	16.94915254237288	SimBa
tweet-sno-1321	QO	vclaim-sno-baron-trumps-marvelous-underground-journey	1	16.94915254237288	SimBa
tweet-sno-1321	QO	vclaim-sno-andrew-giuliani-white-house	1	16.666666666666664	SimBa
tweet-sno-1322	QO	vclaim-sno-newsmax-biden-pence	1	20.0	SimBa
tweet-sno-1322	QO	vclaim-sno-troop-loops	1	17.647058823529413	SimBa
tweet-sno-1322	QO	vclaim-sno-trump-mouth-musical-instrument	1	15.789473684210526	SimBa
tweet-sno-1322	QO	vclaim-sno-notre-dame-barrett-nomination	1	14.492753623188406	SimBa
tweet-sno-1322	QO	vclaim-sno-melania-trump-destroy-rose-garden	1	14.035087719298245	SimBa
tweet-sno-1323	QO	vclaim-sno-newsmax-biden-pence	1	26.41509433962264	SimBa
tweet-sno-1323	QO	vclaim-sno-feliz-navidad-white-house	1	20.0	SimBa
tweet-sno-1323	QO	vclaim-sno-president-donald-trump-tweet-mothers-day-fathers	1	20.0	SimBa
tweet-sno-1323	QO	vclaim-sno-trump-death-hoax	1	18.75	SimBa
tweet-sno-1323	QO	vclaim-sno-ivanka-mob-patriots-tweet	1	18.75	SimBa
tweet-sno-1324	QO	vclaim-sno-peter-fonda-barron-trump	1	20.0	SimBa
tweet-sno-1324	QO	vclaim-sno-biden-america-is-dead	1	19.35483870967742	SimBa
tweet-sno-1324	QO	vclaim-sno-trump-taunts-bush-twitter	1	17.94871794871795	SimBa
tweet-sno-1324	QO	vclaim-sno-joe-biden-civil-rights-quote	1	17.77777777777778	SimBa
tweet-sno-1324	QO	vclaim-sno-phyllis-schlafly-woman-president-over-my-dead-body	1	17.647058823529413	SimBa
tweet-sno-1325	QO	vclaim-sno-raising-canes-chicken-bankruptcy	1	40.0	SimBa
tweet-sno-1325	QO	vclaim-sno-dunkin-donuts-bankruptcy-prank	1	20.0	SimBa
tweet-sno-1325	QO	vclaim-sno-nordstrom-chapter-11-baio-boycott	1	20.0	SimBa
tweet-sno-1325	QO	vclaim-sno-obama-divorce-rumors	1	14.285714285714285	SimBa
tweet-sno-1325	QO	vclaim-sno-hillary-clinton-files-for-divorce-in-new-york-courts	1	14.285714285714285	SimBa
tweet-sno-1326	QO	vclaim-sno-trump-wins-pennsylvania	1	12.121212121212121	SimBa
tweet-sno-1326	QO	vclaim-sno-forced-vaccines-covid-19	1	12.121212121212121	SimBa
tweet-sno-1326	QO	vclaim-sno-stranger-in-paradise	1	12.0	SimBa
tweet-sno-1326	QO	vclaim-sno-biden-ban-fracking	1	11.76470588235294	SimBa
tweet-sno-1326	QO	vclaim-sno-wildfires-stop-borders	1	11.76470588235294	SimBa
tweet-sno-1327	QO	vclaim-sno-sherri-shepherd-death-hoax	1	21.052631578947366	SimBa
tweet-sno-1327	QO	vclaim-sno-heart-attack-symptoms	1	18.181818181818183	SimBa
tweet-sno-1327	QO	vclaim-sno-arnold-schwarzenegger-dead	1	16.666666666666664	SimBa
tweet-sno-1327	QO	vclaim-sno-debby-ryan-heart-attack	1	16.666666666666664	SimBa
tweet-sno-1327	QO	vclaim-sno-charlie-sheen-death-hoax	1	16.666666666666664	SimBa
tweet-sno-1328	QO	vclaim-sno-dj-khaled-break-horses-back	1	20.0	SimBa
tweet-sno-1328	QO	vclaim-sno-police-shoot-department-store-mannequin-67-times-after-mistaking-it-for-gunman	1	18.51851851851852	SimBa
tweet-sno-1328	QO	vclaim-sno-nba-10-million-game	1	17.857142857142858	SimBa
tweet-sno-1328	QO	vclaim-sno-man-sue-mcdonalds-depressed-eating-happy-meal	1	17.857142857142858	SimBa
tweet-sno-1328	QO	vclaim-sno-grape-juice-prevent-stomach-flu	1	17.647058823529413	SimBa
tweet-sno-1329	QO	vclaim-sno-oprah-shout-your-abortion	1	10.0	SimBa
tweet-sno-1329	QO	vclaim-sno-hillary-clinton-and-draftourdaughters	1	9.523809523809524	SimBa
tweet-sno-1329	QO	vclaim-sno-what-if	1	9.090909090909092	SimBa
tweet-sno-1329	QO	vclaim-sno-joe-biden-minnesota-tampa	1	8.695652173913043	SimBa
tweet-sno-1329	QO	vclaim-sno-covid-over-joker	1	7.6923076923076925	SimBa
tweet-sno-1330	QO	vclaim-sno-wheres-the-outrage	1	16.666666666666664	SimBa
tweet-sno-1330	QO	vclaim-sno-twitter-biden-negative-news	1	13.043478260869565	SimBa
tweet-sno-1330	QO	vclaim-sno-a-bogus-banksy	1	12.5	SimBa
tweet-sno-1330	QO	vclaim-sno-danita-marsh-petition	1	12.5	SimBa
tweet-sno-1330	QO	vclaim-sno-winston-churchill-on-the-arts	1	12.121212121212121	SimBa
tweet-sno-1331	QO	vclaim-sno-ice-twitter-account-disappear	1	31.25	SimBa
tweet-sno-1331	QO	vclaim-sno-ice-citizens-academy-civilians	1	23.684210526315788	SimBa
tweet-sno-1331	QO	vclaim-sno-ice-detain-michigan-doctor-40-years-u-s	1	23.52941176470588	SimBa
tweet-sno-1331	QO	vclaim-sno-new-york-ice-agent-suicide-note	1	22.58064516129032	SimBa
tweet-sno-1331	QO	vclaim-sno-is-ice-transporting-children-trains	1	18.181818181818183	SimBa
tweet-sno-1332	QO	vclaim-sno-veterans-national-parks-lifetime	1	20.454545454545457	SimBa
tweet-sno-1332	QO	vclaim-sno-ariana-grande-pay-manchester-bombing-funerals	1	18.367346938775512	SimBa
tweet-sno-1332	QO	vclaim-sno-nascar-national-anthem	1	18.367346938775512	SimBa
tweet-sno-1332	QO	vclaim-sno-piscine-of-the-crime	1	18.0	SimBa
tweet-sno-1332	QO	vclaim-sno-jessica-biel-military-veteran	1	17.94871794871795	SimBa
tweet-sno-1333	QO	vclaim-sno-serotonin-gut-90	1	19.444444444444446	SimBa
tweet-sno-1333	QO	vclaim-sno-snapchat-shutting-end-2017-prank	1	18.6046511627907	SimBa
tweet-sno-1333	QO	vclaim-sno-a-jaded-state	1	17.94871794871795	SimBa
tweet-sno-1333	QO	vclaim-sno-scytl	1	17.77777777777778	SimBa
tweet-sno-1333	QO	vclaim-sno-target-holiday-stores	1	17.5	SimBa
tweet-sno-1334	QO	vclaim-sno-covid-vaccine-funded-by-trump	1	23.809523809523807	SimBa
tweet-sno-1334	QO	vclaim-sno-bluegill-dangerous-fish	1	18.0327868852459	SimBa
tweet-sno-1334	QO	vclaim-sno-obama-administration-unable-arrange-release	1	16.666666666666664	SimBa
tweet-sno-1334	QO	vclaim-sno-american-samoa	1	16.363636363636363	SimBa
tweet-sno-1334	QO	vclaim-sno-us-covid-deaths-vietnam-war	1	15.789473684210526	SimBa
tweet-sno-1335	QO	vclaim-sno-biden-vaccines-hurricane-protect	1	17.857142857142858	SimBa
tweet-sno-1335	QO	vclaim-sno-twitter-biden-negative-news	1	17.857142857142858	SimBa
tweet-sno-1335	QO	vclaim-sno-biden-401k-tax	1	16.129032258064516	SimBa
tweet-sno-1335	QO	vclaim-sno-joe-biden-corn-dog	1	16.0	SimBa
tweet-sno-1335	QO	vclaim-sno-biden-hat-trump-maga	1	15.789473684210526	SimBa
tweet-sno-1336	QO	vclaim-sno-biden-major-dog-rescue-white-house	1	31.818181818181817	SimBa
tweet-sno-1336	QO	vclaim-sno-biden-team-statement-dog	1	25.0	SimBa
tweet-sno-1336	QO	vclaim-sno-biden-dogs-kicked-out-white-house	1	24.137931034482758	SimBa
tweet-sno-1336	QO	vclaim-sno-biden-dog-major-indoguration	1	23.333333333333332	SimBa
tweet-sno-1336	QO	vclaim-sno-jill-biden-spanish-elected	1	18.96551724137931	SimBa
tweet-sno-1337	QO	vclaim-sno-loser-com-trump-wikipedia-page	1	20.0	SimBa
tweet-sno-1337	QO	vclaim-sno-did-nevada-gop-electors-vote-for-trump	1	20.0	SimBa
tweet-sno-1337	QO	vclaim-sno-pence-trump-coronavirus-test	1	19.148936170212767	SimBa
tweet-sno-1337	QO	vclaim-sno-listen-to-scientists	1	18.51851851851852	SimBa
tweet-sno-1337	QO	vclaim-sno-floyd-county-georgia-votes	1	18.181818181818183	SimBa
tweet-sno-1338	QO	vclaim-sno-bannon-fauci-wray-head-pikes	1	32.30769230769231	SimBa
tweet-sno-1338	QO	vclaim-sno-minecraft-sex-mods	1	18.96551724137931	SimBa
tweet-sno-1338	QO	vclaim-sno-trump-negro-census	1	18.0	SimBa
tweet-sno-1338	QO	vclaim-sno-republican-senate-candidate-tells-melania-trump-to-sterilize-the-white-house	1	17.647058823529413	SimBa
tweet-sno-1338	QO	vclaim-sno-jason-lewis-dress-code	1	17.307692307692307	SimBa
tweet-sno-1339	QO	vclaim-sno-trump-recount-battleground-states	1	17.543859649122805	SimBa
tweet-sno-1339	QO	vclaim-sno-maxine-waters-subpoena-trump	1	17.24137931034483	SimBa
tweet-sno-1339	QO	vclaim-sno-paula-white-january-salary	1	16.9811320754717	SimBa
tweet-sno-1339	QO	vclaim-sno-trump-taps-outspoken-climate-denier-to-oversee-epa-transition-team	1	16.363636363636363	SimBa
tweet-sno-1339	QO	vclaim-sno-trump-administration-fire-lgbtq	1	16.129032258064516	SimBa
tweet-sno-1340	QO	vclaim-sno-pa-worker-filling-ballots	1	24.137931034482758	SimBa
tweet-sno-1340	QO	vclaim-sno-ufomitted	1	22.58064516129032	SimBa
tweet-sno-1340	QO	vclaim-sno-papa-johns-nfl-advertising	1	21.21212121212121	SimBa
tweet-sno-1340	QO	vclaim-sno-are-bang-energy-drinks-flammable	1	20.689655172413794	SimBa
tweet-sno-1340	QO	vclaim-sno-is-vampire-squid-turning-inside-out	1	20.588235294117645	SimBa
tweet-sno-1341	QO	vclaim-sno-stop-the-count-chant	1	20.689655172413794	SimBa
tweet-sno-1341	QO	vclaim-sno-donald-trump-tweet-melania-ivanka	1	20.689655172413794	SimBa
tweet-sno-1341	QO	vclaim-sno-trump-jr-impeached-deplorable	1	18.51851851851852	SimBa
tweet-sno-1341	QO	vclaim-sno-mcconnell-trump-attack-capitol	1	18.51851851851852	SimBa
tweet-sno-1341	QO	vclaim-sno-trump-fdr_bunker	1	18.51851851851852	SimBa
tweet-sno-1342	QO	vclaim-sno-trump-recount-battleground-states	1	55.55555555555556	SimBa
tweet-sno-1342	QO	vclaim-sno-dont-selfie-your-ballot	1	27.027027027027028	SimBa
tweet-sno-1342	QO	vclaim-sno-instagram-cancellation-hoax	1	25.0	SimBa
tweet-sno-1342	QO	vclaim-sno-check-from-a-stranger-for-real	1	23.809523809523807	SimBa
tweet-sno-1342	QO	vclaim-sno-trump-taps-outspoken-climate-denier-to-oversee-epa-transition-team	1	20.454545454545457	SimBa
tweet-sno-1343	QO	vclaim-sno-sharpie-trump-ballots-arizona	1	11.904761904761903	SimBa
tweet-sno-1343	QO	vclaim-sno-trump-kushner-qatar	1	11.627906976744185	SimBa
tweet-sno-1343	QO	vclaim-sno-trump-many-per-capitas	1	10.204081632653061	SimBa
tweet-sno-1343	QO	vclaim-sno-donald-trump-wealthy-great-quote	1	10.0	SimBa
tweet-sno-1343	QO	vclaim-sno-melania-christmas-recording	1	9.803921568627452	SimBa
tweet-sno-1344	QO	vclaim-sno-sharpie-trump-ballots-arizona	1	25.0	SimBa
tweet-sno-1344	QO	vclaim-sno-congressional-reform-act-of-2017	1	18.421052631578945	SimBa
tweet-sno-1344	QO	vclaim-sno-zika-microcephaly-outbreak-pesticide	1	17.94871794871795	SimBa
tweet-sno-1344	QO	vclaim-sno-cremainlining	1	17.5	SimBa
tweet-sno-1344	QO	vclaim-sno-uncounted-california-ballots	1	17.5	SimBa
tweet-sno-1345	QO	vclaim-sno-sharpie-trump-ballots-arizona	1	18.181818181818183	SimBa
tweet-sno-1345	QO	vclaim-sno-marines-corps-rebuke-pelosi	1	18.055555555555554	SimBa
tweet-sno-1345	QO	vclaim-sno-donald-trump-hat-china	1	17.5	SimBa
tweet-sno-1345	QO	vclaim-sno-joe-biden-kneeling-george-floyd	1	17.307692307692307	SimBa
tweet-sno-1345	QO	vclaim-sno-trump-removes-name-from-hotels	1	17.073170731707318	SimBa
tweet-sno-1346	QO	vclaim-sno-national-geographics-photograph-year	1	16.666666666666664	SimBa
tweet-sno-1346	QO	vclaim-sno-the-biscuit-bullet	1	15.789473684210526	SimBa
tweet-sno-1346	QO	vclaim-sno-flesh-eating-bacteria-in-myrtle-beach	1	15.254237288135593	SimBa
tweet-sno-1346	QO	vclaim-sno-malia-obama-fired-internship	1	14.754098360655737	SimBa
tweet-sno-1346	QO	vclaim-sno-the-cab-ride	1	14.545454545454545	SimBa
tweet-sno-1347	QO	vclaim-sno-pokemon-satanist-anti-christian-inverview	1	18.181818181818183	SimBa
tweet-sno-1347	QO	vclaim-sno-dog-gone-2	1	17.543859649122805	SimBa
tweet-sno-1347	QO	vclaim-sno-ghostly-rescue	1	17.24137931034483	SimBa
tweet-sno-1347	QO	vclaim-sno-anne-frank-refugee	1	16.9811320754717	SimBa
tweet-sno-1347	QO	vclaim-sno-statue-of-liberty-origins	1	16.94915254237288	SimBa
tweet-sno-1348	QO	vclaim-sno-ron-howard-i-am-liberal-essay	1	16.666666666666664	SimBa
tweet-sno-1348	QO	vclaim-sno-eric-clapton-quote-about-prince	1	15.942028985507244	SimBa
tweet-sno-1348	QO	vclaim-sno-trump-coronavirus-kill-body	1	15.714285714285714	SimBa
tweet-sno-1348	QO	vclaim-sno-hillary-clinton-trial-benghazi	1	15.625	SimBa
tweet-sno-1348	QO	vclaim-sno-mark-twain-obituary-pleasure	1	15.625	SimBa
tweet-sno-1349	QO	vclaim-sno-dianne-feinstein	1	12.195121951219512	SimBa
tweet-sno-1349	QO	vclaim-sno-trump-recount-battleground-states	1	11.11111111111111	SimBa
tweet-sno-1349	QO	vclaim-sno-bedside-companion	1	10.526315789473683	SimBa
tweet-sno-1349	QO	vclaim-sno-instagram-cancellation-hoax	1	10.0	SimBa
tweet-sno-1349	QO	vclaim-sno-wells-fargo-ceo-coronavirus	1	10.0	SimBa
tweet-sno-1350	QO	vclaim-sno-amy-coney-barrett-women-property	1	18.0	SimBa
tweet-sno-1350	QO	vclaim-sno-check-from-a-stranger-for-real	1	17.94871794871795	SimBa
tweet-sno-1350	QO	vclaim-sno-at-your-beckham-call	1	17.77777777777778	SimBa
tweet-sno-1350	QO	vclaim-sno-bye-bye-birdie	1	17.647058823529413	SimBa
tweet-sno-1350	QO	vclaim-sno-bts-band-meal-mcdonalds	1	17.647058823529413	SimBa
tweet-sno-1351	QO	vclaim-sno-bedside-companion	1	15.789473684210526	SimBa
tweet-sno-1351	QO	vclaim-sno-jews-ordered-to-register-in-ukraine	1	15.625	SimBa
tweet-sno-1351	QO	vclaim-sno-trump-recount-battleground-states	1	15.555555555555555	SimBa
tweet-sno-1351	QO	vclaim-sno-booster-after-infected-omicron	1	15.555555555555555	SimBa
tweet-sno-1351	QO	vclaim-sno-instagram-cancellation-hoax	1	15.0	SimBa
tweet-sno-1352	QO	vclaim-sno-biden-trump-dregs-society	1	12.727272727272727	SimBa
tweet-sno-1352	QO	vclaim-sno-hunter-biden-flipped-fbi	1	12.727272727272727	SimBa
tweet-sno-1352	QO	vclaim-sno-fake-real-food-tests	1	12.307692307692308	SimBa
tweet-sno-1352	QO	vclaim-sno-bidens-golfing-burisma-head	1	12.280701754385964	SimBa
tweet-sno-1352	QO	vclaim-sno-biden-muslim-ad	1	12.280701754385964	SimBa
tweet-sno-1353	QO	vclaim-sno-hunter-biden-flipped-fbi	1	31.70731707317073	SimBa
tweet-sno-1353	QO	vclaim-sno-rand-paul-ophthalmologist	1	20.0	SimBa
tweet-sno-1353	QO	vclaim-sno-biden-boot-wrong-foot-forgot	1	19.230769230769234	SimBa
tweet-sno-1353	QO	vclaim-sno-bus-crash-super-tuesday	1	18.367346938775512	SimBa
tweet-sno-1353	QO	vclaim-sno-detroit-firefighter-watermelon-fired	1	18.0	SimBa
tweet-sno-1354	QO	vclaim-sno-ivanka-trump-hunter-biden	1	20.0	SimBa
tweet-sno-1354	QO	vclaim-sno-joe-biden-stutter	1	16.666666666666664	SimBa
tweet-sno-1354	QO	vclaim-sno-biden-endorses-romney-for-president	1	16.666666666666664	SimBa
tweet-sno-1354	QO	vclaim-sno-hunter-biden-dead-overdose-hoax	1	15.384615384615385	SimBa
tweet-sno-1354	QO	vclaim-sno-hunter-biden-flipped-fbi	1	13.636363636363635	SimBa
tweet-sno-1355	QO	vclaim-sno-the-book-of-potter	1	11.11111111111111	SimBa
tweet-sno-1355	QO	vclaim-sno-cesar-millan-dead	1	10.0	SimBa
tweet-sno-1355	QO	vclaim-sno-macaulay-culkin-dead	1	9.090909090909092	SimBa
tweet-sno-1355	QO	vclaim-sno-anthony-hopkins-death-hoax	1	9.090909090909092	SimBa
tweet-sno-1355	QO	vclaim-sno-stalk-talk	1	9.090909090909092	SimBa
tweet-sno-1356	QO	vclaim-sno-florida-man-turns-murdering-imaginary-friend	1	20.0	SimBa
tweet-sno-1356	QO	vclaim-sno-hunter-biden-flipped-fbi	1	19.047619047619047	SimBa
tweet-sno-1356	QO	vclaim-sno-buju-banton-death-hoax	1	16.666666666666664	SimBa
tweet-sno-1356	QO	vclaim-sno-joe-biden-minnesota-tampa	1	15.789473684210526	SimBa
tweet-sno-1356	QO	vclaim-sno-hunter-biden-dead-overdose-hoax	1	15.384615384615385	SimBa
tweet-sno-1357	QO	vclaim-sno-armed-trump-fans-biden-bus	1	16.071428571428573	SimBa
tweet-sno-1357	QO	vclaim-sno-trump-mouth-musical-instrument	1	15.789473684210526	SimBa
tweet-sno-1357	QO	vclaim-sno-trump-supporters-navajo-legislator-legal	1	14.814814814814813	SimBa
tweet-sno-1357	QO	vclaim-sno-trump-quote-never-died-before	1	14.285714285714285	SimBa
tweet-sno-1357	QO	vclaim-sno-just-deserts-meaning	1	13.725490196078432	SimBa
tweet-sno-1358	QO	vclaim-sno-san-antonio-border-wall	1	15.555555555555555	SimBa
tweet-sno-1358	QO	vclaim-sno-hillary-clinton-noose	1	14.893617021276595	SimBa
tweet-sno-1358	QO	vclaim-sno-giuliani-sex-animals-covid	1	14.814814814814813	SimBa
tweet-sno-1358	QO	vclaim-sno-pence-recaptured-after-fleeing-trump-campaign-bus	1	14.634146341463413	SimBa
tweet-sno-1358	QO	vclaim-sno-donald-trump-jr-teachers	1	14.634146341463413	SimBa
tweet-sno-1359	QO	vclaim-sno-trump-mob-capitol	1	20.408163265306122	SimBa
tweet-sno-1359	QO	vclaim-sno-armed-trump-fans-biden-bus	1	19.607843137254903	SimBa
tweet-sno-1359	QO	vclaim-sno-thar-she-blows	1	19.565217391304348	SimBa
tweet-sno-1359	QO	vclaim-sno-joe-biden-pinch-girls-nipple	1	18.867924528301888	SimBa
tweet-sno-1359	QO	vclaim-sno-trump-tell-supporters-storm	1	18.51851851851852	SimBa
tweet-sno-1360	QO	vclaim-sno-trump-skip-biden-inauguration	1	18.181818181818183	SimBa
tweet-sno-1360	QO	vclaim-sno-stephanie-cegielski-letter-trump	1	18.181818181818183	SimBa
tweet-sno-1360	QO	vclaim-sno-sharpie-trump-ballots-arizona	1	18.181818181818183	SimBa
tweet-sno-1360	QO	vclaim-sno-armed-trump-fans-biden-bus	1	17.94871794871795	SimBa
tweet-sno-1360	QO	vclaim-sno-rock-of-aegis-2	1	17.647058823529413	SimBa
tweet-sno-1361	QO	vclaim-sno-nancy-pelosi-arrested-coup-attempt	1	22.22222222222222	SimBa
tweet-sno-1361	QO	vclaim-sno-hammer-time	1	20.0	SimBa
tweet-sno-1361	QO	vclaim-sno-red-haired-teen-sues-his-parents	1	19.444444444444446	SimBa
tweet-sno-1361	QO	vclaim-sno-bill-murray-run-president	1	17.5	SimBa
tweet-sno-1361	QO	vclaim-sno-election-results-certified	1	17.5	SimBa
tweet-sno-1362	QO	vclaim-sno-antifa-flyer-trump-supporters	1	14.545454545454545	SimBa
tweet-sno-1362	QO	vclaim-sno-sag-letter-president-trump	1	14.150943396226415	SimBa
tweet-sno-1362	QO	vclaim-sno-trump-office-former-president	1	14.14141414141414	SimBa
tweet-sno-1362	QO	vclaim-sno-back-to-the-future-predictions	1	13.91304347826087	SimBa
tweet-sno-1362	QO	vclaim-sno-did-aoc-say-this-about-trump	1	13.846153846153847	SimBa
tweet-sno-1363	QO	vclaim-sno-drivers-license-free-gas	1	16.216216216216218	SimBa
tweet-sno-1363	QO	vclaim-sno-reindeer-games	1	16.0	SimBa
tweet-sno-1363	QO	vclaim-sno-dunkin-donuts-bankruptcy-prank	1	15.384615384615385	SimBa
tweet-sno-1363	QO	vclaim-sno-taller-people-covid-risk	1	14.814814814814813	SimBa
tweet-sno-1363	QO	vclaim-sno-merrylin-cryptid-museum-creatures	1	14.814814814814813	SimBa
tweet-sno-1364	QO	vclaim-sno-are-rosaries-taken-immigrants-border	1	19.047619047619047	SimBa
tweet-sno-1364	QO	vclaim-sno-water-bottle-hood-kidnapping	1	11.11111111111111	SimBa
tweet-sno-1364	QO	vclaim-sno-obituary-thieves	1	10.714285714285714	SimBa
tweet-sno-1364	QO	vclaim-sno-americans-immune-zika-virus	1	10.526315789473683	SimBa
tweet-sno-1364	QO	vclaim-sno-cleveland-indians-now-guardians	1	10.526315789473683	SimBa
tweet-sno-1365	QO	vclaim-sno-food-911	1	12.5	SimBa
tweet-sno-1365	QO	vclaim-sno-check-from-a-stranger-for-real	1	10.81081081081081	SimBa
tweet-sno-1365	QO	vclaim-sno-is-the-gops-obamacare-replacement-titled-worlds-greatest-healthcare-plan-of-2017	1	10.344827586206897	SimBa
tweet-sno-1365	QO	vclaim-sno-cdc-a-culpa	1	10.344827586206897	SimBa
tweet-sno-1365	QO	vclaim-sno-does-covid-stand-for	1	10.344827586206897	SimBa
tweet-sno-1366	QO	vclaim-sno-target-holy-bible-ban	1	14.285714285714285	SimBa
tweet-sno-1366	QO	vclaim-sno-is-the-gops-obamacare-replacement-titled-worlds-greatest-healthcare-plan-of-2017	1	14.285714285714285	SimBa
tweet-sno-1366	QO	vclaim-sno-heir-raising-experience	1	9.523809523809524	SimBa
tweet-sno-1366	QO	vclaim-sno-mcpizza	1	9.523809523809524	SimBa
tweet-sno-1366	QO	vclaim-sno-uss-new-york	1	9.090909090909092	SimBa
tweet-sno-1367	QO	vclaim-sno-united-states-deporting-veterans	1	13.333333333333334	SimBa
tweet-sno-1367	QO	vclaim-sno-nra-tax-exempt-non-profit	1	13.333333333333334	SimBa
tweet-sno-1367	QO	vclaim-sno-science-reveals-toughest-splits-bowling	1	12.5	SimBa
tweet-sno-1367	QO	vclaim-sno-fashion-to-die-for	1	12.5	SimBa
tweet-sno-1367	QO	vclaim-sno-chop-suey-origins	1	11.76470588235294	SimBa
tweet-sno-1368	QO	vclaim-sno-kohls-bankrupt-closing-818-stores	1	15.384615384615385	SimBa
tweet-sno-1368	QO	vclaim-sno-whataburger-closing-its-doors	1	14.814814814814813	SimBa
tweet-sno-1368	QO	vclaim-sno-aoc-us-people-garbage-quote	1	14.285714285714285	SimBa
tweet-sno-1368	QO	vclaim-sno-amazon-recall-ring-doorbells	1	13.88888888888889	SimBa
tweet-sno-1368	QO	vclaim-sno-turban-outfitters	1	13.333333333333334	SimBa
tweet-sno-1369	QO	vclaim-sno-joe-biden-civil-rights-quote	1	20.408163265306122	SimBa
tweet-sno-1369	QO	vclaim-sno-gatorade-and-comfort	1	18.6046511627907	SimBa
tweet-sno-1369	QO	vclaim-sno-ilhan-omar-cousin	1	17.94871794871795	SimBa
tweet-sno-1369	QO	vclaim-sno-rights-rollback	1	17.073170731707318	SimBa
tweet-sno-1369	QO	vclaim-sno-unusual-development	1	16.363636363636363	SimBa
tweet-sno-1370	QO	vclaim-sno-ben-stein	1	17.857142857142858	SimBa
tweet-sno-1370	QO	vclaim-sno-trump-pro-life-remarks	1	17.72151898734177	SimBa
tweet-sno-1370	QO	vclaim-sno-peta-mlb-bullpen-arm-barn	1	16.923076923076923	SimBa
tweet-sno-1370	QO	vclaim-sno-camp-david-conniption	1	16.39344262295082	SimBa
tweet-sno-1370	QO	vclaim-sno-trump-barrett-looks-nominated	1	16.39344262295082	SimBa
tweet-sno-1371	QO	vclaim-sno-cheesecake-factory-closing-rumor	1	46.15384615384615	SimBa
tweet-sno-1371	QO	vclaim-sno-pizza-is-good-for-you	1	26.666666666666668	SimBa
tweet-sno-1371	QO	vclaim-sno-facebook-closure	1	26.666666666666668	SimBa
tweet-sno-1371	QO	vclaim-sno-boston-market-coupon	1	25.0	SimBa
tweet-sno-1371	QO	vclaim-sno-green-cars-unlucky	1	25.0	SimBa
tweet-sno-1372	QO	vclaim-sno-facebook-closure	1	27.77777777777778	SimBa
tweet-sno-1372	QO	vclaim-sno-dunkin-donuts-bankruptcy-prank	1	26.31578947368421	SimBa
tweet-sno-1372	QO	vclaim-sno-france-announces-it-will-use-guillotines-on-terrorists	1	25.0	SimBa
tweet-sno-1372	QO	vclaim-sno-windows-update	1	25.0	SimBa
tweet-sno-1372	QO	vclaim-sno-dark-web-vaccines	1	23.52941176470588	SimBa
tweet-sno-1373	QO	vclaim-sno-bumblebees-cant-fly	1	18.75	SimBa
tweet-sno-1373	QO	vclaim-sno-mystery-33	1	16.666666666666664	SimBa
tweet-sno-1373	QO	vclaim-sno-cdc-a-culpa	1	14.285714285714285	SimBa
tweet-sno-1373	QO	vclaim-sno-dianne-feinstein	1	13.793103448275861	SimBa
tweet-sno-1373	QO	vclaim-sno-aquafina-bottled-water-not-freeze	1	13.333333333333334	SimBa
tweet-sno-1374	QO	vclaim-sno-cheesecake-factory-closing-rumor	1	52.38095238095239	SimBa
tweet-sno-1374	QO	vclaim-sno-taco-bell-closing	1	26.923076923076923	SimBa
tweet-sno-1374	QO	vclaim-sno-red-cross-charging-victims-hurricane-harvey-disaster-relief-services	1	21.428571428571427	SimBa
tweet-sno-1374	QO	vclaim-sno-giuliani-misattributes-quote	1	18.91891891891892	SimBa
tweet-sno-1374	QO	vclaim-sno-slow-mow	1	18.75	SimBa
tweet-sno-1375	QO	vclaim-sno-cheesecake-factory-closing-rumor	1	35.714285714285715	SimBa
tweet-sno-1375	QO	vclaim-sno-facebook-closure	1	18.75	SimBa
tweet-sno-1375	QO	vclaim-sno-cheesecake-factory-gift-card	1	18.75	SimBa
tweet-sno-1375	QO	vclaim-sno-did-ruth-bader-ginsburg-say-that-pedophilia-was-good-for-children	1	12.5	SimBa
tweet-sno-1375	QO	vclaim-sno-pizza-is-good-for-you	1	11.76470588235294	SimBa
tweet-sno-1376	QO	vclaim-sno-whatsapp-opt-out	1	20.754716981132077	SimBa
tweet-sno-1376	QO	vclaim-sno-kennedy-undelivered-speech	1	20.689655172413794	SimBa
tweet-sno-1376	QO	vclaim-sno-was-law-separate-families-passed-1997	1	20.408163265306122	SimBa
tweet-sno-1376	QO	vclaim-sno-president-obama-is-banning-the-dont-tread-on-me-flag	1	20.408163265306122	SimBa
tweet-sno-1376	QO	vclaim-sno-barrett-nword-opinion	1	19.642857142857142	SimBa
tweet-sno-1377	QO	vclaim-sno-were-not-ghana-take-it	1	15.714285714285714	SimBa
tweet-sno-1377	QO	vclaim-sno-kamala-harris-protests	1	15.66265060240964	SimBa
tweet-sno-1377	QO	vclaim-sno-kieran-culkin-in-home-alone	1	15.625	SimBa
tweet-sno-1377	QO	vclaim-sno-cereal-killers	1	15.492957746478872	SimBa
tweet-sno-1377	QO	vclaim-sno-biden-team-statement-dog	1	15.277777777777779	SimBa
tweet-sno-1378	QO	vclaim-sno-italy-bill-gates-arrest	1	35.294117647058826	SimBa
tweet-sno-1378	QO	vclaim-sno-isis-called-for-assassination-of-barron-trump	1	35.294117647058826	SimBa
tweet-sno-1378	QO	vclaim-sno-trump-military-parade	1	30.0	SimBa
tweet-sno-1378	QO	vclaim-sno-texas-high-school-students-fake-trump-assassination	1	27.27272727272727	SimBa
tweet-sno-1378	QO	vclaim-sno-twain-of-thought	1	26.666666666666668	SimBa
tweet-sno-1379	QO	vclaim-sno-churchill-on-islam	1	20.689655172413794	SimBa
tweet-sno-1379	QO	vclaim-sno-biden-bans-china-virus	1	20.0	SimBa
tweet-sno-1379	QO	vclaim-sno-the-decline-and-fall-of-the-american-empire	1	18.91891891891892	SimBa
tweet-sno-1379	QO	vclaim-sno-small-change	1	18.181818181818183	SimBa
tweet-sno-1379	QO	vclaim-sno-us-democracy-ranking	1	18.181818181818183	SimBa
tweet-sno-1380	QO	vclaim-sno-ted-cruz-on-air-force-one	1	20.967741935483872	SimBa
tweet-sno-1380	QO	vclaim-sno-biden-tweet-pandemic	1	20.37037037037037	SimBa
tweet-sno-1380	QO	vclaim-sno-trump-tweet-obama-8-years	1	18.96551724137931	SimBa
tweet-sno-1380	QO	vclaim-sno-nasa-yellowstone-plan	1	17.46031746031746	SimBa
tweet-sno-1380	QO	vclaim-sno-trump-quote-never-died-before	1	17.24137931034483	SimBa
tweet-sno-1381	QO	vclaim-sno-betsy-ross-quaker-slavery-views	1	17.741935483870968	SimBa
tweet-sno-1381	QO	vclaim-sno-ps-and-qs	1	16.666666666666664	SimBa
tweet-sno-1381	QO	vclaim-sno-merriam-webster-barrett-sexual	1	15.789473684210526	SimBa
tweet-sno-1381	QO	vclaim-sno-the-old-man-and-the-c	1	15.555555555555555	SimBa
tweet-sno-1381	QO	vclaim-sno-shark-prank	1	15.151515151515152	SimBa
tweet-sno-1382	QO	vclaim-sno-george-soros-destroy-united-states	1	18.181818181818183	SimBa
tweet-sno-1382	QO	vclaim-sno-british-accredited-registry-bar	1	17.307692307692307	SimBa
tweet-sno-1382	QO	vclaim-sno-neil-gorsuch-separation-of-white-and-black	1	16.666666666666664	SimBa
tweet-sno-1382	QO	vclaim-sno-northern-exposure	1	16.3265306122449	SimBa
tweet-sno-1382	QO	vclaim-sno-president-obama-bans-the-words-negro-and-oriental	1	16.27906976744186	SimBa
tweet-sno-1383	QO	vclaim-sno-cocaine-mitch	1	15.151515151515152	SimBa
tweet-sno-1383	QO	vclaim-sno-mitch-mcconnells-hands	1	14.814814814814813	SimBa
tweet-sno-1383	QO	vclaim-sno-hand-size-trump-debate	1	14.814814814814813	SimBa
tweet-sno-1383	QO	vclaim-sno-chernobyl-animals	1	14.814814814814813	SimBa
tweet-sno-1383	QO	vclaim-sno-hunter-biden-malia-obama-cocaine	1	14.705882352941178	SimBa
tweet-sno-1384	QO	vclaim-sno-attack-squirrels-arrest	1	21.428571428571427	SimBa
tweet-sno-1384	QO	vclaim-sno-newark-woman-arrested-for-assaulting-killing-son-with-toy	1	20.689655172413794	SimBa
tweet-sno-1384	QO	vclaim-sno-mother-arrested-after-tattooing-her-son	1	20.0	SimBa
tweet-sno-1384	QO	vclaim-sno-the-final-furball	1	19.35483870967742	SimBa
tweet-sno-1384	QO	vclaim-sno-german-woman-fined-facebook-meme-refugees	1	18.75	SimBa
tweet-sno-1385	QO	vclaim-sno-jane-fonda-covid-gods-gift	1	48.0	SimBa
tweet-sno-1385	QO	vclaim-sno-hunter-biden-flipped-fbi	1	28.57142857142857	SimBa
tweet-sno-1385	QO	vclaim-sno-biden-transition-pentagon	1	27.586206896551722	SimBa
tweet-sno-1385	QO	vclaim-sno-biden-second-amendment-obsolete	1	27.27272727272727	SimBa
tweet-sno-1385	QO	vclaim-sno-bidens-win-lie-of-the-year	1	26.923076923076923	SimBa
tweet-sno-1386	QO	vclaim-sno-harris-biden-blog-post	1	30.0	SimBa
tweet-sno-1386	QO	vclaim-sno-biden-say-president-harris	1	27.27272727272727	SimBa
tweet-sno-1386	QO	vclaim-sno-kamala-harris-call-biden-racist	1	22.727272727272727	SimBa
tweet-sno-1386	QO	vclaim-sno-biden-harris-burning-flag	1	22.22222222222222	SimBa
tweet-sno-1386	QO	vclaim-sno-biden-admit-voter-fraud	1	21.052631578947366	SimBa
tweet-sno-1387	QO	vclaim-sno-hunters-moon-two-suns	1	18.181818181818183	SimBa
tweet-sno-1387	QO	vclaim-sno-trump-lose-followers-first-time	1	17.857142857142858	SimBa
tweet-sno-1387	QO	vclaim-sno-democrats-supreme-court-influenced-constitution	1	17.24137931034483	SimBa
tweet-sno-1387	QO	vclaim-sno-breast-gazing-healthy	1	16.94915254237288	SimBa
tweet-sno-1387	QO	vclaim-sno-simba-vegan-lion-king-remake	1	16.666666666666664	SimBa
tweet-sno-1388	QO	vclaim-sno-donald-trump-remain-apprentice-inauguration	1	22.22222222222222	SimBa
tweet-sno-1388	QO	vclaim-sno-simpsons-predict-autocorrect	1	22.22222222222222	SimBa
tweet-sno-1388	QO	vclaim-sno-portland-sheriff-endorse-trump	1	22.22222222222222	SimBa
tweet-sno-1388	QO	vclaim-sno-fucking-austria-renamed-fugging	1	21.73913043478261	SimBa
tweet-sno-1388	QO	vclaim-sno-a-toaster-dial-is-for-minutes-not-level-of-toasty-ness	1	20.689655172413794	SimBa
tweet-sno-1389	QO	vclaim-sno-trump-sign-hollywood-los-angeles	1	17.5	SimBa
tweet-sno-1389	QO	vclaim-sno-colorado-infant-become-first-pot-overdose-death	1	16.666666666666664	SimBa
tweet-sno-1389	QO	vclaim-sno-epstein-coroner-foundation	1	16.27906976744186	SimBa
tweet-sno-1389	QO	vclaim-sno-ilhan-omar-cousin	1	15.789473684210526	SimBa
tweet-sno-1389	QO	vclaim-sno-maryland-billboard-guns-trump-impeachment	1	15.217391304347828	SimBa
tweet-sno-1390	QO	vclaim-sno-kamala-harris-protests	1	39.0625	SimBa
tweet-sno-1390	QO	vclaim-sno-sarah-palin-slavery-quote	1	16.666666666666664	SimBa
tweet-sno-1390	QO	vclaim-sno-mark-cuban-millennials-quote	1	16.363636363636363	SimBa
tweet-sno-1390	QO	vclaim-sno-fake-aoc-purge-tweet	1	16.363636363636363	SimBa
tweet-sno-1390	QO	vclaim-sno-multiple-shooters-orlando-cody-agnew	1	16.363636363636363	SimBa
tweet-sno-1391	QO	vclaim-sno-biden-trump-dregs-society	1	50.0	SimBa
tweet-sno-1391	QO	vclaim-sno-biden-second-amendment-obsolete	1	34.78260869565217	SimBa
tweet-sno-1391	QO	vclaim-sno-trump-negro-census	1	32.142857142857146	SimBa
tweet-sno-1391	QO	vclaim-sno-republican-congress-approved-trump-tv	1	30.76923076923077	SimBa
tweet-sno-1391	QO	vclaim-sno-bidens-win-lie-of-the-year	1	28.57142857142857	SimBa
tweet-sno-1392	QO	vclaim-sno-welcome-to-austria	1	11.538461538461538	SimBa
tweet-sno-1392	QO	vclaim-sno-carrot-topped	1	10.714285714285714	SimBa
tweet-sno-1392	QO	vclaim-sno-air-force-one	1	10.0	SimBa
tweet-sno-1392	QO	vclaim-sno-august-surprise	1	10.0	SimBa
tweet-sno-1392	QO	vclaim-sno-suspension-of-belief	1	10.0	SimBa
tweet-sno-1393	QO	vclaim-sno-clinton-mccabe-donation	1	28.57142857142857	SimBa
tweet-sno-1393	QO	vclaim-sno-spooked-clinton-campaign-manager-deleted-tweets	1	17.02127659574468	SimBa
tweet-sno-1393	QO	vclaim-sno-the-terminated-contractor	1	16.0	SimBa
tweet-sno-1393	QO	vclaim-sno-unusual-development	1	15.873015873015872	SimBa
tweet-sno-1393	QO	vclaim-sno-ps-and-qs	1	15.517241379310345	SimBa
tweet-sno-1394	QO	vclaim-sno-are-people-adopting-pit-bulls-euthanizing	1	17.543859649122805	SimBa
tweet-sno-1394	QO	vclaim-sno-stephen-bannon-nobody-can-blame-you	1	14.516129032258066	SimBa
tweet-sno-1394	QO	vclaim-sno-childs-play	1	13.114754098360656	SimBa
tweet-sno-1394	QO	vclaim-sno-coca-cola-fomula	1	12.962962962962962	SimBa
tweet-sno-1394	QO	vclaim-sno-congressional-crimes-list	1	12.962962962962962	SimBa
tweet-sno-1395	QO	vclaim-sno-gay-men-proud-boys-hashtag	1	20.0	SimBa
tweet-sno-1395	QO	vclaim-sno-microsoft-patent-chatbot-dead	1	17.142857142857142	SimBa
tweet-sno-1395	QO	vclaim-sno-are-people-adopting-pit-bulls-euthanizing	1	16.94915254237288	SimBa
tweet-sno-1395	QO	vclaim-sno-present-tense	1	16.666666666666664	SimBa
tweet-sno-1395	QO	vclaim-sno-cop-knock	1	16.363636363636363	SimBa
tweet-sno-1396	QO	vclaim-sno-red-lobster-closing	1	21.052631578947366	SimBa
tweet-sno-1396	QO	vclaim-sno-secret-service-broke-trump	1	20.930232558139537	SimBa
tweet-sno-1396	QO	vclaim-sno-outsource-of-confusion	1	20.588235294117645	SimBa
tweet-sno-1396	QO	vclaim-sno-statue-of-liberty-origins	1	20.454545454545457	SimBa
tweet-sno-1396	QO	vclaim-sno-flu-shot-avoidance	1	20.0	SimBa
tweet-sno-1397	QO	vclaim-sno-facebook-graph-app-privacy	1	21.428571428571427	SimBa
tweet-sno-1397	QO	vclaim-sno-time-alone	1	21.428571428571427	SimBa
tweet-sno-1397	QO	vclaim-sno-strung-beads	1	21.052631578947366	SimBa
tweet-sno-1397	QO	vclaim-sno-lessons-life-taught-me	1	20.689655172413794	SimBa
tweet-sno-1397	QO	vclaim-sno-zimmer-down-man	1	20.0	SimBa
tweet-sno-1398	QO	vclaim-sno-amy-coney-barrett-rhodes-scholar	1	33.33333333333333	SimBa
tweet-sno-1398	QO	vclaim-sno-meryl-streep-fired	1	15.789473684210526	SimBa
tweet-sno-1398	QO	vclaim-sno-rob-donaldson-amy-coney-barrett	1	15.625	SimBa
tweet-sno-1398	QO	vclaim-sno-kindergarten-crock	1	15.151515151515152	SimBa
tweet-sno-1398	QO	vclaim-sno-amy-coney-barrett-breastfeeding	1	15.151515151515152	SimBa
tweet-sno-1399	QO	vclaim-sno-trump-politics-is-boring	1	17.94871794871795	SimBa
tweet-sno-1399	QO	vclaim-sno-michele-bachmann-vegas-victims	1	16.27906976744186	SimBa
tweet-sno-1399	QO	vclaim-sno-eric-clapton-quote-about-prince	1	14.893617021276595	SimBa
tweet-sno-1399	QO	vclaim-sno-story-land-closing	1	14.705882352941178	SimBa
tweet-sno-1399	QO	vclaim-sno-pelosi-healthcare-pass-the-bill-to-see-what-is-in-it	1	14.285714285714285	SimBa
tweet-sno-1400	QO	vclaim-sno-trump-condemn-white-supremacists	1	12.244897959183673	SimBa
tweet-sno-1400	QO	vclaim-sno-three-wise-men	1	11.538461538461538	SimBa
tweet-sno-1400	QO	vclaim-sno-biden-three-red-banners	1	11.538461538461538	SimBa
tweet-sno-1400	QO	vclaim-sno-senate-vote-count-aca	1	11.11111111111111	SimBa
tweet-sno-1400	QO	vclaim-sno-goal-line-powder	1	10.869565217391305	SimBa
tweet-sno-1401	QO	vclaim-sno-mike-hutchinson	1	17.391304347826086	SimBa
tweet-sno-1401	QO	vclaim-sno-joe-biden-pinch-girls-nipple	1	15.714285714285714	SimBa
tweet-sno-1401	QO	vclaim-sno-theodore-roosevelt-on-criticizing-the-president	1	15.714285714285714	SimBa
tweet-sno-1401	QO	vclaim-sno-the-dead-vets-vette	1	15.294117647058824	SimBa
tweet-sno-1401	QO	vclaim-sno-mike-pence-laments-no-sacrifice	1	15.277777777777779	SimBa
