tweet-sno-1200	QO	vclaim-sno-lady-gaga-oreo	1	30.48674172225372	SimBa
tweet-sno-1200	QO	vclaim-sno-red-velvet-oreos	1	27.174095156595595	SimBa
tweet-sno-1200	QO	vclaim-sno-black-raspberry-chocolate-chip-oreos	1	26.77355721763518	SimBa
tweet-sno-1200	QO	vclaim-sno-oreos-fake-tweet	1	25.350206554942115	SimBa
tweet-sno-1200	QO	vclaim-sno-xbox-playstation-ps5-congrats	1	24.8329151281572	SimBa
tweet-sno-1201	QO	vclaim-sno-biden-executive-order-dictator	1	46.876169223676335	SimBa
tweet-sno-1201	QO	vclaim-sno-biden-signing-blank-papers	1	41.679764178528245	SimBa
tweet-sno-1201	QO	vclaim-sno-biden-violate-mask-mandate	1	39.43818253469947	SimBa
tweet-sno-1201	QO	vclaim-sno-trump-executive-order-biden	1	36.68688604224663	SimBa
tweet-sno-1201	QO	vclaim-sno-mcconnell-trump-attack-capitol	1	36.544244653653756	SimBa
tweet-sno-1202	QO	vclaim-sno-biden-executive-order-dictator	1	45.700546844274044	SimBa
tweet-sno-1202	QO	vclaim-sno-biden-second-amendment-phony	1	32.51584545674621	SimBa
tweet-sno-1202	QO	vclaim-sno-trump-tell-supporters-storm	1	32.05784130787607	SimBa
tweet-sno-1202	QO	vclaim-sno-jimmy-carter-functioning-democracy	1	30.702105204184427	SimBa
tweet-sno-1202	QO	vclaim-sno-biden-harris-disease-disagreed	1	30.169101518026	SimBa
tweet-sno-1203	QO	vclaim-sno-farmers-protest-india-flag	1	41.141587927655564	SimBa
tweet-sno-1203	QO	vclaim-sno-indian-flag-capitol-riots	1	32.6397120396928	SimBa
tweet-sno-1203	QO	vclaim-sno-rioters-capitol-flagpole	1	30.52408994205405	SimBa
tweet-sno-1203	QO	vclaim-sno-biden-kneel-national-anthem	1	30.42747379110676	SimBa
tweet-sno-1203	QO	vclaim-sno-capture-the-flag	1	30.40361238915985	SimBa
tweet-sno-1204	QO	vclaim-sno-biden-bans-china-virus	1	57.110499085421836	SimBa
tweet-sno-1204	QO	vclaim-sno-power-grid-executive-order	1	41.9532896513943	SimBa
tweet-sno-1204	QO	vclaim-sno-biden-signing-blank-papers	1	41.50802394980705	SimBa
tweet-sno-1204	QO	vclaim-sno-biden-violate-mask-mandate	1	40.99451932240545	SimBa
tweet-sno-1204	QO	vclaim-sno-biden-abortion-exec-order	1	40.1808709461791	SimBa
tweet-sno-1205	QO	vclaim-sno-trump-office-former-president	1	44.024233740031946	SimBa
tweet-sno-1205	QO	vclaim-sno-sag-letter-president-trump	1	40.05033789411815	SimBa
tweet-sno-1205	QO	vclaim-sno-trump-covid-19-vaccination	1	38.435993210992464	SimBa
tweet-sno-1205	QO	vclaim-sno-trump-2024-presidential-campaign	1	37.44385832858931	SimBa
tweet-sno-1205	QO	vclaim-sno-trump-twitter-john-barron-1946	1	37.11563436779647	SimBa
tweet-sno-1206	QO	vclaim-sno-trump-office-former-president	1	46.8973244544923	SimBa
tweet-sno-1206	QO	vclaim-sno-patriot-party-trump	1	40.911655873724676	SimBa
tweet-sno-1206	QO	vclaim-sno-trump-twitter-john-barron-1946	1	40.47505862922485	SimBa
tweet-sno-1206	QO	vclaim-sno-trump-reinstated-belief	1	40.19083538532362	SimBa
tweet-sno-1206	QO	vclaim-sno-sag-letter-president-trump	1	38.52803374876084	SimBa
tweet-sno-1207	QO	vclaim-sno-cocaine-smuggled-in-bananas	1	35.641562561405166	SimBa
tweet-sno-1207	QO	vclaim-sno-seattle-crochet-cocaine	1	31.878316029102304	SimBa
tweet-sno-1207	QO	vclaim-sno-cia-crossing-border-cocaine	1	28.239054403754036	SimBa
tweet-sno-1207	QO	vclaim-sno-mule-dear	1	27.617906397621745	SimBa
tweet-sno-1207	QO	vclaim-sno-mexico-seizes-us-cocaine	1	27.593577406197532	SimBa
tweet-sno-1208	QO	vclaim-sno-national-guard-parking-garage	1	35.410256765331695	SimBa
tweet-sno-1208	QO	vclaim-sno-military-band-hit-the-road-jack	1	31.317084764918484	SimBa
tweet-sno-1208	QO	vclaim-sno-marines-corps-rebuke-pelosi	1	30.512818498597454	SimBa
tweet-sno-1208	QO	vclaim-sno-schumer-erection-senate-floor	1	30.268270187062498	SimBa
tweet-sno-1208	QO	vclaim-sno-trump-national-guard-troops-hotel	1	30.108348023132507	SimBa
tweet-sno-1209	QO	vclaim-sno-schumer-erection-senate-floor	1	42.50763663371607	SimBa
tweet-sno-1209	QO	vclaim-sno-sleepy-eyes-anti-semitic-slur	1	37.38162602627993	SimBa
tweet-sno-1209	QO	vclaim-sno-trump-biden-resident-meme	1	36.261961494690034	SimBa
tweet-sno-1209	QO	vclaim-sno-trump-letter-schumer	1	36.24854521749557	SimBa
tweet-sno-1209	QO	vclaim-sno-schumer-tweet-china-travel	1	35.57532605979442	SimBa
tweet-sno-1210	QO	vclaim-sno-schumer-erection-senate-floor	1	42.72003171361298	SimBa
tweet-sno-1210	QO	vclaim-sno-ny-lawmaker-anti-harassment	1	28.983770957445103	SimBa
tweet-sno-1210	QO	vclaim-sno-greg-gutfeld-fox-i-gotta-pee	1	28.78553545609663	SimBa
tweet-sno-1210	QO	vclaim-sno-chuck-schumer-resigns-disgrace	1	28.579445673631763	SimBa
tweet-sno-1210	QO	vclaim-sno-trey-gowdy-nancy-pelosi	1	28.220389532955	SimBa
tweet-sno-1211	QO	vclaim-sno-schumer-erection-senate-floor	1	48.013927192425655	SimBa
tweet-sno-1211	QO	vclaim-sno-mcconnell-trump-attack-capitol	1	37.12965983220164	SimBa
tweet-sno-1211	QO	vclaim-sno-bannon-hell-capitol-attack	1	35.576879375948856	SimBa
tweet-sno-1211	QO	vclaim-sno-rick-wiles-trump-impeachment	1	33.18772297863713	SimBa
tweet-sno-1211	QO	vclaim-sno-republican-senators-up-shits-creek	1	32.7168316085002	SimBa
tweet-sno-1212	QO	vclaim-sno-schumer-erection-senate-floor	1	44.438832111005276	SimBa
tweet-sno-1212	QO	vclaim-sno-bernie-sanders-trump-shirts	1	31.784562411268226	SimBa
tweet-sno-1212	QO	vclaim-sno-chuck-schumer-heidi-fleiss	1	31.252845802518294	SimBa
tweet-sno-1212	QO	vclaim-sno-klobuchar-mock-buttigieg	1	31.151787005198603	SimBa
tweet-sno-1212	QO	vclaim-sno-trump-letter-schumer	1	30.588921182512742	SimBa
tweet-sno-1213	QO	vclaim-sno-schumer-erection-senate-floor	1	42.35543202043686	SimBa
tweet-sno-1213	QO	vclaim-sno-chuck-norris-capitol-riot	1	28.069913298592358	SimBa
tweet-sno-1213	QO	vclaim-sno-biden-second-amendment-phony	1	27.138338348975356	SimBa
tweet-sno-1213	QO	vclaim-sno-mike-shirkey-capitol-riot-hoax	1	26.817987634961153	SimBa
tweet-sno-1213	QO	vclaim-sno-chuck-schumer-excessive-contributions	1	26.543844318234246	SimBa
tweet-sno-1214	QO	vclaim-sno-schumer-erection-senate-floor	1	48.04812120626742	SimBa
tweet-sno-1214	QO	vclaim-sno-bernie-sanders-loser-meme	1	32.05784701364021	SimBa
tweet-sno-1214	QO	vclaim-sno-mike-shirkey-capitol-riot-hoax	1	29.714799894932845	SimBa
tweet-sno-1214	QO	vclaim-sno-biden-pandemic-statement	1	29.308473481585754	SimBa
tweet-sno-1214	QO	vclaim-sno-biden-second-amendment-phony	1	28.973916797104103	SimBa
tweet-sno-1215	QO	vclaim-sno-bernice-king-mlk-day-instagram	1	40.95028249514495	SimBa
tweet-sno-1215	QO	vclaim-sno-bethenny-frankel-meghan-markle	1	28.572840713160158	SimBa
tweet-sno-1215	QO	vclaim-sno-instagod	1	28.31313906661542	SimBa
tweet-sno-1215	QO	vclaim-sno-baltimore-prosecutor-deletes-election-day-ballot-picture	1	28.281957748749903	SimBa
tweet-sno-1215	QO	vclaim-sno-principal-all-lives-matter-bhm	1	28.02568303107423	SimBa
tweet-sno-1216	QO	vclaim-sno-mypillow-discount-codes-qanon	1	38.559508876573574	SimBa
tweet-sno-1216	QO	vclaim-sno-mypillow-antifa-temptresses	1	32.135560131867464	SimBa
tweet-sno-1216	QO	vclaim-sno-white-house-trump-accomplishments	1	30.585050155437415	SimBa
tweet-sno-1216	QO	vclaim-sno-trump-fail-to-denounce-qanon	1	29.447820206905757	SimBa
tweet-sno-1216	QO	vclaim-sno-house-speaker-podium-ebay	1	28.0684272442825	SimBa
tweet-sno-1217	QO	vclaim-sno-tesla-hiring-complaints-elon-musk	1	41.49849042014104	SimBa
tweet-sno-1217	QO	vclaim-sno-elon-musk-billboard	1	26.468886594235602	SimBa
tweet-sno-1217	QO	vclaim-sno-elon-musk-death-hoax	1	26.38050718238666	SimBa
tweet-sno-1217	QO	vclaim-sno-morgan-freeman-trump-bonafide-sack	1	25.93538925735137	SimBa
tweet-sno-1217	QO	vclaim-sno-trump-twitter-john-barron-1946	1	25.777349576724234	SimBa
tweet-sno-1218	QO	vclaim-sno-do-scented-candles-cause-cancer	1	33.87089921988494	SimBa
tweet-sno-1218	QO	vclaim-sno-gwyneth-vagina-candle-explode	1	32.06084757840276	SimBa
tweet-sno-1218	QO	vclaim-sno-downy-unstopables-warmer-warning	1	30.44553567437503	SimBa
tweet-sno-1218	QO	vclaim-sno-crayon-candle	1	28.77244056597077	SimBa
tweet-sno-1218	QO	vclaim-sno-effectiveness-face-masks	1	26.839573955709366	SimBa
tweet-sno-1219	QO	vclaim-sno-marjorie-taylor-greene-twitter	1	54.711056288229365	SimBa
tweet-sno-1219	QO	vclaim-sno-twitter-marjorie-taylor-greene	1	47.964472669322234	SimBa
tweet-sno-1219	QO	vclaim-sno-did-twitter-lock-trumps-account	1	42.5364924866264	SimBa
tweet-sno-1219	QO	vclaim-sno-trump-twitter-john-barron-1946	1	42.49729670905902	SimBa
tweet-sno-1219	QO	vclaim-sno-onlyfans-trump-ban-capitol	1	39.60514240304815	SimBa
tweet-sno-1220	QO	vclaim-sno-burger-king-logo-new	1	40.268259009677266	SimBa
tweet-sno-1220	QO	vclaim-sno-burger-king-adult-meal	1	28.53563146860661	SimBa
tweet-sno-1220	QO	vclaim-sno-yumbo-drop	1	27.591589190519542	SimBa
tweet-sno-1220	QO	vclaim-sno-amazon-logo-hitlers-mustache	1	26.234663554881053	SimBa
tweet-sno-1220	QO	vclaim-sno-walter-wetzel-redskins-logo	1	26.05599198526943	SimBa
tweet-sno-1221	QO	vclaim-sno-covid-vaccine-throw-away	1	33.199219395445674	SimBa
tweet-sno-1221	QO	vclaim-sno-pregnant-women-covid-19-vaccine	1	31.427773588883777	SimBa
tweet-sno-1221	QO	vclaim-sno-biden-covid-vaccine-2	1	31.056921263148055	SimBa
tweet-sno-1221	QO	vclaim-sno-ny-hospitals-unvaccinated-parents	1	30.611095424948502	SimBa
tweet-sno-1221	QO	vclaim-sno-ice-cream-covid19	1	30.529478962258544	SimBa
tweet-sno-1222	QO	vclaim-sno-trump-jr-impeached-deplorable	1	50.918134295943915	SimBa
tweet-sno-1222	QO	vclaim-sno-biden-trump-dregs-society	1	35.03930253320098	SimBa
tweet-sno-1222	QO	vclaim-sno-hillary-clinton-noose	1	35.00830639282844	SimBa
tweet-sno-1222	QO	vclaim-sno-trump-impeachment-dow-jones	1	34.93419083632987	SimBa
tweet-sno-1222	QO	vclaim-sno-trump-clinton-satisfy	1	34.334930814336396	SimBa
tweet-sno-1223	QO	vclaim-sno-armie-hammer-cannibal-lifestyle	1	38.912644205763684	SimBa
tweet-sno-1223	QO	vclaim-sno-kaleb-shriners-hospitals-death	1	27.970795781892242	SimBa
tweet-sno-1223	QO	vclaim-sno-gold-tongued-mummies-egypt	1	27.5518347002635	SimBa
tweet-sno-1223	QO	vclaim-sno-sex-robot-cooking-cleaning	1	26.293488018677635	SimBa
tweet-sno-1223	QO	vclaim-sno-monsters-inc-sex-drawing	1	26.101345775416853	SimBa
tweet-sno-1224	QO	vclaim-sno-indian-flag-capitol-riots	1	35.20374164400208	SimBa
tweet-sno-1224	QO	vclaim-sno-capitol-window-wave-video	1	34.913175628470384	SimBa
tweet-sno-1224	QO	vclaim-sno-raz-simone-guns	1	32.1730738480526	SimBa
tweet-sno-1224	QO	vclaim-sno-capitol-riot-podium	1	30.828178008468527	SimBa
tweet-sno-1224	QO	vclaim-sno-farmers-protest-india-flag	1	30.50939137333628	SimBa
tweet-sno-1225	QO	vclaim-sno-syringe-cakes	1	42.40942009501733	SimBa
tweet-sno-1225	QO	vclaim-sno-ice-cream-covid19	1	30.482931796946573	SimBa
tweet-sno-1225	QO	vclaim-sno-lolli-pox	1	28.52968514675188	SimBa
tweet-sno-1225	QO	vclaim-sno-germanely-chocolate-cake	1	28.151792355994782	SimBa
tweet-sno-1225	QO	vclaim-sno-nwllab-moh-bulletin-coronavirus	1	28.073369315496283	SimBa
tweet-sno-1226	QO	vclaim-sno-trump-carved-manatees-back	1	43.32450976518375	SimBa
tweet-sno-1226	QO	vclaim-sno-dermophis-donaldtrumpi-amphibian-trump	1	32.97166484372208	SimBa
tweet-sno-1226	QO	vclaim-sno-florida-invasive-species	1	29.388377227744986	SimBa
tweet-sno-1226	QO	vclaim-sno-lions-mane-mushroom	1	28.676151944953386	SimBa
tweet-sno-1226	QO	vclaim-sno-peta-lobster-rescue-in-nebraska-kills-captive-creatures	1	28.617187203590703	SimBa
tweet-sno-1227	QO	vclaim-sno-mary-miller-hitler	1	39.73423739770505	SimBa
tweet-sno-1227	QO	vclaim-sno-schumer-erection-senate-floor	1	31.01199576566647	SimBa
tweet-sno-1227	QO	vclaim-sno-candace-owens-pelosi-capitol	1	30.893098885902962	SimBa
tweet-sno-1227	QO	vclaim-sno-boebert-tweet-pelosi-location	1	28.97856644310696	SimBa
tweet-sno-1227	QO	vclaim-sno-cnn-antifa-capitol-riot	1	28.754290447932362	SimBa
tweet-sno-1228	QO	vclaim-sno-mary-miller-hitler	1	41.12893830278227	SimBa
tweet-sno-1228	QO	vclaim-sno-churchill-what-people-think	1	29.604587436528394	SimBa
tweet-sno-1228	QO	vclaim-sno-1922-new-york-times-hitler	1	29.546086817206586	SimBa
tweet-sno-1228	QO	vclaim-sno-kamala-harris-protests	1	29.402457071553613	SimBa
tweet-sno-1228	QO	vclaim-sno-candace-owens-pelosi-capitol	1	28.90030072949486	SimBa
tweet-sno-1229	QO	vclaim-sno-capitol-riot-no-fly-list	1	36.316002383166975	SimBa
tweet-sno-1229	QO	vclaim-sno-trump-mob-capitol	1	34.943192793980806	SimBa
tweet-sno-1229	QO	vclaim-sno-rioters-capitol-flagpole	1	33.31723733101693	SimBa
tweet-sno-1229	QO	vclaim-sno-reconnaissance-tours	1	32.77651200092898	SimBa
tweet-sno-1229	QO	vclaim-sno-capitol-rioters-dating-apps	1	32.70380389289401	SimBa
tweet-sno-1230	QO	vclaim-sno-capitol-riot-taser-death	1	37.066202555767184	SimBa
tweet-sno-1230	QO	vclaim-sno-getting-the-hang-of-it	1	30.172598614239995	SimBa
tweet-sno-1230	QO	vclaim-sno-lethal-indirection	1	28.455500940524036	SimBa
tweet-sno-1230	QO	vclaim-sno-chicago-code-blue-fb-meme	1	27.919425163618993	SimBa
tweet-sno-1230	QO	vclaim-sno-selfie-taken-dead-coworker	1	27.800787951864496	SimBa
tweet-sno-1231	QO	vclaim-sno-irs-stimulus-check-1200	1	34.36722004128073	SimBa
tweet-sno-1231	QO	vclaim-sno-mobile-phone-sim-card-swap	1	34.259406849852404	SimBa
tweet-sno-1231	QO	vclaim-sno-can-you-hear-me-scam	1	33.185447327614185	SimBa
tweet-sno-1231	QO	vclaim-sno-parcel-delivery-service	1	32.77575954096958	SimBa
tweet-sno-1231	QO	vclaim-sno-home-affairs-robbery-census	1	31.59951401117341	SimBa
tweet-sno-1232	QO	vclaim-sno-warnock-arrested-capitol-praying	1	40.55682239030418	SimBa
tweet-sno-1232	QO	vclaim-sno-capitol-riot-podium	1	35.41092861728593	SimBa
tweet-sno-1232	QO	vclaim-sno-newspaper-rioters-photo-antifa	1	33.55512491939139	SimBa
tweet-sno-1232	QO	vclaim-sno-npr-riot-article-before-riot	1	32.82605493592303	SimBa
tweet-sno-1232	QO	vclaim-sno-capitol-window-wave-video	1	32.683632911069395	SimBa
tweet-sno-1233	QO	vclaim-sno-tomi-lahren-biden-supporters-loot	1	47.530364644547845	SimBa
tweet-sno-1233	QO	vclaim-sno-antifa-flyer-trump-supporters	1	34.26770954299463	SimBa
tweet-sno-1233	QO	vclaim-sno-trump-tell-supporters-storm	1	34.15775257893756	SimBa
tweet-sno-1233	QO	vclaim-sno-fake-aoc-purge-tweet	1	33.1648861058577	SimBa
tweet-sno-1233	QO	vclaim-sno-truckers-strike-thanksgiving	1	32.59748901832831	SimBa
tweet-sno-1234	QO	vclaim-sno-two-women-save-electoral-votes	1	40.8037584845784	SimBa
tweet-sno-1234	QO	vclaim-sno-shots-fired-capitol	1	36.18899667904528	SimBa
tweet-sno-1234	QO	vclaim-sno-ballots-georgia-senate	1	34.78510718462443	SimBa
tweet-sno-1234	QO	vclaim-sno-pence-escorted	1	32.78317433393473	SimBa
tweet-sno-1234	QO	vclaim-sno-rioters-capitol-flagpole	1	32.573077375439674	SimBa
tweet-sno-1235	QO	vclaim-sno-two-women-save-electoral-votes	1	43.10645152043951	SimBa
tweet-sno-1235	QO	vclaim-sno-ginni-thomas-buses	1	26.06631716916975	SimBa
tweet-sno-1235	QO	vclaim-sno-u-s-senate-candidate-missouri-womans-rights	1	25.4514747915794	SimBa
tweet-sno-1235	QO	vclaim-sno-biden-ossoff-warnock-checks-2000	1	25.19415586388196	SimBa
tweet-sno-1235	QO	vclaim-sno-georgia-suitcases	1	25.15900823802104	SimBa
tweet-sno-1236	QO	vclaim-sno-trump-riot-camp-auschwitz-shirt	1	27.741352160822203	SimBa
tweet-sno-1236	QO	vclaim-sno-troop-loops	1	27.150252641892987	SimBa
tweet-sno-1236	QO	vclaim-sno-cpac-stage-nazi-symbol	1	25.895323415274262	SimBa
tweet-sno-1236	QO	vclaim-sno-alt-right-hail-trump-salute	1	25.283571322569205	SimBa
tweet-sno-1236	QO	vclaim-sno-bernie-sanders-ss-tattoo	1	25.141756549985626	SimBa
tweet-sno-1237	QO	vclaim-sno-capitol-riot-podium	1	42.39604391811836	SimBa
tweet-sno-1237	QO	vclaim-sno-hang-mike-pence-chant-capitol-riot	1	38.69638449546769	SimBa
tweet-sno-1237	QO	vclaim-sno-capitol-police-opened-gates	1	37.748483247838564	SimBa
tweet-sno-1237	QO	vclaim-sno-aoc-capitol-attack	1	37.701563510934605	SimBa
tweet-sno-1237	QO	vclaim-sno-boebert-tweet-pelosi-location	1	37.315256800090616	SimBa
tweet-sno-1238	QO	vclaim-sno-elizabeth-knoxville-onion-towel	1	29.682312861591	SimBa
tweet-sno-1238	QO	vclaim-sno-capitol-riot-podium	1	28.533526388336742	SimBa
tweet-sno-1238	QO	vclaim-sno-aoc-capitol-attack	1	28.176026591478134	SimBa
tweet-sno-1238	QO	vclaim-sno-simone-gold-capitol-riot	1	27.01652479495749	SimBa
tweet-sno-1238	QO	vclaim-sno-newspaper-rioters-photo-antifa	1	26.972920019320128	SimBa
tweet-sno-1239	QO	vclaim-sno-giuliani-rally-speech	1	32.50136731336563	SimBa
tweet-sno-1239	QO	vclaim-sno-quantum-blockchain-watermark-vote	1	29.098160996015135	SimBa
tweet-sno-1239	QO	vclaim-sno-qanon-shaman-jake-angeli-testify	1	29.004508044419588	SimBa
tweet-sno-1239	QO	vclaim-sno-ballots-georgia-senate	1	28.918832916042028	SimBa
tweet-sno-1239	QO	vclaim-sno-my-cousin-vinny-giuliani	1	28.0201350224196	SimBa
tweet-sno-1240	QO	vclaim-sno-national-guard-trump-mob	1	50.92477126112925	SimBa
tweet-sno-1240	QO	vclaim-sno-lincoln-memorial-defaced-protesters	1	43.966371996806416	SimBa
tweet-sno-1240	QO	vclaim-sno-attempted-robbery-target-field	1	39.01835620753759	SimBa
tweet-sno-1240	QO	vclaim-sno-troops-guarding-lincoln-memorial	1	37.86455875961141	SimBa
tweet-sno-1240	QO	vclaim-sno-flag-protest-baltimore	1	35.719298301469614	SimBa
tweet-sno-1241	QO	vclaim-sno-trump-threaten-federal-buildings	1	49.73736487055446	SimBa
tweet-sno-1241	QO	vclaim-sno-law-charges-protesters-with-terrorism	1	34.91652906821965	SimBa
tweet-sno-1241	QO	vclaim-sno-trump-protesters-cans-of-soup	1	34.638466444558034	SimBa
tweet-sno-1241	QO	vclaim-sno-mike-pence-tweet	1	33.1079856413563	SimBa
tweet-sno-1241	QO	vclaim-sno-trump-deport-aoc-omar	1	31.969941905445292	SimBa
tweet-sno-1242	QO	vclaim-sno-pence-trump-twitter-jan-6-riots	1	41.16212528523114	SimBa
tweet-sno-1242	QO	vclaim-sno-onlyfans-trump-ban-capitol	1	36.675287391628466	SimBa
tweet-sno-1242	QO	vclaim-sno-trump-twitter-john-barron-1946	1	33.804403311420614	SimBa
tweet-sno-1242	QO	vclaim-sno-trump-lose-followers-first-time	1	32.69842331503416	SimBa
tweet-sno-1242	QO	vclaim-sno-twitter-delete-trump-account-racism	1	32.353997114384306	SimBa
tweet-sno-1243	QO	vclaim-sno-trump-flag-american-flag-capitol	1	42.81880916645316	SimBa
tweet-sno-1243	QO	vclaim-sno-confederate-flag-capitol-dc	1	42.19341507072991	SimBa
tweet-sno-1243	QO	vclaim-sno-indian-flag-capitol-riots	1	41.21229715630437	SimBa
tweet-sno-1243	QO	vclaim-sno-noose-hung-outside-capitol	1	39.1580409221569	SimBa
tweet-sno-1243	QO	vclaim-sno-cross-erected-capitol-building	1	38.79825000791931	SimBa
tweet-sno-1244	QO	vclaim-sno-trump-flag-american-flag-capitol	1	35.77152410883678	SimBa
tweet-sno-1244	QO	vclaim-sno-confederate-flag-capitol-dc	1	35.72027370753127	SimBa
tweet-sno-1244	QO	vclaim-sno-kevin-seefried-democrat-biden	1	33.66880998105304	SimBa
tweet-sno-1244	QO	vclaim-sno-flag-flap-2	1	33.6566490014629	SimBa
tweet-sno-1244	QO	vclaim-sno-biden-russian-flag	1	33.60708792579083	SimBa
tweet-sno-1245	QO	vclaim-sno-kevin-seefried-democrat-biden	1	43.95250381907655	SimBa
tweet-sno-1245	QO	vclaim-sno-trump-flag-american-flag-capitol	1	41.02356486666651	SimBa
tweet-sno-1245	QO	vclaim-sno-capitol-riot-podium	1	39.929652285150475	SimBa
tweet-sno-1245	QO	vclaim-sno-confederate-flag-capitol-dc	1	39.158695769799586	SimBa
tweet-sno-1245	QO	vclaim-sno-indian-flag-capitol-riots	1	38.521394292958604	SimBa
tweet-sno-1246	QO	vclaim-sno-cross-erected-capitol-building	1	47.63887604706417	SimBa
tweet-sno-1246	QO	vclaim-sno-noose-hung-outside-capitol	1	31.71736514589507	SimBa
tweet-sno-1246	QO	vclaim-sno-trump-flag-american-flag-capitol	1	30.277456132126446	SimBa
tweet-sno-1246	QO	vclaim-sno-us-capitol-security-fence	1	29.7898039104586	SimBa
tweet-sno-1246	QO	vclaim-sno-capitol-riot-podium	1	29.16008776942882	SimBa
tweet-sno-1247	QO	vclaim-sno-covid-vaccine-funded-by-trump	1	29.417758413684286	SimBa
tweet-sno-1247	QO	vclaim-sno-bill-gates-id2020	1	28.99491109709921	SimBa
tweet-sno-1247	QO	vclaim-sno-chip-off-the-old-salk	1	28.605627896061744	SimBa
tweet-sno-1247	QO	vclaim-sno-ipads-covid-virtual-visits	1	28.220277741875524	SimBa
tweet-sno-1247	QO	vclaim-sno-luc-montagnier-covid-created-lab	1	27.62576077144708	SimBa
tweet-sno-1248	QO	vclaim-sno-snow-los-angeles	1	43.34914411668722	SimBa
tweet-sno-1248	QO	vclaim-sno-snowfall-in-the-sahara	1	31.992952700804505	SimBa
tweet-sno-1248	QO	vclaim-sno-snowfall-in-saudi-arabia-desert	1	29.436833985768526	SimBa
tweet-sno-1248	QO	vclaim-sno-sahara-desert-snowfall	1	29.21602635040355	SimBa
tweet-sno-1248	QO	vclaim-sno-record-snowfall-in-oswego	1	27.059484610065898	SimBa
tweet-sno-1249	QO	vclaim-sno-snow-los-angeles	1	43.1750871284995	SimBa
tweet-sno-1249	QO	vclaim-sno-snowfall-in-the-sahara	1	31.025051066313697	SimBa
tweet-sno-1249	QO	vclaim-sno-record-snowfall-in-oswego	1	28.20701505407327	SimBa
tweet-sno-1249	QO	vclaim-sno-snowfall-in-saudi-arabia-desert	1	27.489557091160275	SimBa
tweet-sno-1249	QO	vclaim-sno-devastating-snowfall-predicted-nw-montana-early-2018	1	27.16075589839758	SimBa
tweet-sno-1250	QO	vclaim-sno-pennsylvania-205000-votes	1	51.44058458525642	SimBa
tweet-sno-1250	QO	vclaim-sno-trump-wins-pennsylvania	1	46.94657094550874	SimBa
tweet-sno-1250	QO	vclaim-sno-erie-pennsylvania-trump-ballots	1	44.68158532921588	SimBa
tweet-sno-1250	QO	vclaim-sno-pennsylvania-judge-legal-win-trump	1	42.01717955637211	SimBa
tweet-sno-1250	QO	vclaim-sno-floyd-county-georgia-votes	1	41.55752261447541	SimBa
tweet-sno-1251	QO	vclaim-sno-floyd-county-georgia-votes	1	40.16793043647063	SimBa
tweet-sno-1251	QO	vclaim-sno-pennsylvania-205000-votes	1	38.16945714372058	SimBa
tweet-sno-1251	QO	vclaim-sno-georgia-signature-audit	1	36.493760058620346	SimBa
tweet-sno-1251	QO	vclaim-sno-ballots-lancaster-pa	1	36.29333754301013	SimBa
tweet-sno-1251	QO	vclaim-sno-erie-pennsylvania-trump-ballots	1	35.13488556021576	SimBa
tweet-sno-1252	QO	vclaim-sno-ticketmaster-negative-covid-test	1	31.09720801844871	SimBa
tweet-sno-1252	QO	vclaim-sno-cdc-report-majority-wore-masks	1	30.508891974816393	SimBa
tweet-sno-1252	QO	vclaim-sno-covid-flu-tamiflu	1	30.46352158191193	SimBa
tweet-sno-1252	QO	vclaim-sno-flu-vaccine-covid-buttar	1	29.186228496500007	SimBa
tweet-sno-1252	QO	vclaim-sno-thalidomide-covid-vaccine	1	29.146793750650154	SimBa
tweet-sno-1253	QO	vclaim-sno-scott-walker-pizza	1	31.82875179675781	SimBa
tweet-sno-1253	QO	vclaim-sno-goya-ceo-praise-trump	1	24.959619167580996	SimBa
tweet-sno-1253	QO	vclaim-sno-trevor-lawrence-white-house-meal	1	24.32942317080938	SimBa
tweet-sno-1253	QO	vclaim-sno-newsom-french-laundry	1	24.179107077049583	SimBa
tweet-sno-1253	QO	vclaim-sno-dominos-pizza-saves-life	1	23.654058821743817	SimBa
tweet-sno-1254	QO	vclaim-sno-swimming-pool-wonderful-life	1	30.233009649676305	SimBa
tweet-sno-1254	QO	vclaim-sno-student-suspended-pretending-transgender-locker-room	1	27.515471575683357	SimBa
tweet-sno-1254	QO	vclaim-sno-room-service	1	25.444306924301845	SimBa
tweet-sno-1254	QO	vclaim-sno-disney-matterhorn-basketball-court	1	25.089567858440176	SimBa
tweet-sno-1254	QO	vclaim-sno-covington-catholic-black-paint	1	23.941966811025	SimBa
tweet-sno-1255	QO	vclaim-sno-swimming-pool-wonderful-life	1	41.371509781065335	SimBa
tweet-sno-1255	QO	vclaim-sno-world39s-largest-swimming-pool	1	26.903777545595165	SimBa
tweet-sno-1255	QO	vclaim-sno-disney-matterhorn-basketball-court	1	22.895125310667108	SimBa
tweet-sno-1255	QO	vclaim-sno-nickelodeon-trump-impeachment	1	22.368046593548435	SimBa
tweet-sno-1255	QO	vclaim-sno-david-hogg-attend-california-high-school	1	22.030591752701238	SimBa
tweet-sno-1256	QO	vclaim-sno-kfc-gaming-console	1	30.703415862208207	SimBa
tweet-sno-1256	QO	vclaim-sno-among-us-chicken-nugget-sale	1	26.0582258521084	SimBa
tweet-sno-1256	QO	vclaim-sno-chick-fil-a-tiktok-nuggets-recipe	1	25.069450466216754	SimBa
tweet-sno-1256	QO	vclaim-sno-squeez-bacon-liquid	1	24.465920128284427	SimBa
tweet-sno-1256	QO	vclaim-sno-mcdonalds-covid-sign	1	23.5049090788182	SimBa
tweet-sno-1257	QO	vclaim-sno-graham-buttigieg-repent	1	45.29792085432028	SimBa
tweet-sno-1257	QO	vclaim-sno-billy-graham-say-homosexuals-castrated	1	30.77924227698634	SimBa
tweet-sno-1257	QO	vclaim-sno-biden-christians-lgbtq-rights	1	30.138970558167763	SimBa
tweet-sno-1257	QO	vclaim-sno-rush-limbaugh-marriage-children	1	30.089382412589494	SimBa
tweet-sno-1257	QO	vclaim-sno-where-is-god	1	29.979800986327042	SimBa
tweet-sno-1258	QO	vclaim-sno-tom-brady-ppp	1	41.150498251159654	SimBa
tweet-sno-1258	QO	vclaim-sno-us-millionaires-stimulus-checks	1	31.907378828401274	SimBa
tweet-sno-1258	QO	vclaim-sno-osteen-coronavirus-loan	1	31.071328708465543	SimBa
tweet-sno-1258	QO	vclaim-sno-kanye-west-votes-kentucky	1	30.49640371904455	SimBa
tweet-sno-1258	QO	vclaim-sno-joe-biden-college-debt	1	30.236778454990464	SimBa
tweet-sno-1259	QO	vclaim-sno-vatican-nativity	1	35.12956538316317	SimBa
tweet-sno-1259	QO	vclaim-sno-no-nativity-scenes-white-house	1	28.68858404382057	SimBa
tweet-sno-1259	QO	vclaim-sno-belgian-town-removes-nativity-scene-appease-four-muslim-residents	1	27.338762892046507	SimBa
tweet-sno-1259	QO	vclaim-sno-abortion-clinic-forceps-christmas	1	25.194006261758275	SimBa
tweet-sno-1259	QO	vclaim-sno-lancasters-centerville-elementary-school-cancels-offensive-christmas-play	1	23.329247430761217	SimBa
tweet-sno-1260	QO	vclaim-sno-cyberpunk-2077-refunds	1	44.814311690524534	SimBa
tweet-sno-1260	QO	vclaim-sno-xbox-playstation-ps5-congrats	1	28.412682664925317	SimBa
tweet-sno-1260	QO	vclaim-sno-all-work-and-no-playstation	1	27.099169475734435	SimBa
tweet-sno-1260	QO	vclaim-sno-best-buy-gift-card-scam	1	25.395236191871515	SimBa
tweet-sno-1260	QO	vclaim-sno-irs-scam-season	1	24.708288200469504	SimBa
tweet-sno-1261	QO	vclaim-sno-cyberpunk-2077-refunds	1	47.72762394487512	SimBa
tweet-sno-1261	QO	vclaim-sno-xbox-playstation-ps5-congrats	1	28.14792689393224	SimBa
tweet-sno-1261	QO	vclaim-sno-costco-policy-change	1	25.87114616799794	SimBa
tweet-sno-1261	QO	vclaim-sno-target-holiday-stores	1	24.82010703806268	SimBa
tweet-sno-1261	QO	vclaim-sno-star-wars-youtube-ads	1	23.69033612717595	SimBa
tweet-sno-1262	QO	vclaim-sno-extraterrestrial-material-asteroid	1	30.24453199992219	SimBa
tweet-sno-1262	QO	vclaim-sno-mars-real-audio	1	24.820048717085076	SimBa
tweet-sno-1262	QO	vclaim-sno-nobel-laureate-tasuku-honjo-covid	1	24.354386841029545	SimBa
tweet-sno-1262	QO	vclaim-sno-yellow-turtle-real	1	24.333150111266747	SimBa
tweet-sno-1262	QO	vclaim-sno-180-day-countdown-ufo	1	24.01633465911922	SimBa
tweet-sno-1263	QO	vclaim-sno-supreme-court-erupt-shouting-match	1	38.50590051775861	SimBa
tweet-sno-1263	QO	vclaim-sno-justice-roberts-impeachment-vote	1	29.781873095227304	SimBa
tweet-sno-1263	QO	vclaim-sno-george-h-w-bush-lynched-quote	1	28.968781136718107	SimBa
tweet-sno-1263	QO	vclaim-sno-trump-tweet-obama-scotus	1	28.5625153055539	SimBa
tweet-sno-1263	QO	vclaim-sno-joe-biden-roe-v-wade-quote	1	28.032279847047704	SimBa
tweet-sno-1264	QO	vclaim-sno-schitts-creek-motel-seattle	1	35.55024286406241	SimBa
tweet-sno-1264	QO	vclaim-sno-french-bulldog-kentucky-mayor	1	22.057457326580906	SimBa
tweet-sno-1264	QO	vclaim-sno-trump-sign-hollywood-los-angeles	1	21.282805981333933	SimBa
tweet-sno-1264	QO	vclaim-sno-republican-dean-browning-gay	1	21.036403891180758	SimBa
tweet-sno-1264	QO	vclaim-sno-redneck-mansion	1	20.841963853160106	SimBa
tweet-sno-1265	QO	vclaim-sno-schitts-creek-motel-seattle	1	46.75185154676956	SimBa
tweet-sno-1265	QO	vclaim-sno-moira-rose-home-alone	1	35.544497023414245	SimBa
tweet-sno-1265	QO	vclaim-sno-tarzan-and-tarzana	1	27.247602196878532	SimBa
tweet-sno-1265	QO	vclaim-sno-netflix-n-word-party	1	25.591208008675487	SimBa
tweet-sno-1265	QO	vclaim-sno-mtg-fort-pelosi-us-capitol	1	25.17360867643987	SimBa
tweet-sno-1266	QO	vclaim-sno-popular-vote-totals-rigged	1	43.61889046773587	SimBa
tweet-sno-1266	QO	vclaim-sno-floyd-county-georgia-votes	1	36.054653350188815	SimBa
tweet-sno-1266	QO	vclaim-sno-could-trump-defy-popular-vote	1	35.64035471363008	SimBa
tweet-sno-1266	QO	vclaim-sno-trump-vote-twice-north-carolina	1	35.359156780705526	SimBa
tweet-sno-1266	QO	vclaim-sno-everylegalvote-2020-election	1	35.24443919704497	SimBa
tweet-sno-1267	QO	vclaim-sno-the-north-face-refuse-jackets	1	48.01268025482605	SimBa
tweet-sno-1267	QO	vclaim-sno-big-oil	1	32.44203122429132	SimBa
tweet-sno-1267	QO	vclaim-sno-gas-station-shuns-serviceman	1	30.4166801717987	SimBa
tweet-sno-1267	QO	vclaim-sno-mittens-bernie-sanders	1	28.940806456981363	SimBa
tweet-sno-1267	QO	vclaim-sno-ace-hardware-stands-against-standing-rock	1	28.529344638639756	SimBa
tweet-sno-1268	QO	vclaim-sno-alex-jones-biden-removed	1	50.36833377929074	SimBa
tweet-sno-1268	QO	vclaim-sno-fake-aoc-purge-tweet	1	37.16314517703867	SimBa
tweet-sno-1268	QO	vclaim-sno-biden-trump-xenophobic	1	37.1558932846957	SimBa
tweet-sno-1268	QO	vclaim-sno-biden-trump-dregs-society	1	37.03696551518588	SimBa
tweet-sno-1268	QO	vclaim-sno-militia-bidens-inauguration	1	36.412070634208334	SimBa
tweet-sno-1269	QO	vclaim-sno-allstate-island-real	1	39.80930405074939	SimBa
tweet-sno-1269	QO	vclaim-sno-spongebob-epstein-island-address	1	23.885446575590663	SimBa
tweet-sno-1269	QO	vclaim-sno-jacobs-well-dangerous-california	1	21.6232849895579	SimBa
tweet-sno-1269	QO	vclaim-sno-irs-stimulus-check-1200	1	20.85526450647201	SimBa
tweet-sno-1269	QO	vclaim-sno-this-island-google-earth	1	20.78072225055859	SimBa
tweet-sno-1270	QO	vclaim-sno-allstate-island-real	1	38.81033004499491	SimBa
tweet-sno-1270	QO	vclaim-sno-epstein-alive-new-mexico	1	26.37690689787818	SimBa
tweet-sno-1270	QO	vclaim-sno-home-alone-world-trade-center	1	23.35837796055483	SimBa
tweet-sno-1270	QO	vclaim-sno-chris-wallace-island	1	22.95963855327016	SimBa
tweet-sno-1270	QO	vclaim-sno-mcmoose	1	22.67790178000425	SimBa
tweet-sno-1271	QO	vclaim-sno-federal-holiday-christmas-eve	1	65.3796054019644	SimBa
tweet-sno-1271	QO	vclaim-sno-playing-christmas-music-federal-crime	1	38.510813748630866	SimBa
tweet-sno-1271	QO	vclaim-sno-fake-trump-tweet	1	38.32856832769758	SimBa
tweet-sno-1271	QO	vclaim-sno-trump-stimulus-package-election	1	38.089828797148414	SimBa
tweet-sno-1271	QO	vclaim-sno-trump-billie-holiday-christmas	1	36.409008691096005	SimBa
tweet-sno-1272	QO	vclaim-sno-disney-sister-act-3	1	48.560202676975436	SimBa
tweet-sno-1272	QO	vclaim-sno-disney-pixar-boo	1	34.33990464322027	SimBa
tweet-sno-1272	QO	vclaim-sno-new-twilight-movie-jacob-renesmee	1	31.875385541420382	SimBa
tweet-sno-1272	QO	vclaim-sno-star-wars-youtube-ads	1	31.391743821850692	SimBa
tweet-sno-1272	QO	vclaim-sno-did-disney-announce-bedknobs-broomsticks	1	30.388443133259837	SimBa
tweet-sno-1273	QO	vclaim-sno-when-is-hocus-pocus-2-coming-out	1	46.03637943519241	SimBa
tweet-sno-1273	QO	vclaim-sno-hocus-pocus-2	1	43.498528131259434	SimBa
tweet-sno-1273	QO	vclaim-sno-disney-pixar-boo	1	39.800011290516515	SimBa
tweet-sno-1273	QO	vclaim-sno-beetlejuice-2-coming-soon	1	36.795361485606236	SimBa
tweet-sno-1273	QO	vclaim-sno-disney-live-action-hercules	1	32.78702778526839	SimBa
tweet-sno-1274	QO	vclaim-sno-chick-fil-a-long-lines-lawsuit	1	37.30371833905365	SimBa
tweet-sno-1274	QO	vclaim-sno-cant-be-yelped	1	28.401549529546593	SimBa
tweet-sno-1274	QO	vclaim-sno-chick-fil-a-sunday-tradition	1	27.654627281848533	SimBa
tweet-sno-1274	QO	vclaim-sno-man-kicked-buffet-sues	1	27.3556967827717	SimBa
tweet-sno-1274	QO	vclaim-sno-tucker-carlson-restaurants-sucks	1	27.10837330108195	SimBa
tweet-sno-1275	QO	vclaim-sno-costco-rotisserie-chicken-cheap	1	69.17982074733149	SimBa
tweet-sno-1275	QO	vclaim-sno-drug-law-lobbying-by-corrections-corporation-of-america	1	29.252192435595614	SimBa
tweet-sno-1275	QO	vclaim-sno-boston-market-coupon	1	28.908505447680703	SimBa
tweet-sno-1275	QO	vclaim-sno-tgi-fridays-deal	1	27.972948162514072	SimBa
tweet-sno-1275	QO	vclaim-sno-costco-coupon-scam	1	27.923080395555488	SimBa
tweet-sno-1276	QO	vclaim-sno-ia-fl-oh-election-loss	1	48.90575830326109	SimBa
tweet-sno-1276	QO	vclaim-sno-won-both-ohio-florida-lost	1	43.8285893280909	SimBa
tweet-sno-1276	QO	vclaim-sno-trump-wins-pennsylvania	1	42.36933094222552	SimBa
tweet-sno-1276	QO	vclaim-sno-trump-clinton-counties-won	1	39.8540282172948	SimBa
tweet-sno-1276	QO	vclaim-sno-trump-vote-twice-north-carolina	1	36.27817828902244	SimBa
tweet-sno-1277	QO	vclaim-sno-apartment-radiator-pandemic-spread	1	47.61896475179575	SimBa
tweet-sno-1277	QO	vclaim-sno-handkerchiefs-kissing-covid	1	28.866635153984788	SimBa
tweet-sno-1277	QO	vclaim-sno-1918-quarantine-ad-for-phone	1	28.86186466734852	SimBa
tweet-sno-1277	QO	vclaim-sno-cat-spanish-flu-mask	1	27.80554206171208	SimBa
tweet-sno-1277	QO	vclaim-sno-old-news-clippings-1921	1	27.60379973107144	SimBa
tweet-sno-1278	QO	vclaim-sno-mcdonalds-breakfast-frozen-eggs	1	31.053315189449556	SimBa
tweet-sno-1278	QO	vclaim-sno-something-eggstra	1	26.92611773534053	SimBa
tweet-sno-1278	QO	vclaim-sno-man-sue-mcdonalds-depressed-eating-happy-meal	1	26.1536269952715	SimBa
tweet-sno-1278	QO	vclaim-sno-not-lovin39-it	1	25.699530420377997	SimBa
tweet-sno-1278	QO	vclaim-sno-steak-umms-neil-degrasse-tyson	1	24.11970319150782	SimBa
tweet-sno-1279	QO	vclaim-sno-gohmert-tooth-fall-out	1	55.74389682465417	SimBa
tweet-sno-1279	QO	vclaim-sno-trey-gowdy-nancy-pelosi	1	31.917192275196594	SimBa
tweet-sno-1279	QO	vclaim-sno-schumer-erection-senate-floor	1	29.659535678734603	SimBa
tweet-sno-1279	QO	vclaim-sno-biden-boot-wrong-foot-forgot	1	29.633829870030368	SimBa
tweet-sno-1279	QO	vclaim-sno-amy-coney-barrett	1	28.774761097035192	SimBa
tweet-sno-1280	QO	vclaim-sno-biden-harris-disease-disagreed	1	63.67965535645513	SimBa
tweet-sno-1280	QO	vclaim-sno-harris-biden-blog-post	1	38.90893869989936	SimBa
tweet-sno-1280	QO	vclaim-sno-biden-say-president-harris	1	37.95446858035853	SimBa
tweet-sno-1280	QO	vclaim-sno-democrats-nuclear-weapons	1	37.16678103405114	SimBa
tweet-sno-1280	QO	vclaim-sno-kamala-harris-call-biden-racist	1	36.290648313820626	SimBa
tweet-sno-1281	QO	vclaim-sno-indiana-jones-saxophone	1	43.52135772559637	SimBa
tweet-sno-1281	QO	vclaim-sno-harrison-ford-trump-han-solo	1	27.096331115565636	SimBa
tweet-sno-1281	QO	vclaim-sno-eeyore-indiana-jones-adventure	1	24.616352270675314	SimBa
tweet-sno-1281	QO	vclaim-sno-war-of-the-worlds	1	24.3274430220504	SimBa
tweet-sno-1281	QO	vclaim-sno-missile-strike-nashville-explosion	1	24.281860973662624	SimBa
tweet-sno-1282	QO	vclaim-sno-indiana-jones-saxophone	1	48.53643943371454	SimBa
tweet-sno-1282	QO	vclaim-sno-eric-clapton-quote-about-prince	1	25.760033083756394	SimBa
tweet-sno-1282	QO	vclaim-sno-harrison-ford-trump-han-solo	1	24.858108434311973	SimBa
tweet-sno-1282	QO	vclaim-sno-back-to-the-future-predictions	1	24.080817629250003	SimBa
tweet-sno-1282	QO	vclaim-sno-jeff-sessions-marijuana-rock-band	1	23.745404884205122	SimBa
tweet-sno-1283	QO	vclaim-sno-indiana-jones-saxophone	1	50.70690967255733	SimBa
tweet-sno-1283	QO	vclaim-sno-harrison-ford-trump-han-solo	1	27.89474980353912	SimBa
tweet-sno-1283	QO	vclaim-sno-james-earl-jones-star-wars-london-segregation	1	24.398915028220962	SimBa
tweet-sno-1283	QO	vclaim-sno-back-to-the-future-predictions	1	23.697064964396617	SimBa
tweet-sno-1283	QO	vclaim-sno-dmx-death-hoax	1	23.67990979506498	SimBa
tweet-sno-1284	QO	vclaim-sno-indiana-jones-saxophone	1	38.079335956866245	SimBa
tweet-sno-1284	QO	vclaim-sno-harrison-ford-trump-han-solo	1	30.808020711255544	SimBa
tweet-sno-1284	QO	vclaim-sno-james-earl-jones-star-wars-london-segregation	1	27.14759297281207	SimBa
tweet-sno-1284	QO	vclaim-sno-lennon-guitar-spock-elvis	1	25.972814245716208	SimBa
tweet-sno-1284	QO	vclaim-sno-harrison-ford-holding-a-trump-sign	1	25.577315694208114	SimBa
tweet-sno-1285	QO	vclaim-sno-florida-rebekah-jones-raid	1	40.29072161957484	SimBa
tweet-sno-1285	QO	vclaim-sno-seattle-police-confiscate-mans-guns-without-warrant	1	27.2386518567792	SimBa
tweet-sno-1285	QO	vclaim-sno-fbi-wasserman-schultz-home	1	26.79739922683833	SimBa
tweet-sno-1285	QO	vclaim-sno-kenosha-police-body-cams	1	25.706854224353332	SimBa
tweet-sno-1285	QO	vclaim-sno-trump-admin-seizing-ppe	1	25.525619911293646	SimBa
tweet-sno-1286	QO	vclaim-sno-nasa-sally-ride-100-tampons	1	52.183739591926965	SimBa
tweet-sno-1286	QO	vclaim-sno-spacesuit-envy	1	32.472170004839306	SimBa
tweet-sno-1286	QO	vclaim-sno-nasa-hillary-clinton-astronaut	1	32.03145764522731	SimBa
tweet-sno-1286	QO	vclaim-sno-recalled-tampons-zombie-ants	1	28.632920035643053	SimBa
tweet-sno-1286	QO	vclaim-sno-mother-teresa-hillary-clinton-abortion	1	26.355900608216817	SimBa
tweet-sno-1287	QO	vclaim-sno-my-pleasure-chick-fil-a	1	40.947114313582006	SimBa
tweet-sno-1287	QO	vclaim-sno-does-restaurant-tattoo-guarantee-food	1	26.35336258793951	SimBa
tweet-sno-1287	QO	vclaim-sno-chick-fil-a-promotions	1	25.94993191416473	SimBa
tweet-sno-1287	QO	vclaim-sno-ice-cream-registration-notice	1	25.82080025247064	SimBa
tweet-sno-1287	QO	vclaim-sno-starbucks-giveaway-blm	1	25.470361706804173	SimBa
tweet-sno-1288	QO	vclaim-sno-my-pleasure-chick-fil-a	1	48.57840189966588	SimBa
tweet-sno-1288	QO	vclaim-sno-free-cone-day	1	32.88751335409119	SimBa
tweet-sno-1288	QO	vclaim-sno-chick-fil-a-promotions	1	30.7736675753264	SimBa
tweet-sno-1288	QO	vclaim-sno-chick-fil-a-meal-promo	1	30.3960898932074	SimBa
tweet-sno-1288	QO	vclaim-sno-chick-fil-a-coupon-scam	1	30.344045776016436	SimBa
tweet-sno-1289	QO	vclaim-sno-my-pleasure-chick-fil-a	1	40.34543698730431	SimBa
tweet-sno-1289	QO	vclaim-sno-chick-fil-a-promotions	1	27.439130222803154	SimBa
tweet-sno-1289	QO	vclaim-sno-free-cone-day	1	25.76627800016917	SimBa
tweet-sno-1289	QO	vclaim-sno-facebook-cold-stone-pregnancy-discount	1	25.662092880774374	SimBa
tweet-sno-1289	QO	vclaim-sno-chick-fil-a-food-stranded-storm	1	25.379181415666316	SimBa
tweet-sno-1290	QO	vclaim-sno-my-pleasure-chick-fil-a	1	45.38980042593285	SimBa
tweet-sno-1290	QO	vclaim-sno-chick-fil-a-promotions	1	27.295143425222562	SimBa
tweet-sno-1290	QO	vclaim-sno-does-restaurant-tattoo-guarantee-food	1	26.62197046577276	SimBa
tweet-sno-1290	QO	vclaim-sno-chick-fil-a-coupon-scam	1	26.048512950882863	SimBa
tweet-sno-1290	QO	vclaim-sno-georgia-lawmaker-go-back-claim	1	25.750852322347352	SimBa
tweet-sno-1291	QO	vclaim-sno-biden-covid-vaccine	1	44.38966232256316	SimBa
tweet-sno-1291	QO	vclaim-sno-biden-vaccines-hurricane-protect	1	38.107505931714215	SimBa
tweet-sno-1291	QO	vclaim-sno-trump-promise-vaccine-election-day	1	37.76297991217936	SimBa
tweet-sno-1291	QO	vclaim-sno-biden-covid-vaccine-2	1	36.4989042474268	SimBa
tweet-sno-1291	QO	vclaim-sno-trump-beautiful-covid-19-vaccine	1	36.45869305072473	SimBa
tweet-sno-1292	QO	vclaim-sno-matt-putz	1	42.02491546005981	SimBa
tweet-sno-1292	QO	vclaim-sno-new-jersey-ballot-tax-returns	1	33.18194976988912	SimBa
tweet-sno-1292	QO	vclaim-sno-chris-christie-vetoes-equal-pay	1	28.457645521657394	SimBa
tweet-sno-1292	QO	vclaim-sno-trey-gowdy-nancy-pelosi	1	27.13044271361793	SimBa
tweet-sno-1292	QO	vclaim-sno-aoc-fined-sotu	1	27.101849143720624	SimBa
tweet-sno-1293	QO	vclaim-sno-christian-owned-airlines-change-wing-light-colors-to-celebrate-christmas	1	31.43612269328846	SimBa
tweet-sno-1293	QO	vclaim-sno-chick-fil-a-food-stranded-storm	1	27.360657877220618	SimBa
tweet-sno-1293	QO	vclaim-sno-my-pleasure-chick-fil-a	1	25.180691070478193	SimBa
tweet-sno-1293	QO	vclaim-sno-aldi-free-food-homeless-christmas	1	25.010969216760753	SimBa
tweet-sno-1293	QO	vclaim-sno-chick-fil-open-sundays	1	24.59825594086599	SimBa
tweet-sno-1294	QO	vclaim-sno-drake-scented-candles	1	41.7873332610101	SimBa
tweet-sno-1294	QO	vclaim-sno-gwyneth-paltrow-vagina-candle	1	32.44441335195225	SimBa
tweet-sno-1294	QO	vclaim-sno-kfc-really-create-chicken-scented-candle	1	29.90349654161234	SimBa
tweet-sno-1294	QO	vclaim-sno-mcdonalds-quarter-pounder-candles	1	28.99344331505943	SimBa
tweet-sno-1294	QO	vclaim-sno-do-scented-candles-cause-cancer	1	24.84847269068044	SimBa
tweet-sno-1295	QO	vclaim-sno-flash-player-no-longer-supported	1	33.91417076499509	SimBa
tweet-sno-1295	QO	vclaim-sno-twitter-cammo-trump-covid	1	25.828584290366006	SimBa
tweet-sno-1295	QO	vclaim-sno-disney-pixar-boo	1	25.08678284159518	SimBa
tweet-sno-1295	QO	vclaim-sno-nasa-blackout-warning	1	25.020434314453034	SimBa
tweet-sno-1295	QO	vclaim-sno-disneyland-reopening-holidays	1	23.449906901051666	SimBa
tweet-sno-1296	QO	vclaim-sno-flash-player-no-longer-supported	1	40.198770853429295	SimBa
tweet-sno-1296	QO	vclaim-sno-disney-pixar-boo	1	25.06339821490586	SimBa
tweet-sno-1296	QO	vclaim-sno-nasa-blackout-warning	1	24.922096967277785	SimBa
tweet-sno-1296	QO	vclaim-sno-ice-twitter-account-disappear	1	24.164243794101942	SimBa
tweet-sno-1296	QO	vclaim-sno-is-minecraft-shutting-down	1	24.121259134367403	SimBa
tweet-sno-1297	QO	vclaim-sno-flash-player-no-longer-supported	1	41.234778560690465	SimBa
tweet-sno-1297	QO	vclaim-sno-facebook-ban-livestreamed-music	1	28.343428573942173	SimBa
tweet-sno-1297	QO	vclaim-sno-boob-youtube	1	28.284378517821082	SimBa
tweet-sno-1297	QO	vclaim-sno-facebook-search-porn	1	27.28132999539613	SimBa
tweet-sno-1297	QO	vclaim-sno-delete-google-chrome-trends	1	26.727306976175484	SimBa
tweet-sno-1298	QO	vclaim-sno-santa-covid-exemption-ireland	1	44.8970511183602	SimBa
tweet-sno-1298	QO	vclaim-sno-santas-canadian-postal-code	1	27.316521459857498	SimBa
tweet-sno-1298	QO	vclaim-sno-red-mask-blue-mask-covid	1	27.22115245888185	SimBa
tweet-sno-1298	QO	vclaim-sno-code-for-pedophiles-on-toys	1	26.790631930005727	SimBa
tweet-sno-1298	QO	vclaim-sno-gender-neutral-santa-survey	1	26.332365703586014	SimBa
tweet-sno-1299	QO	vclaim-sno-monolith-california	1	28.506308118033964	SimBa
tweet-sno-1299	QO	vclaim-sno-monolith-found-utah	1	27.938854883207025	SimBa
tweet-sno-1299	QO	vclaim-sno-snow-los-angeles	1	24.496274343294516	SimBa
tweet-sno-1299	QO	vclaim-sno-trump-sign-hollywood-los-angeles	1	23.87002366121137	SimBa
tweet-sno-1299	QO	vclaim-sno-himalayas-visible-india-30-years	1	23.004716496483468	SimBa
tweet-sno-1300	QO	vclaim-sno-king-louis-xiv-fetish-birth	1	37.17788125777495	SimBa
tweet-sno-1300	QO	vclaim-sno-pat-robertson-feminist-agenda	1	27.876016238802034	SimBa
tweet-sno-1300	QO	vclaim-sno-anthony-bouchard-romeo-juliet	1	26.81847489799486	SimBa
tweet-sno-1300	QO	vclaim-sno-pat-robertson-oral-sex-coronavirus	1	26.729992848182924	SimBa
tweet-sno-1300	QO	vclaim-sno-mike-pence-allowing-rape-victims-to-have-abortions-will-lead-to-women-trying-to-get-raped	1	26.63376926823992	SimBa
tweet-sno-1301	QO	vclaim-sno-loser-lawn-trump-golf-course	1	30.09158036700207	SimBa
tweet-sno-1301	QO	vclaim-sno-golfing-trump-election-results	1	26.489630213540405	SimBa
tweet-sno-1301	QO	vclaim-sno-tom-brady-election-white-house	1	26.479063365517135	SimBa
tweet-sno-1301	QO	vclaim-sno-large-alligator-on-golf-course	1	26.301854802161223	SimBa
tweet-sno-1301	QO	vclaim-sno-stress-awareness-day	1	25.954847800016527	SimBa
tweet-sno-1302	QO	vclaim-sno-johns-hopkins-covid-deaths	1	58.308884865665426	SimBa
tweet-sno-1302	QO	vclaim-sno-ice-twitter-account-disappear	1	34.95775385700132	SimBa
tweet-sno-1302	QO	vclaim-sno-cdc-covid-19-data	1	34.60387072906515	SimBa
tweet-sno-1302	QO	vclaim-sno-cdc-mortality-statistics	1	34.30943687037918	SimBa
tweet-sno-1302	QO	vclaim-sno-typical-year-covid-deaths	1	33.62644903757345	SimBa
tweet-sno-1303	QO	vclaim-sno-leonardo-dicaprio-disney-channel	1	27.35341267940117	SimBa
tweet-sno-1303	QO	vclaim-sno-words-of-wisdom	1	26.21789485382499	SimBa
tweet-sno-1303	QO	vclaim-sno-tiktok-oh-no-song	1	26.144380675325696	SimBa
tweet-sno-1303	QO	vclaim-sno-72-hour-challenge	1	25.916594512739785	SimBa
tweet-sno-1303	QO	vclaim-sno-was-ed-edd-n-eddy-reboot-announced	1	25.859011950337567	SimBa
tweet-sno-1304	QO	vclaim-sno-leonardo-dicaprio-disney-channel	1	29.57490023123285	SimBa
tweet-sno-1304	QO	vclaim-sno-the-parent-trap-october-11	1	25.88572019852491	SimBa
tweet-sno-1304	QO	vclaim-sno-bethenny-frankel-meghan-markle	1	25.801546562032986	SimBa
tweet-sno-1304	QO	vclaim-sno-madonna-trump-2020	1	25.50923454238169	SimBa
tweet-sno-1304	QO	vclaim-sno-back-to-the-future-predictions	1	25.35069571549928	SimBa
tweet-sno-1305	QO	vclaim-sno-leonardo-dicaprio-disney-channel	1	29.97744268969567	SimBa
tweet-sno-1305	QO	vclaim-sno-scarface-remake-leonardo-dicaprio	1	26.191637064881238	SimBa
tweet-sno-1305	QO	vclaim-sno-leonardo-dicaprio-cast-mlk-new-film-will-wear-blackface	1	24.523210751761972	SimBa
tweet-sno-1305	QO	vclaim-sno-star-wars-youtube-ads	1	23.970458981715822	SimBa
tweet-sno-1305	QO	vclaim-sno-leonardo-dicaprio-woodstock-illinois	1	23.044507507732455	SimBa
tweet-sno-1306	QO	vclaim-sno-georgia-signature-audit	1	35.110990555348636	SimBa
tweet-sno-1306	QO	vclaim-sno-barr-major-discovery	1	31.74992544151756	SimBa
tweet-sno-1306	QO	vclaim-sno-trump-georgia-runoff	1	31.692257200701146	SimBa
tweet-sno-1306	QO	vclaim-sno-could-trump-defy-popular-vote	1	31.57152752387937	SimBa
tweet-sno-1306	QO	vclaim-sno-biden-ossoff-warnock-checks-2000	1	31.325333668618473	SimBa
tweet-sno-1307	QO	vclaim-sno-trump-detroit-voters-2020	1	40.55100475762762	SimBa
tweet-sno-1307	QO	vclaim-sno-more-votes-than-voters-in-detroit	1	38.35846602860424	SimBa
tweet-sno-1307	QO	vclaim-sno-dominion-deleted-trump-votes	1	36.17485768402672	SimBa
tweet-sno-1307	QO	vclaim-sno-missing-votes-trump-california	1	36.05511214292613	SimBa
tweet-sno-1307	QO	vclaim-sno-erie-pennsylvania-trump-ballots	1	35.19720691826675	SimBa
tweet-sno-1308	QO	vclaim-sno-trump-pardon-turkey-election	1	50.43128733287892	SimBa
tweet-sno-1308	QO	vclaim-sno-trump-condemn-white-supremacists	1	36.04994541426081	SimBa
tweet-sno-1308	QO	vclaim-sno-could-trump-defy-popular-vote	1	35.43137008077328	SimBa
tweet-sno-1308	QO	vclaim-sno-tom-brady-election-white-house	1	35.25516302449334	SimBa
tweet-sno-1308	QO	vclaim-sno-trump-recount-battleground-states	1	35.05641511152804	SimBa
tweet-sno-1309	QO	vclaim-sno-alaska-town-60-days-without-sun	1	40.303554170672015	SimBa
tweet-sno-1309	QO	vclaim-sno-sun-lockdown	1	34.03893803546721	SimBa
tweet-sno-1309	QO	vclaim-sno-wolf-moon-january	1	31.72121691215291	SimBa
tweet-sno-1309	QO	vclaim-sno-will-tonight-be-the-darkest-night-in-500-years	1	29.85178766753074	SimBa
tweet-sno-1309	QO	vclaim-sno-saturn-close-to-earth-meme	1	29.756311618073088	SimBa
tweet-sno-1310	QO	vclaim-sno-florida-air-force-robotic-dogs	1	46.552824075415195	SimBa
tweet-sno-1310	QO	vclaim-sno-army-working-dogs-satire	1	34.06451583857204	SimBa
tweet-sno-1310	QO	vclaim-sno-biden-major-dog-rescue-white-house	1	29.329090710444948	SimBa
tweet-sno-1310	QO	vclaim-sno-nypd-robot-dogs-police	1	28.992602552463183	SimBa
tweet-sno-1310	QO	vclaim-sno-biden-dog-major-indoguration	1	28.556874346077613	SimBa
tweet-sno-1311	QO	vclaim-sno-20000-dead-voters-in-pennsylvania	1	49.31761919331751	SimBa
tweet-sno-1311	QO	vclaim-sno-everylegalvote-2020-election	1	42.47419292977044	SimBa
tweet-sno-1311	QO	vclaim-sno-biden-admit-voter-fraud	1	41.19220816781626	SimBa
tweet-sno-1311	QO	vclaim-sno-erie-pennsylvania-trump-ballots	1	40.21242901830172	SimBa
tweet-sno-1311	QO	vclaim-sno-wisconsin-vote-dump	1	39.83032579617168	SimBa
tweet-sno-1312	QO	vclaim-sno-christmas-tree-owl	1	38.25799494914313	SimBa
tweet-sno-1312	QO	vclaim-sno-snowy-owl-130-years	1	28.176119185204158	SimBa
tweet-sno-1312	QO	vclaim-sno-catapulted-cat	1	26.58515861674822	SimBa
tweet-sno-1312	QO	vclaim-sno-owl-having-an-orgasm	1	25.251860753765378	SimBa
tweet-sno-1312	QO	vclaim-sno-freedom-and-jeff	1	25.142850871755037	SimBa
tweet-sno-1313	QO	vclaim-sno-wisconsin-vote-dump	1	47.19252497705406	SimBa
tweet-sno-1313	QO	vclaim-sno-trump-biden-vote-dumps	1	39.43560184915937	SimBa
tweet-sno-1313	QO	vclaim-sno-300000-wisconsin-voters-turned-away-due-to-voter-id-laws	1	39.28851857497102	SimBa
tweet-sno-1313	QO	vclaim-sno-popular-vote-totals-rigged	1	39.054347585619034	SimBa
tweet-sno-1313	QO	vclaim-sno-floyd-county-georgia-votes	1	37.76978851644027	SimBa
tweet-sno-1314	QO	vclaim-sno-dominion-servers-germany-seized	1	43.64018307503215	SimBa
tweet-sno-1314	QO	vclaim-sno-floyd-county-georgia-votes	1	34.037759179602055	SimBa
tweet-sno-1314	QO	vclaim-sno-could-trump-defy-popular-vote	1	33.20286514976806	SimBa
tweet-sno-1314	QO	vclaim-sno-trump-wins-pennsylvania	1	32.7604848854794	SimBa
tweet-sno-1314	QO	vclaim-sno-facebook-analytics-electoral-map-shows-trump-sweep	1	32.41319742244221	SimBa
tweet-sno-1315	QO	vclaim-sno-dominion-servers-germany-seized	1	45.75089063564997	SimBa
tweet-sno-1315	QO	vclaim-sno-facebook-analytics-electoral-map-shows-trump-sweep	1	33.0787592683369	SimBa
tweet-sno-1315	QO	vclaim-sno-trump-wins-pennsylvania	1	32.45422308157972	SimBa
tweet-sno-1315	QO	vclaim-sno-trump-stimulus-package-election	1	31.907218457899653	SimBa
tweet-sno-1315	QO	vclaim-sno-adolf-hitler-election-namibia	1	31.692919626263677	SimBa
tweet-sno-1316	QO	vclaim-sno-cuomo-vaccine-bad-news-trump	1	50.225884649536184	SimBa
tweet-sno-1316	QO	vclaim-sno-covid-vaccine-funded-by-trump	1	36.65617016189023	SimBa
tweet-sno-1316	QO	vclaim-sno-trump-promise-vaccine-election-day	1	34.08931913808115	SimBa
tweet-sno-1316	QO	vclaim-sno-cdc-halts-us-jj-covid-shots	1	33.673746160351826	SimBa
tweet-sno-1316	QO	vclaim-sno-did-trump-praise-covid-19-vaccines	1	33.466586260279186	SimBa
tweet-sno-1317	QO	vclaim-sno-cornyn-votes-puerto-rico	1	56.33280062365516	SimBa
tweet-sno-1317	QO	vclaim-sno-floyd-county-georgia-votes	1	33.42531061353247	SimBa
tweet-sno-1317	QO	vclaim-sno-audit-the-vote	1	32.91199588959607	SimBa
tweet-sno-1317	QO	vclaim-sno-dhs-12m-trump-votes	1	31.738545163982714	SimBa
tweet-sno-1317	QO	vclaim-sno-could-trump-defy-popular-vote	1	31.65232424326416	SimBa
tweet-sno-1318	QO	vclaim-sno-floyd-county-georgia-votes	1	42.06051445001875	SimBa
tweet-sno-1318	QO	vclaim-sno-pa-mailin-votes-ballots	1	37.24509467307248	SimBa
tweet-sno-1318	QO	vclaim-sno-georgia-signature-audit	1	36.7282155396408	SimBa
tweet-sno-1318	QO	vclaim-sno-ballots-lancaster-pa	1	36.44129558396304	SimBa
tweet-sno-1318	QO	vclaim-sno-broward-county-fraud-voters-votes	1	36.23492961813476	SimBa
tweet-sno-1319	QO	vclaim-sno-floyd-county-georgia-votes	1	55.26852876108089	SimBa
tweet-sno-1319	QO	vclaim-sno-georgia-dekalb-reject-mail-ballots	1	43.284731699419844	SimBa
tweet-sno-1319	QO	vclaim-sno-georgia-signature-audit	1	40.906237116543195	SimBa
tweet-sno-1319	QO	vclaim-sno-fairfax-gave-biden-extra-votes	1	40.88514140121012	SimBa
tweet-sno-1319	QO	vclaim-sno-ballots-lancaster-pa	1	40.72212040553392	SimBa
tweet-sno-1320	QO	vclaim-sno-maga-trump-million-march	1	43.87796569477061	SimBa
tweet-sno-1320	QO	vclaim-sno-biden-trump-inauguration-crowd	1	38.69154509373995	SimBa
tweet-sno-1320	QO	vclaim-sno-militia-bidens-inauguration	1	36.560944714507215	SimBa
tweet-sno-1320	QO	vclaim-sno-trump-rally-crowd-66000	1	36.429155366434216	SimBa
tweet-sno-1320	QO	vclaim-sno-simple-math-on-biden-votes	1	34.7785067688618	SimBa
tweet-sno-1321	QO	vclaim-sno-newsmax-biden-pence	1	48.8115387012874	SimBa
tweet-sno-1321	QO	vclaim-sno-gowdy-pence-2020	1	39.56748710327845	SimBa
tweet-sno-1321	QO	vclaim-sno-trump-stimulus-package-election	1	38.55357470462269	SimBa
tweet-sno-1321	QO	vclaim-sno-smooth-transition-trump	1	38.03663770074223	SimBa
tweet-sno-1321	QO	vclaim-sno-mike-pence-to-resign	1	37.50713598120178	SimBa
tweet-sno-1322	QO	vclaim-sno-newsmax-biden-pence	1	50.74825640078823	SimBa
tweet-sno-1322	QO	vclaim-sno-sag-letter-president-trump	1	35.142457459609844	SimBa
tweet-sno-1322	QO	vclaim-sno-roger-stone-martial-law-trump	1	34.4943029056421	SimBa
tweet-sno-1322	QO	vclaim-sno-tomi-lahren-biden-supporters-loot	1	34.28771447503647	SimBa
tweet-sno-1322	QO	vclaim-sno-mike-pence-to-resign	1	33.653117044289736	SimBa
tweet-sno-1323	QO	vclaim-sno-newsmax-biden-pence	1	52.4139506995536	SimBa
tweet-sno-1323	QO	vclaim-sno-smooth-transition-trump	1	38.9254139030352	SimBa
tweet-sno-1323	QO	vclaim-sno-trump-lose-followers-first-time	1	37.24384398400335	SimBa
tweet-sno-1323	QO	vclaim-sno-mike-pence-blames-media-for-trump-controversies	1	36.668721674826585	SimBa
tweet-sno-1323	QO	vclaim-sno-trump-noble-prize-tweets	1	36.0210032873778	SimBa
tweet-sno-1324	QO	vclaim-sno-rnc-chairwoman-deleted-tweet	1	42.59847762562328	SimBa
tweet-sno-1324	QO	vclaim-sno-bidens-win-lie-of-the-year	1	41.522653142718006	SimBa
tweet-sno-1324	QO	vclaim-sno-tomi-lahren-biden-supporters-loot	1	40.129856849659944	SimBa
tweet-sno-1324	QO	vclaim-sno-fake-aoc-purge-tweet	1	39.623988010293566	SimBa
tweet-sno-1324	QO	vclaim-sno-27-republicans-endorse-biden	1	37.82097378317171	SimBa
tweet-sno-1325	QO	vclaim-sno-raising-canes-chicken-bankruptcy	1	41.64964378739651	SimBa
tweet-sno-1325	QO	vclaim-sno-nordstrom-chapter-11-baio-boycott	1	24.71626236924289	SimBa
tweet-sno-1325	QO	vclaim-sno-dunkin-donuts-bankruptcy-prank	1	22.984948685645488	SimBa
tweet-sno-1325	QO	vclaim-sno-ice-twitter-account-disappear	1	22.964807184018348	SimBa
tweet-sno-1325	QO	vclaim-sno-bloomberg-buy-trump-debt	1	22.47101906336916	SimBa
tweet-sno-1326	QO	vclaim-sno-raising-canes-chicken-bankruptcy	1	29.457000704227944	SimBa
tweet-sno-1326	QO	vclaim-sno-huckabee-letter-biden-fraud	1	25.81392181897307	SimBa
tweet-sno-1326	QO	vclaim-sno-twitter-cammo-trump-covid	1	25.6143310407809	SimBa
tweet-sno-1326	QO	vclaim-sno-dr-creep-predict-coronavirus-2013	1	25.009161739134285	SimBa
tweet-sno-1326	QO	vclaim-sno-farmers-almanac-predict-covid-19	1	24.937120390851	SimBa
tweet-sno-1327	QO	vclaim-sno-arnold-schwarzenegger-dead	1	25.588144415505447	SimBa
tweet-sno-1327	QO	vclaim-sno-dmx-death-hoax	1	25.369112415257263	SimBa
tweet-sno-1327	QO	vclaim-sno-debby-ryan-heart-attack	1	25.241545799967327	SimBa
tweet-sno-1327	QO	vclaim-sno-tweet-predict-kobe-death	1	24.315630081657734	SimBa
tweet-sno-1327	QO	vclaim-sno-false-donald-trump-has-died-possible-heart-attack	1	24.25896913941837	SimBa
tweet-sno-1328	QO	vclaim-sno-xbox-playstation-ps5-congrats	1	47.55280879264826	SimBa
tweet-sno-1328	QO	vclaim-sno-cyberpunk-2077-refunds	1	26.12137601535708	SimBa
tweet-sno-1328	QO	vclaim-sno-disney-pixar-boo	1	25.262267336019235	SimBa
tweet-sno-1328	QO	vclaim-sno-ninja-turtles-shredders-revenge	1	25.1710004016321	SimBa
tweet-sno-1328	QO	vclaim-sno-gta6-map-coordinates	1	24.853241960932543	SimBa
tweet-sno-1329	QO	vclaim-sno-xbox-playstation-ps5-congrats	1	42.77400352505538	SimBa
tweet-sno-1329	QO	vclaim-sno-cyberpunk-2077-refunds	1	23.672930487007207	SimBa
tweet-sno-1329	QO	vclaim-sno-hillary-clintons-premature-celebration	1	20.91368883853015	SimBa
tweet-sno-1329	QO	vclaim-sno-disney-pixar-boo	1	20.249385911966428	SimBa
tweet-sno-1329	QO	vclaim-sno-delta-georgia-voting-law	1	18.759279451632164	SimBa
tweet-sno-1330	QO	vclaim-sno-ice-twitter-account-disappear	1	42.525371426683364	SimBa
tweet-sno-1330	QO	vclaim-sno-trump-lose-followers-first-time	1	26.64288395455578	SimBa
tweet-sno-1330	QO	vclaim-sno-nps-twitter-account-shut-down	1	24.72457856987107	SimBa
tweet-sno-1330	QO	vclaim-sno-loser-com-trump-wikipedia-page	1	24.230114384711364	SimBa
tweet-sno-1330	QO	vclaim-sno-twitter-disable-engagement-trump	1	23.987495214203868	SimBa
tweet-sno-1331	QO	vclaim-sno-ice-twitter-account-disappear	1	55.055532061468824	SimBa
tweet-sno-1331	QO	vclaim-sno-ice-citizens-academy-civilians	1	32.78309466380303	SimBa
tweet-sno-1331	QO	vclaim-sno-new-york-ice-agent-suicide-note	1	32.740540969112125	SimBa
tweet-sno-1331	QO	vclaim-sno-trump-lose-followers-first-time	1	32.21729636074646	SimBa
tweet-sno-1331	QO	vclaim-sno-ice-detain-michigan-doctor-40-years-u-s	1	30.407469026603557	SimBa
tweet-sno-1332	QO	vclaim-sno-veterans-national-parks-lifetime	1	51.98009940865307	SimBa
tweet-sno-1332	QO	vclaim-sno-free-meals-for-veterans	1	35.51820876900463	SimBa
tweet-sno-1332	QO	vclaim-sno-trump-veterans-free-health-care	1	31.79129416192598	SimBa
tweet-sno-1332	QO	vclaim-sno-flag-nancy-pelosi	1	31.489559947476554	SimBa
tweet-sno-1332	QO	vclaim-sno-trump-salary-military-cemeteries	1	29.11894470140034	SimBa
tweet-sno-1333	QO	vclaim-sno-covid-vaccine-funded-by-trump	1	50.46874856138621	SimBa
tweet-sno-1333	QO	vclaim-sno-cuomo-vaccine-bad-news-trump	1	42.23566160189676	SimBa
tweet-sno-1333	QO	vclaim-sno-did-trump-praise-covid-19-vaccines	1	38.336659034830866	SimBa
tweet-sno-1333	QO	vclaim-sno-trump-promise-vaccine-election-day	1	38.169248553369364	SimBa
tweet-sno-1333	QO	vclaim-sno-pence-conversation-coronavirus	1	36.939507360491376	SimBa
tweet-sno-1334	QO	vclaim-sno-covid-vaccine-funded-by-trump	1	50.43361172491841	SimBa
tweet-sno-1334	QO	vclaim-sno-cuomo-vaccine-bad-news-trump	1	38.068888009318975	SimBa
tweet-sno-1334	QO	vclaim-sno-trump-promise-vaccine-election-day	1	35.35923537434784	SimBa
tweet-sno-1334	QO	vclaim-sno-did-trump-praise-covid-19-vaccines	1	35.354522704850766	SimBa
tweet-sno-1334	QO	vclaim-sno-trump-economy-pandemic	1	33.278119087150316	SimBa
tweet-sno-1335	QO	vclaim-sno-biden-hat-trump-maga	1	42.93632451249766	SimBa
tweet-sno-1335	QO	vclaim-sno-biden-admit-voter-fraud	1	37.83176981076178	SimBa
tweet-sno-1335	QO	vclaim-sno-huckabee-letter-biden-fraud	1	36.58212837317453	SimBa
tweet-sno-1335	QO	vclaim-sno-biden-fail-condemn-antifa	1	36.34631876976263	SimBa
tweet-sno-1335	QO	vclaim-sno-fake-aoc-purge-tweet	1	36.1619447028727	SimBa
tweet-sno-1336	QO	vclaim-sno-biden-major-dog-rescue-white-house	1	59.78874837544793	SimBa
tweet-sno-1336	QO	vclaim-sno-biden-dog-major-indoguration	1	48.38752759037503	SimBa
tweet-sno-1336	QO	vclaim-sno-biden-team-statement-dog	1	46.27094819449857	SimBa
tweet-sno-1336	QO	vclaim-sno-biden-dogs-kicked-out-white-house	1	44.9126000231127	SimBa
tweet-sno-1336	QO	vclaim-sno-biden-dogs-trump-chew-toy	1	40.13921868541055	SimBa
tweet-sno-1337	QO	vclaim-sno-golfing-trump-election-results	1	42.05357157120494	SimBa
tweet-sno-1337	QO	vclaim-sno-trump-tulsa-rally-covid19-test	1	41.529865492792766	SimBa
tweet-sno-1337	QO	vclaim-sno-trump-golf-rallies-coronavirus	1	41.17246742664064	SimBa
tweet-sno-1337	QO	vclaim-sno-twitter-cammo-trump-covid	1	38.96474526542752	SimBa
tweet-sno-1337	QO	vclaim-sno-trump-governors-covid-19	1	36.27710903952843	SimBa
tweet-sno-1338	QO	vclaim-sno-bannon-fauci-wray-head-pikes	1	52.99459038782058	SimBa
tweet-sno-1338	QO	vclaim-sno-steve-bannon-predicts-obama	1	41.01741456414891	SimBa
tweet-sno-1338	QO	vclaim-sno-bannon-hell-capitol-attack	1	37.75720218632539	SimBa
tweet-sno-1338	QO	vclaim-sno-jesse-watters-faucis-assassination	1	35.78673232192663	SimBa
tweet-sno-1338	QO	vclaim-sno-peter-strzok-tweet-trump-dictator-unhinged-madman	1	35.067263445353504	SimBa
tweet-sno-1339	QO	vclaim-sno-gray-wolves-endangered-trump	1	42.86797885614111	SimBa
tweet-sno-1339	QO	vclaim-sno-trump-whales-sea-turtles	1	36.276244162960495	SimBa
tweet-sno-1339	QO	vclaim-sno-trump-animal-cruelty	1	33.40958511758832	SimBa
tweet-sno-1339	QO	vclaim-sno-obama-gives-kill-order-for-bald-eagles	1	31.12708972693564	SimBa
tweet-sno-1339	QO	vclaim-sno-trump-admin-seizing-ppe	1	31.050413684178043	SimBa
tweet-sno-1340	QO	vclaim-sno-pa-worker-filling-ballots	1	43.36733567857429	SimBa
tweet-sno-1340	QO	vclaim-sno-erie-pennsylvania-trump-ballots	1	37.26952955118941	SimBa
tweet-sno-1340	QO	vclaim-sno-georgia-suitcases	1	35.29501837549937	SimBa
tweet-sno-1340	QO	vclaim-sno-mail-in-voting-ballots	1	35.17790467464955	SimBa
tweet-sno-1340	QO	vclaim-sno-ballots-lancaster-pa	1	35.10628942707714	SimBa
tweet-sno-1341	QO	vclaim-sno-stop-the-count-chant	1	46.68998916412483	SimBa
tweet-sno-1341	QO	vclaim-sno-trump-rally-chant	1	35.36810002067626	SimBa
tweet-sno-1341	QO	vclaim-sno-trump-vote-twice-north-carolina	1	35.137023182408235	SimBa
tweet-sno-1341	QO	vclaim-sno-trump-recount-battleground-states	1	34.55485759170077	SimBa
tweet-sno-1341	QO	vclaim-sno-donald-trump-purge-slogan	1	33.70364136307203	SimBa
tweet-sno-1342	QO	vclaim-sno-trump-recount-battleground-states	1	59.34575992142234	SimBa
tweet-sno-1342	QO	vclaim-sno-could-trump-defy-popular-vote	1	34.728491959171095	SimBa
tweet-sno-1342	QO	vclaim-sno-trump-patent-maga-2012	1	33.453151806448815	SimBa
tweet-sno-1342	QO	vclaim-sno-trump-vote-twice-north-carolina	1	33.39435276799616	SimBa
tweet-sno-1342	QO	vclaim-sno-12th-amendment-path-to-victory	1	33.22361265743051	SimBa
tweet-sno-1343	QO	vclaim-sno-sharpie-trump-ballots-arizona	1	41.6628004707029	SimBa
tweet-sno-1343	QO	vclaim-sno-california-unlawful-ballots	1	35.04807373959907	SimBa
tweet-sno-1343	QO	vclaim-sno-quantum-blockchain-watermark-vote	1	34.63708611178863	SimBa
tweet-sno-1343	QO	vclaim-sno-millions-mail-in-ballots	1	34.25089396559947	SimBa
tweet-sno-1343	QO	vclaim-sno-vote-for-trump-or-else	1	33.45383719366998	SimBa
tweet-sno-1344	QO	vclaim-sno-sharpie-trump-ballots-arizona	1	53.57560083680113	SimBa
tweet-sno-1344	QO	vclaim-sno-california-unlawful-ballots	1	37.52513830362391	SimBa
tweet-sno-1344	QO	vclaim-sno-ballots-lancaster-pa	1	36.195900967238025	SimBa
tweet-sno-1344	QO	vclaim-sno-georgia-signature-audit	1	36.10443632597496	SimBa
tweet-sno-1344	QO	vclaim-sno-erie-pennsylvania-trump-ballots	1	35.58457931004451	SimBa
tweet-sno-1345	QO	vclaim-sno-sharpie-trump-ballots-arizona	1	43.05966761522426	SimBa
tweet-sno-1345	QO	vclaim-sno-wisconsin-vote-dump	1	39.83858242517413	SimBa
tweet-sno-1345	QO	vclaim-sno-trump-biden-vote-dumps	1	36.918724891345	SimBa
tweet-sno-1345	QO	vclaim-sno-erie-pennsylvania-trump-ballots	1	36.752586965871416	SimBa
tweet-sno-1345	QO	vclaim-sno-california-unlawful-ballots	1	36.68291684550579	SimBa
tweet-sno-1346	QO	vclaim-sno-saved-whale-says-thanks	1	27.16968200731124	SimBa
tweet-sno-1346	QO	vclaim-sno-fisherman-survived-inside-whale-for-three-days	1	26.772822232915523	SimBa
tweet-sno-1346	QO	vclaim-sno-woman-survive-titanic-hindenburg-pearl-harbor-9-11	1	26.146701579947994	SimBa
tweet-sno-1346	QO	vclaim-sno-killer-whale	1	26.08386783680363	SimBa
tweet-sno-1346	QO	vclaim-sno-flesh-eating-bacteria-in-myrtle-beach	1	24.870182789712224	SimBa
tweet-sno-1347	QO	vclaim-sno-humpback-whale-eat-kayaker	1	35.94213689020167	SimBa
tweet-sno-1347	QO	vclaim-sno-big-gulp	1	35.527742542018956	SimBa
tweet-sno-1347	QO	vclaim-sno-killer-whale	1	34.50521585143692	SimBa
tweet-sno-1347	QO	vclaim-sno-photograph-kayak-orcas	1	30.718583724959515	SimBa
tweet-sno-1347	QO	vclaim-sno-blue-whale-under-rowboat	1	29.987084460090927	SimBa
tweet-sno-1348	QO	vclaim-sno-biden-black-athletes-green-mile	1	36.52297721638331	SimBa
tweet-sno-1348	QO	vclaim-sno-jackie-robinson-anthem	1	26.748926283324927	SimBa
tweet-sno-1348	QO	vclaim-sno-biden-racial-jungle-quote	1	26.231409790219413	SimBa
tweet-sno-1348	QO	vclaim-sno-quayle-quotes	1	25.50448790202704	SimBa
tweet-sno-1348	QO	vclaim-sno-baseball-player-moe-berg-spy	1	25.489790074733143	SimBa
tweet-sno-1349	QO	vclaim-sno-kamala-harris-pearls-election-day	1	34.91857661749404	SimBa
tweet-sno-1349	QO	vclaim-sno-hillary-clintons-premature-celebration	1	26.857546252133268	SimBa
tweet-sno-1349	QO	vclaim-sno-kamala-harris-protests	1	26.25622630440555	SimBa
tweet-sno-1349	QO	vclaim-sno-mail-in-ballot-deadline	1	26.01083031666189	SimBa
tweet-sno-1349	QO	vclaim-sno-fake-aoc-purge-tweet	1	25.87278163807943	SimBa
tweet-sno-1350	QO	vclaim-sno-amish-trump-presidential-victory	1	34.79605702353148	SimBa
tweet-sno-1350	QO	vclaim-sno-amish-buggies-trump	1	33.75795593026155	SimBa
tweet-sno-1350	QO	vclaim-sno-trump-stimulus-package-election	1	31.032315533615822	SimBa
tweet-sno-1350	QO	vclaim-sno-trump-tulsa-rally-crowd	1	30.298015402909854	SimBa
tweet-sno-1350	QO	vclaim-sno-tomi-lahren-biden-supporters-loot	1	30.204596020839226	SimBa
tweet-sno-1351	QO	vclaim-sno-omar-minnesota-register-vote	1	37.78311878772628	SimBa
tweet-sno-1351	QO	vclaim-sno-pence-op-ed-hr1-immigrants	1	28.852037148109634	SimBa
tweet-sno-1351	QO	vclaim-sno-asking-for-provisional-ballots	1	27.713986363631285	SimBa
tweet-sno-1351	QO	vclaim-sno-uber-lyft-free-rides-polls	1	27.227025756691617	SimBa
tweet-sno-1351	QO	vclaim-sno-mail-in-ballot-deadline	1	27.114794388937405	SimBa
tweet-sno-1352	QO	vclaim-sno-bar-owner-biden-ad	1	38.31590293350026	SimBa
tweet-sno-1352	QO	vclaim-sno-hunter-biden-flipped-fbi	1	36.62788820248946	SimBa
tweet-sno-1352	QO	vclaim-sno-bidens-win-lie-of-the-year	1	35.033332809434526	SimBa
tweet-sno-1352	QO	vclaim-sno-biden-admit-voter-fraud	1	34.38032788790003	SimBa
tweet-sno-1352	QO	vclaim-sno-black-americans-super-predators	1	33.895707440168216	SimBa
tweet-sno-1353	QO	vclaim-sno-hunter-biden-flipped-fbi	1	43.17799311824173	SimBa
tweet-sno-1353	QO	vclaim-sno-biden-admit-voter-fraud	1	35.00058825883811	SimBa
tweet-sno-1353	QO	vclaim-sno-hunter-biden-dead-overdose-hoax	1	32.06988098120972	SimBa
tweet-sno-1353	QO	vclaim-sno-joe-biden-ask-reporter-junkie	1	31.89101266272194	SimBa
tweet-sno-1353	QO	vclaim-sno-c-span-video-joe-biden-ukraine	1	31.06612988208462	SimBa
tweet-sno-1354	QO	vclaim-sno-biden-admit-voter-fraud	1	38.01309617729878	SimBa
tweet-sno-1354	QO	vclaim-sno-hunter-biden-flipped-fbi	1	37.67728335253874	SimBa
tweet-sno-1354	QO	vclaim-sno-hunter-biden-dead-overdose-hoax	1	37.44519648862263	SimBa
tweet-sno-1354	QO	vclaim-sno-biden-fail-condemn-antifa	1	34.5238428205371	SimBa
tweet-sno-1354	QO	vclaim-sno-joe-biden-ask-reporter-junkie	1	32.75553073517975	SimBa
tweet-sno-1355	QO	vclaim-sno-biden-admit-voter-fraud	1	23.163296885414994	SimBa
tweet-sno-1355	QO	vclaim-sno-hunter-biden-flipped-fbi	1	22.778902054099383	SimBa
tweet-sno-1355	QO	vclaim-sno-twitter-cammo-trump-covid	1	21.222670120298286	SimBa
tweet-sno-1355	QO	vclaim-sno-hunter-biden-dead-overdose-hoax	1	20.380803838800695	SimBa
tweet-sno-1355	QO	vclaim-sno-theofficialproudboys-redirect	1	19.012769996071967	SimBa
tweet-sno-1356	QO	vclaim-sno-biden-admit-voter-fraud	1	37.57885666421754	SimBa
tweet-sno-1356	QO	vclaim-sno-hunter-biden-flipped-fbi	1	33.73225480130774	SimBa
tweet-sno-1356	QO	vclaim-sno-hunter-biden-dead-overdose-hoax	1	31.480572884285422	SimBa
tweet-sno-1356	QO	vclaim-sno-fake-aoc-purge-tweet	1	27.42758974384111	SimBa
tweet-sno-1356	QO	vclaim-sno-biden-fail-condemn-antifa	1	26.751102876697725	SimBa
tweet-sno-1357	QO	vclaim-sno-armed-trump-fans-biden-bus	1	45.32722113131815	SimBa
tweet-sno-1357	QO	vclaim-sno-fbi-trump-biden-bus	1	40.48581004543792	SimBa
tweet-sno-1357	QO	vclaim-sno-tomi-lahren-biden-supporters-loot	1	36.38555845137546	SimBa
tweet-sno-1357	QO	vclaim-sno-truckers-strike-thanksgiving	1	35.65987715943057	SimBa
tweet-sno-1357	QO	vclaim-sno-trump-tell-supporters-storm	1	35.50528205947701	SimBa
tweet-sno-1358	QO	vclaim-sno-fbi-trump-biden-bus	1	47.06555715378073	SimBa
tweet-sno-1358	QO	vclaim-sno-armed-trump-fans-biden-bus	1	37.76416657519378	SimBa
tweet-sno-1358	QO	vclaim-sno-anti-trump-protesters-bused-into-austin	1	35.623567014242944	SimBa
tweet-sno-1358	QO	vclaim-sno-trump-2020-flags-china	1	34.11968336930164	SimBa
tweet-sno-1358	QO	vclaim-sno-trump-sign-hollywood-los-angeles	1	31.85103600710868	SimBa
tweet-sno-1359	QO	vclaim-sno-fbi-trump-biden-bus	1	43.53149957923303	SimBa
tweet-sno-1359	QO	vclaim-sno-armed-trump-fans-biden-bus	1	42.163534988333865	SimBa
tweet-sno-1359	QO	vclaim-sno-trump-mob-capitol	1	34.891240812580236	SimBa
tweet-sno-1359	QO	vclaim-sno-antifa-flyer-trump-supporters	1	34.567868394520026	SimBa
tweet-sno-1359	QO	vclaim-sno-virginia-gun-rally-staged	1	34.56340041615757	SimBa
tweet-sno-1360	QO	vclaim-sno-fbi-trump-biden-bus	1	46.58266325624588	SimBa
tweet-sno-1360	QO	vclaim-sno-armed-trump-fans-biden-bus	1	37.256898344943835	SimBa
tweet-sno-1360	QO	vclaim-sno-cbs-latinos-trump-biden	1	35.631625153474	SimBa
tweet-sno-1360	QO	vclaim-sno-bus-crash-super-tuesday	1	33.43356252255815	SimBa
tweet-sno-1360	QO	vclaim-sno-anti-trump-protesters-bused-into-austin	1	32.97831173924389	SimBa
tweet-sno-1361	QO	vclaim-sno-tomi-lahren-biden-supporters-loot	1	33.95580670526811	SimBa
tweet-sno-1361	QO	vclaim-sno-trump-biden-assassination-shot	1	33.90278603717617	SimBa
tweet-sno-1361	QO	vclaim-sno-virginia-gun-rally-staged	1	33.63681655668531	SimBa
tweet-sno-1361	QO	vclaim-sno-left-wing-mob-violence	1	33.119380137571284	SimBa
tweet-sno-1361	QO	vclaim-sno-fbi-trump-biden-bus	1	32.43212539732556	SimBa
tweet-sno-1362	QO	vclaim-sno-sean-connery-trump-golf-course	1	40.60842597625297	SimBa
tweet-sno-1362	QO	vclaim-sno-trump-tiger-woods-speedy-recovery	1	28.731285888117426	SimBa
tweet-sno-1362	QO	vclaim-sno-sean-penn-moves-to-venezuela	1	27.884621595516524	SimBa
tweet-sno-1362	QO	vclaim-sno-hackman-trump-president	1	27.345203767667506	SimBa
tweet-sno-1362	QO	vclaim-sno-keanu-reeves-trump-successful-man	1	27.240552803634024	SimBa
tweet-sno-1363	QO	vclaim-sno-taco-bell-mexican-pizza	1	35.91061070708818	SimBa
tweet-sno-1363	QO	vclaim-sno-taco-bell-closing-2020	1	29.560267658469378	SimBa
tweet-sno-1363	QO	vclaim-sno-taco-bell-closing	1	28.741890676835425	SimBa
tweet-sno-1363	QO	vclaim-sno-taco-bell-menu-change	1	27.918597062336005	SimBa
tweet-sno-1363	QO	vclaim-sno-subway-pizza-hut-closing	1	27.28508532883564	SimBa
tweet-sno-1364	QO	vclaim-sno-taco-bell-mexican-pizza	1	36.52313736530238	SimBa
tweet-sno-1364	QO	vclaim-sno-taco-bell-closing-2020	1	27.87525675550352	SimBa
tweet-sno-1364	QO	vclaim-sno-taco-bell-menu-change	1	26.637746175052563	SimBa
tweet-sno-1364	QO	vclaim-sno-taco-bell-major-changes	1	26.552941884013997	SimBa
tweet-sno-1364	QO	vclaim-sno-pizza-vending-machine	1	26.2217176223735	SimBa
tweet-sno-1365	QO	vclaim-sno-taco-bell-mexican-pizza	1	33.702486880233295	SimBa
tweet-sno-1365	QO	vclaim-sno-ice-twitter-account-disappear	1	26.869146669670023	SimBa
tweet-sno-1365	QO	vclaim-sno-taco-bell-closing-2020	1	26.770736403253533	SimBa
tweet-sno-1365	QO	vclaim-sno-mcpizza	1	26.057701426601756	SimBa
tweet-sno-1365	QO	vclaim-sno-pizza-is-good-for-you	1	25.661232687356616	SimBa
tweet-sno-1366	QO	vclaim-sno-taco-bell-mexican-pizza	1	39.151068042573115	SimBa
tweet-sno-1366	QO	vclaim-sno-taco-bell-closing-2020	1	35.572935894128584	SimBa
tweet-sno-1366	QO	vclaim-sno-mcpizza	1	30.657088703335756	SimBa
tweet-sno-1366	QO	vclaim-sno-taco-bell-menu-change	1	30.622903515264035	SimBa
tweet-sno-1366	QO	vclaim-sno-taco-bell-cinammon-twists-pasta	1	30.52864860234454	SimBa
tweet-sno-1367	QO	vclaim-sno-taco-bell-mexican-pizza	1	37.13792436456498	SimBa
tweet-sno-1367	QO	vclaim-sno-taco-bell-closing-2020	1	31.836708433494316	SimBa
tweet-sno-1367	QO	vclaim-sno-subway-pizza-hut-closing	1	29.731601639861974	SimBa
tweet-sno-1367	QO	vclaim-sno-taco-bell-menu-change	1	28.534871844182973	SimBa
tweet-sno-1367	QO	vclaim-sno-ice-twitter-account-disappear	1	27.701809033449933	SimBa
tweet-sno-1368	QO	vclaim-sno-subway-pizza-hut-closing	1	35.469859378431906	SimBa
tweet-sno-1368	QO	vclaim-sno-cheesecake-factory-closing-rumor	1	33.18637258032676	SimBa
tweet-sno-1368	QO	vclaim-sno-taco-bell-mexican-pizza	1	31.772956801129624	SimBa
tweet-sno-1368	QO	vclaim-sno-taco-bell-closing-2020	1	30.91919286030806	SimBa
tweet-sno-1368	QO	vclaim-sno-not-lovin39-it	1	30.616795476637186	SimBa
tweet-sno-1369	QO	vclaim-sno-cheesecake-factory-closing-rumor	1	33.889225990640526	SimBa
tweet-sno-1369	QO	vclaim-sno-subway-pizza-hut-closing	1	31.23390215591177	SimBa
tweet-sno-1369	QO	vclaim-sno-wendys-heartbreaking-announcement	1	31.05942098639054	SimBa
tweet-sno-1369	QO	vclaim-sno-not-lovin39-it	1	29.702461773435388	SimBa
tweet-sno-1369	QO	vclaim-sno-ac-moore-closing-down	1	29.597046560022754	SimBa
tweet-sno-1370	QO	vclaim-sno-cheesecake-factory-closing-rumor	1	34.902531062983925	SimBa
tweet-sno-1370	QO	vclaim-sno-subway-pizza-hut-closing	1	29.882637441619394	SimBa
tweet-sno-1370	QO	vclaim-sno-not-lovin39-it	1	28.437987358673105	SimBa
tweet-sno-1370	QO	vclaim-sno-outback-trump-supporters	1	28.17736645220716	SimBa
tweet-sno-1370	QO	vclaim-sno-meat-your-maker	1	28.174000416825475	SimBa
tweet-sno-1371	QO	vclaim-sno-cheesecake-factory-closing-rumor	1	52.572794830555836	SimBa
tweet-sno-1371	QO	vclaim-sno-subway-pizza-hut-closing	1	37.67808492481383	SimBa
tweet-sno-1371	QO	vclaim-sno-olive-garden-closing	1	34.5935503312538	SimBa
tweet-sno-1371	QO	vclaim-sno-taco-bell-closing-2020	1	33.19633984723823	SimBa
tweet-sno-1371	QO	vclaim-sno-taco-bell-closing	1	32.58539442895052	SimBa
tweet-sno-1372	QO	vclaim-sno-cheesecake-factory-closing-rumor	1	47.96048543216862	SimBa
tweet-sno-1372	QO	vclaim-sno-subway-pizza-hut-closing	1	34.950782269425105	SimBa
tweet-sno-1372	QO	vclaim-sno-taco-bell-closing	1	32.315524157808	SimBa
tweet-sno-1372	QO	vclaim-sno-whataburger-closing-its-doors	1	31.96971685308274	SimBa
tweet-sno-1372	QO	vclaim-sno-ac-moore-closing-down	1	31.511173332777922	SimBa
tweet-sno-1373	QO	vclaim-sno-cheesecake-factory-closing-rumor	1	37.44642000861616	SimBa
tweet-sno-1373	QO	vclaim-sno-subway-pizza-hut-closing	1	29.40979256057731	SimBa
tweet-sno-1373	QO	vclaim-sno-not-lovin39-it	1	28.999296961820825	SimBa
tweet-sno-1373	QO	vclaim-sno-olive-garden-closing	1	27.683674567537985	SimBa
tweet-sno-1373	QO	vclaim-sno-taco-bell-closing-2020	1	27.257346278347573	SimBa
tweet-sno-1374	QO	vclaim-sno-cheesecake-factory-closing-rumor	1	55.188313685514544	SimBa
tweet-sno-1374	QO	vclaim-sno-taco-bell-closing	1	37.584004453325974	SimBa
tweet-sno-1374	QO	vclaim-sno-subway-pizza-hut-closing	1	37.00300372512502	SimBa
tweet-sno-1374	QO	vclaim-sno-whataburger-closing-its-doors	1	34.79221280225752	SimBa
tweet-sno-1374	QO	vclaim-sno-red-lobster-closing	1	34.423896030034236	SimBa
tweet-sno-1375	QO	vclaim-sno-cheesecake-factory-closing-rumor	1	38.980045843995335	SimBa
tweet-sno-1375	QO	vclaim-sno-subway-pizza-hut-closing	1	25.417455865868423	SimBa
tweet-sno-1375	QO	vclaim-sno-cheesecake-factory-receipt	1	25.089022127532516	SimBa
tweet-sno-1375	QO	vclaim-sno-cheesecake-factory-gift-card	1	25.02184582483762	SimBa
tweet-sno-1375	QO	vclaim-sno-olive-garden-closing	1	24.073374472287774	SimBa
tweet-sno-1376	QO	vclaim-sno-girl-scouts-congratulate-barrett	1	35.00096239859931	SimBa
tweet-sno-1376	QO	vclaim-sno-klobuchar-mock-buttigieg	1	30.88039824313178	SimBa
tweet-sno-1376	QO	vclaim-sno-trump-noble-prize-tweets	1	30.841299384374032	SimBa
tweet-sno-1376	QO	vclaim-sno-marjorie-taylor-greene-twitter	1	30.5275361530057	SimBa
tweet-sno-1376	QO	vclaim-sno-amy-coney-barrett	1	30.131531424938466	SimBa
tweet-sno-1377	QO	vclaim-sno-aoc-gop-sad-stupid-vanity-fair	1	39.699038794180886	SimBa
tweet-sno-1377	QO	vclaim-sno-did-aoc-say-this-about-trump	1	30.776283384266044	SimBa
tweet-sno-1377	QO	vclaim-sno-candace-owens-pelosi-capitol	1	29.91609161244394	SimBa
tweet-sno-1377	QO	vclaim-sno-aoc-trump-con-artists	1	28.4894211013378	SimBa
tweet-sno-1377	QO	vclaim-sno-tomi-lahren-biden-supporters-loot	1	27.96297451765539	SimBa
tweet-sno-1378	QO	vclaim-sno-trump-biden-assassination-shot	1	49.067164493408846	SimBa
tweet-sno-1378	QO	vclaim-sno-trump-lincoln-dishonest	1	39.32658793824322	SimBa
tweet-sno-1378	QO	vclaim-sno-isis-called-for-assassination-of-barron-trump	1	38.10289394155875	SimBa
tweet-sno-1378	QO	vclaim-sno-donald-trump-purge-slogan	1	35.67892711643914	SimBa
tweet-sno-1378	QO	vclaim-sno-twitter-cammo-trump-covid	1	35.509868143700054	SimBa
tweet-sno-1379	QO	vclaim-sno-biden-admit-voter-fraud	1	47.088337660989914	SimBa
tweet-sno-1379	QO	vclaim-sno-huckabee-letter-biden-fraud	1	39.474226640503375	SimBa
tweet-sno-1379	QO	vclaim-sno-trump-biden-vote-dumps	1	39.3341302306046	SimBa
tweet-sno-1379	QO	vclaim-sno-biden-biggest-tax-increase	1	38.409311148933206	SimBa
tweet-sno-1379	QO	vclaim-sno-simple-math-on-biden-votes	1	37.220014339062644	SimBa
tweet-sno-1380	QO	vclaim-sno-biden-tweet-pandemic	1	41.14147157598575	SimBa
tweet-sno-1380	QO	vclaim-sno-2009-trump-tweet-pandemic	1	39.06883957293741	SimBa
tweet-sno-1380	QO	vclaim-sno-trump-tweet-obama-8-years	1	38.39728297987841	SimBa
tweet-sno-1380	QO	vclaim-sno-listen-to-scientists	1	36.75244592636343	SimBa
tweet-sno-1380	QO	vclaim-sno-experts-officials-pandemic-2018	1	36.52320631177206	SimBa
tweet-sno-1381	QO	vclaim-sno-merriam-webster-barrett-sexual	1	42.59971933062374	SimBa
tweet-sno-1381	QO	vclaim-sno-fascism-corporations-corporatism-dictionary	1	30.641304428868796	SimBa
tweet-sno-1381	QO	vclaim-sno-merriam-webster-definition-racism	1	30.237517478833603	SimBa
tweet-sno-1381	QO	vclaim-sno-irregardless-merriam-webster	1	30.00752793184656	SimBa
tweet-sno-1381	QO	vclaim-sno-only-fans-reverses-ban-sexually-explicit	1	28.6431140994652	SimBa
tweet-sno-1382	QO	vclaim-sno-biden-trump-xenophobic	1	35.93026664720492	SimBa
tweet-sno-1382	QO	vclaim-sno-fake-aoc-purge-tweet	1	35.433256726659664	SimBa
tweet-sno-1382	QO	vclaim-sno-joe-biden-n-word-recorded-speech	1	35.42676660321487	SimBa
tweet-sno-1382	QO	vclaim-sno-black-americans-super-predators	1	35.06335508982071	SimBa
tweet-sno-1382	QO	vclaim-sno-biden-trump-dregs-society	1	34.419424352993104	SimBa
tweet-sno-1383	QO	vclaim-sno-mitch-mcconnells-hands	1	40.58923561976493	SimBa
tweet-sno-1383	QO	vclaim-sno-mcconnell-voting-photobomb	1	27.464384773217645	SimBa
tweet-sno-1383	QO	vclaim-sno-did-c-span-insult-mitch-mcconnell	1	26.547477309023968	SimBa
tweet-sno-1383	QO	vclaim-sno-supreme-court-flip-flop	1	26.37378940464285	SimBa
tweet-sno-1383	QO	vclaim-sno-mcconnell-democrats-no-victories	1	25.61034828694535	SimBa
tweet-sno-1384	QO	vclaim-sno-nurse-gop-convention-shooting	1	40.37073365433969	SimBa
tweet-sno-1384	QO	vclaim-sno-blm-deputies-compton	1	30.606736881928374	SimBa
tweet-sno-1384	QO	vclaim-sno-police-arrest-jesus-campos	1	29.909965788580585	SimBa
tweet-sno-1384	QO	vclaim-sno-alabama-nurse-covid	1	29.71350956563134	SimBa
tweet-sno-1384	QO	vclaim-sno-margaret-keenan-covid-vaccine	1	29.549385830886564	SimBa
tweet-sno-1385	QO	vclaim-sno-jane-fonda-covid-gods-gift	1	64.87043122698856	SimBa
tweet-sno-1385	QO	vclaim-sno-biden-admit-voter-fraud	1	40.11198971938633	SimBa
tweet-sno-1385	QO	vclaim-sno-fake-aoc-purge-tweet	1	40.10040751189607	SimBa
tweet-sno-1385	QO	vclaim-sno-biden-muslim-ad	1	39.35625636861642	SimBa
tweet-sno-1385	QO	vclaim-sno-greene-biden-mark-of-the-beast	1	39.268955020817515	SimBa
tweet-sno-1386	QO	vclaim-sno-biden-ban-fracking	1	49.54220726090702	SimBa
tweet-sno-1386	QO	vclaim-sno-biden-trump-xenophobic	1	42.228436770793586	SimBa
tweet-sno-1386	QO	vclaim-sno-trump-biden-assassination-shot	1	40.688977061968885	SimBa
tweet-sno-1386	QO	vclaim-sno-trump-executive-order-biden	1	40.58323606403011	SimBa
tweet-sno-1386	QO	vclaim-sno-biden-admit-voter-fraud	1	38.732567710948715	SimBa
tweet-sno-1387	QO	vclaim-sno-kennedy-nixon-virtual-debate-1960	1	36.53878328624057	SimBa
tweet-sno-1387	QO	vclaim-sno-kanye-west-elon-musk	1	30.979238688509994	SimBa
tweet-sno-1387	QO	vclaim-sno-diamond-silk-gop-convention	1	30.03561684613609	SimBa
tweet-sno-1387	QO	vclaim-sno-home-alone-world-trade-center	1	29.850184754114416	SimBa
tweet-sno-1387	QO	vclaim-sno-the-wire	1	29.59649258351203	SimBa
tweet-sno-1388	QO	vclaim-sno-karen-pence-mask-debate	1	36.30397803199185	SimBa
tweet-sno-1388	QO	vclaim-sno-donald-trump-purge-slogan	1	29.587715764175282	SimBa
tweet-sno-1388	QO	vclaim-sno-boring-mike-pence	1	28.688545593296332	SimBa
tweet-sno-1388	QO	vclaim-sno-biden-admit-voter-fraud	1	28.03350562273654	SimBa
tweet-sno-1388	QO	vclaim-sno-huckabee-letter-biden-fraud	1	27.398697882443358	SimBa
tweet-sno-1389	QO	vclaim-sno-trump-sign-hollywood-los-angeles	1	47.21195280156411	SimBa
tweet-sno-1389	QO	vclaim-sno-trump-christ-billboard-st-louis	1	33.33406828294946	SimBa
tweet-sno-1389	QO	vclaim-sno-god-bows-down-trump-sign	1	31.97205733951907	SimBa
tweet-sno-1389	QO	vclaim-sno-trump-flag-american-flag-capitol	1	31.47666742999703	SimBa
tweet-sno-1389	QO	vclaim-sno-41999-and-change	1	30.180311263233794	SimBa
tweet-sno-1390	QO	vclaim-sno-kamala-harris-protests	1	48.07060376549201	SimBa
tweet-sno-1390	QO	vclaim-sno-tomi-lahren-biden-supporters-loot	1	38.51205518211522	SimBa
tweet-sno-1390	QO	vclaim-sno-fake-aoc-purge-tweet	1	35.283185377157785	SimBa
tweet-sno-1390	QO	vclaim-sno-antifa-flyer-trump-supporters	1	34.282365695465806	SimBa
tweet-sno-1390	QO	vclaim-sno-virginia-gun-rally-staged	1	34.23289558932224	SimBa
tweet-sno-1391	QO	vclaim-sno-biden-trump-dregs-society	1	58.1962800829245	SimBa
tweet-sno-1391	QO	vclaim-sno-biden-trump-xenophobic	1	49.142407210856824	SimBa
tweet-sno-1391	QO	vclaim-sno-biden-troops-stupid-bastards	1	42.73045816158937	SimBa
tweet-sno-1391	QO	vclaim-sno-listen-to-scientists	1	42.6520055260669	SimBa
tweet-sno-1391	QO	vclaim-sno-biden-doocy-stupid-bitch	1	41.36052511418378	SimBa
tweet-sno-1392	QO	vclaim-sno-biden-pandemic-black-women-grocery	1	42.71876730404932	SimBa
tweet-sno-1392	QO	vclaim-sno-biden-black-man-invented-lightbulb	1	27.416522261381544	SimBa
tweet-sno-1392	QO	vclaim-sno-biden-kenosha-black-looting	1	26.570714641743457	SimBa
tweet-sno-1392	QO	vclaim-sno-biden-black-athletes-green-mile	1	26.552669142954556	SimBa
tweet-sno-1392	QO	vclaim-sno-biden-antifa-courageous-americans	1	26.136922356042312	SimBa
tweet-sno-1393	QO	vclaim-sno-clinton-mccabe-donation	1	43.95066732427789	SimBa
tweet-sno-1393	QO	vclaim-sno-fbi-illegal-wiretap-trump-apology	1	33.875670949902926	SimBa
tweet-sno-1393	QO	vclaim-sno-impeachment-consulting-fees	1	32.121817448353866	SimBa
tweet-sno-1393	QO	vclaim-sno-comey-clinton-foundation	1	31.660378491473235	SimBa
tweet-sno-1393	QO	vclaim-sno-trump-obama-plane	1	31.544755226430823	SimBa
tweet-sno-1394	QO	vclaim-sno-gay-men-proud-boys-hashtag	1	33.9502157717457	SimBa
tweet-sno-1394	QO	vclaim-sno-condom-snorting-challenge	1	26.709931279828062	SimBa
tweet-sno-1394	QO	vclaim-sno-benadryl-challenge-tiktok-overdose	1	25.63858186972655	SimBa
tweet-sno-1394	QO	vclaim-sno-gay-jesus-film	1	25.31387788156026	SimBa
tweet-sno-1394	QO	vclaim-sno-facebook-greatest-gift-group	1	25.281089589633435	SimBa
tweet-sno-1395	QO	vclaim-sno-gay-men-proud-boys-hashtag	1	43.86411703290773	SimBa
tweet-sno-1395	QO	vclaim-sno-republican-dean-browning-gay	1	30.397167927034147	SimBa
tweet-sno-1395	QO	vclaim-sno-biden-antifa-courageous-americans	1	29.384479503304746	SimBa
tweet-sno-1395	QO	vclaim-sno-stop-the-steal-gay-communists	1	26.749665284963267	SimBa
tweet-sno-1395	QO	vclaim-sno-antifa-flyer-trump-supporters	1	26.67628710293687	SimBa
tweet-sno-1396	QO	vclaim-sno-bikers-trump-praying-walter-reed	1	41.8205249134994	SimBa
tweet-sno-1396	QO	vclaim-sno-photograph-shows-100000-bikers-at-trump-rally	1	36.69506177977007	SimBa
tweet-sno-1396	QO	vclaim-sno-motorcycle-group-trump-inauguration	1	36.446229565965815	SimBa
tweet-sno-1396	QO	vclaim-sno-bikers-kavanaugh-support-video	1	34.42024748343822	SimBa
tweet-sno-1396	QO	vclaim-sno-trump-cruz-rally-photo	1	33.09825934815455	SimBa
tweet-sno-1397	QO	vclaim-sno-trump-covid-fundraising	1	39.86082752242879	SimBa
tweet-sno-1397	QO	vclaim-sno-trump-campaign-september-31	1	37.657981400875165	SimBa
tweet-sno-1397	QO	vclaim-sno-trump-army-fundraising-email	1	34.13132186314086	SimBa
tweet-sno-1397	QO	vclaim-sno-trump-twitter-search-loser	1	31.88055353379589	SimBa
tweet-sno-1397	QO	vclaim-sno-vote-for-trump-or-else	1	31.686001518808137	SimBa
tweet-sno-1398	QO	vclaim-sno-amy-coney-barrett-rhodes-scholar	1	43.196751824817035	SimBa
tweet-sno-1398	QO	vclaim-sno-trump-healthcare-lesley-stahl	1	34.27284629489374	SimBa
tweet-sno-1398	QO	vclaim-sno-amy-coney-barrett	1	33.68203996637554	SimBa
tweet-sno-1398	QO	vclaim-sno-mcenany-obama-hut-tweet	1	30.92662002726305	SimBa
tweet-sno-1398	QO	vclaim-sno-girl-scouts-congratulate-barrett	1	30.448865224636712	SimBa
tweet-sno-1399	QO	vclaim-sno-biden-fail-condemn-antifa	1	36.698360509176325	SimBa
tweet-sno-1399	QO	vclaim-sno-biden-antifa-courageous-americans	1	36.33355305033564	SimBa
tweet-sno-1399	QO	vclaim-sno-antifa-flyer-trump-supporters	1	32.30462060201271	SimBa
tweet-sno-1399	QO	vclaim-sno-trump-condemn-white-supremacists	1	31.733383345678714	SimBa
tweet-sno-1399	QO	vclaim-sno-kamala-harris-protests	1	31.718136591337814	SimBa
tweet-sno-1400	QO	vclaim-sno-trump-condemn-white-supremacists	1	41.58900708689534	SimBa
tweet-sno-1400	QO	vclaim-sno-trump-fail-to-denounce-qanon	1	30.73534363444624	SimBa
tweet-sno-1400	QO	vclaim-sno-biden-fail-condemn-antifa	1	29.762311241006813	SimBa
tweet-sno-1400	QO	vclaim-sno-iowa-congressman-retweet-white-supremacist	1	29.245461429507408	SimBa
tweet-sno-1400	QO	vclaim-sno-trump-beto-crowds-el-paso-victims	1	29.157918358188972	SimBa
tweet-sno-1401	QO	vclaim-sno-bloomberg-buy-trump-debt	1	33.434241411595856	SimBa
tweet-sno-1401	QO	vclaim-sno-michael-bloomberg-donald-trump	1	33.39551033610799	SimBa
tweet-sno-1401	QO	vclaim-sno-bloomberg-pay-florida-felons-vote	1	32.930418005442256	SimBa
tweet-sno-1401	QO	vclaim-sno-did-joe-frazier-vote-pa	1	32.28938216222343	SimBa
tweet-sno-1401	QO	vclaim-sno-biden-admit-voter-fraud	1	31.4204067478924	SimBa
