tweet-sno-1200	QO	vclaim-sno-oreos-fake-tweet	1	42.35812840705562	SimBa
tweet-sno-1200	QO	vclaim-sno-lady-gaga-ex-boyfriend-quote	1	41.488470587054984	SimBa
tweet-sno-1200	QO	vclaim-sno-bin-laden-singing-poker-face	1	41.26292095888439	SimBa
tweet-sno-1200	QO	vclaim-sno-lady-gaga	1	39.51602401920056	SimBa
tweet-sno-1200	QO	vclaim-sno-hands-up-don39t-scoop	1	38.300697860140296	SimBa
tweet-sno-1201	QO	vclaim-sno-mcconnell-democrats-no-victories	1	67.05354411719122	SimBa
tweet-sno-1201	QO	vclaim-sno-biden-executive-order-dictator	1	65.81036429804439	SimBa
tweet-sno-1201	QO	vclaim-sno-mitch-mcconnell-one-of-my-proudest-moments	1	60.23325448345663	SimBa
tweet-sno-1201	QO	vclaim-sno-biden-120-years	1	59.53676679249321	SimBa
tweet-sno-1201	QO	vclaim-sno-supreme-court-flip-flop	1	59.42619616043354	SimBa
tweet-sno-1202	QO	vclaim-sno-biden-executive-order-dictator	1	48.27896136422951	SimBa
tweet-sno-1202	QO	vclaim-sno-trump-order-popular-vote-winner	1	43.31584725887091	SimBa
tweet-sno-1202	QO	vclaim-sno-patrick-henry-constitution-quote	1	42.303676282145766	SimBa
tweet-sno-1202	QO	vclaim-sno-bloc-the-vote	1	41.381143805289945	SimBa
tweet-sno-1202	QO	vclaim-sno-audit-the-vote	1	41.15077880864524	SimBa
tweet-sno-1203	QO	vclaim-sno-weis-markets-ban-american-flag	1	54.12634681268011	SimBa
tweet-sno-1203	QO	vclaim-sno-rosanne-boyland-trampled-flag	1	47.493267793287465	SimBa
tweet-sno-1203	QO	vclaim-sno-swastika-flag-trump-pence-michigan	1	47.13472668244643	SimBa
tweet-sno-1203	QO	vclaim-sno-farmers-protest-india-flag	1	46.625254026577444	SimBa
tweet-sno-1203	QO	vclaim-sno-peotone-high-school-flag-ban	1	45.44516940774018	SimBa
tweet-sno-1204	QO	vclaim-sno-biden-bans-china-virus	1	85.44763511362969	SimBa
tweet-sno-1204	QO	vclaim-sno-biden-violate-mask-mandate	1	64.94583647827704	SimBa
tweet-sno-1204	QO	vclaim-sno-trump-executive-order-biden	1	61.42585976813615	SimBa
tweet-sno-1204	QO	vclaim-sno-biden-abortion-exec-order	1	61.315593435198366	SimBa
tweet-sno-1204	QO	vclaim-sno-biden-executive-order-dictator	1	60.5779520813824	SimBa
tweet-sno-1205	QO	vclaim-sno-trump-office-former-president	1	66.5149903502255	SimBa
tweet-sno-1205	QO	vclaim-sno-trump-covid-19-vaccination	1	64.27600268564612	SimBa
tweet-sno-1205	QO	vclaim-sno-oval-office-fumigated-after-trump	1	61.66715502575914	SimBa
tweet-sno-1205	QO	vclaim-sno-obamas-vacation-scam	1	61.03927879277781	SimBa
tweet-sno-1205	QO	vclaim-sno-white-house-comment-shutdown	1	60.785946248803015	SimBa
tweet-sno-1206	QO	vclaim-sno-trump-office-former-president	1	67.54520240217306	SimBa
tweet-sno-1206	QO	vclaim-sno-white-house-comment-shutdown	1	59.65945427208157	SimBa
tweet-sno-1206	QO	vclaim-sno-jared-kushner-tweets-deleted	1	58.358619879339145	SimBa
tweet-sno-1206	QO	vclaim-sno-trump-obama-golf	1	58.053931847858955	SimBa
tweet-sno-1206	QO	vclaim-sno-obama-first-ex-president-criticize-successor	1	56.99388777901946	SimBa
tweet-sno-1207	QO	vclaim-sno-cocaine-smuggled-in-bananas	1	46.812186930115274	SimBa
tweet-sno-1207	QO	vclaim-sno-meth-ebola-contamination	1	45.00241876115347	SimBa
tweet-sno-1207	QO	vclaim-sno-mule-dear	1	44.1159285437915	SimBa
tweet-sno-1207	QO	vclaim-sno-kushland-signature	1	42.52991722480468	SimBa
tweet-sno-1207	QO	vclaim-sno-heroin-sweetarts	1	42.3781398406642	SimBa
tweet-sno-1208	QO	vclaim-sno-national-guard-parking-garage	1	57.36360499148303	SimBa
tweet-sno-1208	QO	vclaim-sno-national-guard-biden-motorcade	1	52.72185816248787	SimBa
tweet-sno-1208	QO	vclaim-sno-friday-mornings-at-the-pentagon	1	52.05382682175483	SimBa
tweet-sno-1208	QO	vclaim-sno-mccain-carried-air-force-two	1	50.86951016327516	SimBa
tweet-sno-1208	QO	vclaim-sno-president-biden-flags-removed-oval	1	48.819081510513975	SimBa
tweet-sno-1209	QO	vclaim-sno-schumer-tweet-china-travel	1	61.93362654723423	SimBa
tweet-sno-1209	QO	vclaim-sno-trump-letter-schumer	1	61.820061445837126	SimBa
tweet-sno-1209	QO	vclaim-sno-amy-schumer-arrested	1	58.578723045312046	SimBa
tweet-sno-1209	QO	vclaim-sno-sarah-palin-lewd-comments	1	55.36209832992939	SimBa
tweet-sno-1209	QO	vclaim-sno-bernie-sanders-responds-to-critical-trump-tweet	1	53.86327025351127	SimBa
tweet-sno-1210	QO	vclaim-sno-schumer-erection-senate-floor	1	52.784302248363815	SimBa
tweet-sno-1210	QO	vclaim-sno-did-john-mccain-accidentally-vote-no-on-aca-repeal	1	43.19594189453259	SimBa
tweet-sno-1210	QO	vclaim-sno-sarah-palin-lewd-comments	1	42.837773059724405	SimBa
tweet-sno-1210	QO	vclaim-sno-presidential-erection	1	42.51476219845394	SimBa
tweet-sno-1210	QO	vclaim-sno-trump-tweets-photo-genitals	1	41.05628236699916	SimBa
tweet-sno-1211	QO	vclaim-sno-schumer-erection-senate-floor	1	68.07730498910813	SimBa
tweet-sno-1211	QO	vclaim-sno-trump-letter-schumer	1	60.231059836883816	SimBa
tweet-sno-1211	QO	vclaim-sno-rick-wiles-trump-impeachment	1	57.85701694397874	SimBa
tweet-sno-1211	QO	vclaim-sno-tulsi-gabbard-impeachment-vote	1	57.36855019525369	SimBa
tweet-sno-1211	QO	vclaim-sno-mcconnell-trump-attack-capitol	1	54.979375812672224	SimBa
tweet-sno-1212	QO	vclaim-sno-presidential-erection	1	43.14867066563863	SimBa
tweet-sno-1212	QO	vclaim-sno-us-government-subsidize-viagra	1	38.13985301655084	SimBa
tweet-sno-1212	QO	vclaim-sno-kentucky-bill-wives-permission-viagra	1	38.00633212249305	SimBa
tweet-sno-1212	QO	vclaim-sno-sarah-palin-lewd-comments	1	36.82723878266674	SimBa
tweet-sno-1212	QO	vclaim-sno-adam-schiff-settle-claim	1	36.68153390621749	SimBa
tweet-sno-1213	QO	vclaim-sno-leftist-activists-statue-theodore-roosevelt	1	56.93765271629272	SimBa
tweet-sno-1213	QO	vclaim-sno-obama-white-house-statue	1	49.51117056604804	SimBa
tweet-sno-1213	QO	vclaim-sno-shaun-king-jesus-statue	1	47.43006995523829	SimBa
tweet-sno-1213	QO	vclaim-sno-golden-trump-statue-cpac	1	47.25973991261676	SimBa
tweet-sno-1213	QO	vclaim-sno-obama-to-remove-statue-of-liberty-because-it-offends-muslims	1	46.984659863315514	SimBa
tweet-sno-1214	QO	vclaim-sno-schumer-erection-senate-floor	1	53.46780385954373	SimBa
tweet-sno-1214	QO	vclaim-sno-amy-schumer-arrested	1	45.81841368528281	SimBa
tweet-sno-1214	QO	vclaim-sno-biden-120-years	1	45.28755772358558	SimBa
tweet-sno-1214	QO	vclaim-sno-schumer-500k-donation	1	44.1441699017967	SimBa
tweet-sno-1214	QO	vclaim-sno-bernie-sanders-fdr-and-contested-conventions	1	43.729731780576486	SimBa
tweet-sno-1215	QO	vclaim-sno-bernice-king-mlk-day-instagram	1	74.98268336262925	SimBa
tweet-sno-1215	QO	vclaim-sno-sanders-mlk-selma-march	1	58.112292668081864	SimBa
tweet-sno-1215	QO	vclaim-sno-video-mlk-republican	1	55.629625459730725	SimBa
tweet-sno-1215	QO	vclaim-sno-obama-malcolm-x-king	1	55.25255578421018	SimBa
tweet-sno-1215	QO	vclaim-sno-do-not-rejoice-in-the-death-of-one	1	54.23465449643528	SimBa
tweet-sno-1216	QO	vclaim-sno-trump-fail-to-denounce-qanon	1	50.27013965647895	SimBa
tweet-sno-1216	QO	vclaim-sno-donald-trump-watches-gorilla-channel	1	48.104047799989694	SimBa
tweet-sno-1216	QO	vclaim-sno-trump-hotel-price-hike-march-4	1	47.99716878960672	SimBa
tweet-sno-1216	QO	vclaim-sno-trump-martial-law-imminent	1	47.55797046908614	SimBa
tweet-sno-1216	QO	vclaim-sno-eric-coomer-dominion-trump	1	47.3431031866659	SimBa
tweet-sno-1217	QO	vclaim-sno-elon-musk-illegal-immigrant	1	52.23103587161864	SimBa
tweet-sno-1217	QO	vclaim-sno-tesla-hiring-complaints-elon-musk	1	50.568196731810325	SimBa
tweet-sno-1217	QO	vclaim-sno-elon-musk-death-hoax	1	46.332773005057184	SimBa
tweet-sno-1217	QO	vclaim-sno-elon-musk-buy-facebook	1	45.91693952507361	SimBa
tweet-sno-1217	QO	vclaim-sno-elon-musk-buca-di-beppo	1	41.0648650727004	SimBa
tweet-sno-1218	QO	vclaim-sno-perfume-car-fire-ac	1	41.50429049063942	SimBa
tweet-sno-1218	QO	vclaim-sno-burn-zinc-batteries-fireplace	1	40.79561515407353	SimBa
tweet-sno-1218	QO	vclaim-sno-risk-o-inferno	1	40.59661151820515	SimBa
tweet-sno-1218	QO	vclaim-sno-cfl-bulb-fire-risk	1	40.44512185167382	SimBa
tweet-sno-1218	QO	vclaim-sno-downy-unstopables-warmer-warning	1	40.164385765531485	SimBa
tweet-sno-1219	QO	vclaim-sno-marjorie-taylor-greene-twitter	1	60.94369374186539	SimBa
tweet-sno-1219	QO	vclaim-sno-twitter-marjorie-taylor-greene	1	57.94515708813556	SimBa
tweet-sno-1219	QO	vclaim-sno-rosie-odonnell-arrested-bribery	1	56.493469832842166	SimBa
tweet-sno-1219	QO	vclaim-sno-donald-trump-threatens-arrest-alec-baldwin	1	55.999574208006976	SimBa
tweet-sno-1219	QO	vclaim-sno-snl-writer-suspended-tweet-barron	1	55.01524262485123	SimBa
tweet-sno-1220	QO	vclaim-sno-burger-king-logo-new	1	72.41555694094673	SimBa
tweet-sno-1220	QO	vclaim-sno-burger-king-admits-burgers-contain-horsemeat	1	48.339305256911736	SimBa
tweet-sno-1220	QO	vclaim-sno-yumbo-drop	1	44.18383189868751	SimBa
tweet-sno-1220	QO	vclaim-sno-subservient-chicken	1	43.3351130797613	SimBa
tweet-sno-1220	QO	vclaim-sno-levis-logo	1	42.95842906391161	SimBa
tweet-sno-1221	QO	vclaim-sno-new-york-covid-vaccine-preregister	1	48.79036882596317	SimBa
tweet-sno-1221	QO	vclaim-sno-doj-most-dangerous-vaccine	1	47.94606237579777	SimBa
tweet-sno-1221	QO	vclaim-sno-did-trump-praise-covid-19-vaccines	1	45.39969994235076	SimBa
tweet-sno-1221	QO	vclaim-sno-covid-vaccine-throw-away	1	44.73118524209965	SimBa
tweet-sno-1221	QO	vclaim-sno-is-australia-chemtrails-vaccinate-residents	1	44.70306494258936	SimBa
tweet-sno-1222	QO	vclaim-sno-trump-jr-impeached-deplorable	1	64.52329409495601	SimBa
tweet-sno-1222	QO	vclaim-sno-republican-impeached-clinton-scandal	1	60.20296264529925	SimBa
tweet-sno-1222	QO	vclaim-sno-newsweek-report-trump-impeachment	1	59.16476275996363	SimBa
tweet-sno-1222	QO	vclaim-sno-has-the-process-to-impeach-donald-trump-begun	1	59.01742139479368	SimBa
tweet-sno-1222	QO	vclaim-sno-trump-impeach-market-crash	1	58.48187726641413	SimBa
tweet-sno-1223	QO	vclaim-sno-armie-hammer-cannibal-lifestyle	1	56.51723394196747	SimBa
tweet-sno-1223	QO	vclaim-sno-cannibals-arrested-florida	1	36.49640866322083	SimBa
tweet-sno-1223	QO	vclaim-sno-woman-stabs-boyfriend-for-having-sex-with-a-turkey-carcass	1	34.99396575265181	SimBa
tweet-sno-1223	QO	vclaim-sno-john-podesta-spirit-cooking	1	34.9844035522431	SimBa
tweet-sno-1223	QO	vclaim-sno-cheating-husband-castration	1	34.76279800690949	SimBa
tweet-sno-1224	QO	vclaim-sno-puerto-rico-shirt-harassment	1	42.645015639235865	SimBa
tweet-sno-1224	QO	vclaim-sno-jefferson-davis-statue-barack-obama	1	42.55464798192594	SimBa
tweet-sno-1224	QO	vclaim-sno-budweiser-tribute	1	42.11878842154777	SimBa
tweet-sno-1224	QO	vclaim-sno-little-timmy-facebook-flag	1	41.793436359449096	SimBa
tweet-sno-1224	QO	vclaim-sno-indian-flag-capitol-riots	1	41.40778246919972	SimBa
tweet-sno-1225	QO	vclaim-sno-syringe-cakes	1	56.727687314858656	SimBa
tweet-sno-1225	QO	vclaim-sno-lolli-pox	1	37.11126553086457	SimBa
tweet-sno-1225	QO	vclaim-sno-baguette-knives-paris-protests	1	36.5774314401074	SimBa
tweet-sno-1225	QO	vclaim-sno-turkish-snack-bar-paralysis-tablet	1	35.960779747189676	SimBa
tweet-sno-1225	QO	vclaim-sno-ceo-biontech-refuse-vaccine	1	35.95936513834592	SimBa
tweet-sno-1226	QO	vclaim-sno-trump-carved-manatees-back	1	48.96693682257076	SimBa
tweet-sno-1226	QO	vclaim-sno-florida-invasive-species	1	48.094888761012214	SimBa
tweet-sno-1226	QO	vclaim-sno-trump-saved-two-cats-after-hurricane-harvey	1	45.72261634104364	SimBa
tweet-sno-1226	QO	vclaim-sno-trump-cecil-lion-wildlife-conservation-council	1	45.097111638552875	SimBa
tweet-sno-1226	QO	vclaim-sno-islamberg-raid	1	44.9393872262833	SimBa
tweet-sno-1227	QO	vclaim-sno-trumps-rnc-speech-plagiarized-hitler	1	56.296094709629976	SimBa
tweet-sno-1227	QO	vclaim-sno-trump-hitler-mein-kampf	1	54.6868910378835	SimBa
tweet-sno-1227	QO	vclaim-sno-trump-hitler-heritage-tweet	1	52.963050411101506	SimBa
tweet-sno-1227	QO	vclaim-sno-make-germany-great-again	1	52.932592876459495	SimBa
tweet-sno-1227	QO	vclaim-sno-adolf-hitler-smashing-the-nucleus	1	51.81260324412945	SimBa
tweet-sno-1228	QO	vclaim-sno-mary-miller-hitler	1	55.57669809727548	SimBa
tweet-sno-1228	QO	vclaim-sno-adolf-hitler-smashing-the-nucleus	1	48.00737978173666	SimBa
tweet-sno-1228	QO	vclaim-sno-fascists-called-anti-fascists-quote	1	44.06057161273188	SimBa
tweet-sno-1228	QO	vclaim-sno-liselotte-hubner-donald-trump	1	44.04262627037717	SimBa
tweet-sno-1228	QO	vclaim-sno-david-hogg-generations-before-us	1	43.433076301323645	SimBa
tweet-sno-1229	QO	vclaim-sno-capitol-riot-no-fly-list	1	47.981034963514844	SimBa
tweet-sno-1229	QO	vclaim-sno-islamberg-raid	1	43.36649103137078	SimBa
tweet-sno-1229	QO	vclaim-sno-obama-force-fbi-delete-500000-fugitives	1	42.072265395359224	SimBa
tweet-sno-1229	QO	vclaim-sno-22-clinton-foundation-employees-arrested	1	41.777208431184775	SimBa
tweet-sno-1229	QO	vclaim-sno-dems-indictments-barr-query	1	41.656232920855004	SimBa
tweet-sno-1230	QO	vclaim-sno-lethal-indirection	1	53.367263663738754	SimBa
tweet-sno-1230	QO	vclaim-sno-getting-the-hang-of-it	1	52.216852270733746	SimBa
tweet-sno-1230	QO	vclaim-sno-capitol-riot-taser-death	1	47.42276792153371	SimBa
tweet-sno-1230	QO	vclaim-sno-selfie-taken-dead-coworker	1	44.141406139419544	SimBa
tweet-sno-1230	QO	vclaim-sno-meth-lab-explosion-gas	1	43.97007416457899	SimBa
tweet-sno-1231	QO	vclaim-sno-can-you-hear-me-scam	1	44.88101132746208	SimBa
tweet-sno-1231	QO	vclaim-sno-joni-ernst-covid-hoax-mask-doctors	1	39.581247098197615	SimBa
tweet-sno-1231	QO	vclaim-sno-mobile-phone-sim-card-swap	1	38.98759881204856	SimBa
tweet-sno-1231	QO	vclaim-sno-are-thieves-stealing-license-plates-in-a-carjacking-scheme	1	36.55413736542321	SimBa
tweet-sno-1231	QO	vclaim-sno-new-medicare-card-scam	1	36.39930086249723	SimBa
tweet-sno-1232	QO	vclaim-sno-warnock-arrested-capitol-praying	1	59.018530941772454	SimBa
tweet-sno-1232	QO	vclaim-sno-aoc-capitol-attack	1	58.64327960934222	SimBa
tweet-sno-1232	QO	vclaim-sno-capitol-riot-mace-police	1	57.08094268173196	SimBa
tweet-sno-1232	QO	vclaim-sno-newspaper-rioters-photo-antifa	1	56.287586441838414	SimBa
tweet-sno-1232	QO	vclaim-sno-rioters-capitol-flagpole	1	55.55869142450997	SimBa
tweet-sno-1233	QO	vclaim-sno-truckers-strike-thanksgiving	1	56.44142008581788	SimBa
tweet-sno-1233	QO	vclaim-sno-harlan-hill-eat-shoe-biden-won	1	55.57321066584555	SimBa
tweet-sno-1233	QO	vclaim-sno-tomi-lahren-biden-supporters-loot	1	55.48144196293428	SimBa
tweet-sno-1233	QO	vclaim-sno-biden-trump-dregs-society	1	52.971954778174556	SimBa
tweet-sno-1233	QO	vclaim-sno-fake-aoc-purge-tweet	1	51.971552380403665	SimBa
tweet-sno-1234	QO	vclaim-sno-get-out-the-vote	1	58.90092495615137	SimBa
tweet-sno-1234	QO	vclaim-sno-military-absentee-ballots-clinton	1	56.04395432941149	SimBa
tweet-sno-1234	QO	vclaim-sno-clinton-votes-found-in-warehouse	1	55.73859821864266	SimBa
tweet-sno-1234	QO	vclaim-sno-maryland-refusing-electoral-college	1	55.2288064874563	SimBa
tweet-sno-1234	QO	vclaim-sno-millions-mail-in-ballots	1	54.5454428360026	SimBa
tweet-sno-1235	QO	vclaim-sno-two-women-save-electoral-votes	1	45.691686873181794	SimBa
tweet-sno-1235	QO	vclaim-sno-failed-impeachment-nullify-term	1	39.926084292316055	SimBa
tweet-sno-1235	QO	vclaim-sno-violence-against-women-act-vote	1	39.91269336828312	SimBa
tweet-sno-1235	QO	vclaim-sno-trump-georgia-runoff	1	39.68171731730774	SimBa
tweet-sno-1235	QO	vclaim-sno-all-female-senate-snowstorm	1	37.56865580850204	SimBa
tweet-sno-1236	QO	vclaim-sno-trump-riot-camp-auschwitz-shirt	1	48.33974991715526	SimBa
tweet-sno-1236	QO	vclaim-sno-amazon-auschwitz-decorations	1	44.376122439415255	SimBa
tweet-sno-1236	QO	vclaim-sno-gay-prisoners-germany-wwii	1	42.85267157855506	SimBa
tweet-sno-1236	QO	vclaim-sno-proud-boy-6mwe	1	42.81015423988583	SimBa
tweet-sno-1236	QO	vclaim-sno-are-children-being-assigned-numbers	1	41.13113446314907	SimBa
tweet-sno-1237	QO	vclaim-sno-raz-simone-guns	1	51.92339453365358	SimBa
tweet-sno-1237	QO	vclaim-sno-aoc-capitol-attack	1	51.271771889050285	SimBa
tweet-sno-1237	QO	vclaim-sno-police-hold-hand-trump-riot	1	45.50317073818238	SimBa
tweet-sno-1237	QO	vclaim-sno-capitol-riot-no-fly-list	1	42.22677539361916	SimBa
tweet-sno-1237	QO	vclaim-sno-ocasio-cortez-gun-rights-quote	1	40.33972555678345	SimBa
tweet-sno-1238	QO	vclaim-sno-elizabeth-knoxville-onion-towel	1	45.282298051465	SimBa
tweet-sno-1238	QO	vclaim-sno-tomi-lahren-tear-gas	1	41.59653524339366	SimBa
tweet-sno-1238	QO	vclaim-sno-trump-stage-chrissy-teigen	1	39.8655314959677	SimBa
tweet-sno-1238	QO	vclaim-sno-cornea-cope-eee-ah	1	39.659922695926	SimBa
tweet-sno-1238	QO	vclaim-sno-whoopi-goldberg-wears-violent-trump-shirt	1	38.60493364295907	SimBa
tweet-sno-1239	QO	vclaim-sno-california-unlawful-ballots	1	46.78050763258279	SimBa
tweet-sno-1239	QO	vclaim-sno-20000-dead-voters-in-pennsylvania	1	46.55608295276102	SimBa
tweet-sno-1239	QO	vclaim-sno-pennsylvania-judge-legal-win-trump	1	45.41208913168276	SimBa
tweet-sno-1239	QO	vclaim-sno-absentee-ballot-fraud-heritage	1	44.58838921534498	SimBa
tweet-sno-1239	QO	vclaim-sno-federal-judge-nullify-pa-election-results-wide-scale-voter-fraud	1	44.17098421572978	SimBa
tweet-sno-1240	QO	vclaim-sno-national-guard-trump-mob	1	83.13426394944979	SimBa
tweet-sno-1240	QO	vclaim-sno-lincoln-memorial-defaced-protesters	1	77.61275061170359	SimBa
tweet-sno-1240	QO	vclaim-sno-attempted-robbery-target-field	1	72.47524658458873	SimBa
tweet-sno-1240	QO	vclaim-sno-911-wwii-memorial-vandalized	1	67.29334629974755	SimBa
tweet-sno-1240	QO	vclaim-sno-racist-protesters-protected-black-policeman	1	64.90263050667838	SimBa
tweet-sno-1241	QO	vclaim-sno-trump-threaten-federal-buildings	1	71.05407190580212	SimBa
tweet-sno-1241	QO	vclaim-sno-confederate-soldiers-veterans	1	54.56229772841947	SimBa
tweet-sno-1241	QO	vclaim-sno-robert-e-lee-statue-spraypainted	1	54.536596965498255	SimBa
tweet-sno-1241	QO	vclaim-sno-lincoln-bust-vandalized-confederate	1	53.81912060161418	SimBa
tweet-sno-1241	QO	vclaim-sno-pallets-of-bricks-protest-sites	1	53.66452650480935	SimBa
tweet-sno-1242	QO	vclaim-sno-twitter-shutting-down-in-2017	1	53.69678646405925	SimBa
tweet-sno-1242	QO	vclaim-sno-removing-latest-tweets	1	51.20211048624601	SimBa
tweet-sno-1242	QO	vclaim-sno-twitter-dislike-button	1	47.29189369470965	SimBa
tweet-sno-1242	QO	vclaim-sno-twitter-disable-engagement-trump	1	46.822561749275614	SimBa
tweet-sno-1242	QO	vclaim-sno-new-facebook-algorithm-26-friends	1	46.56932152687481	SimBa
tweet-sno-1243	QO	vclaim-sno-confederate-flag-capitol-dc	1	66.0363971986217	SimBa
tweet-sno-1243	QO	vclaim-sno-kevin-seefried-democrat-biden	1	64.56161107621318	SimBa
tweet-sno-1243	QO	vclaim-sno-aoc-confederate-flag-richmond	1	63.60561502814858	SimBa
tweet-sno-1243	QO	vclaim-sno-confederate-flag-colors-religious	1	59.23210532537666	SimBa
tweet-sno-1243	QO	vclaim-sno-trump-flag-symbol-love	1	58.986678400653844	SimBa
tweet-sno-1244	QO	vclaim-sno-confederate-flag-capitol-dc	1	56.93897568476258	SimBa
tweet-sno-1244	QO	vclaim-sno-trump-flag-symbol-love	1	55.25571058860352	SimBa
tweet-sno-1244	QO	vclaim-sno-clinton-gore-92-confederate	1	52.88889032971886	SimBa
tweet-sno-1244	QO	vclaim-sno-kevin-seefried-democrat-biden	1	51.77593052803603	SimBa
tweet-sno-1244	QO	vclaim-sno-loretta-lynch-confederate-flag-tattoos-must-all-be-removed-immediately	1	51.604791132341674	SimBa
tweet-sno-1245	QO	vclaim-sno-onlyfans-trump-ban-capitol	1	63.11189912175792	SimBa
tweet-sno-1245	QO	vclaim-sno-oval-office-trashed-capitol-riot	1	62.659108672291985	SimBa
tweet-sno-1245	QO	vclaim-sno-kevin-seefried-democrat-biden	1	61.978939430073254	SimBa
tweet-sno-1245	QO	vclaim-sno-capitol-riots-private-party	1	61.58455457823357	SimBa
tweet-sno-1245	QO	vclaim-sno-trump-national-guard-troops-hotel	1	61.458388142603624	SimBa
tweet-sno-1246	QO	vclaim-sno-cross-erected-capitol-building	1	49.28655470665046	SimBa
tweet-sno-1246	QO	vclaim-sno-guns-drawn-house-chamber	1	43.183377326006834	SimBa
tweet-sno-1246	QO	vclaim-sno-republicans-medals-capitol-police	1	40.913793114383026	SimBa
tweet-sno-1246	QO	vclaim-sno-arch-of-baal-judiciary	1	39.33198627928874	SimBa
tweet-sno-1246	QO	vclaim-sno-noose-hung-outside-capitol	1	39.31953655861287	SimBa
tweet-sno-1247	QO	vclaim-sno-cv19-vaccine-patented	1	41.3741085524443	SimBa
tweet-sno-1247	QO	vclaim-sno-chip-off-the-old-salk	1	40.826524712776056	SimBa
tweet-sno-1247	QO	vclaim-sno-canine-vaccine-covid-19	1	40.508046675623355	SimBa
tweet-sno-1247	QO	vclaim-sno-pfizer-bourla-vaccine-microchip	1	40.182510258429275	SimBa
tweet-sno-1247	QO	vclaim-sno-covid-vaccine-penis-injection	1	39.26036080489078	SimBa
tweet-sno-1248	QO	vclaim-sno-clouds-over-california-wildfires	1	41.940936667937144	SimBa
tweet-sno-1248	QO	vclaim-sno-gods-painting	1	41.31326606355874	SimBa
tweet-sno-1248	QO	vclaim-sno-abandoned-city-near-joshua-tree	1	41.28456107106474	SimBa
tweet-sno-1248	QO	vclaim-sno-does-photo-show-skull-face	1	40.103547282288254	SimBa
tweet-sno-1248	QO	vclaim-sno-rainbow-mountains-real	1	39.28253924663985	SimBa
tweet-sno-1249	QO	vclaim-sno-nepal-avalanche	1	42.76131610612386	SimBa
tweet-sno-1249	QO	vclaim-sno-gymnast-celebrate-vaccination-card	1	41.72039390357523	SimBa
tweet-sno-1249	QO	vclaim-sno-lauren-boebert-capitol-steps	1	38.29158724417609	SimBa
tweet-sno-1249	QO	vclaim-sno-clouds-over-australian-bushfires	1	37.70939656459817	SimBa
tweet-sno-1249	QO	vclaim-sno-hurricane-michael-approaching-florida	1	37.3540268991797	SimBa
tweet-sno-1250	QO	vclaim-sno-pennsylvania-205000-votes	1	73.69723678838852	SimBa
tweet-sno-1250	QO	vclaim-sno-300000-wisconsin-voters-turned-away-due-to-voter-id-laws	1	68.42085269036981	SimBa
tweet-sno-1250	QO	vclaim-sno-florida-moves-for-full-recount-of-state-votes-over-massive-voter-fraud	1	66.73126588498268	SimBa
tweet-sno-1250	QO	vclaim-sno-postal-worker-caught-destroying-absentee-trump-ballots-in-major-swing-state	1	66.15241204640527	SimBa
tweet-sno-1250	QO	vclaim-sno-12th-amendment-path-to-victory	1	64.73872381800115	SimBa
tweet-sno-1251	QO	vclaim-sno-georgia-signature-audit	1	59.759408195907426	SimBa
tweet-sno-1251	QO	vclaim-sno-ballots-lancaster-pa	1	58.64685216190577	SimBa
tweet-sno-1251	QO	vclaim-sno-georgia-ballots-likely-ineligible	1	58.42021718632013	SimBa
tweet-sno-1251	QO	vclaim-sno-georgia-runoff-residency	1	55.681752004012466	SimBa
tweet-sno-1251	QO	vclaim-sno-florida-moves-for-full-recount-of-state-votes-over-massive-voter-fraud	1	54.97979876360842	SimBa
tweet-sno-1252	QO	vclaim-sno-covid-vax-false-hiv	1	44.01885594366261	SimBa
tweet-sno-1252	QO	vclaim-sno-home-pregnancy-tests-detect-testicular-cancer	1	41.55737449937724	SimBa
tweet-sno-1252	QO	vclaim-sno-booster-after-infected-omicron	1	40.83310356600831	SimBa
tweet-sno-1252	QO	vclaim-sno-flu-vaccine-covid-buttar	1	39.39450782954833	SimBa
tweet-sno-1252	QO	vclaim-sno-hr6666-remove-covid-patients-homes	1	37.19390196118948	SimBa
tweet-sno-1253	QO	vclaim-sno-did-trump-say-he-loved-rioters	1	40.070511092651806	SimBa
tweet-sno-1253	QO	vclaim-sno-scott-walker-pizza	1	38.25033170681231	SimBa
tweet-sno-1253	QO	vclaim-sno-trump-retweets-photo-of-black-supporters	1	38.17070222486354	SimBa
tweet-sno-1253	QO	vclaim-sno-mcdonalds-supports-chick-fil-a	1	37.54348610790957	SimBa
tweet-sno-1253	QO	vclaim-sno-goya-ceo-praise-trump	1	37.330675572614666	SimBa
tweet-sno-1254	QO	vclaim-sno-the-promiscuous-cheerleader	1	40.687386831858454	SimBa
tweet-sno-1254	QO	vclaim-sno-swimming-pool-wonderful-life	1	40.666391299062695	SimBa
tweet-sno-1254	QO	vclaim-sno-student-suspended-pretending-transgender-locker-room	1	36.790341939299594	SimBa
tweet-sno-1254	QO	vclaim-sno-amazing-catch-2	1	35.896665797448165	SimBa
tweet-sno-1254	QO	vclaim-sno-girls-impregnated-swimming-in-pool	1	35.87726239927784	SimBa
tweet-sno-1255	QO	vclaim-sno-swimming-pool-wonderful-life	1	60.15163629865769	SimBa
tweet-sno-1255	QO	vclaim-sno-dandridge-drained-pool	1	41.37179198545593	SimBa
tweet-sno-1255	QO	vclaim-sno-larry-bird-say-shut-up-play	1	37.930663030895516	SimBa
tweet-sno-1255	QO	vclaim-sno-trevor-lawrence-white-house-meal	1	34.307537416104324	SimBa
tweet-sno-1255	QO	vclaim-sno-disney-matterhorn-basketball-court	1	34.25001907530141	SimBa
tweet-sno-1256	QO	vclaim-sno-kfc-gaming-console	1	32.997743663699985	SimBa
tweet-sno-1256	QO	vclaim-sno-mcdonalds-chicken-pack-serves-2	1	29.641631961435145	SimBa
tweet-sno-1256	QO	vclaim-sno-kfc-colonel-sanders-movie	1	29.27482919608161	SimBa
tweet-sno-1256	QO	vclaim-sno-headless-chicken-deep-sea	1	28.91350782344324	SimBa
tweet-sno-1256	QO	vclaim-sno-chicken-nuggets-feather-cells	1	28.809246952169687	SimBa
tweet-sno-1257	QO	vclaim-sno-jimmy-carter-jesus-homosexuality	1	48.16275329761187	SimBa
tweet-sno-1257	QO	vclaim-sno-houston-hustle	1	46.29862552243162	SimBa
tweet-sno-1257	QO	vclaim-sno-graham-buttigieg-repent	1	45.541097055775246	SimBa
tweet-sno-1257	QO	vclaim-sno-bible-constitution-difference	1	44.070620559742125	SimBa
tweet-sno-1257	QO	vclaim-sno-heterosexual-near-death-experience	1	42.90948548967698	SimBa
tweet-sno-1258	QO	vclaim-sno-joel-osteen-donald-trump	1	56.709397615370726	SimBa
tweet-sno-1258	QO	vclaim-sno-osteen-coronavirus-loan	1	50.956318270799095	SimBa
tweet-sno-1258	QO	vclaim-sno-did-ryan-osteen-house-chaplain	1	49.611045869082325	SimBa
tweet-sno-1258	QO	vclaim-sno-joel-osteen-sheeps-clothing	1	47.92202686207362	SimBa
tweet-sno-1258	QO	vclaim-sno-joel-osteen-offered-5000-exchange-revealing-gods-plan	1	46.43250247386701	SimBa
tweet-sno-1259	QO	vclaim-sno-vatican-nativity	1	60.62545021483958	SimBa
tweet-sno-1259	QO	vclaim-sno-religious-replicates	1	49.869139936323094	SimBa
tweet-sno-1259	QO	vclaim-sno-true-lies	1	49.869139936323094	SimBa
tweet-sno-1259	QO	vclaim-sno-pope-benedict-resignation	1	47.8583248324441	SimBa
tweet-sno-1259	QO	vclaim-sno-pope-francis-trump-king-herod	1	44.76552112021592	SimBa
tweet-sno-1260	QO	vclaim-sno-cyberpunk-2077-refunds	1	62.03387903182879	SimBa
tweet-sno-1260	QO	vclaim-sno-irs-scam-season	1	38.64279862834291	SimBa
tweet-sno-1260	QO	vclaim-sno-tax-refunds-late-2021	1	33.24856374048625	SimBa
tweet-sno-1260	QO	vclaim-sno-tax-defund	1	32.40682021714723	SimBa
tweet-sno-1260	QO	vclaim-sno-many-unhappy-returns	1	29.922163164861626	SimBa
tweet-sno-1261	QO	vclaim-sno-cyberpunk-2077-refunds	1	71.43889252017131	SimBa
tweet-sno-1261	QO	vclaim-sno-tax-defund	1	37.19010985923846	SimBa
tweet-sno-1261	QO	vclaim-sno-tax-refunds-late-2021	1	33.07215478970096	SimBa
tweet-sno-1261	QO	vclaim-sno-xbox-playstation-ps5-congrats	1	31.31014386499644	SimBa
tweet-sno-1261	QO	vclaim-sno-ticketmaster-negative-covid-test	1	30.9215024000565	SimBa
tweet-sno-1262	QO	vclaim-sno-biden-keystone-pipeline-find-a-job	1	41.49946163425922	SimBa
tweet-sno-1262	QO	vclaim-sno-did-china-launch-an-artificial-sun	1	35.213348930873046	SimBa
tweet-sno-1262	QO	vclaim-sno-gohmert-tooth-fall-out	1	35.074275840364876	SimBa
tweet-sno-1262	QO	vclaim-sno-sounds-of-a-sunflower	1	33.769442030586916	SimBa
tweet-sno-1262	QO	vclaim-sno-german-news-trump-nato	1	33.751046220111405	SimBa
tweet-sno-1263	QO	vclaim-sno-supreme-court-erupt-shouting-match	1	66.30298857573025	SimBa
tweet-sno-1263	QO	vclaim-sno-supreme-court-justices-stand	1	57.12857517564862	SimBa
tweet-sno-1263	QO	vclaim-sno-justice-roberts-impeachment-vote	1	54.639733829776496	SimBa
tweet-sno-1263	QO	vclaim-sno-scalia-death-penalty-quote	1	53.11948627073103	SimBa
tweet-sno-1263	QO	vclaim-sno-trump-gamble-court-case	1	51.78147935309736	SimBa
tweet-sno-1264	QO	vclaim-sno-schitts-creek-motel-seattle	1	43.166113089905636	SimBa
tweet-sno-1264	QO	vclaim-sno-the-bawdy-under-the-bed	1	42.46042738682859	SimBa
tweet-sno-1264	QO	vclaim-sno-shopping-mauled	1	41.05034746798931	SimBa
tweet-sno-1264	QO	vclaim-sno-the-hook	1	40.392604837743676	SimBa
tweet-sno-1264	QO	vclaim-sno-body-found-under-motel-bed	1	38.47428938876496	SimBa
tweet-sno-1265	QO	vclaim-sno-schitts-creek-motel-seattle	1	45.65283633907627	SimBa
tweet-sno-1265	QO	vclaim-sno-secret-room-new-york-apartment	1	42.94769457826959	SimBa
tweet-sno-1265	QO	vclaim-sno-the-hook	1	39.92932187399391	SimBa
tweet-sno-1265	QO	vclaim-sno-richard-rose-covid-face-mask	1	39.451361526938825	SimBa
tweet-sno-1265	QO	vclaim-sno-simpsons-mayor-bahamas-trip	1	37.85861982290831	SimBa
tweet-sno-1266	QO	vclaim-sno-popular-vote-totals-rigged	1	66.91585618806505	SimBa
tweet-sno-1266	QO	vclaim-sno-crook-county	1	65.40812179424702	SimBa
tweet-sno-1266	QO	vclaim-sno-virginia-vote-switch	1	60.887834268375585	SimBa
tweet-sno-1266	QO	vclaim-sno-more-votes-than-voters-in-detroit	1	59.65219587981928	SimBa
tweet-sno-1266	QO	vclaim-sno-mail-in-ballot-voter-fraud	1	59.416315992337424	SimBa
tweet-sno-1267	QO	vclaim-sno-the-north-face-refuse-jackets	1	54.838632433680935	SimBa
tweet-sno-1267	QO	vclaim-sno-embroiled-in-oil	1	40.61842865108125	SimBa
tweet-sno-1267	QO	vclaim-sno-gas-out	1	37.60114701203745	SimBa
tweet-sno-1267	QO	vclaim-sno-gas-cheaper-president-obama	1	36.822992552106996	SimBa
tweet-sno-1267	QO	vclaim-sno-barging-in	1	35.192889687008844	SimBa
tweet-sno-1268	QO	vclaim-sno-alex-jones-biden-removed	1	83.16884141725188	SimBa
tweet-sno-1268	QO	vclaim-sno-biden-18-wheeler-truck	1	66.87854867220247	SimBa
tweet-sno-1268	QO	vclaim-sno-joe-biden-beat-biden	1	65.791929377365	SimBa
tweet-sno-1268	QO	vclaim-sno-biden-covid-vaccine	1	65.75692018863529	SimBa
tweet-sno-1268	QO	vclaim-sno-biden-troops-stupid-bastards	1	64.82354345813786	SimBa
tweet-sno-1269	QO	vclaim-sno-allstate-island-real	1	46.81634364912842	SimBa
tweet-sno-1269	QO	vclaim-sno-stephanie-courtney-death-hoax	1	37.697899472438934	SimBa
tweet-sno-1269	QO	vclaim-sno-rhode-island-name-change	1	37.05480611892806	SimBa
tweet-sno-1269	QO	vclaim-sno-willy-gilligan	1	35.019222495469315	SimBa
tweet-sno-1269	QO	vclaim-sno-betsy-devos-yacht-cayman	1	31.585396072659666	SimBa
tweet-sno-1270	QO	vclaim-sno-collins-billboards-stephen-king	1	38.67111068023109	SimBa
tweet-sno-1270	QO	vclaim-sno-purple-lobster-caught-in-maine	1	32.87149210256244	SimBa
tweet-sno-1270	QO	vclaim-sno-crabzilla	1	32.22226121539323	SimBa
tweet-sno-1270	QO	vclaim-sno-moose-hunters	1	31.825047795654537	SimBa
tweet-sno-1270	QO	vclaim-sno-mcmoose	1	31.766102625752414	SimBa
tweet-sno-1271	QO	vclaim-sno-federal-holiday-christmas-eve	1	85.06962434286503	SimBa
tweet-sno-1271	QO	vclaim-sno-military-trump-60-days	1	62.2663545192107	SimBa
tweet-sno-1271	QO	vclaim-sno-fake-trump-tweet	1	61.98903933328385	SimBa
tweet-sno-1271	QO	vclaim-sno-trump-checks-to-retirees	1	61.702881719897654	SimBa
tweet-sno-1271	QO	vclaim-sno-trump-eo-vaccine-ban	1	61.325572396220196	SimBa
tweet-sno-1272	QO	vclaim-sno-disney-sister-act-3	1	56.73852322613775	SimBa
tweet-sno-1272	QO	vclaim-sno-moira-rose-home-alone	1	37.05124803811051	SimBa
tweet-sno-1272	QO	vclaim-sno-the-sopranos-ii	1	36.86365032489212	SimBa
tweet-sno-1272	QO	vclaim-sno-actor-sam-elliott-really-dead	1	35.76344148424915	SimBa
tweet-sno-1272	QO	vclaim-sno-step-brothers-2-hoax	1	35.46602806735775	SimBa
tweet-sno-1273	QO	vclaim-sno-hocus-pocus-2	1	66.7489171100208	SimBa
tweet-sno-1273	QO	vclaim-sno-beetlejuice-2-coming-soon	1	61.676537957150245	SimBa
tweet-sno-1273	QO	vclaim-sno-when-is-hocus-pocus-2-coming-out	1	59.38015222380446	SimBa
tweet-sno-1273	QO	vclaim-sno-666th-halloween	1	49.200296668263974	SimBa
tweet-sno-1273	QO	vclaim-sno-twilight-saga-moonlight-glow	1	45.18064734361668	SimBa
tweet-sno-1274	QO	vclaim-sno-chick-fil-a-long-lines-lawsuit	1	68.71955161289725	SimBa
tweet-sno-1274	QO	vclaim-sno-chick-fil-a-tiktok-nuggets-recipe	1	54.33378078891996	SimBa
tweet-sno-1274	QO	vclaim-sno-white-front	1	50.96176320990189	SimBa
tweet-sno-1274	QO	vclaim-sno-chick-fil-open-sundays	1	50.607648756053905	SimBa
tweet-sno-1274	QO	vclaim-sno-wendys-heartbreaking-announcement	1	49.7539055745108	SimBa
tweet-sno-1275	QO	vclaim-sno-costco-rotisserie-chicken-cheap	1	92.16968211955789	SimBa
tweet-sno-1275	QO	vclaim-sno-costco-coupon-scam	1	48.241762764100685	SimBa
tweet-sno-1275	QO	vclaim-sno-among-us-chicken-nugget-sale	1	47.6252585445159	SimBa
tweet-sno-1275	QO	vclaim-sno-costco-founder-kill-hotdogs	1	47.41564391456916	SimBa
tweet-sno-1275	QO	vclaim-sno-costco-lying-about-cage-free-eggs	1	45.60128547445359	SimBa
tweet-sno-1276	QO	vclaim-sno-ia-fl-oh-election-loss	1	78.91055901179406	SimBa
tweet-sno-1276	QO	vclaim-sno-won-both-ohio-florida-lost	1	71.13034650196578	SimBa
tweet-sno-1276	QO	vclaim-sno-november-6th	1	59.08677187582625	SimBa
tweet-sno-1276	QO	vclaim-sno-iowa-caucus-coin-toss	1	57.30637086245821	SimBa
tweet-sno-1276	QO	vclaim-sno-simple-math-on-biden-votes	1	55.686215069377276	SimBa
tweet-sno-1277	QO	vclaim-sno-apartment-radiator-pandemic-spread	1	69.35786424474861	SimBa
tweet-sno-1277	QO	vclaim-sno-handkerchiefs-kissing-covid	1	51.19214930940061	SimBa
tweet-sno-1277	QO	vclaim-sno-cdc-doctor-flu-shot-dead	1	46.67910263687608	SimBa
tweet-sno-1277	QO	vclaim-sno-1918-quarantine-ad-for-phone	1	43.35399232405991	SimBa
tweet-sno-1277	QO	vclaim-sno-fauci-blame-flu-deaths-1918	1	43.01528048773184	SimBa
tweet-sno-1278	QO	vclaim-sno-mcdonalds-breakfast-frozen-eggs	1	65.06168214598392	SimBa
tweet-sno-1278	QO	vclaim-sno-not-lovin39-it	1	46.79540237165154	SimBa
tweet-sno-1278	QO	vclaim-sno-mcdonalds-breakfast-exposed	1	46.24866756605995	SimBa
tweet-sno-1278	QO	vclaim-sno-should-eggs-be-refrigerated	1	46.12186952594539	SimBa
tweet-sno-1278	QO	vclaim-sno-viral-molten-copper-big-mac	1	45.61552285293753	SimBa
tweet-sno-1279	QO	vclaim-sno-gohmert-tooth-fall-out	1	77.55621029723287	SimBa
tweet-sno-1279	QO	vclaim-sno-obama-reporter-press-conference	1	46.439538413025495	SimBa
tweet-sno-1279	QO	vclaim-sno-pope-francis-kiss-ring	1	41.94029226959475	SimBa
tweet-sno-1279	QO	vclaim-sno-woman-paid-to-frame-cosby	1	38.21425432222318	SimBa
tweet-sno-1279	QO	vclaim-sno-ilhan-omar-odal-rune	1	37.86806575225947	SimBa
tweet-sno-1280	QO	vclaim-sno-biden-harris-disease-disagreed	1	91.92570713591184	SimBa
tweet-sno-1280	QO	vclaim-sno-harris-believe-biden-accusers	1	61.46019526610307	SimBa
tweet-sno-1280	QO	vclaim-sno-kamala-harris-call-biden-racist	1	61.148528903164035	SimBa
tweet-sno-1280	QO	vclaim-sno-joe-biden-beat-biden	1	60.37832418753404	SimBa
tweet-sno-1280	QO	vclaim-sno-biden-say-president-harris	1	60.111333303236044	SimBa
tweet-sno-1281	QO	vclaim-sno-indiana-jones-saxophone	1	62.91865347896576	SimBa
tweet-sno-1281	QO	vclaim-sno-equinimity	1	38.43668918315757	SimBa
tweet-sno-1281	QO	vclaim-sno-corpus-crispy	1	38.38249324830954	SimBa
tweet-sno-1281	QO	vclaim-sno-man-dressed-as-clown-shot	1	38.37123386612231	SimBa
tweet-sno-1281	QO	vclaim-sno-wrecking-ball-van	1	38.226648209866575	SimBa
tweet-sno-1282	QO	vclaim-sno-indiana-jones-saxophone	1	70.05029580488453	SimBa
tweet-sno-1282	QO	vclaim-sno-imperial-march-uk-trump	1	36.40101074208968	SimBa
tweet-sno-1282	QO	vclaim-sno-buddy-ebsen	1	33.716371075831056	SimBa
tweet-sno-1282	QO	vclaim-sno-goonies-dennis-nedry-jurassic-park	1	33.14042420398566	SimBa
tweet-sno-1282	QO	vclaim-sno-wheel-of-fortune	1	32.90441181459683	SimBa
tweet-sno-1283	QO	vclaim-sno-indiana-jones-saxophone	1	69.74923370666151	SimBa
tweet-sno-1283	QO	vclaim-sno-adam-west-orgy	1	38.33358029731251	SimBa
tweet-sno-1283	QO	vclaim-sno-man-dressed-as-clown-shot	1	37.4577667039937	SimBa
tweet-sno-1283	QO	vclaim-sno-tim-allen-mug-shot	1	36.56086587137197	SimBa
tweet-sno-1283	QO	vclaim-sno-police-saxophone-machine-gun	1	36.071672833441816	SimBa
tweet-sno-1284	QO	vclaim-sno-indiana-jones-saxophone	1	60.48142012896097	SimBa
tweet-sno-1284	QO	vclaim-sno-sean-connery-trump-golf-course	1	43.21369746887855	SimBa
tweet-sno-1284	QO	vclaim-sno-harrison-ford-holding-a-trump-sign	1	41.83205802910357	SimBa
tweet-sno-1284	QO	vclaim-sno-lennon-guitar-spock-elvis	1	39.59602177891459	SimBa
tweet-sno-1284	QO	vclaim-sno-harrison-ford-trump-han-solo	1	39.5027477176601	SimBa
tweet-sno-1285	QO	vclaim-sno-seattle-police-confiscate-mans-guns-without-warrant	1	48.35567580936917	SimBa
tweet-sno-1285	QO	vclaim-sno-phoney-guns	1	46.379359138880446	SimBa
tweet-sno-1285	QO	vclaim-sno-florida-rebekah-jones-raid	1	44.44549455686022	SimBa
tweet-sno-1285	QO	vclaim-sno-bloomington-police-discover-over-200-penises	1	42.35069958023442	SimBa
tweet-sno-1285	QO	vclaim-sno-connecticut-gun-confiscation	1	42.03386713756863	SimBa
tweet-sno-1286	QO	vclaim-sno-nasa-sally-ride-100-tampons	1	67.75370834146854	SimBa
tweet-sno-1286	QO	vclaim-sno-spacesuit-envy	1	55.09268174742671	SimBa
tweet-sno-1286	QO	vclaim-sno-nasa-hillary-clinton-astronaut	1	50.286670087423346	SimBa
tweet-sno-1286	QO	vclaim-sno-the-write-stuff	1	46.835368128682	SimBa
tweet-sno-1286	QO	vclaim-sno-spider-in-tampon	1	45.33196687356098	SimBa
tweet-sno-1287	QO	vclaim-sno-my-pleasure-chick-fil-a	1	65.79711152534286	SimBa
tweet-sno-1287	QO	vclaim-sno-fake-wendys-chili-rumor	1	43.77099802921784	SimBa
tweet-sno-1287	QO	vclaim-sno-taco-bell-two-dollar	1	43.15583763456683	SimBa
tweet-sno-1287	QO	vclaim-sno-chick-fil-a-promotions	1	42.98488860781795	SimBa
tweet-sno-1287	QO	vclaim-sno-chick-fil-a-meal-promo	1	42.423773998845114	SimBa
tweet-sno-1288	QO	vclaim-sno-my-pleasure-chick-fil-a	1	78.33362621199687	SimBa
tweet-sno-1288	QO	vclaim-sno-chick-fil-a-meal-promo	1	62.55073944025998	SimBa
tweet-sno-1288	QO	vclaim-sno-chick-fil-a-promotions	1	61.4099241815354	SimBa
tweet-sno-1288	QO	vclaim-sno-putty-strife	1	61.08239396141721	SimBa
tweet-sno-1288	QO	vclaim-sno-chick-fil-a-gift-basket	1	59.640560391420564	SimBa
tweet-sno-1289	QO	vclaim-sno-my-pleasure-chick-fil-a	1	68.8368090695172	SimBa
tweet-sno-1289	QO	vclaim-sno-chick-fil-a-promotions	1	53.82031205776676	SimBa
tweet-sno-1289	QO	vclaim-sno-chick-fil-a-meal-promo	1	53.017021217223856	SimBa
tweet-sno-1289	QO	vclaim-sno-chick-fil-a-food-stranded-storm	1	50.188919815145915	SimBa
tweet-sno-1289	QO	vclaim-sno-chick-fil-a-gift-basket	1	50.07277390546244	SimBa
tweet-sno-1290	QO	vclaim-sno-my-pleasure-chick-fil-a	1	66.50736301063247	SimBa
tweet-sno-1290	QO	vclaim-sno-facebook-cold-stone-pregnancy-discount	1	51.61145713831014	SimBa
tweet-sno-1290	QO	vclaim-sno-chick-fil-a-promotions	1	50.32007547928599	SimBa
tweet-sno-1290	QO	vclaim-sno-putty-strife	1	49.17723074062731	SimBa
tweet-sno-1290	QO	vclaim-sno-chick-fil-a-gift-basket	1	48.8090780165646	SimBa
tweet-sno-1291	QO	vclaim-sno-biden-vaccines-hurricane-protect	1	68.31188464220786	SimBa
tweet-sno-1291	QO	vclaim-sno-biden-covid-vaccine	1	68.28742321450298	SimBa
tweet-sno-1291	QO	vclaim-sno-biden-minorities-vaccines	1	63.98784209605874	SimBa
tweet-sno-1291	QO	vclaim-sno-biden-covid-vaccine-2	1	62.23370740400965	SimBa
tweet-sno-1291	QO	vclaim-sno-whistleblunder	1	60.370626573448845	SimBa
tweet-sno-1292	QO	vclaim-sno-matt-putz	1	48.53559493283479	SimBa
tweet-sno-1292	QO	vclaim-sno-omar-take-over-america	1	34.59759267856653	SimBa
tweet-sno-1292	QO	vclaim-sno-you-might-be-a-moron	1	34.174097685044025	SimBa
tweet-sno-1292	QO	vclaim-sno-josh-moores-breastfeeding-comment	1	34.058340190878496	SimBa
tweet-sno-1292	QO	vclaim-sno-chris-christie-vetoes-equal-pay	1	33.79443490113259	SimBa
tweet-sno-1293	QO	vclaim-sno-chick-fil-open-sundays	1	58.164712060190936	SimBa
tweet-sno-1293	QO	vclaim-sno-chick-fil-a-sunday-tradition	1	57.203084038526185	SimBa
tweet-sno-1293	QO	vclaim-sno-chick-fil-a-long-lines-lawsuit	1	50.44050449009968	SimBa
tweet-sno-1293	QO	vclaim-sno-chick-fil-a-food-stranded-storm	1	48.27848067212872	SimBa
tweet-sno-1293	QO	vclaim-sno-chick-fil-a-meal-promo	1	47.62454255977138	SimBa
tweet-sno-1294	QO	vclaim-sno-drake-scented-candles	1	70.13039599526346	SimBa
tweet-sno-1294	QO	vclaim-sno-gwyneth-paltrow-vagina-candle	1	48.73186230108434	SimBa
tweet-sno-1294	QO	vclaim-sno-drake-bell-sick-boy	1	41.214737348973074	SimBa
tweet-sno-1294	QO	vclaim-sno-when-a-writer-falls-in-love-with-you	1	35.9496872414977	SimBa
tweet-sno-1294	QO	vclaim-sno-kevin-mitchell-cat	1	34.08295366142927	SimBa
tweet-sno-1295	QO	vclaim-sno-flash-player-no-longer-supported	1	55.03081488806881	SimBa
tweet-sno-1295	QO	vclaim-sno-nasa-blackout-warning	1	38.52219538040058	SimBa
tweet-sno-1295	QO	vclaim-sno-facebook-ban-livestreamed-music	1	35.42611321791358	SimBa
tweet-sno-1295	QO	vclaim-sno-facebook-closure	1	31.849681269749517	SimBa
tweet-sno-1295	QO	vclaim-sno-milk-class-action-lawsuit-settlement	1	29.8048875428766	SimBa
tweet-sno-1296	QO	vclaim-sno-flash-player-no-longer-supported	1	50.50833234515856	SimBa
tweet-sno-1296	QO	vclaim-sno-dave-barrys-16-things	1	29.154846436174676	SimBa
tweet-sno-1296	QO	vclaim-sno-nasa-blackout-warning	1	27.69556774566596	SimBa
tweet-sno-1296	QO	vclaim-sno-keanu-reeves-live-life-fully-quote	1	27.05620699933241	SimBa
tweet-sno-1296	QO	vclaim-sno-nadia-comaneci-perfect-timing	1	26.266294402781966	SimBa
tweet-sno-1297	QO	vclaim-sno-flash-player-no-longer-supported	1	65.62786538175925	SimBa
tweet-sno-1297	QO	vclaim-sno-nasa-blackout-warning	1	36.88235402324238	SimBa
tweet-sno-1297	QO	vclaim-sno-delete-google-chrome-trends	1	33.288883466454266	SimBa
tweet-sno-1297	QO	vclaim-sno-adrian-peterson	1	29.625398837486504	SimBa
tweet-sno-1297	QO	vclaim-sno-facebook-search-porn	1	29.613982166586116	SimBa
tweet-sno-1298	QO	vclaim-sno-santa-covid-exemption-ireland	1	58.57508721929254	SimBa
tweet-sno-1298	QO	vclaim-sno-track-meet	1	48.02298877680447	SimBa
tweet-sno-1298	QO	vclaim-sno-facebook-santa-jesus-image	1	38.16511130832087	SimBa
tweet-sno-1298	QO	vclaim-sno-trick-or-treat-age-limit	1	37.64151502534625	SimBa
tweet-sno-1298	QO	vclaim-sno-roblox	1	36.490864778103	SimBa
tweet-sno-1299	QO	vclaim-sno-monolith-found-utah	1	43.46377847152985	SimBa
tweet-sno-1299	QO	vclaim-sno-yellowstone-lava-geyser	1	41.70757001986951	SimBa
tweet-sno-1299	QO	vclaim-sno-el-paso-shooting-twitter	1	41.22807437322393	SimBa
tweet-sno-1299	QO	vclaim-sno-farm-below-mountain	1	40.77395255434446	SimBa
tweet-sno-1299	QO	vclaim-sno-monolith-california	1	38.18272270019555	SimBa
tweet-sno-1300	QO	vclaim-sno-king-louis-xiv-fetish-birth	1	58.454162958869794	SimBa
tweet-sno-1300	QO	vclaim-sno-funny-names	1	45.70724949005655	SimBa
tweet-sno-1300	QO	vclaim-sno-spanish-woman-fatal-elevator-accident	1	39.124494533626475	SimBa
tweet-sno-1300	QO	vclaim-sno-babysitter-transported-to-hospital	1	38.4193386065688	SimBa
tweet-sno-1300	QO	vclaim-sno-chelsea-clinton-female-genital-mutilation	1	38.361089142962925	SimBa
tweet-sno-1301	QO	vclaim-sno-loser-lawn-trump-golf-course	1	43.23336944023695	SimBa
tweet-sno-1301	QO	vclaim-sno-donald-trump-golf-course	1	39.222430932543375	SimBa
tweet-sno-1301	QO	vclaim-sno-trump-words-national-anthem	1	37.452362661119864	SimBa
tweet-sno-1301	QO	vclaim-sno-everylegalvote-2020-election	1	36.84900808413381	SimBa
tweet-sno-1301	QO	vclaim-sno-12th-amendment-path-to-victory	1	35.79546105180955	SimBa
tweet-sno-1302	QO	vclaim-sno-johns-hopkins-covid-deaths	1	51.48200611905496	SimBa
tweet-sno-1302	QO	vclaim-sno-scientific-papers-global-warming-myth	1	40.01865549150126	SimBa
tweet-sno-1302	QO	vclaim-sno-ai-robots-kill-scientists	1	37.91362900010433	SimBa
tweet-sno-1302	QO	vclaim-sno-covid-19-classified-epidemic	1	37.186419159821284	SimBa
tweet-sno-1302	QO	vclaim-sno-china-cellphones-coronavirus	1	37.02861233093731	SimBa
tweet-sno-1303	QO	vclaim-sno-72-hour-challenge	1	41.717204749668966	SimBa
tweet-sno-1303	QO	vclaim-sno-no-lackin-challenge	1	39.62135012996748	SimBa
tweet-sno-1303	QO	vclaim-sno-facebook-car-giveaway	1	32.73761408140305	SimBa
tweet-sno-1303	QO	vclaim-sno-knockout-game-turns-deadly	1	32.682455513692176	SimBa
tweet-sno-1303	QO	vclaim-sno-lost-fortunes	1	31.614243428003917	SimBa
tweet-sno-1304	QO	vclaim-sno-leonardo-dicaprio-disney-channel	1	50.494962092513816	SimBa
tweet-sno-1304	QO	vclaim-sno-betty-white-in-her-20s-photo	1	44.602506418138624	SimBa
tweet-sno-1304	QO	vclaim-sno-catherine-bells-astonishing-super-bowl-prediction	1	42.112769036493546	SimBa
tweet-sno-1304	QO	vclaim-sno-marisa-tomei-awarded-oscar-mistake	1	40.95493911650468	SimBa
tweet-sno-1304	QO	vclaim-sno-keanu-reeves-trump-successful-man	1	40.674851897930175	SimBa
tweet-sno-1305	QO	vclaim-sno-leonardo-dicaprio-disney-channel	1	38.56729893247248	SimBa
tweet-sno-1305	QO	vclaim-sno-is-laura-phelps-a-crisis-actor-who-lost-a-child-at-both-sandy-hook-and-parkland	1	34.4091722051417	SimBa
tweet-sno-1305	QO	vclaim-sno-leonardo-dicaprio-woodstock-illinois	1	33.10172463552019	SimBa
tweet-sno-1305	QO	vclaim-sno-anthony-bouchard-romeo-juliet	1	32.045910219398245	SimBa
tweet-sno-1305	QO	vclaim-sno-leonardo-dicaprio-cast-mlk-new-film-will-wear-blackface	1	32.011151144368434	SimBa
tweet-sno-1306	QO	vclaim-sno-georgia-signature-audit	1	52.85295285348089	SimBa
tweet-sno-1306	QO	vclaim-sno-texas-voter-id-meme	1	44.81523499524109	SimBa
tweet-sno-1306	QO	vclaim-sno-biden-official-arrested-texas	1	44.363387187038164	SimBa
tweet-sno-1306	QO	vclaim-sno-20000-dead-voters-in-pennsylvania	1	44.24581031622121	SimBa
tweet-sno-1306	QO	vclaim-sno-biden-irs-letter-stimulus	1	43.946655554912084	SimBa
tweet-sno-1307	QO	vclaim-sno-more-votes-than-voters-in-detroit	1	51.29418723178875	SimBa
tweet-sno-1307	QO	vclaim-sno-trump-detroit-voters-2020	1	44.52298459613184	SimBa
tweet-sno-1307	QO	vclaim-sno-300000-wisconsin-voters-turned-away-due-to-voter-id-laws	1	44.01094777535759	SimBa
tweet-sno-1307	QO	vclaim-sno-wisconsin-more-votes-than-voters	1	42.00162355413675	SimBa
tweet-sno-1307	QO	vclaim-sno-florida-moves-for-full-recount-of-state-votes-over-massive-voter-fraud	1	41.94497324771025	SimBa
tweet-sno-1308	QO	vclaim-sno-trump-pardon-turkey-election	1	74.54124925007157	SimBa
tweet-sno-1308	QO	vclaim-sno-trump-turkey-pardons-reversed	1	51.890170100577535	SimBa
tweet-sno-1308	QO	vclaim-sno-2020-election-over	1	50.63821377488094	SimBa
tweet-sno-1308	QO	vclaim-sno-trump-residency-fraud	1	49.40059836604821	SimBa
tweet-sno-1308	QO	vclaim-sno-popular-vote-totals-rigged	1	48.25042894267997	SimBa
tweet-sno-1309	QO	vclaim-sno-trump-comet-meteor-shower-eclipse	1	48.18362179146387	SimBa
tweet-sno-1309	QO	vclaim-sno-will-tonight-be-the-darkest-night-in-500-years	1	46.96901712829118	SimBa
tweet-sno-1309	QO	vclaim-sno-nasa-blackout-warning	1	46.69694357237688	SimBa
tweet-sno-1309	QO	vclaim-sno-super-blue-blood-moon	1	45.60762222978156	SimBa
tweet-sno-1309	QO	vclaim-sno-15-days-darkness-november	1	44.73422961165272	SimBa
tweet-sno-1310	QO	vclaim-sno-florida-air-force-robotic-dogs	1	63.08681814350329	SimBa
tweet-sno-1310	QO	vclaim-sno-army-working-dogs-satire	1	52.8089127750927	SimBa
tweet-sno-1310	QO	vclaim-sno-marine-corps-dog-adoptions	1	46.977236932124185	SimBa
tweet-sno-1310	QO	vclaim-sno-a-new-breed-of-gunner	1	45.763530072660075	SimBa
tweet-sno-1310	QO	vclaim-sno-biden-major-dog-rescue-white-house	1	40.49421251301091	SimBa
tweet-sno-1311	QO	vclaim-sno-20000-dead-voters-in-pennsylvania	1	74.08237034884833	SimBa
tweet-sno-1311	QO	vclaim-sno-pa-mailin-votes-ballots	1	65.8680197533196	SimBa
tweet-sno-1311	QO	vclaim-sno-simple-math-on-biden-votes	1	64.70443861367234	SimBa
tweet-sno-1311	QO	vclaim-sno-more-votes-than-voters-in-detroit	1	64.34969853943335	SimBa
tweet-sno-1311	QO	vclaim-sno-biden-fraud-ballots-count	1	63.86778631363013	SimBa
tweet-sno-1312	QO	vclaim-sno-caller-id	1	42.184650635932606	SimBa
tweet-sno-1312	QO	vclaim-sno-snowy-owl-130-years	1	40.25114232980058	SimBa
tweet-sno-1312	QO	vclaim-sno-airpods-explode-hospital	1	39.63828245955057	SimBa
tweet-sno-1312	QO	vclaim-sno-christmas-tree-owl	1	39.60235150977268	SimBa
tweet-sno-1312	QO	vclaim-sno-owl-having-an-orgasm	1	38.88440213963784	SimBa
tweet-sno-1313	QO	vclaim-sno-wisconsin-vote-dump	1	72.22242034819743	SimBa
tweet-sno-1313	QO	vclaim-sno-trump-biden-vote-dumps	1	65.26915749549943	SimBa
tweet-sno-1313	QO	vclaim-sno-rumor-alert-biden-michigan-votes	1	62.21170886676571	SimBa
tweet-sno-1313	QO	vclaim-sno-300000-wisconsin-voters-turned-away-due-to-voter-id-laws	1	61.71611848146629	SimBa
tweet-sno-1313	QO	vclaim-sno-simple-math-on-biden-votes	1	61.67952056035786	SimBa
tweet-sno-1314	QO	vclaim-sno-dominion-servers-germany-seized	1	65.68243817778725	SimBa
tweet-sno-1314	QO	vclaim-sno-could-trump-defy-popular-vote	1	59.80955243731816	SimBa
tweet-sno-1314	QO	vclaim-sno-everylegalvote-2020-election	1	59.55804612270932	SimBa
tweet-sno-1314	QO	vclaim-sno-12th-amendment-path-to-victory	1	57.02281355746791	SimBa
tweet-sno-1314	QO	vclaim-sno-trump-clinton-counties-won	1	55.953931888341536	SimBa
tweet-sno-1315	QO	vclaim-sno-dominion-servers-germany-seized	1	59.182345412245226	SimBa
tweet-sno-1315	QO	vclaim-sno-trump-server-tied-to-russian-bank	1	52.83440720987509	SimBa
tweet-sno-1315	QO	vclaim-sno-trump-clinton-counties-won	1	51.08972497530232	SimBa
tweet-sno-1315	QO	vclaim-sno-trump-voters-russian-agents	1	50.55172341871905	SimBa
tweet-sno-1315	QO	vclaim-sno-trump-putin-switzerland	1	50.13832527339418	SimBa
tweet-sno-1316	QO	vclaim-sno-cuomo-vaccine-bad-news-trump	1	57.21647422839964	SimBa
tweet-sno-1316	QO	vclaim-sno-trump-moderna-stock	1	56.007972823508744	SimBa
tweet-sno-1316	QO	vclaim-sno-amazon-vaccine-distribution	1	54.129712654169346	SimBa
tweet-sno-1316	QO	vclaim-sno-fauci-warn-surprise-outbreak	1	53.00566348327096	SimBa
tweet-sno-1316	QO	vclaim-sno-birth-control-steve-bannon	1	52.4387590369939	SimBa
tweet-sno-1317	QO	vclaim-sno-cornyn-votes-puerto-rico	1	74.00661199481384	SimBa
tweet-sno-1317	QO	vclaim-sno-alabama-doug-jones-ballots	1	54.227552130595356	SimBa
tweet-sno-1317	QO	vclaim-sno-scytl	1	51.223600457074234	SimBa
tweet-sno-1317	QO	vclaim-sno-florida-moves-for-full-recount-of-state-votes-over-massive-voter-fraud	1	50.84731404381262	SimBa
tweet-sno-1317	QO	vclaim-sno-is-san-juan-mayor-relief-efforts-trump-look-bad	1	50.68772922836964	SimBa
tweet-sno-1318	QO	vclaim-sno-floyd-county-georgia-votes	1	54.141199353947854	SimBa
tweet-sno-1318	QO	vclaim-sno-pa-mailin-votes-ballots	1	52.77070367272657	SimBa
tweet-sno-1318	QO	vclaim-sno-absentee-ballots-undeliverable	1	51.63182015670099	SimBa
tweet-sno-1318	QO	vclaim-sno-counties-won-vs-popular-vote	1	50.52047737607855	SimBa
tweet-sno-1318	QO	vclaim-sno-wisconsin-more-votes-than-voters	1	50.389184089578585	SimBa
tweet-sno-1319	QO	vclaim-sno-floyd-county-georgia-votes	1	72.8765850195771	SimBa
tweet-sno-1319	QO	vclaim-sno-trump-biden-vote-dumps	1	63.87577104513875	SimBa
tweet-sno-1319	QO	vclaim-sno-trump-recount-battleground-states	1	62.58605496698038	SimBa
tweet-sno-1319	QO	vclaim-sno-wisconsin-vote-dump	1	61.38090492543793	SimBa
tweet-sno-1319	QO	vclaim-sno-donald-trump-primary-ballots	1	60.1781589038155	SimBa
tweet-sno-1320	QO	vclaim-sno-biden-trump-inauguration-crowd	1	56.83351696686027	SimBa
tweet-sno-1320	QO	vclaim-sno-russians-hacked-my-crowd	1	50.47149493994376	SimBa
tweet-sno-1320	QO	vclaim-sno-biden-kenosha-black-looting	1	49.467030146141724	SimBa
tweet-sno-1320	QO	vclaim-sno-biden-120million-deaths-covid19	1	49.2567832778381	SimBa
tweet-sno-1320	QO	vclaim-sno-biden-pandemic-black-women-grocery	1	49.04895621966077	SimBa
tweet-sno-1321	QO	vclaim-sno-newsmax-biden-pence	1	73.43378958149222	SimBa
tweet-sno-1321	QO	vclaim-sno-pence-trump-coronavirus-test	1	68.5892691358384	SimBa
tweet-sno-1321	QO	vclaim-sno-gowdy-pence-2020	1	68.00433605394502	SimBa
tweet-sno-1321	QO	vclaim-sno-mike-pence-to-resign	1	67.3531097182575	SimBa
tweet-sno-1321	QO	vclaim-sno-mike-pence-blames-media-for-trump-controversies	1	64.6478278871347	SimBa
tweet-sno-1322	QO	vclaim-sno-newsmax-biden-pence	1	70.7129703115846	SimBa
tweet-sno-1322	QO	vclaim-sno-david-brooks-trump-needs-to-decide-if-he-prefers-to-resign-be-impeached-or-get-assassinated	1	62.94400780470666	SimBa
tweet-sno-1322	QO	vclaim-sno-rather-ends-retirement-donald-trump	1	61.19309991227395	SimBa
tweet-sno-1322	QO	vclaim-sno-furious-christie-refuses-to-pick-up-trumps-dry-cleaning	1	60.27856037467184	SimBa
tweet-sno-1322	QO	vclaim-sno-mike-pence-to-resign	1	60.083823136160696	SimBa
tweet-sno-1323	QO	vclaim-sno-newsmax-biden-pence	1	73.64218236173741	SimBa
tweet-sno-1323	QO	vclaim-sno-mike-pence-to-resign	1	60.82172389886696	SimBa
tweet-sno-1323	QO	vclaim-sno-newsweek-report-trump-impeachment	1	59.89192185646671	SimBa
tweet-sno-1323	QO	vclaim-sno-mike-pence-blames-media-for-trump-controversies	1	58.945398636061356	SimBa
tweet-sno-1323	QO	vclaim-sno-david-brooks-trump-needs-to-decide-if-he-prefers-to-resign-be-impeached-or-get-assassinated	1	58.92406345544372	SimBa
tweet-sno-1324	QO	vclaim-sno-harlan-hill-eat-shoe-biden-won	1	64.97726727036107	SimBa
tweet-sno-1324	QO	vclaim-sno-trump-biden-resident-meme	1	64.83630243207509	SimBa
tweet-sno-1324	QO	vclaim-sno-joe-biden-beat-biden	1	62.37285417611809	SimBa
tweet-sno-1324	QO	vclaim-sno-rnc-chairwoman-deleted-tweet	1	61.54887760579667	SimBa
tweet-sno-1324	QO	vclaim-sno-fake-aoc-purge-tweet	1	60.65406576500633	SimBa
tweet-sno-1325	QO	vclaim-sno-raising-canes-chicken-bankruptcy	1	83.95764638670612	SimBa
tweet-sno-1325	QO	vclaim-sno-dunkin-donuts-bankruptcy-prank	1	52.5253510995999	SimBa
tweet-sno-1325	QO	vclaim-sno-nordstrom-chapter-11-baio-boycott	1	51.84524519509207	SimBa
tweet-sno-1325	QO	vclaim-sno-kohls-bankrupt-closing-818-stores	1	46.88969047103192	SimBa
tweet-sno-1325	QO	vclaim-sno-hostess-with-the-mostest	1	44.18117975683995	SimBa
tweet-sno-1326	QO	vclaim-sno-raising-canes-chicken-bankruptcy	1	50.19273059630064	SimBa
tweet-sno-1326	QO	vclaim-sno-nordstrom-chapter-11-baio-boycott	1	38.51781998277409	SimBa
tweet-sno-1326	QO	vclaim-sno-hostess-with-the-mostest	1	38.453905768467145	SimBa
tweet-sno-1326	QO	vclaim-sno-dunkin-donuts-bankruptcy-prank	1	37.4788646233912	SimBa
tweet-sno-1326	QO	vclaim-sno-643000-bankruptcies-in-the-u-s-every-year-due-to-medical-bills	1	34.27974446599716	SimBa
tweet-sno-1327	QO	vclaim-sno-lethal-indirection	1	48.189810537988855	SimBa
tweet-sno-1327	QO	vclaim-sno-heart-attack-symptoms	1	46.26061187433298	SimBa
tweet-sno-1327	QO	vclaim-sno-clinton-mcgill-found-dead	1	45.42541571171939	SimBa
tweet-sno-1327	QO	vclaim-sno-steven-seagal-death-hoax	1	41.99060625560056	SimBa
tweet-sno-1327	QO	vclaim-sno-chevy-chase-death-hoax	1	40.09172943446393	SimBa
tweet-sno-1328	QO	vclaim-sno-xbox-playstation-ps5-congrats	1	42.8810270533998	SimBa
tweet-sno-1328	QO	vclaim-sno-all-work-and-no-playstation	1	39.37638577943397	SimBa
tweet-sno-1328	QO	vclaim-sno-mario-execution-day-nintendo	1	34.35009869509247	SimBa
tweet-sno-1328	QO	vclaim-sno-did-netflix-announce-god-of-war-series	1	34.16118116108282	SimBa
tweet-sno-1328	QO	vclaim-sno-is-minecraft-shutting-down	1	28.135586614024987	SimBa
tweet-sno-1329	QO	vclaim-sno-xbox-playstation-ps5-congrats	1	52.799703873386036	SimBa
tweet-sno-1329	QO	vclaim-sno-some-rules-kids-wont-learn-in-school	1	29.601268907635834	SimBa
tweet-sno-1329	QO	vclaim-sno-all-work-and-no-playstation	1	29.59410472825533	SimBa
tweet-sno-1329	QO	vclaim-sno-cyberpunk-2077-refunds	1	28.603379015914232	SimBa
tweet-sno-1329	QO	vclaim-sno-kfc-gaming-console	1	28.402779685998446	SimBa
tweet-sno-1330	QO	vclaim-sno-ice-twitter-account-disappear	1	39.97327384992773	SimBa
tweet-sno-1330	QO	vclaim-sno-marjorie-taylor-greene-twitter	1	32.15874705181791	SimBa
tweet-sno-1330	QO	vclaim-sno-justin-bieber-stabbed	1	31.186869917147884	SimBa
tweet-sno-1330	QO	vclaim-sno-bieber-smackdown	1	30.4104652255333	SimBa
tweet-sno-1330	QO	vclaim-sno-does-arctic-ice-doubt-reality-climate-change	1	29.824271984228524	SimBa
tweet-sno-1331	QO	vclaim-sno-ice-twitter-account-disappear	1	67.20603311364026	SimBa
tweet-sno-1331	QO	vclaim-sno-ice-detain-michigan-doctor-40-years-u-s	1	51.66964538801425	SimBa
tweet-sno-1331	QO	vclaim-sno-new-york-ice-agent-suicide-note	1	49.81216038946828	SimBa
tweet-sno-1331	QO	vclaim-sno-is-ice-transporting-children-trains	1	42.28203916610558	SimBa
tweet-sno-1331	QO	vclaim-sno-ice-hurl-pregnant-woman-border-wall	1	41.93073217185345	SimBa
tweet-sno-1332	QO	vclaim-sno-veterans-national-parks-lifetime	1	80.13530085806632	SimBa
tweet-sno-1332	QO	vclaim-sno-free-meals-for-veterans	1	53.342132326493974	SimBa
tweet-sno-1332	QO	vclaim-sno-french-arlington-cemetery	1	51.305267263750096	SimBa
tweet-sno-1332	QO	vclaim-sno-d-day-prayer	1	49.40830264985778	SimBa
tweet-sno-1332	QO	vclaim-sno-trump-veterans-day-56-years	1	49.32527801539373	SimBa
tweet-sno-1333	QO	vclaim-sno-elisa-granato-trial-covid-19-vax	1	56.62992336462008	SimBa
tweet-sno-1333	QO	vclaim-sno-dr-rajendra-kapila-dies-covid-19	1	56.38489403706723	SimBa
tweet-sno-1333	QO	vclaim-sno-pfizer-huge-bleeding-foot-sore	1	55.65609326579144	SimBa
tweet-sno-1333	QO	vclaim-sno-covid-vaccine-female-sterilization	1	50.908637627061005	SimBa
tweet-sno-1333	QO	vclaim-sno-margaret-keenan-covid-vaccine	1	48.63437829255657	SimBa
tweet-sno-1334	QO	vclaim-sno-covid-vaccine-funded-by-trump	1	47.835906015090245	SimBa
tweet-sno-1334	QO	vclaim-sno-chip-off-the-old-salk	1	44.17603525159905	SimBa
tweet-sno-1334	QO	vclaim-sno-doj-most-dangerous-vaccine	1	43.97536824785948	SimBa
tweet-sno-1334	QO	vclaim-sno-cdc-school-reopening-guidance	1	43.95765519303582	SimBa
tweet-sno-1334	QO	vclaim-sno-swine-flu-vaccine	1	42.973924700667276	SimBa
tweet-sno-1335	QO	vclaim-sno-biden-hat-trump-maga	1	64.1915829827806	SimBa
tweet-sno-1335	QO	vclaim-sno-harlan-hill-eat-shoe-biden-won	1	61.729626088149445	SimBa
tweet-sno-1335	QO	vclaim-sno-biden-troops-stupid-bastards	1	59.68689667933681	SimBa
tweet-sno-1335	QO	vclaim-sno-biden-trump-inauguration-crowd	1	59.16132107475502	SimBa
tweet-sno-1335	QO	vclaim-sno-biden-18-wheeler-truck	1	58.61779561962697	SimBa
tweet-sno-1336	QO	vclaim-sno-biden-major-dog-rescue-white-house	1	81.21839143063964	SimBa
tweet-sno-1336	QO	vclaim-sno-biden-dogs-kicked-out-white-house	1	62.19341173315763	SimBa
tweet-sno-1336	QO	vclaim-sno-biden-dog-major-indoguration	1	61.27372506566684	SimBa
tweet-sno-1336	QO	vclaim-sno-biden-team-statement-dog	1	58.0412064759672	SimBa
tweet-sno-1336	QO	vclaim-sno-paws-act-veterans-ptsd-service-dogs	1	53.78225237905193	SimBa
tweet-sno-1337	QO	vclaim-sno-golfing-trump-election-results	1	59.15194041232341	SimBa
tweet-sno-1337	QO	vclaim-sno-278-years-golf	1	55.39737493567397	SimBa
tweet-sno-1337	QO	vclaim-sno-trump-memorial-day-tweet	1	55.2700701341423	SimBa
tweet-sno-1337	QO	vclaim-sno-sudafed-trump-tower	1	55.04695239610856	SimBa
tweet-sno-1337	QO	vclaim-sno-ivanka-trump-alaska-win	1	54.82180306541127	SimBa
tweet-sno-1338	QO	vclaim-sno-bannon-fauci-wray-head-pikes	1	75.57531913107232	SimBa
tweet-sno-1338	QO	vclaim-sno-reince-priebus-secretary	1	61.202072123545435	SimBa
tweet-sno-1338	QO	vclaim-sno-steve-bannon-predicts-obama	1	60.66866650143277	SimBa
tweet-sno-1338	QO	vclaim-sno-bannon-hell-capitol-attack	1	59.870516077391066	SimBa
tweet-sno-1338	QO	vclaim-sno-steve-bannon-need-senate-confirmation-hearing-sit-nsc	1	58.489101545665754	SimBa
tweet-sno-1339	QO	vclaim-sno-gray-wolves-endangered-trump	1	43.22530617327699	SimBa
tweet-sno-1339	QO	vclaim-sno-california-to-jail-climate-change-skeptics	1	41.24484960507634	SimBa
tweet-sno-1339	QO	vclaim-sno-idaho-wolves	1	41.17264392357469	SimBa
tweet-sno-1339	QO	vclaim-sno-trump-carved-manatees-back	1	40.876511535837444	SimBa
tweet-sno-1339	QO	vclaim-sno-australia-cats	1	40.57343628623149	SimBa
tweet-sno-1340	QO	vclaim-sno-pa-worker-filling-ballots	1	72.56746491061095	SimBa
tweet-sno-1340	QO	vclaim-sno-broward-county-blank-ballots	1	61.35809630419258	SimBa
tweet-sno-1340	QO	vclaim-sno-postal-worker-caught-destroying-absentee-trump-ballots-in-major-swing-state	1	60.57814521764149	SimBa
tweet-sno-1340	QO	vclaim-sno-ballots-lancaster-pa	1	59.58681574365766	SimBa
tweet-sno-1340	QO	vclaim-sno-erie-pennsylvania-trump-ballots	1	59.10435996377381	SimBa
tweet-sno-1341	QO	vclaim-sno-stop-the-count-chant	1	64.18110106442477	SimBa
tweet-sno-1341	QO	vclaim-sno-donald-trump-shirts-trmup	1	59.60683781495392	SimBa
tweet-sno-1341	QO	vclaim-sno-most-trump-protesters-didnt-vote	1	59.426063253351856	SimBa
tweet-sno-1341	QO	vclaim-sno-machine-voting-pens-switching-votes	1	58.25884500191513	SimBa
tweet-sno-1341	QO	vclaim-sno-did-nevada-gop-electors-vote-for-trump	1	58.20963045476599	SimBa
tweet-sno-1342	QO	vclaim-sno-trump-recount-battleground-states	1	75.07033345833331	SimBa
tweet-sno-1342	QO	vclaim-sno-florida-moves-for-full-recount-of-state-votes-over-massive-voter-fraud	1	57.52898131640525	SimBa
tweet-sno-1342	QO	vclaim-sno-wisconsin-more-votes-than-voters	1	56.83608034964045	SimBa
tweet-sno-1342	QO	vclaim-sno-poll-watchers-2020-election	1	56.63633708017839	SimBa
tweet-sno-1342	QO	vclaim-sno-federal-judge-nullify-pa-election-results-wide-scale-voter-fraud	1	56.0308576457785	SimBa
tweet-sno-1343	QO	vclaim-sno-sharpie-trump-ballots-arizona	1	71.11146405111843	SimBa
tweet-sno-1343	QO	vclaim-sno-ballot-envelopes-reveal-party	1	64.783399483754	SimBa
tweet-sno-1343	QO	vclaim-sno-postal-worker-caught-destroying-absentee-trump-ballots-in-major-swing-state	1	62.53985532151811	SimBa
tweet-sno-1343	QO	vclaim-sno-strawman-poll	1	61.25152282099092	SimBa
tweet-sno-1343	QO	vclaim-sno-texas-vote-switching	1	60.9121781987108	SimBa
tweet-sno-1344	QO	vclaim-sno-sharpie-trump-ballots-arizona	1	79.51542511572998	SimBa
tweet-sno-1344	QO	vclaim-sno-donald-trump-primary-ballots	1	58.189945407364654	SimBa
tweet-sno-1344	QO	vclaim-sno-erie-pennsylvania-trump-ballots	1	57.54366145876717	SimBa
tweet-sno-1344	QO	vclaim-sno-postal-worker-caught-destroying-absentee-trump-ballots-in-major-swing-state	1	56.463123812324866	SimBa
tweet-sno-1344	QO	vclaim-sno-strawman-poll	1	56.389624688793305	SimBa
tweet-sno-1345	QO	vclaim-sno-sharpie-trump-ballots-arizona	1	68.28359131849174	SimBa
tweet-sno-1345	QO	vclaim-sno-erie-pennsylvania-trump-ballots	1	65.5319476819324	SimBa
tweet-sno-1345	QO	vclaim-sno-wisconsin-vote-dump	1	62.03267650630624	SimBa
tweet-sno-1345	QO	vclaim-sno-simple-math-on-biden-votes	1	59.62960717802777	SimBa
tweet-sno-1345	QO	vclaim-sno-clinton-votes-found-in-warehouse	1	59.59251729094019	SimBa
tweet-sno-1346	QO	vclaim-sno-saved-whale-says-thanks	1	44.75786355432436	SimBa
tweet-sno-1346	QO	vclaim-sno-is-penis-looking-fish-real	1	44.17104070942326	SimBa
tweet-sno-1346	QO	vclaim-sno-10-meter-anaconda	1	43.10276254564938	SimBa
tweet-sno-1346	QO	vclaim-sno-humpback-whale-eat-kayaker	1	42.21033722456109	SimBa
tweet-sno-1346	QO	vclaim-sno-fisherman-survived-inside-whale-for-three-days	1	42.12489366022132	SimBa
tweet-sno-1347	QO	vclaim-sno-humpback-whale-eat-kayaker	1	69.02231995303303	SimBa
tweet-sno-1347	QO	vclaim-sno-big-gulp	1	64.96070233572947	SimBa
tweet-sno-1347	QO	vclaim-sno-photograph-kayak-orcas	1	62.49982265442897	SimBa
tweet-sno-1347	QO	vclaim-sno-unnatural-predator	1	57.09195321384504	SimBa
tweet-sno-1347	QO	vclaim-sno-killer-whale	1	55.83192773689335	SimBa
tweet-sno-1348	QO	vclaim-sno-biden-black-athletes-green-mile	1	49.627231815688155	SimBa
tweet-sno-1348	QO	vclaim-sno-joe-biden-no-empathy	1	40.15953636559084	SimBa
tweet-sno-1348	QO	vclaim-sno-black-americans-super-predators	1	40.062047314327785	SimBa
tweet-sno-1348	QO	vclaim-sno-biden-racial-jungle-quote	1	39.01981577258758	SimBa
tweet-sno-1348	QO	vclaim-sno-biden-says-dui-not-felony	1	37.81580399742578	SimBa
tweet-sno-1349	QO	vclaim-sno-kamala-harris-pearls-election-day	1	44.20500222985193	SimBa
tweet-sno-1349	QO	vclaim-sno-phyllis-schlafly-woman-president-over-my-dead-body	1	33.614529513764815	SimBa
tweet-sno-1349	QO	vclaim-sno-rbg-first-woman-lie-in-state	1	32.845779041275605	SimBa
tweet-sno-1349	QO	vclaim-sno-sandra-day-oconnor-quote	1	32.42957159710884	SimBa
tweet-sno-1349	QO	vclaim-sno-all-female-senate-snowstorm	1	32.367424321022575	SimBa
tweet-sno-1350	QO	vclaim-sno-amish-trump-presidential-victory	1	61.611025614701596	SimBa
tweet-sno-1350	QO	vclaim-sno-amish-buggies-trump	1	57.79941908362027	SimBa
tweet-sno-1350	QO	vclaim-sno-trump-campaign-photoshop-hat	1	46.46820754479089	SimBa
tweet-sno-1350	QO	vclaim-sno-god-bows-down-trump-sign	1	46.418063337694605	SimBa
tweet-sno-1350	QO	vclaim-sno-ford-from-mexico-to-ohio	1	46.04829020624253	SimBa
tweet-sno-1351	QO	vclaim-sno-omar-minnesota-register-vote	1	43.982438474498494	SimBa
tweet-sno-1351	QO	vclaim-sno-wisconsin-more-votes-than-voters	1	41.425990002510126	SimBa
tweet-sno-1351	QO	vclaim-sno-pence-op-ed-hr1-immigrants	1	40.54907651011834	SimBa
tweet-sno-1351	QO	vclaim-sno-texas-voter-id-names-women	1	35.93524647598563	SimBa
tweet-sno-1351	QO	vclaim-sno-kansas-city-churches	1	35.60619037585643	SimBa
tweet-sno-1352	QO	vclaim-sno-joe-biden-beat-biden	1	72.42653663484269	SimBa
tweet-sno-1352	QO	vclaim-sno-harris-biden-blog-post	1	68.44390693276732	SimBa
tweet-sno-1352	QO	vclaim-sno-joe-biden-constitutional-rights	1	68.13894005555726	SimBa
tweet-sno-1352	QO	vclaim-sno-biden-18-wheeler-truck	1	67.10882489072908	SimBa
tweet-sno-1352	QO	vclaim-sno-jill-biden-babysitter-joe-biden	1	67.07862202121669	SimBa
tweet-sno-1353	QO	vclaim-sno-hunter-biden-flipped-fbi	1	67.70784797896418	SimBa
tweet-sno-1353	QO	vclaim-sno-hunter-biden-dead-overdose-hoax	1	57.080040845028975	SimBa
tweet-sno-1353	QO	vclaim-sno-biden-says-dui-not-felony	1	55.87567497451089	SimBa
tweet-sno-1353	QO	vclaim-sno-c-span-video-joe-biden-ukraine	1	54.40194990313852	SimBa
tweet-sno-1353	QO	vclaim-sno-joe-biden-constitutional-rights	1	53.38197226283058	SimBa
tweet-sno-1354	QO	vclaim-sno-hunter-biden-dead-overdose-hoax	1	64.10553276700416	SimBa
tweet-sno-1354	QO	vclaim-sno-biden-18-wheeler-truck	1	63.40541782755524	SimBa
tweet-sno-1354	QO	vclaim-sno-biden-two-brain-aneurisms	1	60.88576816323621	SimBa
tweet-sno-1354	QO	vclaim-sno-biden-says-dui-not-felony	1	60.50791768228345	SimBa
tweet-sno-1354	QO	vclaim-sno-jill-biden-babysitter-joe-biden	1	60.17114381049661	SimBa
tweet-sno-1355	QO	vclaim-sno-police-union-cancels-trump-endorsement	1	35.849670895022776	SimBa
tweet-sno-1355	QO	vclaim-sno-stephanie-alsbrook	1	35.691828932674156	SimBa
tweet-sno-1355	QO	vclaim-sno-jim-carrey-america-upside-down	1	34.46689056389707	SimBa
tweet-sno-1355	QO	vclaim-sno-trump-wampanoag-land	1	33.651858760331606	SimBa
tweet-sno-1355	QO	vclaim-sno-cesar-sayoc-party-registration	1	33.426409804963384	SimBa
tweet-sno-1356	QO	vclaim-sno-biden-18-wheeler-truck	1	73.95069856284341	SimBa
tweet-sno-1356	QO	vclaim-sno-fake-biden-arrest-warrant	1	71.5192979995778	SimBa
tweet-sno-1356	QO	vclaim-sno-joe-biden-constitutional-rights	1	68.88719262252019	SimBa
tweet-sno-1356	QO	vclaim-sno-biden-says-dui-not-felony	1	66.8628261723968	SimBa
tweet-sno-1356	QO	vclaim-sno-joe-biden-beat-biden	1	66.74953568917994	SimBa
tweet-sno-1357	QO	vclaim-sno-armed-trump-fans-biden-bus	1	62.488305354564346	SimBa
tweet-sno-1357	QO	vclaim-sno-fbi-trump-biden-bus	1	61.84076269408414	SimBa
tweet-sno-1357	QO	vclaim-sno-charlottesville-killer-radical-leftist	1	57.749031042022324	SimBa
tweet-sno-1357	QO	vclaim-sno-bernie-sanders-responds-to-critical-trump-tweet	1	56.78376030881219	SimBa
tweet-sno-1357	QO	vclaim-sno-donald-trump-nazi-salute	1	56.46540940171618	SimBa
tweet-sno-1358	QO	vclaim-sno-anti-trump-protesters-bused-into-austin	1	57.983520760862525	SimBa
tweet-sno-1358	QO	vclaim-sno-fbi-trump-biden-bus	1	56.985164829748435	SimBa
tweet-sno-1358	QO	vclaim-sno-armed-trump-fans-biden-bus	1	47.38770183455745	SimBa
tweet-sno-1358	QO	vclaim-sno-trump-tweets-invaders-deleted	1	47.26129845437871	SimBa
tweet-sno-1358	QO	vclaim-sno-san-antonio-border-wall	1	47.24641913591409	SimBa
tweet-sno-1359	QO	vclaim-sno-fbi-trump-biden-bus	1	59.09347325467075	SimBa
tweet-sno-1359	QO	vclaim-sno-anti-trump-protesters-killed-on-freeway	1	57.50321997645469	SimBa
tweet-sno-1359	QO	vclaim-sno-run-over-trump-protesters	1	55.88205371079869	SimBa
tweet-sno-1359	QO	vclaim-sno-trump-mob-capitol	1	54.70972214928267	SimBa
tweet-sno-1359	QO	vclaim-sno-armed-trump-fans-biden-bus	1	53.3131448198819	SimBa
tweet-sno-1360	QO	vclaim-sno-fbi-trump-biden-bus	1	59.20558419813453	SimBa
tweet-sno-1360	QO	vclaim-sno-biden-18-wheeler-truck	1	54.41606749600661	SimBa
tweet-sno-1360	QO	vclaim-sno-fake-aoc-purge-tweet	1	54.27866100646682	SimBa
tweet-sno-1360	QO	vclaim-sno-truckers-strike-thanksgiving	1	53.88192056290792	SimBa
tweet-sno-1360	QO	vclaim-sno-harlan-hill-eat-shoe-biden-won	1	53.51969841044772	SimBa
tweet-sno-1361	QO	vclaim-sno-jill-biden-lunging-protect-joe	1	59.86533736577222	SimBa
tweet-sno-1361	QO	vclaim-sno-biden-troops-stupid-bastards	1	59.00528716327075	SimBa
tweet-sno-1361	QO	vclaim-sno-biden-says-dui-not-felony	1	58.96973639577584	SimBa
tweet-sno-1361	QO	vclaim-sno-joe-biden-constitutional-rights	1	58.899496743496336	SimBa
tweet-sno-1361	QO	vclaim-sno-hunter-biden-flipped-fbi	1	57.44027122856319	SimBa
tweet-sno-1362	QO	vclaim-sno-sean-connery-trump-golf-course	1	55.90515376976661	SimBa
tweet-sno-1362	QO	vclaim-sno-hackman-trump-president	1	47.07295230466608	SimBa
tweet-sno-1362	QO	vclaim-sno-is-matt-damon-moving-to-australia	1	46.11169681738969	SimBa
tweet-sno-1362	QO	vclaim-sno-sean-penn-death-hoax	1	45.727264944356726	SimBa
tweet-sno-1362	QO	vclaim-sno-scott-baio-plane-crash	1	45.11849434681299	SimBa
tweet-sno-1363	QO	vclaim-sno-taco-bell-mexican-pizza	1	55.258368661785326	SimBa
tweet-sno-1363	QO	vclaim-sno-taco-bell-closing	1	51.30723581762653	SimBa
tweet-sno-1363	QO	vclaim-sno-pizza-is-good-for-you	1	47.06366639396732	SimBa
tweet-sno-1363	QO	vclaim-sno-taco-cabana-sign-donald-trump-prank	1	45.59308149192657	SimBa
tweet-sno-1363	QO	vclaim-sno-oreo-moving-mexico	1	45.129525903593134	SimBa
tweet-sno-1364	QO	vclaim-sno-taco-bell-mexican-pizza	1	61.04589136422943	SimBa
tweet-sno-1364	QO	vclaim-sno-pizza-is-good-for-you	1	47.917505118948036	SimBa
tweet-sno-1364	QO	vclaim-sno-pizza-hut-papa-johns-gm-strike	1	46.24653600940075	SimBa
tweet-sno-1364	QO	vclaim-sno-pizza-vending-machine	1	45.200545815714875	SimBa
tweet-sno-1364	QO	vclaim-sno-taco-bell-closing	1	44.51244579000875	SimBa
tweet-sno-1365	QO	vclaim-sno-taco-bell-mexican-pizza	1	60.55505789319431	SimBa
tweet-sno-1365	QO	vclaim-sno-pizza-is-good-for-you	1	51.38042647640536	SimBa
tweet-sno-1365	QO	vclaim-sno-taco-bell-closing-2020	1	50.36062117006953	SimBa
tweet-sno-1365	QO	vclaim-sno-taco-bell-closing	1	49.90558569730624	SimBa
tweet-sno-1365	QO	vclaim-sno-taco-bell-major-changes	1	46.634010534331004	SimBa
tweet-sno-1366	QO	vclaim-sno-taco-bell-mexican-pizza	1	71.54310634623872	SimBa
tweet-sno-1366	QO	vclaim-sno-taco-bell-closing-2020	1	60.301667982006116	SimBa
tweet-sno-1366	QO	vclaim-sno-taco-bell-closing	1	60.10837625325269	SimBa
tweet-sno-1366	QO	vclaim-sno-taco-bell-menu-change	1	53.3868157586627	SimBa
tweet-sno-1366	QO	vclaim-sno-taco-bell-cinammon-twists-pasta	1	53.10291574507694	SimBa
tweet-sno-1367	QO	vclaim-sno-taco-bell-mexican-pizza	1	67.44288425365316	SimBa
tweet-sno-1367	QO	vclaim-sno-pizza-is-good-for-you	1	57.16809636496015	SimBa
tweet-sno-1367	QO	vclaim-sno-taco-bell-closing-2020	1	53.954890370901865	SimBa
tweet-sno-1367	QO	vclaim-sno-taco-bell-closing	1	52.397724556736044	SimBa
tweet-sno-1367	QO	vclaim-sno-pizza-vending-machine	1	50.95059322185678	SimBa
tweet-sno-1368	QO	vclaim-sno-cheesecake-factory-closing-rumor	1	56.717032994449646	SimBa
tweet-sno-1368	QO	vclaim-sno-taco-bell-mexican-pizza	1	46.449183548331575	SimBa
tweet-sno-1368	QO	vclaim-sno-oreo-moving-mexico	1	43.48460982612291	SimBa
tweet-sno-1368	QO	vclaim-sno-pizza-hut-papa-johns-gm-strike	1	41.15257059978694	SimBa
tweet-sno-1368	QO	vclaim-sno-whataburger-closing-its-doors	1	40.70814058284222	SimBa
tweet-sno-1369	QO	vclaim-sno-cheesecake-factory-closing-rumor	1	58.53445950537001	SimBa
tweet-sno-1369	QO	vclaim-sno-olive-garden-closing	1	41.43807389414981	SimBa
tweet-sno-1369	QO	vclaim-sno-red-lobster-closing	1	40.14777002296448	SimBa
tweet-sno-1369	QO	vclaim-sno-kake-kake-kake	1	39.57279412442196	SimBa
tweet-sno-1369	QO	vclaim-sno-red-velvet-oreos	1	37.21163165849089	SimBa
tweet-sno-1370	QO	vclaim-sno-cheesecake-factory-closing-rumor	1	58.29331093028189	SimBa
tweet-sno-1370	QO	vclaim-sno-olive-garden-trump-reelection	1	50.96062561474165	SimBa
tweet-sno-1370	QO	vclaim-sno-olive-garden-closing	1	46.94412884272457	SimBa
tweet-sno-1370	QO	vclaim-sno-lowes-versus-home-depot-meme	1	46.66396836586368	SimBa
tweet-sno-1370	QO	vclaim-sno-trump-criticize-obama-shutdown	1	46.56514183940473	SimBa
tweet-sno-1371	QO	vclaim-sno-cheesecake-factory-closing-rumor	1	85.94027902526132	SimBa
tweet-sno-1371	QO	vclaim-sno-red-lobster-closing	1	58.8925677493625	SimBa
tweet-sno-1371	QO	vclaim-sno-olive-garden-closing	1	54.695547259433376	SimBa
tweet-sno-1371	QO	vclaim-sno-cheesecake-factory-receipt	1	46.92237291431783	SimBa
tweet-sno-1371	QO	vclaim-sno-whataburger-closing-its-doors	1	44.95424519147397	SimBa
tweet-sno-1372	QO	vclaim-sno-cheesecake-factory-closing-rumor	1	78.41280457223884	SimBa
tweet-sno-1372	QO	vclaim-sno-red-lobster-closing	1	55.7661874841627	SimBa
tweet-sno-1372	QO	vclaim-sno-olive-garden-closing	1	47.91768767143988	SimBa
tweet-sno-1372	QO	vclaim-sno-cheesecake-factory-gift-card	1	46.73002782304885	SimBa
tweet-sno-1372	QO	vclaim-sno-cheesecake-factory-receipt	1	43.572200763461446	SimBa
tweet-sno-1373	QO	vclaim-sno-cheesecake-factory-closing-rumor	1	77.02783157550574	SimBa
tweet-sno-1373	QO	vclaim-sno-cheesecake-factory-gift-card	1	47.96810178451136	SimBa
tweet-sno-1373	QO	vclaim-sno-red-lobster-closing	1	47.18606370605616	SimBa
tweet-sno-1373	QO	vclaim-sno-cheesecake-factory-receipt	1	45.42675363415375	SimBa
tweet-sno-1373	QO	vclaim-sno-olive-garden-closing	1	44.609029007699796	SimBa
tweet-sno-1374	QO	vclaim-sno-cheesecake-factory-closing-rumor	1	87.0744485991571	SimBa
tweet-sno-1374	QO	vclaim-sno-red-lobster-closing	1	59.989242268286816	SimBa
tweet-sno-1374	QO	vclaim-sno-olive-garden-closing	1	56.07394163267845	SimBa
tweet-sno-1374	QO	vclaim-sno-cheesecake-factory-receipt	1	49.464348711379266	SimBa
tweet-sno-1374	QO	vclaim-sno-whataburger-closing-its-doors	1	48.14961326727557	SimBa
tweet-sno-1375	QO	vclaim-sno-cheesecake-factory-closing-rumor	1	75.200926729953	SimBa
tweet-sno-1375	QO	vclaim-sno-red-lobster-closing	1	50.77032840728687	SimBa
tweet-sno-1375	QO	vclaim-sno-cheesecake-factory-gift-card	1	45.28203715444188	SimBa
tweet-sno-1375	QO	vclaim-sno-cheesecake-factory-receipt	1	44.03128573727285	SimBa
tweet-sno-1375	QO	vclaim-sno-olive-garden-closing	1	43.238451342592874	SimBa
tweet-sno-1376	QO	vclaim-sno-twitter-disable-engagement-trump	1	53.34286513618424	SimBa
tweet-sno-1376	QO	vclaim-sno-michelle-obama-scrubs-twitter	1	50.75251660532738	SimBa
tweet-sno-1376	QO	vclaim-sno-trump-noble-prize-tweets	1	50.728202874127426	SimBa
tweet-sno-1376	QO	vclaim-sno-harris-twitter-trump	1	49.78684340971032	SimBa
tweet-sno-1376	QO	vclaim-sno-twitter-delete-trump-account-racism	1	49.547557650752495	SimBa
tweet-sno-1377	QO	vclaim-sno-aoc-gop-sad-stupid-vanity-fair	1	57.310522928749954	SimBa
tweet-sno-1377	QO	vclaim-sno-1998-trump-people-quote	1	39.88255235088931	SimBa
tweet-sno-1377	QO	vclaim-sno-nancy-pelosi-hot-mic	1	38.99021495022674	SimBa
tweet-sno-1377	QO	vclaim-sno-laura-ingraham-athletes-politics	1	38.06859223226904	SimBa
tweet-sno-1377	QO	vclaim-sno-pelosi-coronavirus-funding	1	37.0767103581791	SimBa
tweet-sno-1378	QO	vclaim-sno-isis-called-for-assassination-of-barron-trump	1	67.21933500187419	SimBa
tweet-sno-1378	QO	vclaim-sno-trump-threatening-robocalls	1	62.16516838530106	SimBa
tweet-sno-1378	QO	vclaim-sno-bernie-sanders-responds-to-critical-trump-tweet	1	61.29003099842672	SimBa
tweet-sno-1378	QO	vclaim-sno-donald-trump-twitter-plant-clinton	1	59.06311298123281	SimBa
tweet-sno-1378	QO	vclaim-sno-trump-biden-assassination-shot	1	58.811786344338216	SimBa
tweet-sno-1379	QO	vclaim-sno-biden-admit-voter-fraud	1	72.97952995657448	SimBa
tweet-sno-1379	QO	vclaim-sno-biden-official-arrested-texas	1	68.39727638868787	SimBa
tweet-sno-1379	QO	vclaim-sno-dallas-jones-voter-fraud	1	68.34979237205069	SimBa
tweet-sno-1379	QO	vclaim-sno-huckabee-letter-biden-fraud	1	67.99503021299354	SimBa
tweet-sno-1379	QO	vclaim-sno-trump-biden-vote-dumps	1	64.29102998898088	SimBa
tweet-sno-1380	QO	vclaim-sno-2009-trump-tweet-pandemic	1	61.18887195096862	SimBa
tweet-sno-1380	QO	vclaim-sno-obama-wait-swine-flu-n1h1	1	54.095275368754734	SimBa
tweet-sno-1380	QO	vclaim-sno-trump-deflect-to-h1n1	1	53.4290606611108	SimBa
tweet-sno-1380	QO	vclaim-sno-trump-care-how-sick-coronavirus	1	52.07203802244732	SimBa
tweet-sno-1380	QO	vclaim-sno-trump-china-transparency	1	50.67357782725015	SimBa
tweet-sno-1381	QO	vclaim-sno-merriam-webster-barrett-sexual	1	51.10637951349308	SimBa
tweet-sno-1381	QO	vclaim-sno-irregardless-merriam-webster	1	45.292387566043566	SimBa
tweet-sno-1381	QO	vclaim-sno-fascism-corporations-corporatism-dictionary	1	41.87741008324406	SimBa
tweet-sno-1381	QO	vclaim-sno-nine-letters-puzzle	1	38.93960046213192	SimBa
tweet-sno-1381	QO	vclaim-sno-definition-of-trumpery	1	36.84845078970809	SimBa
tweet-sno-1382	QO	vclaim-sno-elijah-cummings-said-democrats-gave-black-people-the-right-to-vote	1	52.478118054883005	SimBa
tweet-sno-1382	QO	vclaim-sno-sarah-palin-slavery-quote	1	48.0975470355661	SimBa
tweet-sno-1382	QO	vclaim-sno-colin-powell-lazy-immigrants	1	47.68670124152064	SimBa
tweet-sno-1382	QO	vclaim-sno-joe-biden-put-yall-back-in-chains	1	46.76579000079399	SimBa
tweet-sno-1382	QO	vclaim-sno-michelle-obama-white-folks-quote	1	46.53898210962135	SimBa
tweet-sno-1383	QO	vclaim-sno-mitch-mcconnells-hands	1	49.9871648238269	SimBa
tweet-sno-1383	QO	vclaim-sno-mcconnell-voting-photobomb	1	42.74162045787371	SimBa
tweet-sno-1383	QO	vclaim-sno-mitch-mcconnell-block-russia	1	39.41869968109852	SimBa
tweet-sno-1383	QO	vclaim-sno-mitch-mcconnell-blocked-investigating-russian-hacks	1	38.726180051581416	SimBa
tweet-sno-1383	QO	vclaim-sno-short-tailed-weasel	1	35.824603191243966	SimBa
tweet-sno-1384	QO	vclaim-sno-catch-me-outside-girl-arrested	1	50.88257820687968	SimBa
tweet-sno-1384	QO	vclaim-sno-nurse-gop-convention-shooting	1	50.8670733610451	SimBa
tweet-sno-1384	QO	vclaim-sno-police-trainer-best-sex-killing	1	49.9673054840693	SimBa
tweet-sno-1384	QO	vclaim-sno-liberalism-summed-up-in-10-seconds	1	48.822985869435875	SimBa
tweet-sno-1384	QO	vclaim-sno-transgender-arrested-target-photos	1	48.623175629158034	SimBa
tweet-sno-1385	QO	vclaim-sno-harris-biden-blog-post	1	66.1044898440856	SimBa
tweet-sno-1385	QO	vclaim-sno-biden-harris-burning-flag	1	63.09212555649065	SimBa
tweet-sno-1385	QO	vclaim-sno-biden-say-president-harris	1	60.861073607269326	SimBa
tweet-sno-1385	QO	vclaim-sno-kamala-harris-call-biden-racist	1	60.35252797806968	SimBa
tweet-sno-1385	QO	vclaim-sno-jill-biden-lunging-protect-joe	1	59.499779620919554	SimBa
tweet-sno-1386	QO	vclaim-sno-harris-biden-blog-post	1	79.9223467953086	SimBa
tweet-sno-1386	QO	vclaim-sno-biden-ban-fracking	1	70.61371910230325	SimBa
tweet-sno-1386	QO	vclaim-sno-biden-say-president-harris	1	69.64882038037491	SimBa
tweet-sno-1386	QO	vclaim-sno-harris-believe-biden-accusers	1	69.37834136059652	SimBa
tweet-sno-1386	QO	vclaim-sno-kamala-harris-call-biden-racist	1	68.0091991806658	SimBa
tweet-sno-1387	QO	vclaim-sno-kennedy-nixon-virtual-debate-1960	1	44.31268303890117	SimBa
tweet-sno-1387	QO	vclaim-sno-the-wire	1	40.7626668818617	SimBa
tweet-sno-1387	QO	vclaim-sno-debate-secret-hand-signals	1	38.16441038619771	SimBa
tweet-sno-1387	QO	vclaim-sno-flag-nancy-pelosi	1	37.81258295295201	SimBa
tweet-sno-1387	QO	vclaim-sno-hillary-clinton-rfk-comment	1	36.74810631940129	SimBa
tweet-sno-1388	QO	vclaim-sno-karen-pence-mask-debate	1	64.72932450317359	SimBa
tweet-sno-1388	QO	vclaim-sno-pence-anti-witchcraft	1	54.231676740848	SimBa
tweet-sno-1388	QO	vclaim-sno-mike-pence-smoking	1	45.38475554280098	SimBa
tweet-sno-1388	QO	vclaim-sno-mike-pence-opposes-vice	1	45.138426856453485	SimBa
tweet-sno-1388	QO	vclaim-sno-mike-pence-condom-ban	1	44.63304540867623	SimBa
tweet-sno-1389	QO	vclaim-sno-trump-sign-hollywood-los-angeles	1	57.094900535413586	SimBa
tweet-sno-1389	QO	vclaim-sno-anti-trump-protesters-killed-on-freeway	1	49.05302446574669	SimBa
tweet-sno-1389	QO	vclaim-sno-san-antonio-border-wall	1	46.24907260256915	SimBa
tweet-sno-1389	QO	vclaim-sno-run-over-trump-protesters	1	44.745396243828814	SimBa
tweet-sno-1389	QO	vclaim-sno-trump-tower-name-changed-to-dump-tower-in-google-maps	1	44.39054585973183	SimBa
tweet-sno-1390	QO	vclaim-sno-kamala-harris-protests	1	76.41318207355458	SimBa
tweet-sno-1390	QO	vclaim-sno-democrats-voting-twice-maryland	1	52.741214496434644	SimBa
tweet-sno-1390	QO	vclaim-sno-sanders-voter-suppression-ny	1	51.59979282098857	SimBa
tweet-sno-1390	QO	vclaim-sno-tomi-lahren-biden-supporters-loot	1	50.908987349784326	SimBa
tweet-sno-1390	QO	vclaim-sno-most-trump-protesters-didnt-vote	1	49.923426464281675	SimBa
tweet-sno-1391	QO	vclaim-sno-biden-18-wheeler-truck	1	73.61710012431749	SimBa
tweet-sno-1391	QO	vclaim-sno-biden-trump-dregs-society	1	72.85871001775405	SimBa
tweet-sno-1391	QO	vclaim-sno-joe-biden-no-empathy	1	69.85769735773526	SimBa
tweet-sno-1391	QO	vclaim-sno-biden-troops-stupid-bastards	1	69.5800100597892	SimBa
tweet-sno-1391	QO	vclaim-sno-biden-says-dui-not-felony	1	69.18716730972885	SimBa
tweet-sno-1392	QO	vclaim-sno-biden-pandemic-black-women-grocery	1	69.91691300077505	SimBa
tweet-sno-1392	QO	vclaim-sno-joe-biden-put-yall-back-in-chains	1	56.075432146876516	SimBa
tweet-sno-1392	QO	vclaim-sno-jill-biden-babysitter-joe-biden	1	55.96612155430169	SimBa
tweet-sno-1392	QO	vclaim-sno-joe-biden-beat-biden	1	55.178659627961665	SimBa
tweet-sno-1392	QO	vclaim-sno-kamala-harris-call-biden-racist	1	55.134722148386615	SimBa
tweet-sno-1393	QO	vclaim-sno-comey-clinton-foundation	1	73.83890014699396	SimBa
tweet-sno-1393	QO	vclaim-sno-clinton-mccabe-donation	1	73.19470677020253	SimBa
tweet-sno-1393	QO	vclaim-sno-spooked-clinton-campaign-manager-deleted-tweets	1	69.50212130910978	SimBa
tweet-sno-1393	QO	vclaim-sno-fbi-agent-murder-suicide	1	69.43987353320308	SimBa
tweet-sno-1393	QO	vclaim-sno-raynor-died-expose-clinton	1	67.84903831387574	SimBa
tweet-sno-1394	QO	vclaim-sno-gay-lions-mating	1	40.0887390150107	SimBa
tweet-sno-1394	QO	vclaim-sno-lgbtp-adding-letter	1	39.73543223811191	SimBa
tweet-sno-1394	QO	vclaim-sno-buttigieg-grenell-lgbt-cabinet	1	39.244261399486625	SimBa
tweet-sno-1394	QO	vclaim-sno-gay-jesus-film	1	38.88600892339635	SimBa
tweet-sno-1394	QO	vclaim-sno-heterosexual-near-death-experience	1	36.53545191708143	SimBa
tweet-sno-1395	QO	vclaim-sno-gay-men-proud-boys-hashtag	1	67.90279873048384	SimBa
tweet-sno-1395	QO	vclaim-sno-nazi-flags-trump-rally	1	50.84050888918359	SimBa
tweet-sno-1395	QO	vclaim-sno-america-first-ku-klux-klan-slogan	1	48.631696681751954	SimBa
tweet-sno-1395	QO	vclaim-sno-alt-right-hail-trump-salute	1	48.589679813862055	SimBa
tweet-sno-1395	QO	vclaim-sno-donald-trump-kkk-supporters	1	48.52018748141125	SimBa
tweet-sno-1396	QO	vclaim-sno-shahada-been-there	1	53.167518764170254	SimBa
tweet-sno-1396	QO	vclaim-sno-left-handed-salute	1	52.83067266028705	SimBa
tweet-sno-1396	QO	vclaim-sno-michelle-obama-anthem-heart	1	52.7185588790794	SimBa
tweet-sno-1396	QO	vclaim-sno-president-obama-marching	1	52.52463938196804	SimBa
tweet-sno-1396	QO	vclaim-sno-pregnant-pause-3	1	51.98428060680479	SimBa
tweet-sno-1397	QO	vclaim-sno-trump-covid-fundraising	1	42.51217955201485	SimBa
tweet-sno-1397	QO	vclaim-sno-tumor-mill	1	39.97099858612101	SimBa
tweet-sno-1397	QO	vclaim-sno-clinton-foundation-dead-contributions-dry	1	39.87714627687693	SimBa
tweet-sno-1397	QO	vclaim-sno-philanthropist-donate-kidneys	1	39.298983109110154	SimBa
tweet-sno-1397	QO	vclaim-sno-american-cancer-society-hoax	1	38.67546519075299	SimBa
tweet-sno-1398	QO	vclaim-sno-amy-coney-barrett-rhodes-scholar	1	64.38122229631888	SimBa
tweet-sno-1398	QO	vclaim-sno-cnn-microphone-intern	1	49.59879091113943	SimBa
tweet-sno-1398	QO	vclaim-sno-tucker-carlson-dan-white-society	1	47.23627276294353	SimBa
tweet-sno-1398	QO	vclaim-sno-oxford-letter-to-students	1	46.201947418254896	SimBa
tweet-sno-1398	QO	vclaim-sno-brandon-victor-dixon-tweet	1	42.775302274438396	SimBa
tweet-sno-1399	QO	vclaim-sno-biden-antifa-courageous-americans	1	63.02737888747328	SimBa
tweet-sno-1399	QO	vclaim-sno-biden-fail-condemn-antifa	1	61.25328192069034	SimBa
tweet-sno-1399	QO	vclaim-sno-paul-ryan-endorsed-antifa	1	53.17832243177914	SimBa
tweet-sno-1399	QO	vclaim-sno-joe-biden-ask-reporter-junkie	1	52.737803028922755	SimBa
tweet-sno-1399	QO	vclaim-sno-law-bans-antifa	1	52.6752371905164	SimBa
tweet-sno-1400	QO	vclaim-sno-trump-terror-watch-program	1	56.227180663389916	SimBa
tweet-sno-1400	QO	vclaim-sno-counter-demonstrators-permits-charlottesville	1	53.68215458111555	SimBa
tweet-sno-1400	QO	vclaim-sno-trump-condemn-white-supremacists	1	53.27902455196125	SimBa
tweet-sno-1400	QO	vclaim-sno-antifa-mugshots-charlottesville	1	51.92977685199902	SimBa
tweet-sno-1400	QO	vclaim-sno-america-first-ku-klux-klan-slogan	1	50.542644645693315	SimBa
tweet-sno-1401	QO	vclaim-sno-bloomberg-pay-florida-felons-vote	1	48.8049085029205	SimBa
tweet-sno-1401	QO	vclaim-sno-bar-owner-biden-ad	1	43.670422944361576	SimBa
tweet-sno-1401	QO	vclaim-sno-biden-official-arrested-texas	1	42.797361981126514	SimBa
tweet-sno-1401	QO	vclaim-sno-michael-bloomberg-donald-trump	1	42.772143597986954	SimBa
tweet-sno-1401	QO	vclaim-sno-dallas-jones-voter-fraud	1	41.828645290685174	SimBa
