tweet-sno-1200	QO	vclaim-sno-lady-gaga-oreo	1	51.34529922241817	SimBa
tweet-sno-1200	QO	vclaim-sno-red-velvet-oreos	1	46.33576205445774	SimBa
tweet-sno-1200	QO	vclaim-sno-black-raspberry-chocolate-chip-oreos	1	46.14151282593214	SimBa
tweet-sno-1200	QO	vclaim-sno-oreos-fake-tweet	1	44.75076270289779	SimBa
tweet-sno-1200	QO	vclaim-sno-lady-gaga-ex-boyfriend-quote	1	44.610098558002186	SimBa
tweet-sno-1201	QO	vclaim-sno-biden-executive-order-dictator	1	75.79866487523627	SimBa
tweet-sno-1201	QO	vclaim-sno-biden-violate-mask-mandate	1	65.9713103996482	SimBa
tweet-sno-1201	QO	vclaim-sno-mcconnell-democrats-no-victories	1	65.06404527085961	SimBa
tweet-sno-1201	QO	vclaim-sno-mitch-mcconnell-one-of-my-proudest-moments	1	64.20412514950725	SimBa
tweet-sno-1201	QO	vclaim-sno-biden-signing-blank-papers	1	62.62929227611874	SimBa
tweet-sno-1202	QO	vclaim-sno-biden-executive-order-dictator	1	69.3549059658898	SimBa
tweet-sno-1202	QO	vclaim-sno-jimmy-carter-functioning-democracy	1	55.43989783617492	SimBa
tweet-sno-1202	QO	vclaim-sno-biden-second-amendment-phony	1	54.54889471545897	SimBa
tweet-sno-1202	QO	vclaim-sno-obama-surrender-world-order	1	53.83073594151382	SimBa
tweet-sno-1202	QO	vclaim-sno-bloc-the-vote	1	53.40142334151031	SimBa
tweet-sno-1203	QO	vclaim-sno-farmers-protest-india-flag	1	62.89967560715262	SimBa
tweet-sno-1203	QO	vclaim-sno-capture-the-flag	1	59.814788169413134	SimBa
tweet-sno-1203	QO	vclaim-sno-swastika-flag-trump-pence-michigan	1	57.36933631130793	SimBa
tweet-sno-1203	QO	vclaim-sno-911-wwii-memorial-vandalized	1	56.85922876391314	SimBa
tweet-sno-1203	QO	vclaim-sno-rosanne-boyland-trampled-flag	1	56.70033833583987	SimBa
tweet-sno-1204	QO	vclaim-sno-biden-bans-china-virus	1	86.0427265998303	SimBa
tweet-sno-1204	QO	vclaim-sno-trump-ban-travel-china-pandemic	1	62.95186910186665	SimBa
tweet-sno-1204	QO	vclaim-sno-biden-violate-mask-mandate	1	62.57110951348818	SimBa
tweet-sno-1204	QO	vclaim-sno-biden-signing-blank-papers	1	62.277522166983914	SimBa
tweet-sno-1204	QO	vclaim-sno-power-grid-executive-order	1	61.83846513274194	SimBa
tweet-sno-1205	QO	vclaim-sno-trump-office-former-president	1	73.87338857446187	SimBa
tweet-sno-1205	QO	vclaim-sno-obama-trump-transition-letter	1	63.41356496029748	SimBa
tweet-sno-1205	QO	vclaim-sno-oval-office-fumigated-after-trump	1	61.47992916635155	SimBa
tweet-sno-1205	QO	vclaim-sno-trump-diet-coke-button-oval	1	59.41331366600327	SimBa
tweet-sno-1205	QO	vclaim-sno-obama-attach-personal-message-letter-wrote-trump	1	59.38798299805538	SimBa
tweet-sno-1206	QO	vclaim-sno-trump-office-former-president	1	79.96664467438926	SimBa
tweet-sno-1206	QO	vclaim-sno-trump-social-media-order	1	61.44498579445457	SimBa
tweet-sno-1206	QO	vclaim-sno-obama-trump-transition-letter	1	60.573566634347365	SimBa
tweet-sno-1206	QO	vclaim-sno-trump-revoke-executive-order	1	59.906133303745584	SimBa
tweet-sno-1206	QO	vclaim-sno-sag-letter-president-trump	1	59.05108566209823	SimBa
tweet-sno-1207	QO	vclaim-sno-cocaine-smuggled-in-bananas	1	66.63830701494176	SimBa
tweet-sno-1207	QO	vclaim-sno-mule-dear	1	57.10007976106941	SimBa
tweet-sno-1207	QO	vclaim-sno-cia-crossing-border-cocaine	1	54.05598815042812	SimBa
tweet-sno-1207	QO	vclaim-sno-mexico-seizes-us-cocaine	1	53.797609907192125	SimBa
tweet-sno-1207	QO	vclaim-sno-cocaine-on-money	1	52.65256002732932	SimBa
tweet-sno-1208	QO	vclaim-sno-national-guard-parking-garage	1	62.219648939600376	SimBa
tweet-sno-1208	QO	vclaim-sno-biden-troops-stupid-bastards	1	53.97695984447612	SimBa
tweet-sno-1208	QO	vclaim-sno-barack-obama-in-afghanistan	1	53.556507731300044	SimBa
tweet-sno-1208	QO	vclaim-sno-marines-corps-rebuke-pelosi	1	53.37183751363986	SimBa
tweet-sno-1208	QO	vclaim-sno-president-biden-flags-removed-oval	1	53.11414953212797	SimBa
tweet-sno-1209	QO	vclaim-sno-trump-letter-schumer	1	63.90477740362215	SimBa
tweet-sno-1209	QO	vclaim-sno-schumer-tweet-china-travel	1	63.3060416177629	SimBa
tweet-sno-1209	QO	vclaim-sno-schumer-erection-senate-floor	1	63.17125427814829	SimBa
tweet-sno-1209	QO	vclaim-sno-mcconnell-trump-attack-capitol	1	58.635040636450405	SimBa
tweet-sno-1209	QO	vclaim-sno-sleepy-eyes-anti-semitic-slur	1	58.50304060664188	SimBa
tweet-sno-1210	QO	vclaim-sno-schumer-erection-senate-floor	1	62.34473323636389	SimBa
tweet-sno-1210	QO	vclaim-sno-trump-tweets-photo-genitals	1	49.21467875036907	SimBa
tweet-sno-1210	QO	vclaim-sno-chuck-schumer-resigns-disgrace	1	48.511826571936396	SimBa
tweet-sno-1210	QO	vclaim-sno-chuck-schumer-kissing-a-girl	1	48.38383536953197	SimBa
tweet-sno-1210	QO	vclaim-sno-schumer-daughter-cheerleader	1	48.07084697494312	SimBa
tweet-sno-1211	QO	vclaim-sno-schumer-erection-senate-floor	1	71.8489495145872	SimBa
tweet-sno-1211	QO	vclaim-sno-mcconnell-trump-attack-capitol	1	63.855560512435495	SimBa
tweet-sno-1211	QO	vclaim-sno-republican-senators-up-shits-creek	1	60.32808050910276	SimBa
tweet-sno-1211	QO	vclaim-sno-trump-letter-schumer	1	60.32470331127353	SimBa
tweet-sno-1211	QO	vclaim-sno-rick-wiles-trump-impeachment	1	58.289135382281586	SimBa
tweet-sno-1212	QO	vclaim-sno-schumer-erection-senate-floor	1	61.26663141984072	SimBa
tweet-sno-1212	QO	vclaim-sno-trump-tweets-photo-genitals	1	47.09916104611017	SimBa
tweet-sno-1212	QO	vclaim-sno-presidential-erection	1	46.7335155640317	SimBa
tweet-sno-1212	QO	vclaim-sno-msnbc-pecker-chyron	1	46.57668561147121	SimBa
tweet-sno-1212	QO	vclaim-sno-trump-letter-schumer	1	46.56602167599123	SimBa
tweet-sno-1213	QO	vclaim-sno-schumer-erection-senate-floor	1	60.03873151846692	SimBa
tweet-sno-1213	QO	vclaim-sno-leftist-activists-statue-theodore-roosevelt	1	50.685121991226225	SimBa
tweet-sno-1213	QO	vclaim-sno-obama-white-house-statue	1	50.14151134166335	SimBa
tweet-sno-1213	QO	vclaim-sno-does-schumer-have-concealed-permit	1	47.36644078464688	SimBa
tweet-sno-1213	QO	vclaim-sno-mencken-white-house-quote	1	47.321708557369504	SimBa
tweet-sno-1214	QO	vclaim-sno-schumer-erection-senate-floor	1	64.59584357157428	SimBa
tweet-sno-1214	QO	vclaim-sno-biden-pandemic-statement	1	51.83808763625833	SimBa
tweet-sno-1214	QO	vclaim-sno-trump-biden-resident-meme	1	51.26722070207987	SimBa
tweet-sno-1214	QO	vclaim-sno-hillary-laughs-as-under-god-removed-from-pledge	1	51.081093747795194	SimBa
tweet-sno-1214	QO	vclaim-sno-donald-trump-lincoln-success	1	50.61609929691013	SimBa
tweet-sno-1215	QO	vclaim-sno-bernice-king-mlk-day-instagram	1	74.2938775944151	SimBa
tweet-sno-1215	QO	vclaim-sno-i-have-a-what	1	57.111492542144056	SimBa
tweet-sno-1215	QO	vclaim-sno-melania-michelle-mlk-message	1	55.494472211739826	SimBa
tweet-sno-1215	QO	vclaim-sno-kamala-harris-plagiarize-mlk	1	53.50789952223967	SimBa
tweet-sno-1215	QO	vclaim-sno-jerry-falwell-racist-photo	1	52.29633703687276	SimBa
tweet-sno-1216	QO	vclaim-sno-mypillow-discount-codes-qanon	1	59.050550664044195	SimBa
tweet-sno-1216	QO	vclaim-sno-trump-fail-to-denounce-qanon	1	53.7831620131288	SimBa
tweet-sno-1216	QO	vclaim-sno-donald-trump-watches-gorilla-channel	1	51.3295833998497	SimBa
tweet-sno-1216	QO	vclaim-sno-trump-selling-inauguration-tickets	1	50.75585438499243	SimBa
tweet-sno-1216	QO	vclaim-sno-pelosi-mccarthy-press-release	1	50.574594881861124	SimBa
tweet-sno-1217	QO	vclaim-sno-tesla-hiring-complaints-elon-musk	1	66.36365216355375	SimBa
tweet-sno-1217	QO	vclaim-sno-elon-musk-buy-facebook	1	50.82347525046944	SimBa
tweet-sno-1217	QO	vclaim-sno-elon-musk-billboard	1	50.40567267133427	SimBa
tweet-sno-1217	QO	vclaim-sno-elon-musk-illegal-immigrant	1	50.10989519839784	SimBa
tweet-sno-1217	QO	vclaim-sno-elon-musk-donald-trump-dumbass	1	45.88298273608727	SimBa
tweet-sno-1218	QO	vclaim-sno-do-scented-candles-cause-cancer	1	56.67335472561405	SimBa
tweet-sno-1218	QO	vclaim-sno-downy-unstopables-warmer-warning	1	56.46448821754986	SimBa
tweet-sno-1218	QO	vclaim-sno-crayon-candle	1	54.573429682093135	SimBa
tweet-sno-1218	QO	vclaim-sno-gwyneth-vagina-candle-explode	1	54.41680715003856	SimBa
tweet-sno-1218	QO	vclaim-sno-gwyneth-paltrow-vagina-candle	1	53.15040022327448	SimBa
tweet-sno-1219	QO	vclaim-sno-marjorie-taylor-greene-twitter	1	77.80157146572228	SimBa
tweet-sno-1219	QO	vclaim-sno-twitter-marjorie-taylor-greene	1	74.34773726271371	SimBa
tweet-sno-1219	QO	vclaim-sno-did-twitter-lock-trumps-account	1	63.86910762181157	SimBa
tweet-sno-1219	QO	vclaim-sno-snl-writer-suspended-tweet-barron	1	60.90820319797502	SimBa
tweet-sno-1219	QO	vclaim-sno-twitter-delete-trump-account-racism	1	60.7965677679287	SimBa
tweet-sno-1220	QO	vclaim-sno-burger-king-logo-new	1	71.80838608785395	SimBa
tweet-sno-1220	QO	vclaim-sno-yumbo-drop	1	55.78383975816358	SimBa
tweet-sno-1220	QO	vclaim-sno-subservient-chicken	1	52.83882050113165	SimBa
tweet-sno-1220	QO	vclaim-sno-donald-trump-swastika-logo	1	49.99123882974345	SimBa
tweet-sno-1220	QO	vclaim-sno-does-restaurant-tattoo-guarantee-food	1	48.77354959042833	SimBa
tweet-sno-1221	QO	vclaim-sno-covid-vaccine-throw-away	1	63.17350531075286	SimBa
tweet-sno-1221	QO	vclaim-sno-new-york-covid-vaccine-preregister	1	57.938242385643505	SimBa
tweet-sno-1221	QO	vclaim-sno-ny-hospitals-unvaccinated-parents	1	57.5187422301984	SimBa
tweet-sno-1221	QO	vclaim-sno-brooklyn-refusing-vaccinate-pets	1	54.43480162162213	SimBa
tweet-sno-1221	QO	vclaim-sno-doj-most-dangerous-vaccine	1	54.37530697461115	SimBa
tweet-sno-1222	QO	vclaim-sno-trump-jr-impeached-deplorable	1	62.40848059800089	SimBa
tweet-sno-1222	QO	vclaim-sno-clinton-federal-racketeering-charges	1	53.56426484739354	SimBa
tweet-sno-1222	QO	vclaim-sno-bill-clinton-said-hillary-suffered-more-than-those-guys-in-benghazi	1	53.13536729656581	SimBa
tweet-sno-1222	QO	vclaim-sno-trump-impeachment-votes	1	53.081046696231724	SimBa
tweet-sno-1222	QO	vclaim-sno-newsweek-report-trump-impeachment	1	52.79600484548715	SimBa
tweet-sno-1223	QO	vclaim-sno-armie-hammer-cannibal-lifestyle	1	60.063298986403964	SimBa
tweet-sno-1223	QO	vclaim-sno-drunk-man-has-sex-with-snowman	1	45.69860555749307	SimBa
tweet-sno-1223	QO	vclaim-sno-blood-rave-uses-real-blood	1	45.459335359142784	SimBa
tweet-sno-1223	QO	vclaim-sno-ynw-melly-stabbed-death-prison	1	45.36855318682739	SimBa
tweet-sno-1223	QO	vclaim-sno-cannibals-arrested-florida	1	45.30810447000424	SimBa
tweet-sno-1224	QO	vclaim-sno-indian-flag-capitol-riots	1	54.225488304528064	SimBa
tweet-sno-1224	QO	vclaim-sno-raz-simone-guns	1	52.06381952956367	SimBa
tweet-sno-1224	QO	vclaim-sno-capitol-riot-no-fly-list	1	50.49789600412635	SimBa
tweet-sno-1224	QO	vclaim-sno-jayapal-maskless-congress	1	49.627021374884784	SimBa
tweet-sno-1224	QO	vclaim-sno-little-timmy-facebook-flag	1	49.35738064027052	SimBa
tweet-sno-1225	QO	vclaim-sno-syringe-cakes	1	75.60901199373674	SimBa
tweet-sno-1225	QO	vclaim-sno-germanely-chocolate-cake	1	50.00348779718704	SimBa
tweet-sno-1225	QO	vclaim-sno-turkish-snack-bar-paralysis-tablet	1	49.77788840483302	SimBa
tweet-sno-1225	QO	vclaim-sno-lolli-pox	1	49.07338336370624	SimBa
tweet-sno-1225	QO	vclaim-sno-parade-grounds	1	47.262192783087514	SimBa
tweet-sno-1226	QO	vclaim-sno-trump-carved-manatees-back	1	69.2396467594524	SimBa
tweet-sno-1226	QO	vclaim-sno-dermophis-donaldtrumpi-amphibian-trump	1	53.7202136548802	SimBa
tweet-sno-1226	QO	vclaim-sno-trump-cecil-lion-wildlife-conservation-council	1	53.09400282225822	SimBa
tweet-sno-1226	QO	vclaim-sno-florida-invasive-species	1	52.137546597902926	SimBa
tweet-sno-1226	QO	vclaim-sno-arctic-fox-iceberg	1	50.77722487131327	SimBa
tweet-sno-1227	QO	vclaim-sno-mary-miller-hitler	1	62.78686139716714	SimBa
tweet-sno-1227	QO	vclaim-sno-trumps-rnc-speech-plagiarized-hitler	1	57.23758359893551	SimBa
tweet-sno-1227	QO	vclaim-sno-trump-hitler-heritage-tweet	1	56.73952556564092	SimBa
tweet-sno-1227	QO	vclaim-sno-make-germany-great-again	1	53.45277416042773	SimBa
tweet-sno-1227	QO	vclaim-sno-liselotte-hubner-donald-trump	1	53.44620296520689	SimBa
tweet-sno-1228	QO	vclaim-sno-mary-miller-hitler	1	68.11601505676518	SimBa
tweet-sno-1228	QO	vclaim-sno-trump-hitler-heritage-tweet	1	54.3582402196462	SimBa
tweet-sno-1228	QO	vclaim-sno-liselotte-hubner-donald-trump	1	53.888363654233174	SimBa
tweet-sno-1228	QO	vclaim-sno-adolf-hitler-smashing-the-nucleus	1	53.623919461643354	SimBa
tweet-sno-1228	QO	vclaim-sno-1922-new-york-times-hitler	1	53.31945873854291	SimBa
tweet-sno-1229	QO	vclaim-sno-capitol-riot-no-fly-list	1	65.19432554027036	SimBa
tweet-sno-1229	QO	vclaim-sno-reconnaissance-tours	1	53.746951652356145	SimBa
tweet-sno-1229	QO	vclaim-sno-trump-mob-capitol	1	52.3362682855805	SimBa
tweet-sno-1229	QO	vclaim-sno-rioters-capitol-flagpole	1	51.99256937326632	SimBa
tweet-sno-1229	QO	vclaim-sno-capitol-police-opened-gates	1	51.856762183286875	SimBa
tweet-sno-1230	QO	vclaim-sno-capitol-riot-taser-death	1	60.812153529352145	SimBa
tweet-sno-1230	QO	vclaim-sno-getting-the-hang-of-it	1	59.239384323624684	SimBa
tweet-sno-1230	QO	vclaim-sno-lethal-indirection	1	54.9907067892584	SimBa
tweet-sno-1230	QO	vclaim-sno-selfie-taken-dead-coworker	1	52.63796875365741	SimBa
tweet-sno-1230	QO	vclaim-sno-chicago-code-blue-fb-meme	1	51.119657970691186	SimBa
tweet-sno-1231	QO	vclaim-sno-can-you-hear-me-scam	1	58.55316946157876	SimBa
tweet-sno-1231	QO	vclaim-sno-irs-stimulus-check-1200	1	57.79408992539129	SimBa
tweet-sno-1231	QO	vclaim-sno-9-0-phone-scam	1	57.07709915405442	SimBa
tweet-sno-1231	QO	vclaim-sno-cell-phone-numbers-given-telemarketers	1	56.1500434471156	SimBa
tweet-sno-1231	QO	vclaim-sno-mobile-phone-sim-card-swap	1	56.06623716190043	SimBa
tweet-sno-1232	QO	vclaim-sno-warnock-arrested-capitol-praying	1	68.65120850061737	SimBa
tweet-sno-1232	QO	vclaim-sno-aoc-capitol-attack	1	59.60878465955693	SimBa
tweet-sno-1232	QO	vclaim-sno-npr-riot-article-before-riot	1	59.459106104088605	SimBa
tweet-sno-1232	QO	vclaim-sno-rioters-capitol-flagpole	1	58.85853413007036	SimBa
tweet-sno-1232	QO	vclaim-sno-newspaper-rioters-photo-antifa	1	58.18596132111723	SimBa
tweet-sno-1233	QO	vclaim-sno-tomi-lahren-biden-supporters-loot	1	64.00888056043117	SimBa
tweet-sno-1233	QO	vclaim-sno-truckers-strike-thanksgiving	1	60.22930977401281	SimBa
tweet-sno-1233	QO	vclaim-sno-trump-tell-supporters-storm	1	57.99657182658937	SimBa
tweet-sno-1233	QO	vclaim-sno-fake-aoc-purge-tweet	1	56.973081536534735	SimBa
tweet-sno-1233	QO	vclaim-sno-trump-stock-market-prediction	1	55.92217342621426	SimBa
tweet-sno-1234	QO	vclaim-sno-two-women-save-electoral-votes	1	62.9074675416464	SimBa
tweet-sno-1234	QO	vclaim-sno-poll-watchers-2020-election	1	56.80966768401049	SimBa
tweet-sno-1234	QO	vclaim-sno-ballots-georgia-senate	1	56.65540890350806	SimBa
tweet-sno-1234	QO	vclaim-sno-georgia-suitcases	1	56.53850016956908	SimBa
tweet-sno-1234	QO	vclaim-sno-virginia-vote-switch	1	55.77652789284677	SimBa
tweet-sno-1235	QO	vclaim-sno-two-women-save-electoral-votes	1	65.45422276496609	SimBa
tweet-sno-1235	QO	vclaim-sno-george-orwell-people-accomplices	1	48.259178113904895	SimBa
tweet-sno-1235	QO	vclaim-sno-u-s-senate-candidate-missouri-womans-rights	1	47.88999131343313	SimBa
tweet-sno-1235	QO	vclaim-sno-hillary-clinton-victims-of-war	1	47.60326357784614	SimBa
tweet-sno-1235	QO	vclaim-sno-military-absentee-ballots-clinton	1	47.307163808976156	SimBa
tweet-sno-1236	QO	vclaim-sno-trump-riot-camp-auschwitz-shirt	1	56.29132114793059	SimBa
tweet-sno-1236	QO	vclaim-sno-high-school-prom-nazi-salute	1	50.656086259818814	SimBa
tweet-sno-1236	QO	vclaim-sno-troop-loops	1	50.41615549601341	SimBa
tweet-sno-1236	QO	vclaim-sno-draketown-swastika-nazis	1	50.32167294718009	SimBa
tweet-sno-1236	QO	vclaim-sno-antifa-nazi-flags	1	50.02242951076585	SimBa
tweet-sno-1237	QO	vclaim-sno-aoc-capitol-attack	1	60.1707858818271	SimBa
tweet-sno-1237	QO	vclaim-sno-police-hold-hand-trump-riot	1	54.92652367678175	SimBa
tweet-sno-1237	QO	vclaim-sno-capitol-riot-podium	1	52.267040053855226	SimBa
tweet-sno-1237	QO	vclaim-sno-ivanka-mob-patriots-tweet	1	51.88060063494274	SimBa
tweet-sno-1237	QO	vclaim-sno-elizabeth-knoxville-onion-towel	1	51.85487536756647	SimBa
tweet-sno-1238	QO	vclaim-sno-elizabeth-knoxville-onion-towel	1	56.80463785805076	SimBa
tweet-sno-1238	QO	vclaim-sno-aoc-capitol-attack	1	47.7210373098888	SimBa
tweet-sno-1238	QO	vclaim-sno-nurse-gop-convention-shooting	1	46.770705877043866	SimBa
tweet-sno-1238	QO	vclaim-sno-hillary-barnwell-body-double	1	46.23518549702985	SimBa
tweet-sno-1238	QO	vclaim-sno-tomi-lahren-tear-gas	1	45.28678595023528	SimBa
tweet-sno-1239	QO	vclaim-sno-giuliani-rally-speech	1	55.323730790014984	SimBa
tweet-sno-1239	QO	vclaim-sno-quantum-blockchain-watermark-vote	1	53.52114928876708	SimBa
tweet-sno-1239	QO	vclaim-sno-california-unlawful-ballots	1	51.72812443166511	SimBa
tweet-sno-1239	QO	vclaim-sno-my-cousin-vinny-giuliani	1	51.40840075998569	SimBa
tweet-sno-1239	QO	vclaim-sno-georgia-signature-audit	1	50.15557782245219	SimBa
tweet-sno-1240	QO	vclaim-sno-national-guard-trump-mob	1	81.64705974769548	SimBa
tweet-sno-1240	QO	vclaim-sno-lincoln-memorial-defaced-protesters	1	70.86520879489109	SimBa
tweet-sno-1240	QO	vclaim-sno-troops-guarding-lincoln-memorial	1	67.57719571560281	SimBa
tweet-sno-1240	QO	vclaim-sno-attempted-robbery-target-field	1	65.0800229387271	SimBa
tweet-sno-1240	QO	vclaim-sno-flag-protest-baltimore	1	64.68745198181755	SimBa
tweet-sno-1241	QO	vclaim-sno-trump-threaten-federal-buildings	1	70.25780267077872	SimBa
tweet-sno-1241	QO	vclaim-sno-law-charges-protesters-with-terrorism	1	56.40182854922283	SimBa
tweet-sno-1241	QO	vclaim-sno-911-wwii-memorial-vandalized	1	55.09179838306163	SimBa
tweet-sno-1241	QO	vclaim-sno-portland-protesters-burn-bibles	1	54.57350193334452	SimBa
tweet-sno-1241	QO	vclaim-sno-defaced-abolitionist-statue	1	54.53600393478827	SimBa
tweet-sno-1242	QO	vclaim-sno-pence-trump-twitter-jan-6-riots	1	56.81347138142591	SimBa
tweet-sno-1242	QO	vclaim-sno-twitter-delete-trump-account-racism	1	56.7337774428521	SimBa
tweet-sno-1242	QO	vclaim-sno-trump-lose-followers-first-time	1	54.378779593219434	SimBa
tweet-sno-1242	QO	vclaim-sno-twitter-disable-engagement-trump	1	52.470203019432034	SimBa
tweet-sno-1242	QO	vclaim-sno-nps-twitter-account-shut-down	1	52.319470774580275	SimBa
tweet-sno-1243	QO	vclaim-sno-confederate-flag-capitol-dc	1	72.59210881880989	SimBa
tweet-sno-1243	QO	vclaim-sno-aoc-confederate-flag-richmond	1	66.46644768020208	SimBa
tweet-sno-1243	QO	vclaim-sno-kevin-seefried-democrat-biden	1	63.69894465002927	SimBa
tweet-sno-1243	QO	vclaim-sno-trump-flag-american-flag-capitol	1	61.31721789093099	SimBa
tweet-sno-1243	QO	vclaim-sno-indian-flag-capitol-riots	1	60.304597825619695	SimBa
tweet-sno-1244	QO	vclaim-sno-confederate-flag-capitol-dc	1	66.1701146274873	SimBa
tweet-sno-1244	QO	vclaim-sno-kevin-seefried-democrat-biden	1	58.65646243355995	SimBa
tweet-sno-1244	QO	vclaim-sno-mike-pence-confederate-flag	1	57.45722782001244	SimBa
tweet-sno-1244	QO	vclaim-sno-russian-flag-texas-capitol	1	57.29033333105595	SimBa
tweet-sno-1244	QO	vclaim-sno-trump-flag-american-flag-capitol	1	56.95637795033051	SimBa
tweet-sno-1245	QO	vclaim-sno-kevin-seefried-democrat-biden	1	72.04237277543741	SimBa
tweet-sno-1245	QO	vclaim-sno-confederate-flag-capitol-dc	1	69.3490218906427	SimBa
tweet-sno-1245	QO	vclaim-sno-trump-flag-american-flag-capitol	1	68.1387195349841	SimBa
tweet-sno-1245	QO	vclaim-sno-aoc-confederate-flag-richmond	1	64.80748359888018	SimBa
tweet-sno-1245	QO	vclaim-sno-capitol-police-selfie	1	64.62521657863672	SimBa
tweet-sno-1246	QO	vclaim-sno-cross-erected-capitol-building	1	65.85332894171204	SimBa
tweet-sno-1246	QO	vclaim-sno-cross-ayed	1	50.152640606263766	SimBa
tweet-sno-1246	QO	vclaim-sno-confederate-flag-capitol-dc	1	49.82573278305835	SimBa
tweet-sno-1246	QO	vclaim-sno-trump-flag-american-flag-capitol	1	49.21140442951372	SimBa
tweet-sno-1246	QO	vclaim-sno-national-capital	1	48.623793861660744	SimBa
tweet-sno-1247	QO	vclaim-sno-chip-off-the-old-salk	1	57.4853215608644	SimBa
tweet-sno-1247	QO	vclaim-sno-canine-vaccine-covid-19	1	52.83693488561549	SimBa
tweet-sno-1247	QO	vclaim-sno-covid-5g-chip-diagram	1	52.051967706627046	SimBa
tweet-sno-1247	QO	vclaim-sno-bill-gates-id2020	1	51.8763501926812	SimBa
tweet-sno-1247	QO	vclaim-sno-chip-chop	1	50.767997383679074	SimBa
tweet-sno-1248	QO	vclaim-sno-snow-los-angeles	1	55.88135443334843	SimBa
tweet-sno-1248	QO	vclaim-sno-rainbow-mountains-real	1	52.81492485382448	SimBa
tweet-sno-1248	QO	vclaim-sno-gods-painting	1	52.17311052948154	SimBa
tweet-sno-1248	QO	vclaim-sno-clouds-over-california-wildfires	1	51.958172327100336	SimBa
tweet-sno-1248	QO	vclaim-sno-snowfall-in-the-sahara	1	51.82595288229443	SimBa
tweet-sno-1249	QO	vclaim-sno-record-snowfall-in-oswego	1	53.920405815710055	SimBa
tweet-sno-1249	QO	vclaim-sno-snowfall-in-the-sahara	1	51.36195975981343	SimBa
tweet-sno-1249	QO	vclaim-sno-nepal-avalanche	1	49.93073081352901	SimBa
tweet-sno-1249	QO	vclaim-sno-snow-los-angeles	1	49.4897794874489	SimBa
tweet-sno-1249	QO	vclaim-sno-devastating-snowfall-predicted-nw-montana-early-2018	1	49.2610934325075	SimBa
tweet-sno-1250	QO	vclaim-sno-pennsylvania-205000-votes	1	79.68989277941805	SimBa
tweet-sno-1250	QO	vclaim-sno-erie-pennsylvania-trump-ballots	1	68.20222708828757	SimBa
tweet-sno-1250	QO	vclaim-sno-ballots-lancaster-pa	1	66.95145669033765	SimBa
tweet-sno-1250	QO	vclaim-sno-20000-dead-voters-in-pennsylvania	1	66.83480543267842	SimBa
tweet-sno-1250	QO	vclaim-sno-300000-wisconsin-voters-turned-away-due-to-voter-id-laws	1	65.65924943479966	SimBa
tweet-sno-1251	QO	vclaim-sno-georgia-signature-audit	1	64.63633479060178	SimBa
tweet-sno-1251	QO	vclaim-sno-ballots-lancaster-pa	1	62.00112612978472	SimBa
tweet-sno-1251	QO	vclaim-sno-georgia-ballots-likely-ineligible	1	60.32121404969779	SimBa
tweet-sno-1251	QO	vclaim-sno-pennsylvania-205000-votes	1	60.28893181227743	SimBa
tweet-sno-1251	QO	vclaim-sno-pa-mailin-votes-ballots	1	59.3066313975521	SimBa
tweet-sno-1252	QO	vclaim-sno-covid-flu-tamiflu	1	54.74822237250204	SimBa
tweet-sno-1252	QO	vclaim-sno-flu-vaccine-covid-buttar	1	53.62220136810459	SimBa
tweet-sno-1252	QO	vclaim-sno-ticketmaster-negative-covid-test	1	53.56990197903561	SimBa
tweet-sno-1252	QO	vclaim-sno-covid-vax-false-hiv	1	52.734029738341064	SimBa
tweet-sno-1252	QO	vclaim-sno-coronavirus-test-donate-blood	1	52.514478430034245	SimBa
tweet-sno-1253	QO	vclaim-sno-scott-walker-pizza	1	49.37086907823979	SimBa
tweet-sno-1253	QO	vclaim-sno-goya-ceo-praise-trump	1	46.057619491993734	SimBa
tweet-sno-1253	QO	vclaim-sno-dominos-pizza-saves-life	1	45.82275130104726	SimBa
tweet-sno-1253	QO	vclaim-sno-elon-musk-buca-di-beppo	1	44.03234391937339	SimBa
tweet-sno-1253	QO	vclaim-sno-trevor-lawrence-white-house-meal	1	43.897964652524706	SimBa
tweet-sno-1254	QO	vclaim-sno-swimming-pool-wonderful-life	1	51.19472976614298	SimBa
tweet-sno-1254	QO	vclaim-sno-student-suspended-pretending-transgender-locker-room	1	46.721246374253	SimBa
tweet-sno-1254	QO	vclaim-sno-brock-turner-prison-pool	1	44.48644841025042	SimBa
tweet-sno-1254	QO	vclaim-sno-disney-matterhorn-basketball-court	1	43.14554968987129	SimBa
tweet-sno-1254	QO	vclaim-sno-girls-impregnated-swimming-in-pool	1	42.85186989196412	SimBa
tweet-sno-1255	QO	vclaim-sno-swimming-pool-wonderful-life	1	62.41343973055311	SimBa
tweet-sno-1255	QO	vclaim-sno-disney-matterhorn-basketball-court	1	42.291291340828494	SimBa
tweet-sno-1255	QO	vclaim-sno-world39s-largest-swimming-pool	1	40.82666315584613	SimBa
tweet-sno-1255	QO	vclaim-sno-freeway-chickens	1	40.64803186817341	SimBa
tweet-sno-1255	QO	vclaim-sno-bowl-o-bama	1	40.620729157953846	SimBa
tweet-sno-1256	QO	vclaim-sno-kfc-gaming-console	1	55.489629873324574	SimBa
tweet-sno-1256	QO	vclaim-sno-kfc-really-create-chicken-scented-candle	1	43.563158737348175	SimBa
tweet-sno-1256	QO	vclaim-sno-viral-molten-copper-big-mac	1	42.70575360034008	SimBa
tweet-sno-1256	QO	vclaim-sno-chick-fil-a-tiktok-nuggets-recipe	1	42.61319151532439	SimBa
tweet-sno-1256	QO	vclaim-sno-subservient-chicken	1	41.93896572067679	SimBa
tweet-sno-1257	QO	vclaim-sno-graham-buttigieg-repent	1	63.71597197761244	SimBa
tweet-sno-1257	QO	vclaim-sno-mike-pence-able-bodied	1	54.9651563544454	SimBa
tweet-sno-1257	QO	vclaim-sno-billy-graham-say-homosexuals-castrated	1	54.42986134369439	SimBa
tweet-sno-1257	QO	vclaim-sno-biden-christians-lgbtq-rights	1	54.263776632687865	SimBa
tweet-sno-1257	QO	vclaim-sno-evangelical-trump-gay	1	53.484075291485595	SimBa
tweet-sno-1258	QO	vclaim-sno-tom-brady-ppp	1	57.51333493868073	SimBa
tweet-sno-1258	QO	vclaim-sno-osteen-coronavirus-loan	1	53.181724428447865	SimBa
tweet-sno-1258	QO	vclaim-sno-a-shady-giveaway	1	51.57118216233295	SimBa
tweet-sno-1258	QO	vclaim-sno-samuel-l-jackson-rappers-tweet	1	48.96719890040097	SimBa
tweet-sno-1258	QO	vclaim-sno-trump-puerto-rico-golf-course	1	48.623940501369624	SimBa
tweet-sno-1259	QO	vclaim-sno-vatican-nativity	1	65.42908356143273	SimBa
tweet-sno-1259	QO	vclaim-sno-facebook-santa-jesus-image	1	51.85697947004806	SimBa
tweet-sno-1259	QO	vclaim-sno-belgian-town-removes-nativity-scene-appease-four-muslim-residents	1	47.58184176707707	SimBa
tweet-sno-1259	QO	vclaim-sno-pope-francis-abuse-great-accuser	1	46.684775431192534	SimBa
tweet-sno-1259	QO	vclaim-sno-no-nativity-scenes-white-house	1	46.20443267713586	SimBa
tweet-sno-1260	QO	vclaim-sno-cyberpunk-2077-refunds	1	75.42332860242068	SimBa
tweet-sno-1260	QO	vclaim-sno-many-unhappy-returns	1	46.84950951128994	SimBa
tweet-sno-1260	QO	vclaim-sno-all-work-and-no-playstation	1	46.12792181763975	SimBa
tweet-sno-1260	QO	vclaim-sno-amazon-issues-credits-in-e-book-settlement	1	44.790510732003085	SimBa
tweet-sno-1260	QO	vclaim-sno-cash-for-clunkers	1	43.37207410752188	SimBa
tweet-sno-1261	QO	vclaim-sno-cyberpunk-2077-refunds	1	79.5602509501025	SimBa
tweet-sno-1261	QO	vclaim-sno-xbox-playstation-ps5-congrats	1	46.35329865705308	SimBa
tweet-sno-1261	QO	vclaim-sno-many-unhappy-returns	1	43.720016391261275	SimBa
tweet-sno-1261	QO	vclaim-sno-all-work-and-no-playstation	1	43.30364293349966	SimBa
tweet-sno-1261	QO	vclaim-sno-costco-policy-change	1	43.21210510739222	SimBa
tweet-sno-1262	QO	vclaim-sno-extraterrestrial-material-asteroid	1	49.60654519022946	SimBa
tweet-sno-1262	QO	vclaim-sno-nobel-laureate-tasuku-honjo-covid	1	45.328061140820445	SimBa
tweet-sno-1262	QO	vclaim-sno-mars-real-audio	1	45.264075501372076	SimBa
tweet-sno-1262	QO	vclaim-sno-li-meng-yan-covid-19-lab	1	44.890259240563076	SimBa
tweet-sno-1262	QO	vclaim-sno-human-sacrifice-captured-at-cern	1	43.587806683550895	SimBa
tweet-sno-1263	QO	vclaim-sno-supreme-court-erupt-shouting-match	1	65.75522458029604	SimBa
tweet-sno-1263	QO	vclaim-sno-supreme-court-justices-stand	1	57.0190883066994	SimBa
tweet-sno-1263	QO	vclaim-sno-justice-roberts-impeachment-vote	1	56.36488543656293	SimBa
tweet-sno-1263	QO	vclaim-sno-lincoln-1864-supreme-court	1	54.67406875968532	SimBa
tweet-sno-1263	QO	vclaim-sno-obamacare-decision	1	54.3476154242276	SimBa
tweet-sno-1264	QO	vclaim-sno-schitts-creek-motel-seattle	1	63.26757127526051	SimBa
tweet-sno-1264	QO	vclaim-sno-sex-doll-funeral-home	1	46.30673717891103	SimBa
tweet-sno-1264	QO	vclaim-sno-redneck-mansion	1	44.8311228548868	SimBa
tweet-sno-1264	QO	vclaim-sno-celebrity-moving-small-towns	1	41.99524358810433	SimBa
tweet-sno-1264	QO	vclaim-sno-skeleton-strippers-halloween	1	41.45002889917331	SimBa
tweet-sno-1265	QO	vclaim-sno-schitts-creek-motel-seattle	1	71.78837142752063	SimBa
tweet-sno-1265	QO	vclaim-sno-moira-rose-home-alone	1	52.37937386028349	SimBa
tweet-sno-1265	QO	vclaim-sno-secret-room-new-york-apartment	1	46.635972607260605	SimBa
tweet-sno-1265	QO	vclaim-sno-glove-thy-neighbor	1	44.30626654822048	SimBa
tweet-sno-1265	QO	vclaim-sno-tunnel-from-bedroom-to-pub	1	43.42554584873704	SimBa
tweet-sno-1266	QO	vclaim-sno-popular-vote-totals-rigged	1	70.52217691200939	SimBa
tweet-sno-1266	QO	vclaim-sno-crook-county	1	62.711038665747814	SimBa
tweet-sno-1266	QO	vclaim-sno-simple-math-on-biden-votes	1	62.442450858465165	SimBa
tweet-sno-1266	QO	vclaim-sno-everylegalvote-2020-election	1	61.261197348429036	SimBa
tweet-sno-1266	QO	vclaim-sno-virginia-vote-switch	1	61.14275751977335	SimBa
tweet-sno-1267	QO	vclaim-sno-the-north-face-refuse-jackets	1	73.67919435702437	SimBa
tweet-sno-1267	QO	vclaim-sno-ace-hardware-stands-against-standing-rock	1	51.46855211077243	SimBa
tweet-sno-1267	QO	vclaim-sno-gas-station-shuns-serviceman	1	48.154072602186325	SimBa
tweet-sno-1267	QO	vclaim-sno-timberland-ceo-boots	1	46.27803221533941	SimBa
tweet-sno-1267	QO	vclaim-sno-big-oil	1	46.05803302831792	SimBa
tweet-sno-1268	QO	vclaim-sno-alex-jones-biden-removed	1	77.4917624598261	SimBa
tweet-sno-1268	QO	vclaim-sno-biden-trump-xenophobic	1	63.194305025914765	SimBa
tweet-sno-1268	QO	vclaim-sno-trump-biden-assassination-shot	1	63.16810019814152	SimBa
tweet-sno-1268	QO	vclaim-sno-listen-to-scientists	1	63.16002978013576	SimBa
tweet-sno-1268	QO	vclaim-sno-biden-trump-dregs-society	1	62.96396062165988	SimBa
tweet-sno-1269	QO	vclaim-sno-allstate-island-real	1	66.20322415611187	SimBa
tweet-sno-1269	QO	vclaim-sno-dog-island	1	46.32921524058017	SimBa
tweet-sno-1269	QO	vclaim-sno-penis-island	1	46.02831584262293	SimBa
tweet-sno-1269	QO	vclaim-sno-spongebob-epstein-island-address	1	45.94368180156782	SimBa
tweet-sno-1269	QO	vclaim-sno-jacobs-well-dangerous-california	1	44.379463629811255	SimBa
tweet-sno-1270	QO	vclaim-sno-allstate-island-real	1	57.758625006454935	SimBa
tweet-sno-1270	QO	vclaim-sno-penis-island	1	43.61697982162474	SimBa
tweet-sno-1270	QO	vclaim-sno-violin-island-in-costa-rica	1	43.48183657721843	SimBa
tweet-sno-1270	QO	vclaim-sno-spongebob-epstein-island-address	1	42.57873372370822	SimBa
tweet-sno-1270	QO	vclaim-sno-epstein-alive-new-mexico	1	42.107621337654166	SimBa
tweet-sno-1271	QO	vclaim-sno-federal-holiday-christmas-eve	1	89.72747932107494	SimBa
tweet-sno-1271	QO	vclaim-sno-playing-christmas-music-federal-crime	1	64.52982058242713	SimBa
tweet-sno-1271	QO	vclaim-sno-war-on-christmas-monument	1	62.388493297337796	SimBa
tweet-sno-1271	QO	vclaim-sno-fake-trump-tweet	1	59.73349599158452	SimBa
tweet-sno-1271	QO	vclaim-sno-trump-stimulus-package-election	1	58.504398753785885	SimBa
tweet-sno-1272	QO	vclaim-sno-disney-sister-act-3	1	75.26754594045559	SimBa
tweet-sno-1272	QO	vclaim-sno-step-brothers-2-hoax	1	54.46969285690865	SimBa
tweet-sno-1272	QO	vclaim-sno-new-twilight-movie-jacob-renesmee	1	51.00329635595838	SimBa
tweet-sno-1272	QO	vclaim-sno-did-disney-announce-bedknobs-broomsticks	1	50.41488730020026	SimBa
tweet-sno-1272	QO	vclaim-sno-hocus-pocus-2	1	49.715063270345595	SimBa
tweet-sno-1273	QO	vclaim-sno-hocus-pocus-2	1	72.83153352347776	SimBa
tweet-sno-1273	QO	vclaim-sno-when-is-hocus-pocus-2-coming-out	1	71.97969974971579	SimBa
tweet-sno-1273	QO	vclaim-sno-beetlejuice-2-coming-soon	1	60.70887718614455	SimBa
tweet-sno-1273	QO	vclaim-sno-disney-pixar-boo	1	53.95902078747618	SimBa
tweet-sno-1273	QO	vclaim-sno-twilight-saga-moonlight-glow	1	52.74437899260866	SimBa
tweet-sno-1274	QO	vclaim-sno-chick-fil-a-long-lines-lawsuit	1	72.5426092386424	SimBa
tweet-sno-1274	QO	vclaim-sno-man-kicked-buffet-sues	1	52.759450675871356	SimBa
tweet-sno-1274	QO	vclaim-sno-chick-fil-open-sundays	1	52.61944318357351	SimBa
tweet-sno-1274	QO	vclaim-sno-southern-baptist-convention-buys-chick-fil	1	52.40072278979089	SimBa
tweet-sno-1274	QO	vclaim-sno-chick-fil-a-tiktok-nuggets-recipe	1	52.33284510333762	SimBa
tweet-sno-1275	QO	vclaim-sno-costco-rotisserie-chicken-cheap	1	95.3414096707728	SimBa
tweet-sno-1275	QO	vclaim-sno-costco-founder-kill-hotdogs	1	53.95764013445538	SimBa
tweet-sno-1275	QO	vclaim-sno-boston-market-coupon	1	53.445103385997484	SimBa
tweet-sno-1275	QO	vclaim-sno-costco-coupon-scam	1	52.57723314139593	SimBa
tweet-sno-1275	QO	vclaim-sno-costco-lying-about-cage-free-eggs	1	51.67578038396443	SimBa
tweet-sno-1276	QO	vclaim-sno-ia-fl-oh-election-loss	1	69.92460542805824	SimBa
tweet-sno-1276	QO	vclaim-sno-won-both-ohio-florida-lost	1	64.98128162992208	SimBa
tweet-sno-1276	QO	vclaim-sno-november-6th	1	63.27213793979452	SimBa
tweet-sno-1276	QO	vclaim-sno-biden-306-electoral-votes	1	59.46997589828625	SimBa
tweet-sno-1276	QO	vclaim-sno-simple-math-on-biden-votes	1	59.151835998270734	SimBa
tweet-sno-1277	QO	vclaim-sno-apartment-radiator-pandemic-spread	1	79.32162920988628	SimBa
tweet-sno-1277	QO	vclaim-sno-handkerchiefs-kissing-covid	1	53.88823440461509	SimBa
tweet-sno-1277	QO	vclaim-sno-1918-quarantine-ad-for-phone	1	53.51779637224141	SimBa
tweet-sno-1277	QO	vclaim-sno-dutch-restaurants-pods-covid	1	50.38080172824755	SimBa
tweet-sno-1277	QO	vclaim-sno-cat-spanish-flu-mask	1	50.24110198538112	SimBa
tweet-sno-1278	QO	vclaim-sno-mcdonalds-breakfast-frozen-eggs	1	66.63229057011651	SimBa
tweet-sno-1278	QO	vclaim-sno-not-lovin39-it	1	55.05197327829374	SimBa
tweet-sno-1278	QO	vclaim-sno-something-eggstra	1	54.5385526291056	SimBa
tweet-sno-1278	QO	vclaim-sno-fact-check-mcdonalds-creates-nutella-burger	1	51.486697052368086	SimBa
tweet-sno-1278	QO	vclaim-sno-mcdonalds-banned-mcfish	1	51.14886244920717	SimBa
tweet-sno-1279	QO	vclaim-sno-gohmert-tooth-fall-out	1	85.26288838254484	SimBa
tweet-sno-1279	QO	vclaim-sno-will-smith-teeth-knocked-out	1	50.25403584660529	SimBa
tweet-sno-1279	QO	vclaim-sno-trump-mouth-musical-instrument	1	48.63284011660497	SimBa
tweet-sno-1279	QO	vclaim-sno-trey-gowdy-nancy-pelosi	1	48.62280902085921	SimBa
tweet-sno-1279	QO	vclaim-sno-boyfriend-pull-teeth	1	48.055188578868766	SimBa
tweet-sno-1280	QO	vclaim-sno-biden-harris-disease-disagreed	1	91.99361725840336	SimBa
tweet-sno-1280	QO	vclaim-sno-joe-biden-civil-rights-quote	1	65.20469500236705	SimBa
tweet-sno-1280	QO	vclaim-sno-harris-biden-blog-post	1	63.7088126416294	SimBa
tweet-sno-1280	QO	vclaim-sno-biden-say-president-harris	1	62.58407615978426	SimBa
tweet-sno-1280	QO	vclaim-sno-joe-biden-beat-biden	1	62.32009116956169	SimBa
tweet-sno-1281	QO	vclaim-sno-indiana-jones-saxophone	1	69.11248649754141	SimBa
tweet-sno-1281	QO	vclaim-sno-andrew-lincoln-andes-flight	1	45.314680217899905	SimBa
tweet-sno-1281	QO	vclaim-sno-delayed-grantification	1	45.02181627033372	SimBa
tweet-sno-1281	QO	vclaim-sno-war-of-the-worlds	1	43.346512705204994	SimBa
tweet-sno-1281	QO	vclaim-sno-dj-khaled-break-horses-back	1	42.932014083745635	SimBa
tweet-sno-1282	QO	vclaim-sno-indiana-jones-saxophone	1	80.29982754075552	SimBa
tweet-sno-1282	QO	vclaim-sno-imperial-march-uk-trump	1	44.6467928943897	SimBa
tweet-sno-1282	QO	vclaim-sno-guitar-man	1	43.05138818840647	SimBa
tweet-sno-1282	QO	vclaim-sno-batman-tv-theme	1	42.32892844608406	SimBa
tweet-sno-1282	QO	vclaim-sno-eric-clapton-quote-about-prince	1	41.94074608003059	SimBa
tweet-sno-1283	QO	vclaim-sno-indiana-jones-saxophone	1	79.96490269953924	SimBa
tweet-sno-1283	QO	vclaim-sno-harrison-ford-trump-han-solo	1	42.89982762720014	SimBa
tweet-sno-1283	QO	vclaim-sno-imperial-march-uk-trump	1	41.73685172008629	SimBa
tweet-sno-1283	QO	vclaim-sno-adam-west-orgy	1	41.65537314982935	SimBa
tweet-sno-1283	QO	vclaim-sno-james-earl-jones-star-wars-london-segregation	1	41.52571089485291	SimBa
tweet-sno-1284	QO	vclaim-sno-indiana-jones-saxophone	1	63.77722710717116	SimBa
tweet-sno-1284	QO	vclaim-sno-lennon-guitar-spock-elvis	1	50.290625691677675	SimBa
tweet-sno-1284	QO	vclaim-sno-harrison-ford-trump-han-solo	1	50.27047934516658	SimBa
tweet-sno-1284	QO	vclaim-sno-harrison-ford-holding-a-trump-sign	1	48.359702035556175	SimBa
tweet-sno-1284	QO	vclaim-sno-justin-bieber-han-solo	1	48.284000298683445	SimBa
tweet-sno-1285	QO	vclaim-sno-florida-rebekah-jones-raid	1	54.9273138450161	SimBa
tweet-sno-1285	QO	vclaim-sno-seattle-police-confiscate-mans-guns-without-warrant	1	50.40255972320956	SimBa
tweet-sno-1285	QO	vclaim-sno-connecticut-gun-confiscation	1	48.66202051538643	SimBa
tweet-sno-1285	QO	vclaim-sno-fbi-wasserman-schultz-home	1	48.613119056650035	SimBa
tweet-sno-1285	QO	vclaim-sno-sheriffs-deputies-point-guns-teens	1	47.278105774399094	SimBa
tweet-sno-1286	QO	vclaim-sno-nasa-sally-ride-100-tampons	1	81.33678559771184	SimBa
tweet-sno-1286	QO	vclaim-sno-spacesuit-envy	1	62.871363586707815	SimBa
tweet-sno-1286	QO	vclaim-sno-nasa-hillary-clinton-astronaut	1	54.0859946825228	SimBa
tweet-sno-1286	QO	vclaim-sno-recalled-tampons-zombie-ants	1	51.5961486119805	SimBa
tweet-sno-1286	QO	vclaim-sno-spider-in-tampon	1	49.93706078080717	SimBa
tweet-sno-1287	QO	vclaim-sno-my-pleasure-chick-fil-a	1	71.18441583469547	SimBa
tweet-sno-1287	QO	vclaim-sno-taco-bell-two-dollar	1	51.84138185032505	SimBa
tweet-sno-1287	QO	vclaim-sno-critter-fritter	1	49.552835465133086	SimBa
tweet-sno-1287	QO	vclaim-sno-fake-wendys-chili-rumor	1	49.08570096679838	SimBa
tweet-sno-1287	QO	vclaim-sno-caleb-lee-pizza-hut	1	47.9174897388716	SimBa
tweet-sno-1288	QO	vclaim-sno-my-pleasure-chick-fil-a	1	82.40626148800065	SimBa
tweet-sno-1288	QO	vclaim-sno-chick-fil-a-meal-promo	1	63.85049414378821	SimBa
tweet-sno-1288	QO	vclaim-sno-chick-fil-a-promotions	1	63.83705508212654	SimBa
tweet-sno-1288	QO	vclaim-sno-chick-fil-a-gift-basket	1	61.74739153180697	SimBa
tweet-sno-1288	QO	vclaim-sno-chick-fil-a-coupon-scam	1	60.035093988973856	SimBa
tweet-sno-1289	QO	vclaim-sno-my-pleasure-chick-fil-a	1	71.27973327684562	SimBa
tweet-sno-1289	QO	vclaim-sno-chick-fil-a-meal-promo	1	50.289776345634436	SimBa
tweet-sno-1289	QO	vclaim-sno-chick-fil-a-promotions	1	48.789367770758425	SimBa
tweet-sno-1289	QO	vclaim-sno-facebook-cold-stone-pregnancy-discount	1	48.74099413094494	SimBa
tweet-sno-1289	QO	vclaim-sno-chick-fil-a-gift-basket	1	48.19914522716293	SimBa
tweet-sno-1290	QO	vclaim-sno-my-pleasure-chick-fil-a	1	73.99633632480213	SimBa
tweet-sno-1290	QO	vclaim-sno-chick-fil-a-meal-promo	1	51.5049364424428	SimBa
tweet-sno-1290	QO	vclaim-sno-chick-fil-a-gift-basket	1	51.12492008778684	SimBa
tweet-sno-1290	QO	vclaim-sno-chick-fil-a-promotions	1	50.178866075836694	SimBa
tweet-sno-1290	QO	vclaim-sno-chick-fil-a-coupon-scam	1	49.14374670096512	SimBa
tweet-sno-1291	QO	vclaim-sno-biden-covid-vaccine	1	77.45441079102382	SimBa
tweet-sno-1291	QO	vclaim-sno-biden-vaccines-hurricane-protect	1	70.2208308978741	SimBa
tweet-sno-1291	QO	vclaim-sno-biden-covid-vaccine-2	1	67.27398003814406	SimBa
tweet-sno-1291	QO	vclaim-sno-did-trump-praise-covid-19-vaccines	1	67.05345057248704	SimBa
tweet-sno-1291	QO	vclaim-sno-trump-beautiful-covid-19-vaccine	1	65.64566363966271	SimBa
tweet-sno-1292	QO	vclaim-sno-matt-putz	1	61.578784118587144	SimBa
tweet-sno-1292	QO	vclaim-sno-new-jersey-ballot-tax-returns	1	47.30863729438301	SimBa
tweet-sno-1292	QO	vclaim-sno-chris-christie-vetoes-equal-pay	1	46.87312699801028	SimBa
tweet-sno-1292	QO	vclaim-sno-patrick-little-neo-nazi-california	1	46.13706763392178	SimBa
tweet-sno-1292	QO	vclaim-sno-furious-christie-refuses-to-pick-up-trumps-dry-cleaning	1	45.54675027321561	SimBa
tweet-sno-1293	QO	vclaim-sno-chick-fil-a-sunday-tradition	1	54.3632722284145	SimBa
tweet-sno-1293	QO	vclaim-sno-chick-fil-open-sundays	1	53.70449435850557	SimBa
tweet-sno-1293	QO	vclaim-sno-chick-fil-a-food-stranded-storm	1	53.247250427152494	SimBa
tweet-sno-1293	QO	vclaim-sno-christian-owned-airlines-change-wing-light-colors-to-celebrate-christmas	1	52.342895343863745	SimBa
tweet-sno-1293	QO	vclaim-sno-chick-fil-a-meal-promo	1	50.282654001594835	SimBa
tweet-sno-1294	QO	vclaim-sno-drake-scented-candles	1	68.23043423206244	SimBa
tweet-sno-1294	QO	vclaim-sno-gwyneth-paltrow-vagina-candle	1	52.19317667368143	SimBa
tweet-sno-1294	QO	vclaim-sno-kfc-really-create-chicken-scented-candle	1	45.6549205180901	SimBa
tweet-sno-1294	QO	vclaim-sno-mcdonalds-quarter-pounder-candles	1	42.38500499617299	SimBa
tweet-sno-1294	QO	vclaim-sno-jay-z-beyonce-buy-dmx-masters	1	42.05125054308656	SimBa
tweet-sno-1295	QO	vclaim-sno-flash-player-no-longer-supported	1	62.26616197730337	SimBa
tweet-sno-1295	QO	vclaim-sno-nasa-blackout-warning	1	41.66611325001659	SimBa
tweet-sno-1295	QO	vclaim-sno-facebook-ban-livestreamed-music	1	41.53729684338943	SimBa
tweet-sno-1295	QO	vclaim-sno-facebook-search-porn	1	41.134231162484404	SimBa
tweet-sno-1295	QO	vclaim-sno-is-minecraft-shutting-down	1	41.00451960917494	SimBa
tweet-sno-1296	QO	vclaim-sno-flash-player-no-longer-supported	1	65.47206488044114	SimBa
tweet-sno-1296	QO	vclaim-sno-netflix-friends	1	39.03496092591699	SimBa
tweet-sno-1296	QO	vclaim-sno-nasa-blackout-warning	1	38.6324735990256	SimBa
tweet-sno-1296	QO	vclaim-sno-boob-youtube	1	38.61267525501214	SimBa
tweet-sno-1296	QO	vclaim-sno-obamaphones-to-be-cut-off	1	37.6861855965401	SimBa
tweet-sno-1297	QO	vclaim-sno-flash-player-no-longer-supported	1	72.03016222068335	SimBa
tweet-sno-1297	QO	vclaim-sno-facebook-search-porn	1	51.0268626307142	SimBa
tweet-sno-1297	QO	vclaim-sno-facebook-ban-livestreamed-music	1	50.3142525891225	SimBa
tweet-sno-1297	QO	vclaim-sno-boob-youtube	1	50.07104161321372	SimBa
tweet-sno-1297	QO	vclaim-sno-is-minecraft-shutting-down	1	47.2269143920564	SimBa
tweet-sno-1298	QO	vclaim-sno-santa-covid-exemption-ireland	1	70.0062316471376	SimBa
tweet-sno-1298	QO	vclaim-sno-track-meet	1	53.52194702036844	SimBa
tweet-sno-1298	QO	vclaim-sno-santas-canadian-postal-code	1	49.795715767272014	SimBa
tweet-sno-1298	QO	vclaim-sno-gender-neutral-santa-survey	1	48.21538715770549	SimBa
tweet-sno-1298	QO	vclaim-sno-code-for-pedophiles-on-toys	1	47.653951332074016	SimBa
tweet-sno-1299	QO	vclaim-sno-monolith-california	1	59.29737336336126	SimBa
tweet-sno-1299	QO	vclaim-sno-monolith-found-utah	1	54.25590667721126	SimBa
tweet-sno-1299	QO	vclaim-sno-super-moon	1	49.33195538742274	SimBa
tweet-sno-1299	QO	vclaim-sno-firefall-fire-waterfall	1	47.86540558904568	SimBa
tweet-sno-1299	QO	vclaim-sno-yellowstone-lava-geyser	1	46.67446682934023	SimBa
tweet-sno-1300	QO	vclaim-sno-king-louis-xiv-fetish-birth	1	70.26337050777883	SimBa
tweet-sno-1300	QO	vclaim-sno-funny-names	1	52.2397704970946	SimBa
tweet-sno-1300	QO	vclaim-sno-shania-jones-cross-eyed-arrest	1	49.55894690855156	SimBa
tweet-sno-1300	QO	vclaim-sno-pregnant-from-3d-film	1	48.14798138246114	SimBa
tweet-sno-1300	QO	vclaim-sno-chelsea-clinton-female-genital-mutilation	1	47.29906439940401	SimBa
tweet-sno-1301	QO	vclaim-sno-loser-lawn-trump-golf-course	1	50.90973545088524	SimBa
tweet-sno-1301	QO	vclaim-sno-bad-lie-golf-joke	1	45.99690173432	SimBa
tweet-sno-1301	QO	vclaim-sno-tom-brady-election-white-house	1	45.05374370608912	SimBa
tweet-sno-1301	QO	vclaim-sno-donald-trump-golf-course	1	44.19950302516409	SimBa
tweet-sno-1301	QO	vclaim-sno-could-trump-defy-popular-vote	1	43.563709280017875	SimBa
tweet-sno-1302	QO	vclaim-sno-johns-hopkins-covid-deaths	1	73.71390768515592	SimBa
tweet-sno-1302	QO	vclaim-sno-coronavirus-cure-bryant	1	54.431998441708856	SimBa
tweet-sno-1302	QO	vclaim-sno-cdc-mortality-statistics	1	53.58662226707065	SimBa
tweet-sno-1302	QO	vclaim-sno-china-cellphones-coronavirus	1	53.01264181993237	SimBa
tweet-sno-1302	QO	vclaim-sno-covid19-two-deaths	1	52.9588241799253	SimBa
tweet-sno-1303	QO	vclaim-sno-leonardo-dicaprio-disney-channel	1	46.98391839916089	SimBa
tweet-sno-1303	QO	vclaim-sno-72-hour-challenge	1	42.06610495942221	SimBa
tweet-sno-1303	QO	vclaim-sno-no-lackin-challenge	1	40.27527354558191	SimBa
tweet-sno-1303	QO	vclaim-sno-chicago-purge-murders	1	36.24423655872204	SimBa
tweet-sno-1303	QO	vclaim-sno-catch-me-outside-girl-arrested	1	36.032907592706124	SimBa
tweet-sno-1304	QO	vclaim-sno-leonardo-dicaprio-disney-channel	1	55.972429871096324	SimBa
tweet-sno-1304	QO	vclaim-sno-the-parent-trap-october-11	1	48.00055000778667	SimBa
tweet-sno-1304	QO	vclaim-sno-minkus-became-chanel-west-coast	1	47.44846576924187	SimBa
tweet-sno-1304	QO	vclaim-sno-marisa-tomei-awarded-oscar-mistake	1	47.19549582648549	SimBa
tweet-sno-1304	QO	vclaim-sno-catch-me-outside-girl-arrested	1	46.56317163425469	SimBa
tweet-sno-1305	QO	vclaim-sno-leonardo-dicaprio-disney-channel	1	51.461437657042936	SimBa
tweet-sno-1305	QO	vclaim-sno-mike-tyson-time-traveler	1	42.63832612317875	SimBa
tweet-sno-1305	QO	vclaim-sno-scarface-remake-leonardo-dicaprio	1	42.011399586809546	SimBa
tweet-sno-1305	QO	vclaim-sno-playgirl-trump-contest	1	41.76449971947595	SimBa
tweet-sno-1305	QO	vclaim-sno-no-lackin-challenge	1	41.241344260881036	SimBa
tweet-sno-1306	QO	vclaim-sno-georgia-signature-audit	1	61.8668964018209	SimBa
tweet-sno-1306	QO	vclaim-sno-biden-ossoff-warnock-checks-2000	1	53.265668857067325	SimBa
tweet-sno-1306	QO	vclaim-sno-florida-moves-for-full-recount-of-state-votes-over-massive-voter-fraud	1	52.3205238415346	SimBa
tweet-sno-1306	QO	vclaim-sno-georgia-runoff-residency	1	52.16955134984738	SimBa
tweet-sno-1306	QO	vclaim-sno-teamkraken-georgia-injunction	1	51.83985993480281	SimBa
tweet-sno-1307	QO	vclaim-sno-trump-detroit-voters-2020	1	64.528858938828	SimBa
tweet-sno-1307	QO	vclaim-sno-more-votes-than-voters-in-detroit	1	63.87266170328871	SimBa
tweet-sno-1307	QO	vclaim-sno-20000-dead-voters-in-pennsylvania	1	52.6361609769062	SimBa
tweet-sno-1307	QO	vclaim-sno-simple-math-on-biden-votes	1	51.17652511978407	SimBa
tweet-sno-1307	QO	vclaim-sno-ghost-voters-in-29-states	1	51.167452155769176	SimBa
tweet-sno-1308	QO	vclaim-sno-trump-pardon-turkey-election	1	78.06787021582903	SimBa
tweet-sno-1308	QO	vclaim-sno-could-trump-defy-popular-vote	1	58.51893762436932	SimBa
tweet-sno-1308	QO	vclaim-sno-obama-signs-executive-order-declaring-investigation-into-election-results	1	57.3992617353896	SimBa
tweet-sno-1308	QO	vclaim-sno-trump-recount-battleground-states	1	57.35392249517655	SimBa
tweet-sno-1308	QO	vclaim-sno-trump-turkey-pardons-reversed	1	56.21910875385294	SimBa
tweet-sno-1309	QO	vclaim-sno-alaska-town-60-days-without-sun	1	61.648762260474555	SimBa
tweet-sno-1309	QO	vclaim-sno-will-tonight-be-the-darkest-night-in-500-years	1	56.06061665895449	SimBa
tweet-sno-1309	QO	vclaim-sno-sun-lockdown	1	55.80959668419101	SimBa
tweet-sno-1309	QO	vclaim-sno-wolf-moon-january	1	53.98946291827686	SimBa
tweet-sno-1309	QO	vclaim-sno-15-days-darkness-november	1	50.43119960857216	SimBa
tweet-sno-1310	QO	vclaim-sno-florida-air-force-robotic-dogs	1	75.18588276087766	SimBa
tweet-sno-1310	QO	vclaim-sno-army-working-dogs-satire	1	60.50699578061007	SimBa
tweet-sno-1310	QO	vclaim-sno-marine-corps-dog-adoptions	1	53.169148662211555	SimBa
tweet-sno-1310	QO	vclaim-sno-biden-major-dog-rescue-white-house	1	49.92899902101794	SimBa
tweet-sno-1310	QO	vclaim-sno-biden-dog-major-indoguration	1	48.26395189959598	SimBa
tweet-sno-1311	QO	vclaim-sno-20000-dead-voters-in-pennsylvania	1	77.66154630651019	SimBa
tweet-sno-1311	QO	vclaim-sno-wisconsin-vote-dump	1	71.47634166251828	SimBa
tweet-sno-1311	QO	vclaim-sno-trump-biden-vote-dumps	1	70.3898571124043	SimBa
tweet-sno-1311	QO	vclaim-sno-ghost-voters-in-29-states	1	68.09491521688926	SimBa
tweet-sno-1311	QO	vclaim-sno-more-votes-than-voters-in-detroit	1	67.9786361547938	SimBa
tweet-sno-1312	QO	vclaim-sno-christmas-tree-owl	1	63.156003450266546	SimBa
tweet-sno-1312	QO	vclaim-sno-snowy-owl-130-years	1	54.83371454097126	SimBa
tweet-sno-1312	QO	vclaim-sno-owl-having-an-orgasm	1	47.63468451277467	SimBa
tweet-sno-1312	QO	vclaim-sno-catapulted-cat	1	47.512444201236065	SimBa
tweet-sno-1312	QO	vclaim-sno-stuffed-owlets	1	46.74299257432122	SimBa
tweet-sno-1313	QO	vclaim-sno-wisconsin-vote-dump	1	77.6225000655219	SimBa
tweet-sno-1313	QO	vclaim-sno-trump-biden-vote-dumps	1	69.00091948384174	SimBa
tweet-sno-1313	QO	vclaim-sno-gallup-poll-electoral-fraud	1	65.49331641058684	SimBa
tweet-sno-1313	QO	vclaim-sno-300000-wisconsin-voters-turned-away-due-to-voter-id-laws	1	63.891361726388666	SimBa
tweet-sno-1313	QO	vclaim-sno-real-clear-politics-biden	1	61.34306736854815	SimBa
tweet-sno-1314	QO	vclaim-sno-dominion-servers-germany-seized	1	72.85752983961947	SimBa
tweet-sno-1314	QO	vclaim-sno-facebook-analytics-electoral-map-shows-trump-sweep	1	63.29380733732494	SimBa
tweet-sno-1314	QO	vclaim-sno-trump-clinton-counties-won	1	61.42450075673745	SimBa
tweet-sno-1314	QO	vclaim-sno-12th-amendment-path-to-victory	1	60.32480919188374	SimBa
tweet-sno-1314	QO	vclaim-sno-everylegalvote-2020-election	1	59.905073893387296	SimBa
tweet-sno-1315	QO	vclaim-sno-dominion-servers-germany-seized	1	68.83581590703272	SimBa
tweet-sno-1315	QO	vclaim-sno-facebook-analytics-electoral-map-shows-trump-sweep	1	58.93102264074379	SimBa
tweet-sno-1315	QO	vclaim-sno-trump-server-tied-to-russian-bank	1	55.48492823100288	SimBa
tweet-sno-1315	QO	vclaim-sno-trump-clinton-counties-won	1	52.91593944937925	SimBa
tweet-sno-1315	QO	vclaim-sno-dhs-12m-trump-votes	1	51.82514104795668	SimBa
tweet-sno-1316	QO	vclaim-sno-cuomo-vaccine-bad-news-trump	1	77.22050744845467	SimBa
tweet-sno-1316	QO	vclaim-sno-fauci-warn-surprise-outbreak	1	62.22861864517705	SimBa
tweet-sno-1316	QO	vclaim-sno-did-trump-praise-covid-19-vaccines	1	61.50327949445944	SimBa
tweet-sno-1316	QO	vclaim-sno-trump-criticize-governors-ebola	1	60.196114336204374	SimBa
tweet-sno-1316	QO	vclaim-sno-trump-beautiful-covid-19-vaccine	1	60.06613892419569	SimBa
tweet-sno-1317	QO	vclaim-sno-cornyn-votes-puerto-rico	1	76.1643778575243	SimBa
tweet-sno-1317	QO	vclaim-sno-uncounted-california-ballots	1	59.717975241899566	SimBa
tweet-sno-1317	QO	vclaim-sno-florida-moves-for-full-recount-of-state-votes-over-massive-voter-fraud	1	59.18367966427731	SimBa
tweet-sno-1317	QO	vclaim-sno-alabama-doug-jones-ballots	1	57.616646765353366	SimBa
tweet-sno-1317	QO	vclaim-sno-mail-in-ballots-missing	1	55.59513858706353	SimBa
tweet-sno-1318	QO	vclaim-sno-floyd-county-georgia-votes	1	64.72967801994294	SimBa
tweet-sno-1318	QO	vclaim-sno-georgia-signature-audit	1	61.663348969767654	SimBa
tweet-sno-1318	QO	vclaim-sno-pa-mailin-votes-ballots	1	60.243468458792066	SimBa
tweet-sno-1318	QO	vclaim-sno-georgia-ballots-likely-ineligible	1	59.54417712985014	SimBa
tweet-sno-1318	QO	vclaim-sno-ballots-lancaster-pa	1	59.29900325898508	SimBa
tweet-sno-1319	QO	vclaim-sno-floyd-county-georgia-votes	1	82.5109570507239	SimBa
tweet-sno-1319	QO	vclaim-sno-georgia-dekalb-reject-mail-ballots	1	66.29495543622096	SimBa
tweet-sno-1319	QO	vclaim-sno-georgia-signature-audit	1	65.58295426049023	SimBa
tweet-sno-1319	QO	vclaim-sno-ballots-lancaster-pa	1	65.00140714567951	SimBa
tweet-sno-1319	QO	vclaim-sno-trump-georgia-runoff	1	64.59462731533947	SimBa
tweet-sno-1320	QO	vclaim-sno-biden-trump-inauguration-crowd	1	65.52735893165926	SimBa
tweet-sno-1320	QO	vclaim-sno-maga-trump-million-march	1	62.06551700598705	SimBa
tweet-sno-1320	QO	vclaim-sno-simple-math-on-biden-votes	1	59.60520462031831	SimBa
tweet-sno-1320	QO	vclaim-sno-pennsylvania-trump-rally	1	59.5058375597834	SimBa
tweet-sno-1320	QO	vclaim-sno-trump-rally-crowd-66000	1	58.19353290780675	SimBa
tweet-sno-1321	QO	vclaim-sno-newsmax-biden-pence	1	78.98471467685555	SimBa
tweet-sno-1321	QO	vclaim-sno-gowdy-pence-2020	1	70.70249376566181	SimBa
tweet-sno-1321	QO	vclaim-sno-mike-pence-to-resign	1	69.30250475690461	SimBa
tweet-sno-1321	QO	vclaim-sno-pence-escorted	1	64.68514866722317	SimBa
tweet-sno-1321	QO	vclaim-sno-did-trump-concede	1	63.68401620152996	SimBa
tweet-sno-1322	QO	vclaim-sno-newsmax-biden-pence	1	79.52819846304872	SimBa
tweet-sno-1322	QO	vclaim-sno-mike-pence-blames-media-for-trump-controversies	1	63.47063392488902	SimBa
tweet-sno-1322	QO	vclaim-sno-trump-considering-resignation	1	62.6197810029205	SimBa
tweet-sno-1322	QO	vclaim-sno-rather-ends-retirement-donald-trump	1	60.60747394027783	SimBa
tweet-sno-1322	QO	vclaim-sno-mike-pence-to-resign	1	59.3185765414261	SimBa
tweet-sno-1323	QO	vclaim-sno-newsmax-biden-pence	1	77.21108823096401	SimBa
tweet-sno-1323	QO	vclaim-sno-mike-pence-blames-media-for-trump-controversies	1	62.97805409984281	SimBa
tweet-sno-1323	QO	vclaim-sno-newsweek-report-trump-impeachment	1	59.34168217563862	SimBa
tweet-sno-1323	QO	vclaim-sno-mike-pence-to-resign	1	58.85743960424507	SimBa
tweet-sno-1323	QO	vclaim-sno-trump-quote-mueller-report	1	58.00652381930436	SimBa
tweet-sno-1324	QO	vclaim-sno-rnc-chairwoman-deleted-tweet	1	71.40127775002777	SimBa
tweet-sno-1324	QO	vclaim-sno-tomi-lahren-biden-supporters-loot	1	63.47521491345047	SimBa
tweet-sno-1324	QO	vclaim-sno-trump-biden-resident-meme	1	62.801730673058586	SimBa
tweet-sno-1324	QO	vclaim-sno-fake-aoc-purge-tweet	1	62.18093093838321	SimBa
tweet-sno-1324	QO	vclaim-sno-joe-biden-beat-biden	1	61.57001707724644	SimBa
tweet-sno-1325	QO	vclaim-sno-raising-canes-chicken-bankruptcy	1	77.916797543081	SimBa
tweet-sno-1325	QO	vclaim-sno-dunkin-donuts-bankruptcy-prank	1	49.22627586913961	SimBa
tweet-sno-1325	QO	vclaim-sno-nordstrom-chapter-11-baio-boycott	1	47.833074353928936	SimBa
tweet-sno-1325	QO	vclaim-sno-drink-and-a-nod	1	46.46655076247102	SimBa
tweet-sno-1325	QO	vclaim-sno-did-nfl-team-declare-bankruptcy-protests	1	46.09801880479442	SimBa
tweet-sno-1326	QO	vclaim-sno-raising-canes-chicken-bankruptcy	1	56.63199950276593	SimBa
tweet-sno-1326	QO	vclaim-sno-taco-bell-closing-2020	1	43.966155594911115	SimBa
tweet-sno-1326	QO	vclaim-sno-did-nfl-team-declare-bankruptcy-protests	1	43.84364575875486	SimBa
tweet-sno-1326	QO	vclaim-sno-forever-21	1	43.317631473883075	SimBa
tweet-sno-1326	QO	vclaim-sno-wendys-heartbreaking-announcement	1	42.870712698419666	SimBa
tweet-sno-1327	QO	vclaim-sno-lethal-indirection	1	48.13571148820738	SimBa
tweet-sno-1327	QO	vclaim-sno-clint-eastwood-death-hoax	1	45.80921442099859	SimBa
tweet-sno-1327	QO	vclaim-sno-chevy-chase-death-hoax	1	45.32435430301231	SimBa
tweet-sno-1327	QO	vclaim-sno-debby-ryan-heart-attack	1	45.316387077640265	SimBa
tweet-sno-1327	QO	vclaim-sno-false-donald-trump-has-died-possible-heart-attack	1	43.989565453095096	SimBa
tweet-sno-1328	QO	vclaim-sno-xbox-playstation-ps5-congrats	1	58.94901442509153	SimBa
tweet-sno-1328	QO	vclaim-sno-all-work-and-no-playstation	1	43.02012239200206	SimBa
tweet-sno-1328	QO	vclaim-sno-cyberpunk-2077-refunds	1	40.041281823602944	SimBa
tweet-sno-1328	QO	vclaim-sno-ninja-turtles-shredders-revenge	1	39.568217441300874	SimBa
tweet-sno-1328	QO	vclaim-sno-did-netflix-announce-god-of-war-series	1	38.27580660862883	SimBa
tweet-sno-1329	QO	vclaim-sno-xbox-playstation-ps5-congrats	1	64.00592544242865	SimBa
tweet-sno-1329	QO	vclaim-sno-cyberpunk-2077-refunds	1	41.204595575562465	SimBa
tweet-sno-1329	QO	vclaim-sno-microsoft-own-patent-666	1	38.19126008817615	SimBa
tweet-sno-1329	QO	vclaim-sno-amazon-holiday-shopping	1	37.853941060679325	SimBa
tweet-sno-1329	QO	vclaim-sno-kfc-gaming-console	1	36.43760309093731	SimBa
tweet-sno-1330	QO	vclaim-sno-ice-twitter-account-disappear	1	59.92192196160729	SimBa
tweet-sno-1330	QO	vclaim-sno-nps-twitter-account-shut-down	1	48.30971269791699	SimBa
tweet-sno-1330	QO	vclaim-sno-twitter-delete-trump-account-racism	1	44.16939208542997	SimBa
tweet-sno-1330	QO	vclaim-sno-loser-com-trump-wikipedia-page	1	43.93209740528067	SimBa
tweet-sno-1330	QO	vclaim-sno-trump-twitter-john-barron-1946	1	43.42170881893442	SimBa
tweet-sno-1331	QO	vclaim-sno-ice-twitter-account-disappear	1	79.33346102739426	SimBa
tweet-sno-1331	QO	vclaim-sno-nps-twitter-account-shut-down	1	57.34988989185589	SimBa
tweet-sno-1331	QO	vclaim-sno-new-york-ice-agent-suicide-note	1	53.614229552506686	SimBa
tweet-sno-1331	QO	vclaim-sno-ice-detain-michigan-doctor-40-years-u-s	1	53.12174702490406	SimBa
tweet-sno-1331	QO	vclaim-sno-did-twitter-lock-trumps-account	1	51.65132277225304	SimBa
tweet-sno-1332	QO	vclaim-sno-veterans-national-parks-lifetime	1	81.35901229791801	SimBa
tweet-sno-1332	QO	vclaim-sno-free-meals-for-veterans	1	60.92379877106125	SimBa
tweet-sno-1332	QO	vclaim-sno-trump-veterans-free-health-care	1	56.4048168690764	SimBa
tweet-sno-1332	QO	vclaim-sno-holiday-mail-heroes	1	52.991184801989846	SimBa
tweet-sno-1332	QO	vclaim-sno-confederate-soldiers-veterans	1	51.39259794692147	SimBa
tweet-sno-1333	QO	vclaim-sno-covid-vaccine-funded-by-trump	1	70.57081045989574	SimBa
tweet-sno-1333	QO	vclaim-sno-did-trump-praise-covid-19-vaccines	1	62.689078684566255	SimBa
tweet-sno-1333	QO	vclaim-sno-cuomo-vaccine-bad-news-trump	1	60.6853512371889	SimBa
tweet-sno-1333	QO	vclaim-sno-cuba-cancer-vaccine	1	58.06670576767419	SimBa
tweet-sno-1333	QO	vclaim-sno-pfizer-vaccine-israel	1	57.87602468427441	SimBa
tweet-sno-1334	QO	vclaim-sno-covid-vaccine-funded-by-trump	1	70.6900642302232	SimBa
tweet-sno-1334	QO	vclaim-sno-did-trump-praise-covid-19-vaccines	1	61.51300293965481	SimBa
tweet-sno-1334	QO	vclaim-sno-cuomo-vaccine-bad-news-trump	1	58.26218721408687	SimBa
tweet-sno-1334	QO	vclaim-sno-covid-good-news-list-accurate	1	57.465051971755216	SimBa
tweet-sno-1334	QO	vclaim-sno-trump-beautiful-covid-19-vaccine	1	55.64913539543814	SimBa
tweet-sno-1335	QO	vclaim-sno-biden-hat-trump-maga	1	70.0572169449232	SimBa
tweet-sno-1335	QO	vclaim-sno-biden-trump-dregs-society	1	57.64982348578091	SimBa
tweet-sno-1335	QO	vclaim-sno-trump-biden-resident-meme	1	57.54229672507358	SimBa
tweet-sno-1335	QO	vclaim-sno-listen-to-scientists	1	57.40287986468444	SimBa
tweet-sno-1335	QO	vclaim-sno-harlan-hill-eat-shoe-biden-won	1	57.01916015216231	SimBa
tweet-sno-1336	QO	vclaim-sno-biden-major-dog-rescue-white-house	1	88.24399235059822	SimBa
tweet-sno-1336	QO	vclaim-sno-biden-dog-major-indoguration	1	72.75277893065595	SimBa
tweet-sno-1336	QO	vclaim-sno-biden-team-statement-dog	1	70.97796941408245	SimBa
tweet-sno-1336	QO	vclaim-sno-biden-dogs-kicked-out-white-house	1	70.08175512659881	SimBa
tweet-sno-1336	QO	vclaim-sno-biden-dogs-trump-chew-toy	1	64.5699590741185	SimBa
tweet-sno-1337	QO	vclaim-sno-trump-golf-rallies-coronavirus	1	70.18980328836528	SimBa
tweet-sno-1337	QO	vclaim-sno-golfing-trump-election-results	1	68.25550759732684	SimBa
tweet-sno-1337	QO	vclaim-sno-trump-obama-golf	1	63.3318840241627	SimBa
tweet-sno-1337	QO	vclaim-sno-donald-trump-golf-course	1	63.227293509032364	SimBa
tweet-sno-1337	QO	vclaim-sno-trump-golf-simulator	1	60.91219827963929	SimBa
tweet-sno-1338	QO	vclaim-sno-bannon-fauci-wray-head-pikes	1	76.55522396477394	SimBa
tweet-sno-1338	QO	vclaim-sno-steve-bannon-predicts-obama	1	64.27375210304056	SimBa
tweet-sno-1338	QO	vclaim-sno-bannon-hell-capitol-attack	1	59.78286320155862	SimBa
tweet-sno-1338	QO	vclaim-sno-clyburn-articles-impeachment	1	59.13484370917094	SimBa
tweet-sno-1338	QO	vclaim-sno-trump-threaten-federal-buildings	1	58.793843365786955	SimBa
tweet-sno-1339	QO	vclaim-sno-gray-wolves-endangered-trump	1	67.38357725913859	SimBa
tweet-sno-1339	QO	vclaim-sno-trump-whales-sea-turtles	1	57.20669338622404	SimBa
tweet-sno-1339	QO	vclaim-sno-obama-gives-kill-order-for-bald-eagles	1	56.438729534358394	SimBa
tweet-sno-1339	QO	vclaim-sno-trump-animal-cruelty	1	55.38789475248846	SimBa
tweet-sno-1339	QO	vclaim-sno-trump-cecil-lion-wildlife-conservation-council	1	54.16391127726962	SimBa
tweet-sno-1340	QO	vclaim-sno-pa-worker-filling-ballots	1	78.289693484682	SimBa
tweet-sno-1340	QO	vclaim-sno-broward-county-blank-ballots	1	62.05721738639303	SimBa
tweet-sno-1340	QO	vclaim-sno-erie-pennsylvania-trump-ballots	1	60.37385511979367	SimBa
tweet-sno-1340	QO	vclaim-sno-strawman-poll	1	60.16121573918034	SimBa
tweet-sno-1340	QO	vclaim-sno-ballots-video-voter-fraud-trump	1	59.91682415941688	SimBa
tweet-sno-1341	QO	vclaim-sno-stop-the-count-chant	1	74.16303794776502	SimBa
tweet-sno-1341	QO	vclaim-sno-trump-vote-twice-north-carolina	1	62.09163732494298	SimBa
tweet-sno-1341	QO	vclaim-sno-trump-rally-chant	1	60.59074003999136	SimBa
tweet-sno-1341	QO	vclaim-sno-erie-pennsylvania-trump-ballots	1	60.32062689143146	SimBa
tweet-sno-1341	QO	vclaim-sno-machine-voting-pens-switching-votes	1	59.574610493707326	SimBa
tweet-sno-1342	QO	vclaim-sno-trump-recount-battleground-states	1	74.02331085255732	SimBa
tweet-sno-1342	QO	vclaim-sno-florida-moves-for-full-recount-of-state-votes-over-massive-voter-fraud	1	59.11528991302489	SimBa
tweet-sno-1342	QO	vclaim-sno-georgia-signature-audit	1	57.25496300077751	SimBa
tweet-sno-1342	QO	vclaim-sno-straight-ticket	1	56.32780529305646	SimBa
tweet-sno-1342	QO	vclaim-sno-12th-amendment-path-to-victory	1	56.19686641189031	SimBa
tweet-sno-1343	QO	vclaim-sno-sharpie-trump-ballots-arizona	1	71.55473528853182	SimBa
tweet-sno-1343	QO	vclaim-sno-ballot-envelopes-reveal-party	1	67.9265561331721	SimBa
tweet-sno-1343	QO	vclaim-sno-texas-vote-switching	1	65.04757264623845	SimBa
tweet-sno-1343	QO	vclaim-sno-millions-mail-in-ballots	1	64.86874399956382	SimBa
tweet-sno-1343	QO	vclaim-sno-virginia-vote-switch	1	64.69959664009895	SimBa
tweet-sno-1344	QO	vclaim-sno-sharpie-trump-ballots-arizona	1	81.66229550861223	SimBa
tweet-sno-1344	QO	vclaim-sno-california-unlawful-ballots	1	62.352855574981994	SimBa
tweet-sno-1344	QO	vclaim-sno-millions-mail-in-ballots	1	61.96807435191331	SimBa
tweet-sno-1344	QO	vclaim-sno-erie-pennsylvania-trump-ballots	1	61.52085548642313	SimBa
tweet-sno-1344	QO	vclaim-sno-texas-vote-switching	1	60.83516404039848	SimBa
tweet-sno-1345	QO	vclaim-sno-sharpie-trump-ballots-arizona	1	70.42699115663265	SimBa
tweet-sno-1345	QO	vclaim-sno-wisconsin-vote-dump	1	66.81795106483858	SimBa
tweet-sno-1345	QO	vclaim-sno-millions-mail-in-ballots	1	65.08397850841793	SimBa
tweet-sno-1345	QO	vclaim-sno-erie-pennsylvania-trump-ballots	1	64.19832759106278	SimBa
tweet-sno-1345	QO	vclaim-sno-california-unlawful-ballots	1	64.05798551440462	SimBa
tweet-sno-1346	QO	vclaim-sno-saved-whale-says-thanks	1	54.82704206958136	SimBa
tweet-sno-1346	QO	vclaim-sno-fisherman-survived-inside-whale-for-three-days	1	54.416506208559326	SimBa
tweet-sno-1346	QO	vclaim-sno-big-gulp	1	51.89703654797991	SimBa
tweet-sno-1346	QO	vclaim-sno-killer-whale	1	51.692133944974294	SimBa
tweet-sno-1346	QO	vclaim-sno-humpback-whale-eat-kayaker	1	50.20367756322768	SimBa
tweet-sno-1347	QO	vclaim-sno-big-gulp	1	70.50864966497886	SimBa
tweet-sno-1347	QO	vclaim-sno-humpback-whale-eat-kayaker	1	70.42158117254974	SimBa
tweet-sno-1347	QO	vclaim-sno-photograph-kayak-orcas	1	65.38750314986295	SimBa
tweet-sno-1347	QO	vclaim-sno-killer-whale	1	64.97224849979821	SimBa
tweet-sno-1347	QO	vclaim-sno-blue-whale-under-rowboat	1	60.5811925271066	SimBa
tweet-sno-1348	QO	vclaim-sno-biden-black-athletes-green-mile	1	60.06330533649693	SimBa
tweet-sno-1348	QO	vclaim-sno-biden-racial-jungle-quote	1	51.76755998348739	SimBa
tweet-sno-1348	QO	vclaim-sno-jackie-robinson-anthem	1	50.47067236314379	SimBa
tweet-sno-1348	QO	vclaim-sno-biden-poor-kids-white-kids	1	50.043544037946425	SimBa
tweet-sno-1348	QO	vclaim-sno-joe-biden-ancestors-own-slaves	1	49.10311666791456	SimBa
tweet-sno-1349	QO	vclaim-sno-kamala-harris-pearls-election-day	1	59.38699118986699	SimBa
tweet-sno-1349	QO	vclaim-sno-hillary-clinton-embraces-the-woman-card	1	47.532972444937826	SimBa
tweet-sno-1349	QO	vclaim-sno-hillary-clinton-and-draftourdaughters	1	43.271497911571046	SimBa
tweet-sno-1349	QO	vclaim-sno-hillary-clintons-premature-celebration	1	43.21067794407958	SimBa
tweet-sno-1349	QO	vclaim-sno-coat-hangers-ready	1	43.19613556603668	SimBa
tweet-sno-1350	QO	vclaim-sno-amish-trump-presidential-victory	1	62.84615749572923	SimBa
tweet-sno-1350	QO	vclaim-sno-amish-buggies-trump	1	61.662460452552594	SimBa
tweet-sno-1350	QO	vclaim-sno-12th-amendment-path-to-victory	1	52.12318462343723	SimBa
tweet-sno-1350	QO	vclaim-sno-televangelist-threatens-civil-war	1	50.69202466744188	SimBa
tweet-sno-1350	QO	vclaim-sno-facebook-analytics-electoral-map-shows-trump-sweep	1	49.42207395675892	SimBa
tweet-sno-1351	QO	vclaim-sno-omar-minnesota-register-vote	1	60.15991574453387	SimBa
tweet-sno-1351	QO	vclaim-sno-pence-op-ed-hr1-immigrants	1	51.92986151084925	SimBa
tweet-sno-1351	QO	vclaim-sno-strawman-poll	1	51.57741407259717	SimBa
tweet-sno-1351	QO	vclaim-sno-asking-for-provisional-ballots	1	49.391088301689294	SimBa
tweet-sno-1351	QO	vclaim-sno-phoney-voting	1	47.99533875201301	SimBa
tweet-sno-1352	QO	vclaim-sno-c-span-video-joe-biden-ukraine	1	61.298900271686314	SimBa
tweet-sno-1352	QO	vclaim-sno-joe-biden-war-hero-story	1	59.51321164227002	SimBa
tweet-sno-1352	QO	vclaim-sno-hunter-biden-flipped-fbi	1	59.38268006466179	SimBa
tweet-sno-1352	QO	vclaim-sno-bar-owner-biden-ad	1	59.192623028255575	SimBa
tweet-sno-1352	QO	vclaim-sno-joe-biden-beat-biden	1	58.655735297114795	SimBa
tweet-sno-1353	QO	vclaim-sno-hunter-biden-flipped-fbi	1	72.11928491483512	SimBa
tweet-sno-1353	QO	vclaim-sno-c-span-video-joe-biden-ukraine	1	61.16895560168298	SimBa
tweet-sno-1353	QO	vclaim-sno-hunter-biden-dead-overdose-hoax	1	57.198846664641856	SimBa
tweet-sno-1353	QO	vclaim-sno-hunter-biden-discharge	1	56.3211538784706	SimBa
tweet-sno-1353	QO	vclaim-sno-biden-admit-voter-fraud	1	55.14639907290212	SimBa
tweet-sno-1354	QO	vclaim-sno-hunter-biden-flipped-fbi	1	67.93569277240576	SimBa
tweet-sno-1354	QO	vclaim-sno-joe-biden-endorsement	1	59.49378927426827	SimBa
tweet-sno-1354	QO	vclaim-sno-joe-biden-beat-biden	1	58.385354207405086	SimBa
tweet-sno-1354	QO	vclaim-sno-hunter-biden-dead-overdose-hoax	1	58.04197933458123	SimBa
tweet-sno-1354	QO	vclaim-sno-biden-endorses-romney-for-president	1	57.5130638894949	SimBa
tweet-sno-1355	QO	vclaim-sno-hunter-biden-flipped-fbi	1	49.063684073053054	SimBa
tweet-sno-1355	QO	vclaim-sno-ivanka-trump-hunter-biden	1	39.28398587733952	SimBa
tweet-sno-1355	QO	vclaim-sno-real-clear-politics-biden	1	39.02342527774921	SimBa
tweet-sno-1355	QO	vclaim-sno-police-union-cancels-trump-endorsement	1	38.61170044852757	SimBa
tweet-sno-1355	QO	vclaim-sno-trump-criticize-governors-ebola	1	38.38714325524088	SimBa
tweet-sno-1356	QO	vclaim-sno-hunter-biden-flipped-fbi	1	68.22525890285209	SimBa
tweet-sno-1356	QO	vclaim-sno-c-span-video-joe-biden-ukraine	1	62.5229433116118	SimBa
tweet-sno-1356	QO	vclaim-sno-biden-admit-voter-fraud	1	59.95263080092773	SimBa
tweet-sno-1356	QO	vclaim-sno-fake-biden-arrest-warrant	1	59.59938548350752	SimBa
tweet-sno-1356	QO	vclaim-sno-biden-teleprompter-interview	1	57.670314962049375	SimBa
tweet-sno-1357	QO	vclaim-sno-armed-trump-fans-biden-bus	1	74.24717075479565	SimBa
tweet-sno-1357	QO	vclaim-sno-fbi-trump-biden-bus	1	67.14964351893326	SimBa
tweet-sno-1357	QO	vclaim-sno-truckers-strike-thanksgiving	1	60.98063321580729	SimBa
tweet-sno-1357	QO	vclaim-sno-anti-trump-protesters-bused-into-austin	1	59.88324161794675	SimBa
tweet-sno-1357	QO	vclaim-sno-antifa-flyer-trump-supporters	1	59.033850260832494	SimBa
tweet-sno-1358	QO	vclaim-sno-fbi-trump-biden-bus	1	70.19371024031575	SimBa
tweet-sno-1358	QO	vclaim-sno-anti-trump-protesters-bused-into-austin	1	66.19387790259591	SimBa
tweet-sno-1358	QO	vclaim-sno-armed-trump-fans-biden-bus	1	61.24960260791195	SimBa
tweet-sno-1358	QO	vclaim-sno-trucked-voters-in-pa	1	58.12190122816742	SimBa
tweet-sno-1358	QO	vclaim-sno-bus-crash-super-tuesday	1	56.37563894146959	SimBa
tweet-sno-1359	QO	vclaim-sno-fbi-trump-biden-bus	1	69.74588722133619	SimBa
tweet-sno-1359	QO	vclaim-sno-armed-trump-fans-biden-bus	1	69.18372364338339	SimBa
tweet-sno-1359	QO	vclaim-sno-run-over-trump-protesters	1	63.82886270547941	SimBa
tweet-sno-1359	QO	vclaim-sno-charlottesville-killer-radical-leftist	1	60.98361185853908	SimBa
tweet-sno-1359	QO	vclaim-sno-virginia-gun-rally-staged	1	59.87567742649492	SimBa
tweet-sno-1360	QO	vclaim-sno-fbi-trump-biden-bus	1	68.96348889641676	SimBa
tweet-sno-1360	QO	vclaim-sno-bus-crash-super-tuesday	1	60.47328441972139	SimBa
tweet-sno-1360	QO	vclaim-sno-anti-trump-protesters-bused-into-austin	1	60.19224084578917	SimBa
tweet-sno-1360	QO	vclaim-sno-armed-trump-fans-biden-bus	1	57.17043482219764	SimBa
tweet-sno-1360	QO	vclaim-sno-truckers-strike-thanksgiving	1	56.62907816371933	SimBa
tweet-sno-1361	QO	vclaim-sno-left-wing-mob-violence	1	57.02213402630974	SimBa
tweet-sno-1361	QO	vclaim-sno-virginia-gun-rally-staged	1	56.453202813098656	SimBa
tweet-sno-1361	QO	vclaim-sno-jill-biden-lunging-protect-joe	1	56.15372617985729	SimBa
tweet-sno-1361	QO	vclaim-sno-tomi-lahren-biden-supporters-loot	1	56.0457370401365	SimBa
tweet-sno-1361	QO	vclaim-sno-fbi-50-states-armed-protest	1	55.76127177515188	SimBa
tweet-sno-1362	QO	vclaim-sno-sean-connery-trump-golf-course	1	68.4256398815746	SimBa
tweet-sno-1362	QO	vclaim-sno-sean-connery-net-worth	1	53.86942558477131	SimBa
tweet-sno-1362	QO	vclaim-sno-bill-murray-death-notice	1	52.962581452167726	SimBa
tweet-sno-1362	QO	vclaim-sno-sean-penn-death-hoax	1	51.15431787933365	SimBa
tweet-sno-1362	QO	vclaim-sno-hackman-trump-president	1	51.04704565555984	SimBa
tweet-sno-1363	QO	vclaim-sno-taco-bell-mexican-pizza	1	62.91920457271376	SimBa
tweet-sno-1363	QO	vclaim-sno-taco-bell-closing	1	59.65141791443558	SimBa
tweet-sno-1363	QO	vclaim-sno-taco-bell-menu-change	1	56.84663969682874	SimBa
tweet-sno-1363	QO	vclaim-sno-taco-bell-closing-2020	1	54.25586718508799	SimBa
tweet-sno-1363	QO	vclaim-sno-empty-chipotle-employees	1	53.48560102445021	SimBa
tweet-sno-1364	QO	vclaim-sno-taco-bell-mexican-pizza	1	66.8959129929813	SimBa
tweet-sno-1364	QO	vclaim-sno-taco-bell-menu-change	1	56.62744115326862	SimBa
tweet-sno-1364	QO	vclaim-sno-taco-bell-major-changes	1	53.99079997526299	SimBa
tweet-sno-1364	QO	vclaim-sno-taco-bell-closing-2020	1	53.77304233038638	SimBa
tweet-sno-1364	QO	vclaim-sno-taco-cabana-sign-donald-trump-prank	1	53.31684416412151	SimBa
tweet-sno-1365	QO	vclaim-sno-taco-bell-mexican-pizza	1	64.78924387691293	SimBa
tweet-sno-1365	QO	vclaim-sno-taco-bell-menu-change	1	55.02865682284222	SimBa
tweet-sno-1365	QO	vclaim-sno-taco-bell-closing-2020	1	54.63084515725662	SimBa
tweet-sno-1365	QO	vclaim-sno-taco-bell-closing	1	53.883959561115354	SimBa
tweet-sno-1365	QO	vclaim-sno-taco-bell-major-changes	1	53.71835604168237	SimBa
tweet-sno-1366	QO	vclaim-sno-taco-bell-mexican-pizza	1	65.92772641017665	SimBa
tweet-sno-1366	QO	vclaim-sno-taco-bell-menu-change	1	58.125600063141604	SimBa
tweet-sno-1366	QO	vclaim-sno-taco-bell-cinammon-twists-pasta	1	57.2035556667686	SimBa
tweet-sno-1366	QO	vclaim-sno-taco-bell-closing-2020	1	56.85854201251183	SimBa
tweet-sno-1366	QO	vclaim-sno-mcpizza	1	56.36138251119125	SimBa
tweet-sno-1367	QO	vclaim-sno-taco-bell-mexican-pizza	1	68.92096456780027	SimBa
tweet-sno-1367	QO	vclaim-sno-taco-bell-menu-change	1	59.582660871966034	SimBa
tweet-sno-1367	QO	vclaim-sno-taco-bell-closing	1	58.175874281241505	SimBa
tweet-sno-1367	QO	vclaim-sno-taco-bell-closing-2020	1	57.25600745088617	SimBa
tweet-sno-1367	QO	vclaim-sno-meat-your-maker	1	54.75916290348662	SimBa
tweet-sno-1368	QO	vclaim-sno-cheesecake-factory-closing-rumor	1	58.04103674123381	SimBa
tweet-sno-1368	QO	vclaim-sno-taco-bell-mexican-pizza	1	54.168857728669366	SimBa
tweet-sno-1368	QO	vclaim-sno-subway-pizza-hut-closing	1	52.805896274093	SimBa
tweet-sno-1368	QO	vclaim-sno-taco-bell-closing	1	52.5391757649256	SimBa
tweet-sno-1368	QO	vclaim-sno-not-lovin39-it	1	52.482744864389296	SimBa
tweet-sno-1369	QO	vclaim-sno-cheesecake-factory-closing-rumor	1	62.20653503555083	SimBa
tweet-sno-1369	QO	vclaim-sno-wendys-heartbreaking-announcement	1	52.684141195824104	SimBa
tweet-sno-1369	QO	vclaim-sno-taco-bell-closing-2020	1	52.302178400837235	SimBa
tweet-sno-1369	QO	vclaim-sno-subway-pizza-hut-closing	1	50.078231165224324	SimBa
tweet-sno-1369	QO	vclaim-sno-not-lovin39-it	1	49.74460360597383	SimBa
tweet-sno-1370	QO	vclaim-sno-cheesecake-factory-closing-rumor	1	60.46951679938198	SimBa
tweet-sno-1370	QO	vclaim-sno-car-czar	1	55.463209358048374	SimBa
tweet-sno-1370	QO	vclaim-sno-trump-food-assistance-700000	1	54.11770667036541	SimBa
tweet-sno-1370	QO	vclaim-sno-outback-trump-supporters	1	52.85120759739209	SimBa
tweet-sno-1370	QO	vclaim-sno-dow-jones-losses-republicans	1	51.65725632409175	SimBa
tweet-sno-1371	QO	vclaim-sno-cheesecake-factory-closing-rumor	1	86.83170805810329	SimBa
tweet-sno-1371	QO	vclaim-sno-red-lobster-closing	1	62.514015642783335	SimBa
tweet-sno-1371	QO	vclaim-sno-taco-bell-closing	1	60.87988607577249	SimBa
tweet-sno-1371	QO	vclaim-sno-whataburger-closing-its-doors	1	57.87224766253965	SimBa
tweet-sno-1371	QO	vclaim-sno-dunkin-donuts-bankruptcy-prank	1	55.364338157614824	SimBa
tweet-sno-1372	QO	vclaim-sno-cheesecake-factory-closing-rumor	1	78.88752031584457	SimBa
tweet-sno-1372	QO	vclaim-sno-red-lobster-closing	1	59.489125002259996	SimBa
tweet-sno-1372	QO	vclaim-sno-taco-bell-closing	1	57.369404295487605	SimBa
tweet-sno-1372	QO	vclaim-sno-not-lovin39-it	1	54.367862238714984	SimBa
tweet-sno-1372	QO	vclaim-sno-oreo-moving-mexico	1	54.04673299367253	SimBa
tweet-sno-1373	QO	vclaim-sno-cheesecake-factory-closing-rumor	1	71.16184122682873	SimBa
tweet-sno-1373	QO	vclaim-sno-red-lobster-closing	1	52.43060485474427	SimBa
tweet-sno-1373	QO	vclaim-sno-whataburger-closing-its-doors	1	51.30895300768697	SimBa
tweet-sno-1373	QO	vclaim-sno-taco-bell-closing	1	50.87792527715801	SimBa
tweet-sno-1373	QO	vclaim-sno-not-lovin39-it	1	50.11208310520219	SimBa
tweet-sno-1374	QO	vclaim-sno-cheesecake-factory-closing-rumor	1	87.30148967578685	SimBa
tweet-sno-1374	QO	vclaim-sno-taco-bell-closing	1	64.90129627526315	SimBa
tweet-sno-1374	QO	vclaim-sno-red-lobster-closing	1	64.56125634134885	SimBa
tweet-sno-1374	QO	vclaim-sno-whataburger-closing-its-doors	1	59.666577801394766	SimBa
tweet-sno-1374	QO	vclaim-sno-subway-pizza-hut-closing	1	57.654091510865314	SimBa
tweet-sno-1375	QO	vclaim-sno-cheesecake-factory-closing-rumor	1	66.89648986709058	SimBa
tweet-sno-1375	QO	vclaim-sno-red-lobster-closing	1	48.35659682413927	SimBa
tweet-sno-1375	QO	vclaim-sno-not-lovin39-it	1	45.44598421982296	SimBa
tweet-sno-1375	QO	vclaim-sno-taco-bell-closing	1	45.1247168674687	SimBa
tweet-sno-1375	QO	vclaim-sno-whataburger-closing-its-doors	1	44.8419402818599	SimBa
tweet-sno-1376	QO	vclaim-sno-twitter-delete-trump-account-racism	1	55.9207631910394	SimBa
tweet-sno-1376	QO	vclaim-sno-girl-scouts-congratulate-barrett	1	55.03991586409868	SimBa
tweet-sno-1376	QO	vclaim-sno-marjorie-taylor-greene-twitter	1	54.87334737757547	SimBa
tweet-sno-1376	QO	vclaim-sno-spooked-clinton-campaign-manager-deleted-tweets	1	54.57398087214039	SimBa
tweet-sno-1376	QO	vclaim-sno-twitter-marjorie-taylor-greene	1	54.55425756663796	SimBa
tweet-sno-1377	QO	vclaim-sno-aoc-gop-sad-stupid-vanity-fair	1	60.450706111417105	SimBa
tweet-sno-1377	QO	vclaim-sno-nancy-pelosi-wrap-up-smear	1	50.97084331502407	SimBa
tweet-sno-1377	QO	vclaim-sno-pelosi-dress-trump-impeachments	1	49.80182536836178	SimBa
tweet-sno-1377	QO	vclaim-sno-good-grief	1	49.40908313819788	SimBa
tweet-sno-1377	QO	vclaim-sno-stop-the-world-josh-duggar-wants-off	1	49.38531251730467	SimBa
tweet-sno-1378	QO	vclaim-sno-trump-biden-assassination-shot	1	70.23869133009438	SimBa
tweet-sno-1378	QO	vclaim-sno-isis-called-for-assassination-of-barron-trump	1	66.65734496830518	SimBa
tweet-sno-1378	QO	vclaim-sno-donald-trump-plans-to-declare-war-on-americans	1	65.3290776136662	SimBa
tweet-sno-1378	QO	vclaim-sno-trump-pedophiles-death-penalty	1	63.92224605854433	SimBa
tweet-sno-1378	QO	vclaim-sno-trump-suicide-bombers-penalty	1	63.57063106474163	SimBa
tweet-sno-1379	QO	vclaim-sno-biden-admit-voter-fraud	1	71.74197423767961	SimBa
tweet-sno-1379	QO	vclaim-sno-trump-biden-vote-dumps	1	70.15603128673001	SimBa
tweet-sno-1379	QO	vclaim-sno-huckabee-letter-biden-fraud	1	65.16227415865204	SimBa
tweet-sno-1379	QO	vclaim-sno-wisconsin-vote-dump	1	64.62801543723809	SimBa
tweet-sno-1379	QO	vclaim-sno-simple-math-on-biden-votes	1	64.09067473417153	SimBa
tweet-sno-1380	QO	vclaim-sno-2009-trump-tweet-pandemic	1	70.2161864249477	SimBa
tweet-sno-1380	QO	vclaim-sno-experts-officials-pandemic-2018	1	66.82617480777772	SimBa
tweet-sno-1380	QO	vclaim-sno-trump-tweet-obama-8-years	1	65.54646683235296	SimBa
tweet-sno-1380	QO	vclaim-sno-trump-deflect-to-h1n1	1	63.66754616707499	SimBa
tweet-sno-1380	QO	vclaim-sno-biden-tweet-pandemic	1	62.950643224806385	SimBa
tweet-sno-1381	QO	vclaim-sno-merriam-webster-barrett-sexual	1	70.65231970751317	SimBa
tweet-sno-1381	QO	vclaim-sno-fascism-corporations-corporatism-dictionary	1	54.409454735324815	SimBa
tweet-sno-1381	QO	vclaim-sno-irregardless-merriam-webster	1	51.10607367631947	SimBa
tweet-sno-1381	QO	vclaim-sno-merriam-webster-definition-racism	1	50.94197718653527	SimBa
tweet-sno-1381	QO	vclaim-sno-only-fans-reverses-ban-sexually-explicit	1	48.809155328341134	SimBa
tweet-sno-1382	QO	vclaim-sno-elijah-cummings-said-democrats-gave-black-people-the-right-to-vote	1	59.65544644868638	SimBa
tweet-sno-1382	QO	vclaim-sno-joe-biden-n-word-recorded-speech	1	59.5910317040163	SimBa
tweet-sno-1382	QO	vclaim-sno-black-americans-super-predators	1	58.148241914575266	SimBa
tweet-sno-1382	QO	vclaim-sno-joe-biden-put-yall-back-in-chains	1	57.68895810109345	SimBa
tweet-sno-1382	QO	vclaim-sno-karl-rove-biden-inauguration	1	57.052798429308474	SimBa
tweet-sno-1383	QO	vclaim-sno-mitch-mcconnells-hands	1	65.73458831680074	SimBa
tweet-sno-1383	QO	vclaim-sno-mcconnell-voting-photobomb	1	52.06914847476045	SimBa
tweet-sno-1383	QO	vclaim-sno-supreme-court-flip-flop	1	48.0421965231224	SimBa
tweet-sno-1383	QO	vclaim-sno-did-c-span-insult-mitch-mcconnell	1	47.5201726557662	SimBa
tweet-sno-1383	QO	vclaim-sno-team-mitch-aoc	1	47.1493917335281	SimBa
tweet-sno-1384	QO	vclaim-sno-nurse-gop-convention-shooting	1	61.93164346326274	SimBa
tweet-sno-1384	QO	vclaim-sno-officer-nakia-jones-fired-after-viral-police-brutality-video	1	53.54142093501452	SimBa
tweet-sno-1384	QO	vclaim-sno-cop-after-not-shooting-guy-knife	1	52.771116492137104	SimBa
tweet-sno-1384	QO	vclaim-sno-marjorie-greene-armed-high-school	1	52.457390618489214	SimBa
tweet-sno-1384	QO	vclaim-sno-waitress-cop-tip	1	52.39540882889499	SimBa
tweet-sno-1385	QO	vclaim-sno-jane-fonda-covid-gods-gift	1	72.5951284123025	SimBa
tweet-sno-1385	QO	vclaim-sno-greene-biden-mark-of-the-beast	1	59.11329362473663	SimBa
tweet-sno-1385	QO	vclaim-sno-biden-say-president-harris	1	55.838341367796005	SimBa
tweet-sno-1385	QO	vclaim-sno-harris-biden-blog-post	1	55.13285170412004	SimBa
tweet-sno-1385	QO	vclaim-sno-biden-covid-vaccine	1	54.61824090408483	SimBa
tweet-sno-1386	QO	vclaim-sno-biden-ban-fracking	1	74.51855087052502	SimBa
tweet-sno-1386	QO	vclaim-sno-harris-biden-blog-post	1	60.92585530272265	SimBa
tweet-sno-1386	QO	vclaim-sno-does-biden-support-green-new-deal	1	59.77516929493063	SimBa
tweet-sno-1386	QO	vclaim-sno-joe-biden-defund-police	1	56.96359447456433	SimBa
tweet-sno-1386	QO	vclaim-sno-kamala-harris-call-biden-racist	1	56.144652593304386	SimBa
tweet-sno-1387	QO	vclaim-sno-kennedy-nixon-virtual-debate-1960	1	63.4282290917179	SimBa
tweet-sno-1387	QO	vclaim-sno-the-wire	1	51.01967225078313	SimBa
tweet-sno-1387	QO	vclaim-sno-confessions-of-a-republican	1	49.581830290192855	SimBa
tweet-sno-1387	QO	vclaim-sno-diamond-silk-gop-convention	1	48.92430932916382	SimBa
tweet-sno-1387	QO	vclaim-sno-debate-secret-hand-signals	1	48.829745822901515	SimBa
tweet-sno-1388	QO	vclaim-sno-karen-pence-mask-debate	1	59.10127694914034	SimBa
tweet-sno-1388	QO	vclaim-sno-karen-pence-school-lgbt	1	48.29046838085308	SimBa
tweet-sno-1388	QO	vclaim-sno-pence-anti-witchcraft	1	47.93272742459124	SimBa
tweet-sno-1388	QO	vclaim-sno-pence-nasa-do-not-touch	1	47.85702347224364	SimBa
tweet-sno-1388	QO	vclaim-sno-red-mask-blue-mask-covid	1	46.81161022497196	SimBa
tweet-sno-1389	QO	vclaim-sno-trump-sign-hollywood-los-angeles	1	69.09176027049928	SimBa
tweet-sno-1389	QO	vclaim-sno-trump-christ-billboard-st-louis	1	55.507567425533495	SimBa
tweet-sno-1389	QO	vclaim-sno-trump-tower-kurd-banner	1	54.5153399160283	SimBa
tweet-sno-1389	QO	vclaim-sno-god-bows-down-trump-sign	1	53.16683199224969	SimBa
tweet-sno-1389	QO	vclaim-sno-trump-train-stuck-under-bridge	1	53.12003304687188	SimBa
tweet-sno-1390	QO	vclaim-sno-kamala-harris-protests	1	75.94612716948438	SimBa
tweet-sno-1390	QO	vclaim-sno-tomi-lahren-biden-supporters-loot	1	63.82040479296801	SimBa
tweet-sno-1390	QO	vclaim-sno-antifa-flyer-trump-supporters	1	60.755127571370906	SimBa
tweet-sno-1390	QO	vclaim-sno-left-wing-mob-violence	1	60.438280082051165	SimBa
tweet-sno-1390	QO	vclaim-sno-mike-pence-tweet	1	59.91209080850875	SimBa
tweet-sno-1391	QO	vclaim-sno-biden-trump-dregs-society	1	80.33786459674975	SimBa
tweet-sno-1391	QO	vclaim-sno-biden-troops-stupid-bastards	1	70.0797492876416	SimBa
tweet-sno-1391	QO	vclaim-sno-biden-trump-xenophobic	1	69.32300868762023	SimBa
tweet-sno-1391	QO	vclaim-sno-joe-biden-no-empathy	1	67.1612359716147	SimBa
tweet-sno-1391	QO	vclaim-sno-harris-biden-blog-post	1	66.28415378479185	SimBa
tweet-sno-1392	QO	vclaim-sno-biden-pandemic-black-women-grocery	1	72.53299970693597	SimBa
tweet-sno-1392	QO	vclaim-sno-biden-kenosha-black-looting	1	54.411643209694944	SimBa
tweet-sno-1392	QO	vclaim-sno-joe-biden-put-yall-back-in-chains	1	53.961872997920764	SimBa
tweet-sno-1392	QO	vclaim-sno-biden-blames-lazy-american-women	1	50.56655500506979	SimBa
tweet-sno-1392	QO	vclaim-sno-joe-biden-ancestors-own-slaves	1	50.05142413293879	SimBa
tweet-sno-1393	QO	vclaim-sno-clinton-mccabe-donation	1	72.19853245084492	SimBa
tweet-sno-1393	QO	vclaim-sno-comey-clinton-foundation	1	64.4074566541326	SimBa
tweet-sno-1393	QO	vclaim-sno-james-comey-seth-rich	1	60.413512428272355	SimBa
tweet-sno-1393	QO	vclaim-sno-huma-abedin-insurance	1	60.10199090861431	SimBa
tweet-sno-1393	QO	vclaim-sno-impeachment-consulting-fees	1	59.7280505980609	SimBa
tweet-sno-1394	QO	vclaim-sno-gay-men-proud-boys-hashtag	1	60.54099133841021	SimBa
tweet-sno-1394	QO	vclaim-sno-condom-snorting-challenge	1	48.309053713538695	SimBa
tweet-sno-1394	QO	vclaim-sno-gay-jesus-film	1	47.80363119707206	SimBa
tweet-sno-1394	QO	vclaim-sno-wisconsin-transgender-students-force-to-wear-green-bracelets	1	47.52272842348715	SimBa
tweet-sno-1394	QO	vclaim-sno-lgbtp-adding-letter	1	46.80091863774213	SimBa
tweet-sno-1395	QO	vclaim-sno-gay-men-proud-boys-hashtag	1	79.11764126863774	SimBa
tweet-sno-1395	QO	vclaim-sno-stop-the-steal-gay-communists	1	51.906115662428284	SimBa
tweet-sno-1395	QO	vclaim-sno-alt-right-hail-trump-salute	1	51.47572704937771	SimBa
tweet-sno-1395	QO	vclaim-sno-roger-stone-proud-boys	1	50.05001459347723	SimBa
tweet-sno-1395	QO	vclaim-sno-biden-antifa-courageous-americans	1	49.88281243469125	SimBa
tweet-sno-1396	QO	vclaim-sno-bikers-trump-praying-walter-reed	1	69.95127940338763	SimBa
tweet-sno-1396	QO	vclaim-sno-photograph-shows-100000-bikers-at-trump-rally	1	60.43015164852445	SimBa
tweet-sno-1396	QO	vclaim-sno-motorcycle-group-trump-inauguration	1	58.71479019819881	SimBa
tweet-sno-1396	QO	vclaim-sno-bikers-kavanaugh-support-video	1	57.408231580120926	SimBa
tweet-sno-1396	QO	vclaim-sno-pray-bow-golden-trump-statue	1	55.82467068759078	SimBa
tweet-sno-1397	QO	vclaim-sno-trump-covid-fundraising	1	54.75017104409753	SimBa
tweet-sno-1397	QO	vclaim-sno-safyre-terry-christmas-card	1	48.42397085253195	SimBa
tweet-sno-1397	QO	vclaim-sno-american-cancer-society-hoax	1	48.37116907362196	SimBa
tweet-sno-1397	QO	vclaim-sno-trump-army-fundraising-email	1	48.28979644271169	SimBa
tweet-sno-1397	QO	vclaim-sno-paypal-twitter-jar-address	1	47.924546453961135	SimBa
tweet-sno-1398	QO	vclaim-sno-amy-coney-barrett-rhodes-scholar	1	66.28486286635751	SimBa
tweet-sno-1398	QO	vclaim-sno-indian-journalist-hoax-harvard	1	53.94493559823009	SimBa
tweet-sno-1398	QO	vclaim-sno-michelle-obamas-fake-degrees	1	53.67358717371488	SimBa
tweet-sno-1398	QO	vclaim-sno-kamala-harris-berkeley-busing	1	53.58486118150322	SimBa
tweet-sno-1398	QO	vclaim-sno-cnn-microphone-intern	1	51.471114797341265	SimBa
tweet-sno-1399	QO	vclaim-sno-biden-antifa-courageous-americans	1	62.3842552405342	SimBa
tweet-sno-1399	QO	vclaim-sno-biden-fail-condemn-antifa	1	61.794149298611615	SimBa
tweet-sno-1399	QO	vclaim-sno-paul-ryan-endorsed-antifa	1	57.36232946318235	SimBa
tweet-sno-1399	QO	vclaim-sno-antifa-flyer-trump-supporters	1	56.28775228609156	SimBa
tweet-sno-1399	QO	vclaim-sno-cnn-antifa-capitol-riot	1	56.232869537582744	SimBa
tweet-sno-1400	QO	vclaim-sno-trump-condemn-white-supremacists	1	64.6649570805497	SimBa
tweet-sno-1400	QO	vclaim-sno-iowa-congressman-retweet-white-supremacist	1	55.626811314822405	SimBa
tweet-sno-1400	QO	vclaim-sno-trump-white-nationalists-us-press-conference	1	53.93927885380792	SimBa
tweet-sno-1400	QO	vclaim-sno-trump-terror-watch-program	1	53.447154459275964	SimBa
tweet-sno-1400	QO	vclaim-sno-trump-fail-to-denounce-qanon	1	53.19635924510487	SimBa
tweet-sno-1401	QO	vclaim-sno-bloomberg-pay-florida-felons-vote	1	59.952963691279656	SimBa
tweet-sno-1401	QO	vclaim-sno-bloomberg-campaign-prisoners	1	56.00977883657318	SimBa
tweet-sno-1401	QO	vclaim-sno-skinny-joey-merlino-biden	1	55.60629900482063	SimBa
tweet-sno-1401	QO	vclaim-sno-michael-bloomberg-donald-trump	1	53.70247800666601	SimBa
tweet-sno-1401	QO	vclaim-sno-bar-owner-biden-ad	1	53.277204521132646	SimBa
